crime_id,crime_type,month,latitude,longitude,street_name,outcome,force_id,neighbourhood_id
106227938,anti-social-behaviour,2022-11,53.821021,-1.724885,On or near Stony Lane,,west-yorkshire,BDT_BE
106227147,anti-social-behaviour,2022-11,53.824577,-1.731273,On or near ,,west-yorkshire,BDT_BE
106227108,anti-social-behaviour,2022-11,53.824856,-1.735631,On or near Althorpe Grove,,west-yorkshire,BDT_BE
106227000,anti-social-behaviour,2022-11,53.810130,-1.710363,On or near Foston Close,,west-yorkshire,BDT_BE
106226663,anti-social-behaviour,2022-11,53.811921,-1.726919,On or near Leeds Road,,west-yorkshire,BDT_BE
106226658,anti-social-behaviour,2022-11,53.834994,-1.731054,On or near Hampton Place,,west-yorkshire,BDT_BE
106229622,anti-social-behaviour,2022-11,53.820056,-1.708092,On or near Low Rein Drive,,west-yorkshire,BDT_BE
106226576,anti-social-behaviour,2022-11,53.831807,-1.713343,On or near The Grove,,west-yorkshire,BDT_BE
106229451,anti-social-behaviour,2022-11,53.819608,-1.728008,On or near Flaxman Road,,west-yorkshire,BDT_BE
106229373,anti-social-behaviour,2022-11,53.821478,-1.712700,On or near Lambourne Avenue,,west-yorkshire,BDT_BE
106230506,anti-social-behaviour,2022-11,53.824856,-1.735631,On or near Althorpe Grove,,west-yorkshire,BDT_BE
106230292,anti-social-behaviour,2022-11,53.823874,-1.742777,On or near Plumpton Close,,west-yorkshire,BDT_BE
106229852,anti-social-behaviour,2022-11,53.811506,-1.714696,On or near Ferriby Close,,west-yorkshire,BDT_BE
106228825,anti-social-behaviour,2022-11,53.821350,-1.731202,On or near Acre Close,,west-yorkshire,BDT_BE
106228812,anti-social-behaviour,2022-11,53.826680,-1.711722,On or near Rowlestone Rise,,west-yorkshire,BDT_BE
106228785,anti-social-behaviour,2022-11,53.834994,-1.731054,On or near Hampton Place,,west-yorkshire,BDT_BE
106228780,anti-social-behaviour,2022-11,53.832281,-1.739808,On or near Sandhill Fold,,west-yorkshire,BDT_BE
106228275,anti-social-behaviour,2022-11,53.826680,-1.711722,On or near Rowlestone Rise,,west-yorkshire,BDT_BE
106228271,anti-social-behaviour,2022-11,53.813384,-1.737951,On or near Grasmere Road,,west-yorkshire,BDT_BE
106228011,anti-social-behaviour,2022-11,53.825973,-1.712836,On or near Rookwith Parade,,west-yorkshire,BDT_BE
106228000,anti-social-behaviour,2022-11,53.836272,-1.727825,On or near Myers Close,,west-yorkshire,BDT_BE
106227989,anti-social-behaviour,2022-11,53.835388,-1.730763,On or near The Green,,west-yorkshire,BDT_BE
106227967,anti-social-behaviour,2022-11,53.831216,-1.710521,On or near ,,west-yorkshire,BDT_BE
106227951,anti-social-behaviour,2022-11,53.811143,-1.724692,On or near Peveril Mount,,west-yorkshire,BDT_BE
106227520,anti-social-behaviour,2022-11,53.817034,-1.730303,On or near Eccles Court,,west-yorkshire,BDT_BE
106227890,anti-social-behaviour,2022-11,53.821591,-1.730183,On or near Acre Drive,,west-yorkshire,BDT_BE
106227684,anti-social-behaviour,2022-11,53.815928,-1.718357,On or near Kimberwicke Walk,,west-yorkshire,BDT_BE
106227673,anti-social-behaviour,2022-11,53.823556,-1.724686,On or near Lands Lane,,west-yorkshire,BDT_BE
106227669,anti-social-behaviour,2022-11,53.824856,-1.735631,On or near Althorpe Grove,,west-yorkshire,BDT_BE
106227629,anti-social-behaviour,2022-11,53.824856,-1.735631,On or near Althorpe Grove,,west-yorkshire,BDT_BE
106227529,anti-social-behaviour,2022-11,53.810944,-1.712711,On or near Flinton Grove,,west-yorkshire,BDT_BE
106227664,anti-social-behaviour,2022-11,53.811984,-1.722925,On or near Haigh Fold,,west-yorkshire,BDT_BE
106227525,anti-social-behaviour,2022-11,53.809947,-1.716681,On or near Falsgrave Avenue,,west-yorkshire,BDT_BE
106230020,anti-social-behaviour,2022-11,53.824577,-1.731273,On or near ,,west-yorkshire,BDT_BE
106227494,anti-social-behaviour,2022-11,53.810735,-1.715324,On or near Flawith Drive,,west-yorkshire,BDT_BE
106227420,anti-social-behaviour,2022-11,53.818948,-1.738159,On or near High House Road,,west-yorkshire,BDT_BE
106227153,anti-social-behaviour,2022-11,53.824856,-1.735631,On or near Althorpe Grove,,west-yorkshire,BDT_BE
106208683,bicycle-theft,2022-11,53.818581,-1.711550,On or near Ravenscliffe Avenue,Investigation complete; no suspect identified,west-yorkshire,BDT_BE
106201823,bicycle-theft,2022-11,53.819989,-1.721505,On or near Victoria Road,Investigation complete; no suspect identified,west-yorkshire,BDT_BE
106205591,bicycle-theft,2022-11,53.814931,-1.730408,On or near Airedale Street,Investigation complete; no suspect identified,west-yorkshire,BDT_BE
106216129,bicycle-theft,2022-11,53.814931,-1.730408,On or near Airedale Street,Unable to prosecute suspect,west-yorkshire,BDT_BE
106212453,burglary,2022-11,53.816454,-1.712704,On or near Findon Terrace,Investigation complete; no suspect identified,west-yorkshire,BDT_BE
106199215,burglary,2022-11,53.825333,-1.715848,On or near Flower Garth,Investigation complete; no suspect identified,west-yorkshire,BDT_BE
106212888,burglary,2022-11,53.828279,-1.707655,On or near Collindale Close,Investigation complete; no suspect identified,west-yorkshire,BDT_BE
106209199,burglary,2022-11,53.814061,-1.723108,On or near Lavell Mews,Investigation complete; no suspect identified,west-yorkshire,BDT_BE
106223463,burglary,2022-11,53.829989,-1.723717,On or near Billing View,Court result unavailable,west-yorkshire,BDT_BE
106226164,burglary,2022-11,53.828274,-1.705589,On or near Beck Bottom,Unable to prosecute suspect,west-yorkshire,BDT_BE
106218742,burglary,2022-11,53.811221,-1.715792,On or near Fencote Crescent,Court result unavailable,west-yorkshire,BDT_BE
106208933,burglary,2022-11,53.818692,-1.720480,On or near Elvey Close,Investigation complete; no suspect identified,west-yorkshire,BDT_BE
106210581,burglary,2022-11,53.811850,-1.735242,On or near Buttermere Road,Investigation complete; no suspect identified,west-yorkshire,BDT_BE
106224653,burglary,2022-11,53.811798,-1.724323,On or near Delverne Grove,Investigation complete; no suspect identified,west-yorkshire,BDT_BE
106216878,burglary,2022-11,53.830084,-1.707126,On or near Bateson Street,Investigation complete; no suspect identified,west-yorkshire,BDT_BE
106200137,burglary,2022-11,53.809374,-1.729153,On or near Sherwood Place,Investigation complete; no suspect identified,west-yorkshire,BDT_BE
106199917,burglary,2022-11,53.808505,-1.730312,On or near Vernon Place,Investigation complete; no suspect identified,west-yorkshire,BDT_BE
106202624,burglary,2022-11,53.810640,-1.713138,On or near Flaxton Green,Investigation complete; no suspect identified,west-yorkshire,BDT_BE
106209224,burglary,2022-11,53.827876,-1.743527,On or near Plumpton Mead,Investigation complete; no suspect identified,west-yorkshire,BDT_BE
106211465,burglary,2022-11,53.821226,-1.712352,On or near Benbow Avenue,Investigation complete; no suspect identified,west-yorkshire,BDT_BE
106209457,burglary,2022-11,53.825443,-1.713189,On or near Rillington Mead,Investigation complete; no suspect identified,west-yorkshire,BDT_BE
106205004,burglary,2022-11,53.826446,-1.707986,On or near Ryton Dale,Investigation complete; no suspect identified,west-yorkshire,BDT_BE
106219913,burglary,2022-11,53.816873,-1.714888,On or near Wharncliffe Grove,Unable to prosecute suspect,west-yorkshire,BDT_BE
106217414,burglary,2022-11,53.832782,-1.734852,On or near Leyton Terrace,Court result unavailable,west-yorkshire,BDT_BE
106199063,burglary,2022-11,53.826499,-1.734724,On or near Javelin Close,Investigation complete; no suspect identified,west-yorkshire,BDT_BE
106214942,burglary,2022-11,53.815434,-1.710949,On or near Harden Grove,Investigation complete; no suspect identified,west-yorkshire,BDT_BE
106207429,burglary,2022-11,53.810944,-1.712711,On or near Flinton Grove,Investigation complete; no suspect identified,west-yorkshire,BDT_BE
106202638,burglary,2022-11,53.834640,-1.729780,On or near Southcote Place,Investigation complete; no suspect identified,west-yorkshire,BDT_BE
106217401,burglary,2022-11,53.820658,-1.734913,On or near Westwood Grove,Court result unavailable,west-yorkshire,BDT_BE
106199055,burglary,2022-11,53.824577,-1.731273,On or near ,Investigation complete; no suspect identified,west-yorkshire,BDT_BE
106205236,burglary,2022-11,53.812550,-1.734676,On or near Ennerdale Drive,Investigation complete; no suspect identified,west-yorkshire,BDT_BE
106202505,burglary,2022-11,53.832147,-1.727988,On or near Brecon Close,Investigation complete; no suspect identified,west-yorkshire,BDT_BE
106214436,burglary,2022-11,53.820056,-1.708092,On or near Low Rein Drive,Investigation complete; no suspect identified,west-yorkshire,BDT_BE
106210157,criminal-damage-arson,2022-11,53.827536,-1.723946,On or near Rockwell Lane,Investigation complete; no suspect identified,west-yorkshire,BDT_BE
106216155,criminal-damage-arson,2022-11,53.816873,-1.714888,On or near Wharncliffe Grove,Investigation complete; no suspect identified,west-yorkshire,BDT_BE
106208060,criminal-damage-arson,2022-11,53.821238,-1.709876,On or near Hallwood Green,Investigation complete; no suspect identified,west-yorkshire,BDT_BE
106209094,criminal-damage-arson,2022-11,53.831451,-1.734496,On or near Leyton Crescent,Unable to prosecute suspect,west-yorkshire,BDT_BE
106216914,criminal-damage-arson,2022-11,53.834776,-1.726254,On or near Croft Street,Investigation complete; no suspect identified,west-yorkshire,BDT_BE
106221770,criminal-damage-arson,2022-11,53.829257,-1.714652,On or near Cherry Tree Avenue,Unable to prosecute suspect,west-yorkshire,BDT_BE
106211276,criminal-damage-arson,2022-11,53.827293,-1.708968,On or near Reighton Croft,Investigation complete; no suspect identified,west-yorkshire,BDT_BE
106199599,criminal-damage-arson,2022-11,53.825527,-1.725874,On or near Sandholme Drive,Investigation complete; no suspect identified,west-yorkshire,BDT_BE
106200622,criminal-damage-arson,2022-11,53.828085,-1.732299,On or near Albert Street,Investigation complete; no suspect identified,west-yorkshire,BDT_BE
106210020,criminal-damage-arson,2022-11,53.830882,-1.721508,On or near Hawthorn Drive,Investigation complete; no suspect identified,west-yorkshire,BDT_BE
106213627,criminal-damage-arson,2022-11,53.809374,-1.729153,On or near Sherwood Place,Investigation complete; no suspect identified,west-yorkshire,BDT_BE
106219358,criminal-damage-arson,2022-11,53.817583,-1.738593,On or near Kestrel Drive,Unable to prosecute suspect,west-yorkshire,BDT_BE
106209150,criminal-damage-arson,2022-11,53.821478,-1.712700,On or near Lambourne Avenue,Investigation complete; no suspect identified,west-yorkshire,BDT_BE
106209396,criminal-damage-arson,2022-11,53.822557,-1.728050,On or near Huxley Mount,Investigation complete; no suspect identified,west-yorkshire,BDT_BE
106219665,criminal-damage-arson,2022-11,53.814600,-1.743517,On or near Ashbourne Haven,Local resolution,west-yorkshire,BDT_BE
106206769,criminal-damage-arson,2022-11,53.826686,-1.718194,On or near Averingcliffe Road,Investigation complete; no suspect identified,west-yorkshire,BDT_BE
106223893,criminal-damage-arson,2022-11,53.823281,-1.730597,On or near Norman Lane,Investigation complete; no suspect identified,west-yorkshire,BDT_BE
106224171,criminal-damage-arson,2022-11,53.823281,-1.730597,On or near Norman Lane,Investigation complete; no suspect identified,west-yorkshire,BDT_BE
106199760,criminal-damage-arson,2022-11,53.831291,-1.723207,On or near Parkland Drive,Investigation complete; no suspect identified,west-yorkshire,BDT_BE
106199857,criminal-damage-arson,2022-11,53.825521,-1.743678,On or near Wrose Road,Investigation complete; no suspect identified,west-yorkshire,BDT_BE
106199980,criminal-damage-arson,2022-11,53.808909,-1.714820,On or near Fulford Walk,Investigation complete; no suspect identified,west-yorkshire,BDT_BE
106200206,criminal-damage-arson,2022-11,53.811221,-1.715792,On or near Fencote Crescent,Investigation complete; no suspect identified,west-yorkshire,BDT_BE
106199106,criminal-damage-arson,2022-11,53.824038,-1.727296,On or near Lavender Hill,Investigation complete; no suspect identified,west-yorkshire,BDT_BE
106215409,criminal-damage-arson,2022-11,53.821923,-1.738262,On or near Howarth Avenue,Investigation complete; no suspect identified,west-yorkshire,BDT_BE
106208456,criminal-damage-arson,2022-11,53.814488,-1.717623,On or near Fagley Lane,Investigation complete; no suspect identified,west-yorkshire,BDT_BE
106210502,criminal-damage-arson,2022-11,53.816873,-1.714888,On or near Wharncliffe Grove,Investigation complete; no suspect identified,west-yorkshire,BDT_BE
106215767,criminal-damage-arson,2022-11,53.831216,-1.710521,On or near ,Investigation complete; no suspect identified,west-yorkshire,BDT_BE
106220910,criminal-damage-arson,2022-11,53.817957,-1.709823,On or near Larwood Close,Investigation complete; no suspect identified,west-yorkshire,BDT_BE
106203959,criminal-damage-arson,2022-11,53.828322,-1.738055,On or near The Stray,Unable to prosecute suspect,west-yorkshire,BDT_BE
106203971,criminal-damage-arson,2022-11,53.821478,-1.712700,On or near Lambourne Avenue,Investigation complete; no suspect identified,west-yorkshire,BDT_BE
106203973,criminal-damage-arson,2022-11,53.821478,-1.712700,On or near Lambourne Avenue,Investigation complete; no suspect identified,west-yorkshire,BDT_BE
106200073,criminal-damage-arson,2022-11,53.819925,-1.709809,On or near Roundwood Avenue,Investigation complete; no suspect identified,west-yorkshire,BDT_BE
106220250,criminal-damage-arson,2022-11,53.828279,-1.707655,On or near Collindale Close,Unable to prosecute suspect,west-yorkshire,BDT_BE
106224333,criminal-damage-arson,2022-11,53.823281,-1.730597,On or near Norman Lane,Investigation complete; no suspect identified,west-yorkshire,BDT_BE
106201047,criminal-damage-arson,2022-11,53.830084,-1.707126,On or near Bateson Street,Investigation complete; no suspect identified,west-yorkshire,BDT_BE
106202789,criminal-damage-arson,2022-11,53.819989,-1.721505,On or near Victoria Road,Unable to prosecute suspect,west-yorkshire,BDT_BE
106203503,criminal-damage-arson,2022-11,53.830501,-1.731448,On or near Marne Crescent,Investigation complete; no suspect identified,west-yorkshire,BDT_BE
106202271,criminal-damage-arson,2022-11,53.832064,-1.723202,On or near Haigh Beck View,Further investigation is not in the public interest,west-yorkshire,BDT_BE
106220413,criminal-damage-arson,2022-11,53.828404,-1.734196,On or near Northedge Meadow,Investigation complete; no suspect identified,west-yorkshire,BDT_BE
106218851,criminal-damage-arson,2022-11,53.824760,-1.736619,On or near Jupiter Crescent,Unable to prosecute suspect,west-yorkshire,BDT_BE
106207586,criminal-damage-arson,2022-11,53.834776,-1.726254,On or near Croft Street,Investigation complete; no suspect identified,west-yorkshire,BDT_BE
106208305,criminal-damage-arson,2022-11,53.830501,-1.731448,On or near Marne Crescent,Unable to prosecute suspect,west-yorkshire,BDT_BE
106208253,criminal-damage-arson,2022-11,53.810130,-1.710363,On or near Foston Close,Investigation complete; no suspect identified,west-yorkshire,BDT_BE
106208038,criminal-damage-arson,2022-11,53.825443,-1.713189,On or near Rillington Mead,Investigation complete; no suspect identified,west-yorkshire,BDT_BE
106219467,criminal-damage-arson,2022-11,53.828397,-1.715463,On or near The Drive,Investigation complete; no suspect identified,west-yorkshire,BDT_BE
106215998,drugs,2022-11,53.826613,-1.729224,On or near Sandhill Mount,Local resolution,west-yorkshire,BDT_BE
106210347,drugs,2022-11,53.823556,-1.724686,On or near Lands Lane,Formal action is not in the public interest,west-yorkshire,BDT_BE
106219645,drugs,2022-11,53.828113,-1.709585,On or near Redcar Road,Further investigation is not in the public interest,west-yorkshire,BDT_BE
106220412,drugs,2022-11,53.826499,-1.734724,On or near Javelin Close,Court result unavailable,west-yorkshire,BDT_BE
106212330,drugs,2022-11,53.815006,-1.735693,On or near Rose Mount,Unable to prosecute suspect,west-yorkshire,BDT_BE
106220462,drugs,2022-11,53.813243,-1.727169,On or near Leafield Terrace,Local resolution,west-yorkshire,BDT_BE
106207518,drugs,2022-11,53.824282,-1.716205,On or near Harrogate Road,Status update unavailable,west-yorkshire,BDT_BE
106219161,drugs,2022-11,53.826499,-1.734724,On or near Javelin Close,Offender given a caution,west-yorkshire,BDT_BE
106221444,other-theft,2022-11,53.824577,-1.731273,On or near ,Unable to prosecute suspect,west-yorkshire,BDT_BE
106221018,other-theft,2022-11,53.829502,-1.711566,On or near ,Investigation complete; no suspect identified,west-yorkshire,BDT_BE
106198958,other-theft,2022-11,53.825527,-1.725874,On or near Sandholme Drive,Investigation complete; no suspect identified,west-yorkshire,BDT_BE
106208921,other-theft,2022-11,53.821999,-1.716357,On or near Summerbridge Drive,Investigation complete; no suspect identified,west-yorkshire,BDT_BE
106213818,other-theft,2022-11,53.824856,-1.735631,On or near Althorpe Grove,Investigation complete; no suspect identified,west-yorkshire,BDT_BE
106200300,other-theft,2022-11,53.832402,-1.733791,On or near Leyton Drive,Investigation complete; no suspect identified,west-yorkshire,BDT_BE
106204498,other-theft,2022-11,53.824856,-1.735631,On or near Althorpe Grove,Investigation complete; no suspect identified,west-yorkshire,BDT_BE
106200991,other-theft,2022-11,53.824038,-1.727296,On or near Lavender Hill,Investigation complete; no suspect identified,west-yorkshire,BDT_BE
106200936,other-theft,2022-11,53.822285,-1.735161,On or near Westwood Avenue,Investigation complete; no suspect identified,west-yorkshire,BDT_BE
106201254,other-theft,2022-11,53.824856,-1.735631,On or near Althorpe Grove,Investigation complete; no suspect identified,west-yorkshire,BDT_BE
106201986,other-theft,2022-11,53.824577,-1.731273,On or near ,Investigation complete; no suspect identified,west-yorkshire,BDT_BE
106201996,other-theft,2022-11,53.822334,-1.709853,On or near Osterley Grove,Investigation complete; no suspect identified,west-yorkshire,BDT_BE
106204525,other-theft,2022-11,53.824577,-1.731273,On or near ,Investigation complete; no suspect identified,west-yorkshire,BDT_BE
106213830,other-theft,2022-11,53.824577,-1.731273,On or near ,Investigation complete; no suspect identified,west-yorkshire,BDT_BE
106206238,other-theft,2022-11,53.820658,-1.734913,On or near Westwood Grove,Unable to prosecute suspect,west-yorkshire,BDT_BE
106217057,other-theft,2022-11,53.829248,-1.706858,On or near ,Investigation complete; no suspect identified,west-yorkshire,BDT_BE
106205569,other-theft,2022-11,53.822278,-1.724254,On or near King Street,Investigation complete; no suspect identified,west-yorkshire,BDT_BE
106204506,other-theft,2022-11,53.824856,-1.735631,On or near Althorpe Grove,Investigation complete; no suspect identified,west-yorkshire,BDT_BE
106209943,other-theft,2022-11,53.809714,-1.732431,On or near Baker Street,Investigation complete; no suspect identified,west-yorkshire,BDT_BE
106208809,other-theft,2022-11,53.818692,-1.720480,On or near Elvey Close,Investigation complete; no suspect identified,west-yorkshire,BDT_BE
106202499,other-theft,2022-11,53.831781,-1.717385,On or near Haigh Corner,Investigation complete; no suspect identified,west-yorkshire,BDT_BE
106199082,other-theft,2022-11,53.810956,-1.725255,On or near Peveril Close,Investigation complete; no suspect identified,west-yorkshire,BDT_BE
106209837,other-theft,2022-11,53.811221,-1.715792,On or near Fencote Crescent,Investigation complete; no suspect identified,west-yorkshire,BDT_BE
106220704,other-theft,2022-11,53.824845,-1.726288,On or near Stonegate Road,Unable to prosecute suspect,west-yorkshire,BDT_BE
106212963,other-theft,2022-11,53.824856,-1.735631,On or near Althorpe Grove,Investigation complete; no suspect identified,west-yorkshire,BDT_BE
106214464,other-theft,2022-11,53.824856,-1.735631,On or near Althorpe Grove,Investigation complete; no suspect identified,west-yorkshire,BDT_BE
106212172,other-theft,2022-11,53.829248,-1.706858,On or near ,Investigation complete; no suspect identified,west-yorkshire,BDT_BE
106213722,other-theft,2022-11,53.808505,-1.730312,On or near Vernon Place,Unable to prosecute suspect,west-yorkshire,BDT_BE
106213430,other-theft,2022-11,53.819721,-1.746493,On or near Flower Bank,Investigation complete; no suspect identified,west-yorkshire,BDT_BE
106211157,other-theft,2022-11,53.821151,-1.722393,On or near Hutton Hall Drive,Court result unavailable,west-yorkshire,BDT_BE
106205085,other-theft,2022-11,53.829248,-1.706858,On or near ,Investigation complete; no suspect identified,west-yorkshire,BDT_BE
106208040,other-theft,2022-11,53.817034,-1.730303,On or near Eccles Court,Investigation complete; no suspect identified,west-yorkshire,BDT_BE
106211717,other-theft,2022-11,53.811918,-1.721725,On or near Carrier Lane,Investigation complete; no suspect identified,west-yorkshire,BDT_BE
106206710,other-theft,2022-11,53.821923,-1.738262,On or near Howarth Avenue,Investigation complete; no suspect identified,west-yorkshire,BDT_BE
106216038,possession-of-weapons,2022-11,53.818581,-1.711550,On or near Ravenscliffe Avenue,Unable to prosecute suspect,west-yorkshire,BDT_BE
106214812,possession-of-weapons,2022-11,53.829737,-1.708587,On or near Sulby Grove,Unable to prosecute suspect,west-yorkshire,BDT_BE
106205980,possession-of-weapons,2022-11,53.819839,-1.743045,On or near Sutton Avenue,Status update unavailable,west-yorkshire,BDT_BE
106220039,possession-of-weapons,2022-11,53.826710,-1.728312,On or near Sandfield Road,Status update unavailable,west-yorkshire,BDT_BE
106210927,public-order,2022-11,53.829502,-1.711566,On or near ,Unable to prosecute suspect,west-yorkshire,BDT_BE
106219363,public-order,2022-11,53.822426,-1.746508,On or near Cheltenham Road,Unable to prosecute suspect,west-yorkshire,BDT_BE
106209266,public-order,2022-11,53.823556,-1.724686,On or near Lands Lane,Unable to prosecute suspect,west-yorkshire,BDT_BE
106200782,public-order,2022-11,53.816111,-1.743675,On or near Hodgson Fold,Investigation complete; no suspect identified,west-yorkshire,BDT_BE
106214769,public-order,2022-11,53.811843,-1.731901,On or near Strathmore Close,Unable to prosecute suspect,west-yorkshire,BDT_BE
106203427,public-order,2022-11,53.818442,-1.724902,On or near Robin Close,Investigation complete; no suspect identified,west-yorkshire,BDT_BE
106200673,public-order,2022-11,53.830354,-1.722180,On or near Bracken Edge,Unable to prosecute suspect,west-yorkshire,BDT_BE
106213813,public-order,2022-11,53.824577,-1.731273,On or near ,Investigation complete; no suspect identified,west-yorkshire,BDT_BE
106225808,public-order,2022-11,53.825322,-1.723049,On or near Nunburnholme Walk,Court result unavailable,west-yorkshire,BDT_BE
106218883,public-order,2022-11,53.829248,-1.706858,On or near ,Investigation complete; no suspect identified,west-yorkshire,BDT_BE
106212409,public-order,2022-11,53.825443,-1.713189,On or near Rillington Mead,Unable to prosecute suspect,west-yorkshire,BDT_BE
106212361,public-order,2022-11,53.821226,-1.712352,On or near Benbow Avenue,Investigation complete; no suspect identified,west-yorkshire,BDT_BE
106212307,public-order,2022-11,53.823140,-1.708739,On or near Rowanwood Gardens,Unable to prosecute suspect,west-yorkshire,BDT_BE
106202647,public-order,2022-11,53.831053,-1.709854,On or near Elder Street,Investigation complete; no suspect identified,west-yorkshire,BDT_BE
106208777,public-order,2022-11,53.831723,-1.713581,On or near ,Investigation complete; no suspect identified,west-yorkshire,BDT_BE
106212070,public-order,2022-11,53.825443,-1.713189,On or near Rillington Mead,Unable to prosecute suspect,west-yorkshire,BDT_BE
106222990,public-order,2022-11,53.833282,-1.729318,On or near Christophers Court,Investigation complete; no suspect identified,west-yorkshire,BDT_BE
106220924,public-order,2022-11,53.811506,-1.714696,On or near Ferriby Close,Unable to prosecute suspect,west-yorkshire,BDT_BE
106209298,public-order,2022-11,53.816024,-1.732801,On or near Charlton Close,Unable to prosecute suspect,west-yorkshire,BDT_BE
106212448,public-order,2022-11,53.834640,-1.729780,On or near Southcote Place,Investigation complete; no suspect identified,west-yorkshire,BDT_BE
106214811,public-order,2022-11,53.815501,-1.740140,On or near Grove House Road,Unable to prosecute suspect,west-yorkshire,BDT_BE
106217983,public-order,2022-11,53.810735,-1.715324,On or near Flawith Drive,Investigation complete; no suspect identified,west-yorkshire,BDT_BE
106220014,public-order,2022-11,53.829248,-1.710763,On or near Redcar Fold,Unable to prosecute suspect,west-yorkshire,BDT_BE
106221778,public-order,2022-11,53.824038,-1.727296,On or near Lavender Hill,Unable to prosecute suspect,west-yorkshire,BDT_BE
106216920,public-order,2022-11,53.816586,-1.726722,On or near Leafield Drive,Unable to prosecute suspect,west-yorkshire,BDT_BE
106212059,public-order,2022-11,53.819352,-1.710633,On or near Melton Terrace,Unable to prosecute suspect,west-yorkshire,BDT_BE
106211923,public-order,2022-11,53.815036,-1.721325,On or near Farlea Drive,Court result unavailable,west-yorkshire,BDT_BE
106218858,public-order,2022-11,53.814061,-1.723108,On or near Lavell Mews,Unable to prosecute suspect,west-yorkshire,BDT_BE
106201048,public-order,2022-11,53.833282,-1.729318,On or near Christophers Court,Investigation complete; no suspect identified,west-yorkshire,BDT_BE
106202760,public-order,2022-11,53.819839,-1.743045,On or near Sutton Avenue,Investigation complete; no suspect identified,west-yorkshire,BDT_BE
106204522,public-order,2022-11,53.829248,-1.706858,On or near ,Unable to prosecute suspect,west-yorkshire,BDT_BE
106204794,public-order,2022-11,53.831723,-1.713581,On or near ,Investigation complete; no suspect identified,west-yorkshire,BDT_BE
106226116,public-order,2022-11,53.817686,-1.713166,On or near Thackeray Road,Local resolution,west-yorkshire,BDT_BE
106215337,public-order,2022-11,53.819839,-1.743045,On or near Sutton Avenue,Unable to prosecute suspect,west-yorkshire,BDT_BE
106202787,public-order,2022-11,53.812651,-1.739915,On or near Derwent Road,Unable to prosecute suspect,west-yorkshire,BDT_BE
106220551,public-order,2022-11,53.827648,-1.714283,On or near Jamie Court,Unable to prosecute suspect,west-yorkshire,BDT_BE
106205260,public-order,2022-11,53.821226,-1.712352,On or near Benbow Avenue,Investigation complete; no suspect identified,west-yorkshire,BDT_BE
106215038,public-order,2022-11,53.821999,-1.716357,On or near Summerbridge Drive,Investigation complete; no suspect identified,west-yorkshire,BDT_BE
106214711,public-order,2022-11,53.809374,-1.729153,On or near Sherwood Place,Investigation complete; no suspect identified,west-yorkshire,BDT_BE
106205897,public-order,2022-11,53.833282,-1.729318,On or near Christophers Court,Investigation complete; no suspect identified,west-yorkshire,BDT_BE
106206490,public-order,2022-11,53.822185,-1.742894,On or near Milligan Avenue,Investigation complete; no suspect identified,west-yorkshire,BDT_BE
106206211,public-order,2022-11,53.832231,-1.725769,On or near Alanby Drive,Unable to prosecute suspect,west-yorkshire,BDT_BE
106219326,public-order,2022-11,53.822557,-1.728050,On or near Huxley Mount,Unable to prosecute suspect,west-yorkshire,BDT_BE
106219497,public-order,2022-11,53.832589,-1.724779,On or near Fairhaven Green,Status update unavailable,west-yorkshire,BDT_BE
106225667,public-order,2022-11,53.831723,-1.713581,On or near ,Unable to prosecute suspect,west-yorkshire,BDT_BE
106222456,public-order,2022-11,53.810944,-1.712711,On or near Flinton Grove,Unable to prosecute suspect,west-yorkshire,BDT_BE
106200332,public-order,2022-11,53.829255,-1.725105,On or near Ridge View Gardens,Unable to prosecute suspect,west-yorkshire,BDT_BE
106222749,public-order,2022-11,53.825322,-1.723049,On or near Nunburnholme Walk,Unable to prosecute suspect,west-yorkshire,BDT_BE
106205499,public-order,2022-11,53.831723,-1.713581,On or near ,Investigation complete; no suspect identified,west-yorkshire,BDT_BE
106199533,public-order,2022-11,53.815485,-1.733078,On or near Idle Road,Investigation complete; no suspect identified,west-yorkshire,BDT_BE
106223836,public-order,2022-11,53.823281,-1.730597,On or near Norman Lane,Investigation complete; no suspect identified,west-yorkshire,BDT_BE
106199441,public-order,2022-11,53.811081,-1.717433,On or near Firbank Green,Investigation complete; no suspect identified,west-yorkshire,BDT_BE
106206128,public-order,2022-11,53.808481,-1.716205,On or near St Clare's Avenue,Investigation complete; no suspect identified,west-yorkshire,BDT_BE
106217360,public-order,2022-11,53.824083,-1.719533,On or near Bridgegate Fold,Investigation complete; no suspect identified,west-yorkshire,BDT_BE
106215146,robbery,2022-11,53.828753,-1.718180,On or near Orchard Grove,Unable to prosecute suspect,west-yorkshire,BDT_BE
106200712,robbery,2022-11,53.826680,-1.711722,On or near Rowlestone Rise,Investigation complete; no suspect identified,west-yorkshire,BDT_BE
106206575,shoplifting,2022-11,53.823874,-1.742777,On or near Plumpton Close,Unable to prosecute suspect,west-yorkshire,BDT_BE
106221669,shoplifting,2022-11,53.816347,-1.720800,On or near ,Court result unavailable,west-yorkshire,BDT_BE
106199466,shoplifting,2022-11,53.829502,-1.711566,On or near ,Investigation complete; no suspect identified,west-yorkshire,BDT_BE
106200669,shoplifting,2022-11,53.815928,-1.718357,On or near Kimberwicke Walk,Investigation complete; no suspect identified,west-yorkshire,BDT_BE
106220507,shoplifting,2022-11,53.815496,-1.737938,On or near Grovelands,Court result unavailable,west-yorkshire,BDT_BE
106217736,shoplifting,2022-11,53.815928,-1.718357,On or near Kimberwicke Walk,Investigation complete; no suspect identified,west-yorkshire,BDT_BE
106199906,shoplifting,2022-11,53.816347,-1.720800,On or near ,Investigation complete; no suspect identified,west-yorkshire,BDT_BE
106211778,shoplifting,2022-11,53.831723,-1.713581,On or near ,Investigation complete; no suspect identified,west-yorkshire,BDT_BE
106220527,shoplifting,2022-11,53.815496,-1.737938,On or near Grovelands,Court result unavailable,west-yorkshire,BDT_BE
106204432,shoplifting,2022-11,53.833282,-1.729318,On or near Christophers Court,Unable to prosecute suspect,west-yorkshire,BDT_BE
106200430,shoplifting,2022-11,53.816347,-1.720800,On or near ,Investigation complete; no suspect identified,west-yorkshire,BDT_BE
106199974,shoplifting,2022-11,53.816347,-1.720800,On or near ,Investigation complete; no suspect identified,west-yorkshire,BDT_BE
106199945,shoplifting,2022-11,53.823263,-1.738406,On or near Swain Mount,Investigation complete; no suspect identified,west-yorkshire,BDT_BE
106210438,shoplifting,2022-11,53.816347,-1.720800,On or near ,Investigation complete; no suspect identified,west-yorkshire,BDT_BE
106199297,shoplifting,2022-11,53.816347,-1.720800,On or near ,Investigation complete; no suspect identified,west-yorkshire,BDT_BE
106219737,shoplifting,2022-11,53.829502,-1.711566,On or near ,Court result unavailable,west-yorkshire,BDT_BE
106205291,shoplifting,2022-11,53.824856,-1.735631,On or near Althorpe Grove,Unable to prosecute suspect,west-yorkshire,BDT_BE
106198595,shoplifting,2022-11,53.831723,-1.713581,On or near ,Unable to prosecute suspect,west-yorkshire,BDT_BE
106203782,shoplifting,2022-11,53.829248,-1.706858,On or near ,Investigation complete; no suspect identified,west-yorkshire,BDT_BE
106216090,shoplifting,2022-11,53.815496,-1.737938,On or near Grovelands,Court result unavailable,west-yorkshire,BDT_BE
106200944,theft-from-the-person,2022-11,53.808501,-1.720730,On or near Wood View Drive,Investigation complete; no suspect identified,west-yorkshire,BDT_BE
106203334,vehicle-crime,2022-11,53.822028,-1.724818,On or near Post Office Road,Investigation complete; no suspect identified,west-yorkshire,BDT_BE
106198942,vehicle-crime,2022-11,53.834836,-1.720935,On or near Fourlands Road,Investigation complete; no suspect identified,west-yorkshire,BDT_BE
106200581,vehicle-crime,2022-11,53.819317,-1.738309,On or near Greenwood Drive,Investigation complete; no suspect identified,west-yorkshire,BDT_BE
106199178,vehicle-crime,2022-11,53.820631,-1.723262,On or near Stewart Close,Investigation complete; no suspect identified,west-yorkshire,BDT_BE
106202817,vehicle-crime,2022-11,53.809374,-1.729153,On or near Sherwood Place,Investigation complete; no suspect identified,west-yorkshire,BDT_BE
106199386,vehicle-crime,2022-11,53.811506,-1.714696,On or near Ferriby Close,Investigation complete; no suspect identified,west-yorkshire,BDT_BE
106212346,vehicle-crime,2022-11,53.811506,-1.714696,On or near Ferriby Close,Investigation complete; no suspect identified,west-yorkshire,BDT_BE
106199027,vehicle-crime,2022-11,53.828085,-1.732299,On or near Albert Street,Investigation complete; no suspect identified,west-yorkshire,BDT_BE
106201155,vehicle-crime,2022-11,53.826250,-1.724015,On or near Shelby Grange,Investigation complete; no suspect identified,west-yorkshire,BDT_BE
106213997,vehicle-crime,2022-11,53.826737,-1.713074,On or near Romanby Shaw,Investigation complete; no suspect identified,west-yorkshire,BDT_BE
106214235,vehicle-crime,2022-11,53.819819,-1.721992,On or near Westgate,Investigation complete; no suspect identified,west-yorkshire,BDT_BE
106203361,vehicle-crime,2022-11,53.811843,-1.731901,On or near Strathmore Close,Investigation complete; no suspect identified,west-yorkshire,BDT_BE
106203591,vehicle-crime,2022-11,53.830773,-1.713274,On or near Stanley Street,Investigation complete; no suspect identified,west-yorkshire,BDT_BE
106221367,vehicle-crime,2022-11,53.833737,-1.712160,On or near Cavalier Drive,Investigation complete; no suspect identified,west-yorkshire,BDT_BE
106199402,vehicle-crime,2022-11,53.828933,-1.718012,On or near Fir Tree Gardens,Investigation complete; no suspect identified,west-yorkshire,BDT_BE
106202276,vehicle-crime,2022-11,53.827293,-1.708968,On or near Reighton Croft,Investigation complete; no suspect identified,west-yorkshire,BDT_BE
106225774,vehicle-crime,2022-11,53.814038,-1.732859,On or near Back Manor Street,Court result unavailable,west-yorkshire,BDT_BE
106219953,violent-crime,2022-11,53.818581,-1.711550,On or near Ravenscliffe Avenue,Unable to prosecute suspect,west-yorkshire,BDT_BE
106221586,violent-crime,2022-11,53.828493,-1.722223,On or near Idlethorp Way,Unable to prosecute suspect,west-yorkshire,BDT_BE
106212849,violent-crime,2022-11,53.817660,-1.709551,On or near Winslow Road,Unable to prosecute suspect,west-yorkshire,BDT_BE
106215443,violent-crime,2022-11,53.820818,-1.738558,On or near Moser Crescent,Investigation complete; no suspect identified,west-yorkshire,BDT_BE
106209693,violent-crime,2022-11,53.831781,-1.717385,On or near Haigh Corner,Unable to prosecute suspect,west-yorkshire,BDT_BE
106208940,violent-crime,2022-11,53.826499,-1.734724,On or near Javelin Close,Unable to prosecute suspect,west-yorkshire,BDT_BE
106211597,violent-crime,2022-11,53.815496,-1.737938,On or near Grovelands,Court result unavailable,west-yorkshire,BDT_BE
106220799,violent-crime,2022-11,53.826250,-1.724015,On or near Shelby Grange,Unable to prosecute suspect,west-yorkshire,BDT_BE
106220802,violent-crime,2022-11,53.826250,-1.724015,On or near Shelby Grange,Unable to prosecute suspect,west-yorkshire,BDT_BE
106220172,violent-crime,2022-11,53.823504,-1.746228,On or near Clara Road,Unable to prosecute suspect,west-yorkshire,BDT_BE
106222221,violent-crime,2022-11,53.832589,-1.724779,On or near Fairhaven Green,Unable to prosecute suspect,west-yorkshire,BDT_BE
106220918,violent-crime,2022-11,53.818581,-1.711550,On or near Ravenscliffe Avenue,Unable to prosecute suspect,west-yorkshire,BDT_BE
106220166,violent-crime,2022-11,53.821238,-1.709876,On or near Hallwood Green,Unable to prosecute suspect,west-yorkshire,BDT_BE
106200964,violent-crime,2022-11,53.808501,-1.720730,On or near Wood View Drive,Investigation complete; no suspect identified,west-yorkshire,BDT_BE
106200980,violent-crime,2022-11,53.811850,-1.735242,On or near Buttermere Road,Investigation complete; no suspect identified,west-yorkshire,BDT_BE
106201794,violent-crime,2022-11,53.830501,-1.731448,On or near Marne Crescent,Investigation complete; no suspect identified,west-yorkshire,BDT_BE
106202023,violent-crime,2022-11,53.832589,-1.724779,On or near Fairhaven Green,Unable to prosecute suspect,west-yorkshire,BDT_BE
106202816,violent-crime,2022-11,53.813540,-1.723188,On or near Moorside Road,Unable to prosecute suspect,west-yorkshire,BDT_BE
106205215,violent-crime,2022-11,53.821132,-1.726115,On or near Institute Road,Unable to prosecute suspect,west-yorkshire,BDT_BE
106205512,violent-crime,2022-11,53.813540,-1.723188,On or near Moorside Road,Investigation complete; no suspect identified,west-yorkshire,BDT_BE
106206501,violent-crime,2022-11,53.822185,-1.742894,On or near Milligan Avenue,Investigation complete; no suspect identified,west-yorkshire,BDT_BE
106207874,violent-crime,2022-11,53.820069,-1.737210,On or near Greenwood Mount,Unable to prosecute suspect,west-yorkshire,BDT_BE
106198711,violent-crime,2022-11,53.820119,-1.731043,On or near Acre Avenue,Unable to prosecute suspect,west-yorkshire,BDT_BE
106218854,violent-crime,2022-11,53.814061,-1.723108,On or near Lavell Mews,Unable to prosecute suspect,west-yorkshire,BDT_BE
106218859,violent-crime,2022-11,53.814061,-1.723108,On or near Lavell Mews,Unable to prosecute suspect,west-yorkshire,BDT_BE
106219859,violent-crime,2022-11,53.819839,-1.743045,On or near Sutton Avenue,Unable to prosecute suspect,west-yorkshire,BDT_BE
106220935,violent-crime,2022-11,53.818581,-1.711550,On or near Ravenscliffe Avenue,Unable to prosecute suspect,west-yorkshire,BDT_BE
106221246,violent-crime,2022-11,53.831291,-1.723207,On or near Parkland Drive,Unable to prosecute suspect,west-yorkshire,BDT_BE
106208603,violent-crime,2022-11,53.823140,-1.708739,On or near Rowanwood Gardens,Unable to prosecute suspect,west-yorkshire,BDT_BE
106209583,violent-crime,2022-11,53.828994,-1.741059,On or near Chrismoor,Unable to prosecute suspect,west-yorkshire,BDT_BE
106209657,violent-crime,2022-11,53.818632,-1.714132,On or near Barham Terrace,Unable to prosecute suspect,west-yorkshire,BDT_BE
106209977,violent-crime,2022-11,53.826250,-1.724015,On or near Shelby Grange,Unable to prosecute suspect,west-yorkshire,BDT_BE
106210575,violent-crime,2022-11,53.832589,-1.724779,On or near Fairhaven Green,Investigation complete; no suspect identified,west-yorkshire,BDT_BE
106210579,violent-crime,2022-11,53.832589,-1.724779,On or near Fairhaven Green,Investigation complete; no suspect identified,west-yorkshire,BDT_BE
106212035,violent-crime,2022-11,53.810830,-1.729386,On or near Palmerston Street,Status update unavailable,west-yorkshire,BDT_BE
106212180,violent-crime,2022-11,53.831216,-1.710521,On or near ,Unable to prosecute suspect,west-yorkshire,BDT_BE
106212396,violent-crime,2022-11,53.820069,-1.737210,On or near Greenwood Mount,Unable to prosecute suspect,west-yorkshire,BDT_BE
106213608,violent-crime,2022-11,53.815351,-1.713562,On or near Martindale Close,Unable to prosecute suspect,west-yorkshire,BDT_BE
106213829,violent-crime,2022-11,53.810533,-1.729236,On or near Peterborough Road,Unable to prosecute suspect,west-yorkshire,BDT_BE
106216272,violent-crime,2022-11,53.810944,-1.712711,On or near Flinton Grove,Unable to prosecute suspect,west-yorkshire,BDT_BE
106216283,violent-crime,2022-11,53.821238,-1.709876,On or near Hallwood Green,Investigation complete; no suspect identified,west-yorkshire,BDT_BE
106218014,violent-crime,2022-11,53.810944,-1.712711,On or near Flinton Grove,Unable to prosecute suspect,west-yorkshire,BDT_BE
106218235,violent-crime,2022-11,53.828493,-1.722223,On or near Idlethorp Way,Status update unavailable,west-yorkshire,BDT_BE
106222268,violent-crime,2022-11,53.828337,-1.720599,On or near Rosedale Fold,Unable to prosecute suspect,west-yorkshire,BDT_BE
106222362,violent-crime,2022-11,53.825253,-1.720437,On or near Dorian Close,Unable to prosecute suspect,west-yorkshire,BDT_BE
106209096,violent-crime,2022-11,53.822623,-1.733442,On or near Norman Crescent,Investigation complete; no suspect identified,west-yorkshire,BDT_BE
106213838,violent-crime,2022-11,53.811506,-1.714696,On or near Ferriby Close,Unable to prosecute suspect,west-yorkshire,BDT_BE
106198858,violent-crime,2022-11,53.821238,-1.709876,On or near Hallwood Green,Unable to prosecute suspect,west-yorkshire,BDT_BE
106220754,violent-crime,2022-11,53.824577,-1.731273,On or near ,Unable to prosecute suspect,west-yorkshire,BDT_BE
106222263,violent-crime,2022-11,53.832589,-1.724779,On or near Fairhaven Green,Unable to prosecute suspect,west-yorkshire,BDT_BE
106222943,violent-crime,2022-11,53.816873,-1.714888,On or near Wharncliffe Grove,Investigation complete; no suspect identified,west-yorkshire,BDT_BE
106224381,violent-crime,2022-11,53.823874,-1.742777,On or near Plumpton Close,Investigation complete; no suspect identified,west-yorkshire,BDT_BE
106225088,violent-crime,2022-11,53.808481,-1.716205,On or near St Clare's Avenue,Unable to prosecute suspect,west-yorkshire,BDT_BE
106225134,violent-crime,2022-11,53.819036,-1.729075,On or near Back Stone Hall Road,Unable to prosecute suspect,west-yorkshire,BDT_BE
106226238,violent-crime,2022-11,53.819839,-1.743045,On or near Sutton Avenue,Action to be taken by another organisation,west-yorkshire,BDT_BE
106206395,violent-crime,2022-11,53.822527,-1.718997,On or near Garton Drive,Unable to prosecute suspect,west-yorkshire,BDT_BE
106206791,violent-crime,2022-11,53.831807,-1.713343,On or near The Grove,Court result unavailable,west-yorkshire,BDT_BE
106212029,violent-crime,2022-11,53.825443,-1.713189,On or near Rillington Mead,Investigation complete; no suspect identified,west-yorkshire,BDT_BE
106219552,violent-crime,2022-11,53.813680,-1.729444,On or near Berkeley Close,Unable to prosecute suspect,west-yorkshire,BDT_BE
106214729,violent-crime,2022-11,53.811124,-1.728124,On or near Wellington Street,Unable to prosecute suspect,west-yorkshire,BDT_BE
106214863,violent-crime,2022-11,53.815351,-1.713562,On or near Martindale Close,Unable to prosecute suspect,west-yorkshire,BDT_BE
106215306,violent-crime,2022-11,53.829527,-1.734341,On or near Evesham Grove,Unable to prosecute suspect,west-yorkshire,BDT_BE
106215958,violent-crime,2022-11,53.829989,-1.723717,On or near Billing View,Unable to prosecute suspect,west-yorkshire,BDT_BE
106215962,violent-crime,2022-11,53.823140,-1.708739,On or near Rowanwood Gardens,Unable to prosecute suspect,west-yorkshire,BDT_BE
106215996,violent-crime,2022-11,53.825443,-1.713189,On or near Rillington Mead,Investigation complete; no suspect identified,west-yorkshire,BDT_BE
106216926,violent-crime,2022-11,53.831807,-1.713343,On or near The Grove,Court result unavailable,west-yorkshire,BDT_BE
106217182,violent-crime,2022-11,53.824591,-1.721732,On or near Faltis Square,Unable to prosecute suspect,west-yorkshire,BDT_BE
106217222,violent-crime,2022-11,53.811124,-1.728124,On or near Wellington Street,Unable to prosecute suspect,west-yorkshire,BDT_BE
106217959,violent-crime,2022-11,53.811984,-1.722925,On or near Haigh Fold,Unable to prosecute suspect,west-yorkshire,BDT_BE
106201355,violent-crime,2022-11,53.826613,-1.729224,On or near Sandhill Mount,Unable to prosecute suspect,west-yorkshire,BDT_BE
106202462,violent-crime,2022-11,53.829989,-1.723717,On or near Billing View,Unable to prosecute suspect,west-yorkshire,BDT_BE
106208310,violent-crime,2022-11,53.828279,-1.707655,On or near Collindale Close,Unable to prosecute suspect,west-yorkshire,BDT_BE
106220948,violent-crime,2022-11,53.830485,-1.724595,On or near Birchwood Gardens,Unable to prosecute suspect,west-yorkshire,BDT_BE
106199454,violent-crime,2022-11,53.818692,-1.720480,On or near Elvey Close,Investigation complete; no suspect identified,west-yorkshire,BDT_BE
106199598,violent-crime,2022-11,53.811918,-1.721725,On or near Carrier Lane,Unable to prosecute suspect,west-yorkshire,BDT_BE
106200417,violent-crime,2022-11,53.816347,-1.720800,On or near ,Investigation complete; no suspect identified,west-yorkshire,BDT_BE
106200778,violent-crime,2022-11,53.816111,-1.743675,On or near Hodgson Fold,Investigation complete; no suspect identified,west-yorkshire,BDT_BE
106220915,violent-crime,2022-11,53.818581,-1.711550,On or near Ravenscliffe Avenue,Status update unavailable,west-yorkshire,BDT_BE
106221031,violent-crime,2022-11,53.810313,-1.727097,On or near Charnwood Grove,Investigation complete; no suspect identified,west-yorkshire,BDT_BE
106221192,violent-crime,2022-11,53.825253,-1.720437,On or near Dorian Close,Status update unavailable,west-yorkshire,BDT_BE
106221485,violent-crime,2022-11,53.827035,-1.709897,On or near Holybrook Gardens,Unable to prosecute suspect,west-yorkshire,BDT_BE
106221553,violent-crime,2022-11,53.819839,-1.743045,On or near Sutton Avenue,Investigation complete; no suspect identified,west-yorkshire,BDT_BE
106203480,violent-crime,2022-11,53.819007,-1.716544,On or near Inkerman Street,Unable to prosecute suspect,west-yorkshire,BDT_BE
106203853,violent-crime,2022-11,53.831781,-1.717385,On or near Haigh Corner,Investigation complete; no suspect identified,west-yorkshire,BDT_BE
106203896,violent-crime,2022-11,53.815434,-1.710949,On or near Harden Grove,Unable to prosecute suspect,west-yorkshire,BDT_BE
106204014,violent-crime,2022-11,53.829255,-1.725105,On or near Ridge View Gardens,Unable to prosecute suspect,west-yorkshire,BDT_BE
106204119,violent-crime,2022-11,53.831216,-1.710521,On or near ,Unable to prosecute suspect,west-yorkshire,BDT_BE
106200986,violent-crime,2022-11,53.811850,-1.735242,On or near Buttermere Road,Investigation complete; no suspect identified,west-yorkshire,BDT_BE
106201032,violent-crime,2022-11,53.815036,-1.721325,On or near Farlea Drive,Unable to prosecute suspect,west-yorkshire,BDT_BE
106201160,violent-crime,2022-11,53.819081,-1.725475,On or near Robin Drive,Investigation complete; no suspect identified,west-yorkshire,BDT_BE
106201200,violent-crime,2022-11,53.828274,-1.705589,On or near Beck Bottom,Investigation complete; no suspect identified,west-yorkshire,BDT_BE
106201948,violent-crime,2022-11,53.822426,-1.746508,On or near Cheltenham Road,Investigation complete; no suspect identified,west-yorkshire,BDT_BE
106201956,violent-crime,2022-11,53.816079,-1.713891,On or near Wharncliffe Crescent,Unable to prosecute suspect,west-yorkshire,BDT_BE
106202362,violent-crime,2022-11,53.819819,-1.721992,On or near Westgate,Unable to prosecute suspect,west-yorkshire,BDT_BE
106202502,violent-crime,2022-11,53.819811,-1.718483,On or near Stott Terrace,Investigation complete; no suspect identified,west-yorkshire,BDT_BE
106202974,violent-crime,2022-11,53.813540,-1.723188,On or near Moorside Road,Unable to prosecute suspect,west-yorkshire,BDT_BE
106203029,violent-crime,2022-11,53.828686,-1.708822,On or near Roans Brae,Unable to prosecute suspect,west-yorkshire,BDT_BE
106204502,violent-crime,2022-11,53.822527,-1.718997,On or near Garton Drive,Unable to prosecute suspect,west-yorkshire,BDT_BE
106204560,violent-crime,2022-11,53.819819,-1.721992,On or near Westgate,Unable to prosecute suspect,west-yorkshire,BDT_BE
106204585,violent-crime,2022-11,53.810533,-1.729236,On or near Peterborough Road,Unable to prosecute suspect,west-yorkshire,BDT_BE
106204681,violent-crime,2022-11,53.828274,-1.705589,On or near Beck Bottom,Investigation complete; no suspect identified,west-yorkshire,BDT_BE
106205482,violent-crime,2022-11,53.810912,-1.722051,On or near Gaythorne Road,Unable to prosecute suspect,west-yorkshire,BDT_BE
106205493,violent-crime,2022-11,53.810912,-1.722051,On or near Gaythorne Road,Unable to prosecute suspect,west-yorkshire,BDT_BE
106205495,violent-crime,2022-11,53.820069,-1.737210,On or near Greenwood Mount,Investigation complete; no suspect identified,west-yorkshire,BDT_BE
106206144,violent-crime,2022-11,53.808481,-1.716205,On or near St Clare's Avenue,Action to be taken by another organisation,west-yorkshire,BDT_BE
106206240,violent-crime,2022-11,53.816347,-1.720800,On or near ,Unable to prosecute suspect,west-yorkshire,BDT_BE
106206241,violent-crime,2022-11,53.820069,-1.737210,On or near Greenwood Mount,Unable to prosecute suspect,west-yorkshire,BDT_BE
106206474,violent-crime,2022-11,53.817686,-1.713166,On or near Thackeray Road,Unable to prosecute suspect,west-yorkshire,BDT_BE
106206694,violent-crime,2022-11,53.819989,-1.721505,On or near Victoria Road,Investigation complete; no suspect identified,west-yorkshire,BDT_BE
106206729,violent-crime,2022-11,53.819989,-1.721505,On or near Victoria Road,Investigation complete; no suspect identified,west-yorkshire,BDT_BE
106206923,violent-crime,2022-11,53.825443,-1.713189,On or near Rillington Mead,Unable to prosecute suspect,west-yorkshire,BDT_BE
106206932,violent-crime,2022-11,53.824910,-1.708195,On or near Rimswell Holt,Unable to prosecute suspect,west-yorkshire,BDT_BE
106207045,violent-crime,2022-11,53.832367,-1.714524,On or near Brunswick Place,Unable to prosecute suspect,west-yorkshire,BDT_BE
106207595,violent-crime,2022-11,53.816454,-1.712704,On or near Findon Terrace,Unable to prosecute suspect,west-yorkshire,BDT_BE
106207628,violent-crime,2022-11,53.816454,-1.712704,On or near Findon Terrace,Unable to prosecute suspect,west-yorkshire,BDT_BE
106207745,violent-crime,2022-11,53.811843,-1.731901,On or near Strathmore Close,Unable to prosecute suspect,west-yorkshire,BDT_BE
106218984,violent-crime,2022-11,53.835879,-1.725229,On or near Moat Crescent,Unable to prosecute suspect,west-yorkshire,BDT_BE
106219430,violent-crime,2022-11,53.822426,-1.746508,On or near Cheltenham Road,Unable to prosecute suspect,west-yorkshire,BDT_BE
106220470,violent-crime,2022-11,53.815496,-1.737938,On or near Grovelands,Court result unavailable,west-yorkshire,BDT_BE
106216411,violent-crime,2022-11,53.810533,-1.729236,On or near Peterborough Road,Unable to prosecute suspect,west-yorkshire,BDT_BE
106216767,violent-crime,2022-11,53.815575,-1.741127,On or near Grove House Crescent,Unable to prosecute suspect,west-yorkshire,BDT_BE
106216934,violent-crime,2022-11,53.832589,-1.724779,On or near Fairhaven Green,Unable to prosecute suspect,west-yorkshire,BDT_BE
106216986,violent-crime,2022-11,53.817435,-1.709401,On or near Larwood Drive,Unable to prosecute suspect,west-yorkshire,BDT_BE
106217073,violent-crime,2022-11,53.823556,-1.724686,On or near Lands Lane,Unable to prosecute suspect,west-yorkshire,BDT_BE
106221728,violent-crime,2022-11,53.830567,-1.713716,On or near Fieldgate Road,Unable to prosecute suspect,west-yorkshire,BDT_BE
106221830,violent-crime,2022-11,53.830773,-1.713274,On or near Stanley Street,Unable to prosecute suspect,west-yorkshire,BDT_BE
106208537,violent-crime,2022-11,53.827673,-1.725176,On or near Summerfield Road,Unable to prosecute suspect,west-yorkshire,BDT_BE
106208936,violent-crime,2022-11,53.810735,-1.715324,On or near Flawith Drive,Unable to prosecute suspect,west-yorkshire,BDT_BE
106211311,violent-crime,2022-11,53.827673,-1.725176,On or near Summerfield Road,Unable to prosecute suspect,west-yorkshire,BDT_BE
106211343,violent-crime,2022-11,53.827673,-1.725176,On or near Summerfield Road,Unable to prosecute suspect,west-yorkshire,BDT_BE
106211744,violent-crime,2022-11,53.822334,-1.709853,On or near Osterley Grove,Investigation complete; no suspect identified,west-yorkshire,BDT_BE
106211748,violent-crime,2022-11,53.831291,-1.723207,On or near Parkland Drive,Investigation complete; no suspect identified,west-yorkshire,BDT_BE
106211758,violent-crime,2022-11,53.808481,-1.716205,On or near St Clare's Avenue,Unable to prosecute suspect,west-yorkshire,BDT_BE
106211807,violent-crime,2022-11,53.831291,-1.723207,On or near Parkland Drive,Investigation complete; no suspect identified,west-yorkshire,BDT_BE
106212015,violent-crime,2022-11,53.817214,-1.734494,On or near ,Unable to prosecute suspect,west-yorkshire,BDT_BE
106212175,violent-crime,2022-11,53.817814,-1.725347,On or near Fairburn Gardens,Unable to prosecute suspect,west-yorkshire,BDT_BE
106212904,violent-crime,2022-11,53.819721,-1.746493,On or near Flower Bank,Unable to prosecute suspect,west-yorkshire,BDT_BE
106213212,violent-crime,2022-11,53.827293,-1.708968,On or near Reighton Croft,Unable to prosecute suspect,west-yorkshire,BDT_BE
106213243,violent-crime,2022-11,53.815496,-1.737938,On or near Grovelands,Unable to prosecute suspect,west-yorkshire,BDT_BE
106213904,violent-crime,2022-11,53.824577,-1.731273,On or near ,Investigation complete; no suspect identified,west-yorkshire,BDT_BE
106214558,violent-crime,2022-11,53.833282,-1.729318,On or near Christophers Court,Unable to prosecute suspect,west-yorkshire,BDT_BE
106214658,violent-crime,2022-11,53.832788,-1.721541,On or near Old Park Road,Unable to prosecute suspect,west-yorkshire,BDT_BE
106209042,violent-crime,2022-11,53.832782,-1.734852,On or near Leyton Terrace,Unable to prosecute suspect,west-yorkshire,BDT_BE
106209051,violent-crime,2022-11,53.816111,-1.743675,On or near Hodgson Fold,Unable to prosecute suspect,west-yorkshire,BDT_BE
106209059,violent-crime,2022-11,53.818692,-1.720480,On or near Elvey Close,Unable to prosecute suspect,west-yorkshire,BDT_BE
106209063,violent-crime,2022-11,53.818692,-1.720480,On or near Elvey Close,Unable to prosecute suspect,west-yorkshire,BDT_BE
106209271,violent-crime,2022-11,53.823556,-1.724686,On or near Lands Lane,Unable to prosecute suspect,west-yorkshire,BDT_BE
106209525,violent-crime,2022-11,53.810944,-1.712711,On or near Flinton Grove,Unable to prosecute suspect,west-yorkshire,BDT_BE
106210576,violent-crime,2022-11,53.832589,-1.724779,On or near Fairhaven Green,Investigation complete; no suspect identified,west-yorkshire,BDT_BE
106210695,violent-crime,2022-11,53.820658,-1.734913,On or near Westwood Grove,Unable to prosecute suspect,west-yorkshire,BDT_BE
106210734,violent-crime,2022-11,53.828686,-1.708822,On or near Roans Brae,Unable to prosecute suspect,west-yorkshire,BDT_BE
106210753,violent-crime,2022-11,53.821438,-1.746787,On or near Wood Lane,Unable to prosecute suspect,west-yorkshire,BDT_BE
106211072,violent-crime,2022-11,53.832589,-1.724779,On or near Fairhaven Green,Investigation complete; no suspect identified,west-yorkshire,BDT_BE
106217574,violent-crime,2022-11,53.818336,-1.721789,On or near Tunwell Close,Court result unavailable,west-yorkshire,BDT_BE
106217694,violent-crime,2022-11,53.825443,-1.713189,On or near Rillington Mead,Unable to prosecute suspect,west-yorkshire,BDT_BE
106217982,violent-crime,2022-11,53.810944,-1.712711,On or near Flinton Grove,Unable to prosecute suspect,west-yorkshire,BDT_BE
106218261,violent-crime,2022-11,53.809407,-1.723959,On or near Flower Court,Unable to prosecute suspect,west-yorkshire,BDT_BE
106223461,violent-crime,2022-11,53.820862,-1.746365,On or near Thompson Avenue,Unable to prosecute suspect,west-yorkshire,BDT_BE
106223849,violent-crime,2022-11,53.818692,-1.720480,On or near Elvey Close,Unable to prosecute suspect,west-yorkshire,BDT_BE
106224581,violent-crime,2022-11,53.811798,-1.724323,On or near Delverne Grove,Investigation complete; no suspect identified,west-yorkshire,BDT_BE
106224661,violent-crime,2022-11,53.826012,-1.742126,On or near Plumpton End,Unable to prosecute suspect,west-yorkshire,BDT_BE
106225007,violent-crime,2022-11,53.818581,-1.711550,On or near Ravenscliffe Avenue,Investigation complete; no suspect identified,west-yorkshire,BDT_BE
106225141,violent-crime,2022-11,53.822028,-1.724818,On or near Post Office Road,Unable to prosecute suspect,west-yorkshire,BDT_BE
106225972,violent-crime,2022-11,53.830306,-1.716231,On or near ,Unable to prosecute suspect,west-yorkshire,BDT_BE
106225977,violent-crime,2022-11,53.830306,-1.716231,On or near ,Unable to prosecute suspect,west-yorkshire,BDT_BE
106226065,violent-crime,2022-11,53.830306,-1.716231,On or near ,Unable to prosecute suspect,west-yorkshire,BDT_BE
106226170,violent-crime,2022-11,53.830306,-1.716231,On or near ,Unable to prosecute suspect,west-yorkshire,BDT_BE
106222089,violent-crime,2022-11,53.810640,-1.713138,On or near Flaxton Green,Unable to prosecute suspect,west-yorkshire,BDT_BE
106222197,violent-crime,2022-11,53.817814,-1.725347,On or near Fairburn Gardens,Unable to prosecute suspect,west-yorkshire,BDT_BE
106222446,violent-crime,2022-11,53.827035,-1.709897,On or near Holybrook Gardens,Unable to prosecute suspect,west-yorkshire,BDT_BE
106222713,violent-crime,2022-11,53.814038,-1.732859,On or near Back Manor Street,Unable to prosecute suspect,west-yorkshire,BDT_BE
106222742,violent-crime,2022-11,53.827673,-1.725176,On or near Summerfield Road,Unable to prosecute suspect,west-yorkshire,BDT_BE
106222763,violent-crime,2022-11,53.833282,-1.729318,On or near Christophers Court,Court result unavailable,west-yorkshire,BDT_BE
106222880,violent-crime,2022-11,53.823972,-1.730001,On or near Farm Hill Court,Action to be taken by another organisation,west-yorkshire,BDT_BE
106223053,violent-crime,2022-11,53.819843,-1.728250,On or near Whitebeam Walk,Unable to prosecute suspect,west-yorkshire,BDT_BE
106199654,violent-crime,2022-11,53.811081,-1.717433,On or near Firbank Green,Investigation complete; no suspect identified,west-yorkshire,BDT_BE
106202425,violent-crime,2022-11,53.828274,-1.705589,On or near Beck Bottom,Investigation complete; no suspect identified,west-yorkshire,BDT_BE
106202755,violent-crime,2022-11,53.815036,-1.721325,On or near Farlea Drive,Unable to prosecute suspect,west-yorkshire,BDT_BE
106203734,violent-crime,2022-11,53.819007,-1.716544,On or near Inkerman Street,Unable to prosecute suspect,west-yorkshire,BDT_BE
106205514,violent-crime,2022-11,53.820069,-1.737210,On or near Greenwood Mount,Investigation complete; no suspect identified,west-yorkshire,BDT_BE
106206042,violent-crime,2022-11,53.821882,-1.708763,On or near Ranelagh Avenue,Investigation complete; no suspect identified,west-yorkshire,BDT_BE
106209294,violent-crime,2022-11,53.818318,-1.718022,On or near Chapel Walk,Unable to prosecute suspect,west-yorkshire,BDT_BE
106214749,violent-crime,2022-11,53.815501,-1.740140,On or near Grove House Road,Unable to prosecute suspect,west-yorkshire,BDT_BE
106220016,violent-crime,2022-11,53.834654,-1.727896,On or near Union Yard,Unable to prosecute suspect,west-yorkshire,BDT_BE
106220803,violent-crime,2022-11,53.826250,-1.724015,On or near Shelby Grange,Unable to prosecute suspect,west-yorkshire,BDT_BE
106224618,violent-crime,2022-11,53.814910,-1.717255,On or near Green Lane,Unable to prosecute suspect,west-yorkshire,BDT_BE
106225988,violent-crime,2022-11,53.830306,-1.716231,On or near ,Unable to prosecute suspect,west-yorkshire,BDT_BE
106226118,violent-crime,2022-11,53.823281,-1.730597,On or near Norman Lane,Investigation complete; no suspect identified,west-yorkshire,BDT_BE
106215293,violent-crime,2022-11,53.815496,-1.737938,On or near Grovelands,Unable to prosecute suspect,west-yorkshire,BDT_BE
106215425,violent-crime,2022-11,53.815496,-1.737938,On or near Grovelands,Court result unavailable,west-yorkshire,BDT_BE
106199538,violent-crime,2022-11,53.815485,-1.733078,On or near Idle Road,Investigation complete; no suspect identified,west-yorkshire,BDT_BE
106200136,violent-crime,2022-11,53.829703,-1.724342,On or near Redwood Close,Unable to prosecute suspect,west-yorkshire,BDT_BE
106200666,violent-crime,2022-11,53.813540,-1.723188,On or near Moorside Road,Unable to prosecute suspect,west-yorkshire,BDT_BE
106201196,violent-crime,2022-11,53.816586,-1.726722,On or near Leafield Drive,Unable to prosecute suspect,west-yorkshire,BDT_BE
106201681,violent-crime,2022-11,53.830084,-1.707126,On or near Bateson Street,Investigation complete; no suspect identified,west-yorkshire,BDT_BE
106201959,violent-crime,2022-11,53.816079,-1.713891,On or near Wharncliffe Crescent,Unable to prosecute suspect,west-yorkshire,BDT_BE
106202509,violent-crime,2022-11,53.819811,-1.718483,On or near Stott Terrace,Investigation complete; no suspect identified,west-yorkshire,BDT_BE
106203701,violent-crime,2022-11,53.821882,-1.708763,On or near Ranelagh Avenue,Investigation complete; no suspect identified,west-yorkshire,BDT_BE
106204198,violent-crime,2022-11,53.817814,-1.725347,On or near Fairburn Gardens,Unable to prosecute suspect,west-yorkshire,BDT_BE
106205127,violent-crime,2022-11,53.816347,-1.720800,On or near ,Unable to prosecute suspect,west-yorkshire,BDT_BE
106205281,violent-crime,2022-11,53.820069,-1.737210,On or near Greenwood Mount,Unable to prosecute suspect,west-yorkshire,BDT_BE
106205479,violent-crime,2022-11,53.828697,-1.736989,On or near Highfield Fold,Unable to prosecute suspect,west-yorkshire,BDT_BE
106206218,violent-crime,2022-11,53.816347,-1.720800,On or near ,Unable to prosecute suspect,west-yorkshire,BDT_BE
106207594,violent-crime,2022-11,53.810130,-1.710363,On or near Foston Close,Unable to prosecute suspect,west-yorkshire,BDT_BE
106207727,violent-crime,2022-11,53.828697,-1.736989,On or near Highfield Fold,Unable to prosecute suspect,west-yorkshire,BDT_BE
106208235,violent-crime,2022-11,53.825857,-1.740911,On or near Willow Crescent,Unable to prosecute suspect,west-yorkshire,BDT_BE
106208249,violent-crime,2022-11,53.815575,-1.741127,On or near Grove House Crescent,Unable to prosecute suspect,west-yorkshire,BDT_BE
106208252,violent-crime,2022-11,53.815575,-1.741127,On or near Grove House Crescent,Unable to prosecute suspect,west-yorkshire,BDT_BE
106211425,violent-crime,2022-11,53.810640,-1.713138,On or near Flaxton Green,Unable to prosecute suspect,west-yorkshire,BDT_BE
106199060,violent-crime,2022-11,53.828085,-1.732299,On or near Albert Street,Investigation complete; no suspect identified,west-yorkshire,BDT_BE
106205593,violent-crime,2022-11,53.817435,-1.709401,On or near Larwood Drive,Unable to prosecute suspect,west-yorkshire,BDT_BE
106219684,violent-crime,2022-11,53.831020,-1.738783,On or near Santa Monica Road,Unable to prosecute suspect,west-yorkshire,BDT_BE
106204395,other-crime,2022-11,53.830773,-1.713274,On or near Stanley Street,Investigation complete; no suspect identified,west-yorkshire,BDT_BE
106222723,other-crime,2022-11,53.832367,-1.714524,On or near Brunswick Place,Unable to prosecute suspect,west-yorkshire,BDT_BE
106222771,other-crime,2022-11,53.832367,-1.714524,On or near Brunswick Place,Status update unavailable,west-yorkshire,BDT_BE
106218211,other-crime,2022-11,53.823556,-1.724686,On or near Lands Lane,Unable to prosecute suspect,west-yorkshire,BDT_BE
106220175,other-crime,2022-11,53.810801,-1.736190,On or near Valley View Grove,Unable to prosecute suspect,west-yorkshire,BDT_BE
106220850,other-crime,2022-11,53.830773,-1.713274,On or near Stanley Street,Investigation complete; no suspect identified,west-yorkshire,BDT_BE
106218225,other-crime,2022-11,53.828493,-1.722223,On or near Idlethorp Way,Unable to prosecute suspect,west-yorkshire,BDT_BE
106220886,other-crime,2022-11,53.813540,-1.723188,On or near Moorside Road,Unable to prosecute suspect,west-yorkshire,BDT_BE
106219830,other-crime,2022-11,53.822185,-1.742894,On or near Milligan Avenue,Status update unavailable,west-yorkshire,BDT_BE
106220350,other-crime,2022-11,53.831781,-1.717385,On or near Haigh Corner,Unable to prosecute suspect,west-yorkshire,BDT_BE
106214589,other-crime,2022-11,53.815351,-1.713562,On or near Martindale Close,Court result unavailable,west-yorkshire,BDT_BE
106219203,other-crime,2022-11,53.825322,-1.723049,On or near Nunburnholme Walk,Further investigation is not in the public interest,west-yorkshire,BDT_BE
106229624,anti-social-behaviour,2022-11,53.774114,-1.754218,On or near Evens Terrace,,west-yorkshire,BDT_BS
106229620,anti-social-behaviour,2022-11,53.774048,-1.752595,On or near Hopbine Avenue,,west-yorkshire,BDT_BS
106230311,anti-social-behaviour,2022-11,53.776340,-1.757361,On or near Boynton Terrace,,west-yorkshire,BDT_BS
106229385,anti-social-behaviour,2022-11,53.774114,-1.754218,On or near Evens Terrace,,west-yorkshire,BDT_BS
106229815,anti-social-behaviour,2022-11,53.781369,-1.742081,On or near West View,,west-yorkshire,BDT_BS
106229631,anti-social-behaviour,2022-11,53.774114,-1.754218,On or near Evens Terrace,,west-yorkshire,BDT_BS
106227331,anti-social-behaviour,2022-11,53.770612,-1.765178,On or near Draughton Grove,,west-yorkshire,BDT_BS
106230464,anti-social-behaviour,2022-11,53.769420,-1.766747,On or near Carr Bottom Fold,,west-yorkshire,BDT_BS
106229289,anti-social-behaviour,2022-11,53.774114,-1.754218,On or near Evens Terrace,,west-yorkshire,BDT_BS
106229004,anti-social-behaviour,2022-11,53.777378,-1.754927,On or near Cranbrook Street,,west-yorkshire,BDT_BS
106228889,anti-social-behaviour,2022-11,53.779949,-1.751012,On or near Birk Lea Street,,west-yorkshire,BDT_BS
106228836,anti-social-behaviour,2022-11,53.774048,-1.752595,On or near Hopbine Avenue,,west-yorkshire,BDT_BS
106228821,anti-social-behaviour,2022-11,53.773768,-1.752141,On or near Hopbine Road,,west-yorkshire,BDT_BS
106228817,anti-social-behaviour,2022-11,53.781369,-1.742081,On or near West View,,west-yorkshire,BDT_BS
106228508,anti-social-behaviour,2022-11,53.779949,-1.751012,On or near Birk Lea Street,,west-yorkshire,BDT_BS
106227920,anti-social-behaviour,2022-11,53.771866,-1.762637,On or near Scholes Street,,west-yorkshire,BDT_BS
106229721,anti-social-behaviour,2022-11,53.781369,-1.742081,On or near West View,,west-yorkshire,BDT_BS
106227792,anti-social-behaviour,2022-11,53.779949,-1.751012,On or near Birk Lea Street,,west-yorkshire,BDT_BS
106227709,anti-social-behaviour,2022-11,53.774506,-1.761499,On or near Delamere Street,,west-yorkshire,BDT_BS
106229876,anti-social-behaviour,2022-11,53.778360,-1.756029,On or near Bowling Old Lane,,west-yorkshire,BDT_BS
106227655,anti-social-behaviour,2022-11,53.771866,-1.762637,On or near Scholes Street,,west-yorkshire,BDT_BS
106227653,anti-social-behaviour,2022-11,53.773768,-1.752141,On or near Hopbine Road,,west-yorkshire,BDT_BS
106230193,anti-social-behaviour,2022-11,53.765008,-1.762493,On or near Pearson Road (west),,west-yorkshire,BDT_BS
106227550,anti-social-behaviour,2022-11,53.772561,-1.764454,On or near Smiddles Lane,,west-yorkshire,BDT_BS
106227541,anti-social-behaviour,2022-11,53.775774,-1.761871,On or near Marshfield Place,,west-yorkshire,BDT_BS
106226931,anti-social-behaviour,2022-11,53.779949,-1.751012,On or near Birk Lea Street,,west-yorkshire,BDT_BS
106226927,anti-social-behaviour,2022-11,53.775535,-1.750356,On or near Birch Lane,,west-yorkshire,BDT_BS
106227442,anti-social-behaviour,2022-11,53.770609,-1.763402,On or near Faxfleet Street,,west-yorkshire,BDT_BS
106226639,anti-social-behaviour,2022-11,53.770205,-1.763693,On or near Draughton Street,,west-yorkshire,BDT_BS
106230290,anti-social-behaviour,2022-11,53.760277,-1.741893,On or near ,,west-yorkshire,BDT_BS
106226623,anti-social-behaviour,2022-11,53.773618,-1.745102,On or near Martlett Drive,,west-yorkshire,BDT_BS
106229124,anti-social-behaviour,2022-11,53.769420,-1.766747,On or near Carr Bottom Fold,,west-yorkshire,BDT_BS
106228848,anti-social-behaviour,2022-11,53.774224,-1.764384,On or near Broadway Close,,west-yorkshire,BDT_BS
106230115,anti-social-behaviour,2022-11,53.775067,-1.745852,On or near Avenue Road,,west-yorkshire,BDT_BS
106230342,anti-social-behaviour,2022-11,53.778360,-1.756029,On or near Bowling Old Lane,,west-yorkshire,BDT_BS
106230499,anti-social-behaviour,2022-11,53.779949,-1.751012,On or near Birk Lea Street,,west-yorkshire,BDT_BS
106228864,anti-social-behaviour,2022-11,53.773008,-1.749567,On or near Birch Close,,west-yorkshire,BDT_BS
106228748,anti-social-behaviour,2022-11,53.772122,-1.722990,On or near Knowles Street,,west-yorkshire,BDT_BS
106228637,anti-social-behaviour,2022-11,53.773078,-1.766742,On or near Hope Avenue,,west-yorkshire,BDT_BS
106227682,anti-social-behaviour,2022-11,53.774506,-1.761499,On or near Delamere Street,,west-yorkshire,BDT_BS
106227456,anti-social-behaviour,2022-11,53.769337,-1.756431,On or near Mayo Crescent,,west-yorkshire,BDT_BS
106226716,anti-social-behaviour,2022-11,53.774048,-1.752595,On or near Hopbine Avenue,,west-yorkshire,BDT_BS
106229147,anti-social-behaviour,2022-11,53.777378,-1.754927,On or near Cranbrook Street,,west-yorkshire,BDT_BS
106229938,anti-social-behaviour,2022-11,53.778360,-1.756029,On or near Bowling Old Lane,,west-yorkshire,BDT_BS
106228845,anti-social-behaviour,2022-11,53.774048,-1.752595,On or near Hopbine Avenue,,west-yorkshire,BDT_BS
106228775,anti-social-behaviour,2022-11,53.779949,-1.751012,On or near Birk Lea Street,,west-yorkshire,BDT_BS
106199510,bicycle-theft,2022-11,53.774767,-1.757264,On or near Little Cross Street,Investigation complete; no suspect identified,west-yorkshire,BDT_BS
106207198,bicycle-theft,2022-11,53.775382,-1.763831,On or near Hastings Place,Investigation complete; no suspect identified,west-yorkshire,BDT_BS
106201111,bicycle-theft,2022-11,53.780711,-1.741356,On or near Flockton Terrace,Investigation complete; no suspect identified,west-yorkshire,BDT_BS
106200894,bicycle-theft,2022-11,53.765224,-1.749294,On or near Newhall Drive,Investigation complete; no suspect identified,west-yorkshire,BDT_BS
106212686,bicycle-theft,2022-11,53.774633,-1.732350,On or near Anerley Street,Investigation complete; no suspect identified,west-yorkshire,BDT_BS
106202257,bicycle-theft,2022-11,53.771158,-1.721888,On or near De Lacey Mews,Investigation complete; no suspect identified,west-yorkshire,BDT_BS
106200520,bicycle-theft,2022-11,53.765224,-1.749294,On or near Newhall Drive,Investigation complete; no suspect identified,west-yorkshire,BDT_BS
106215637,bicycle-theft,2022-11,53.778140,-1.733117,On or near Lister Avenue,Unable to prosecute suspect,west-yorkshire,BDT_BS
106222591,burglary,2022-11,53.779128,-1.732625,On or near Busfield Street,Investigation complete; no suspect identified,west-yorkshire,BDT_BS
106203601,burglary,2022-11,53.778288,-1.751720,On or near Aston Road,Investigation complete; no suspect identified,west-yorkshire,BDT_BS
106204795,burglary,2022-11,53.771158,-1.721888,On or near De Lacey Mews,Investigation complete; no suspect identified,west-yorkshire,BDT_BS
106216717,burglary,2022-11,53.767831,-1.729132,On or near Langley Avenue,Investigation complete; no suspect identified,west-yorkshire,BDT_BS
106206748,burglary,2022-11,53.777133,-1.736947,On or near Bowling Hall Road,Investigation complete; no suspect identified,west-yorkshire,BDT_BS
106219301,burglary,2022-11,53.760972,-1.732589,On or near Greenwood Fold,Investigation complete; no suspect identified,west-yorkshire,BDT_BS
106209576,burglary,2022-11,53.773655,-1.758363,On or near Arnside Road,Investigation complete; no suspect identified,west-yorkshire,BDT_BS
106206414,burglary,2022-11,53.773655,-1.758363,On or near Arnside Road,Investigation complete; no suspect identified,west-yorkshire,BDT_BS
106209446,burglary,2022-11,53.763818,-1.760771,On or near Taylor Road,Investigation complete; no suspect identified,west-yorkshire,BDT_BS
106208595,burglary,2022-11,53.769554,-1.757173,On or near Mayo Road,Investigation complete; no suspect identified,west-yorkshire,BDT_BS
106199025,burglary,2022-11,53.765305,-1.762628,On or near Scott Street,Investigation complete; no suspect identified,west-yorkshire,BDT_BS
106213756,burglary,2022-11,53.777396,-1.754897,On or near Cranbrook Place,Investigation complete; no suspect identified,west-yorkshire,BDT_BS
106203977,burglary,2022-11,53.768417,-1.754889,On or near Rooley Close,Investigation complete; no suspect identified,west-yorkshire,BDT_BS
106212090,burglary,2022-11,53.775801,-1.757122,On or near Steerforth Close,Investigation complete; no suspect identified,west-yorkshire,BDT_BS
106210735,burglary,2022-11,53.774048,-1.752595,On or near Hopbine Avenue,Investigation complete; no suspect identified,west-yorkshire,BDT_BS
106204990,burglary,2022-11,53.779954,-1.732347,On or near Warwick Close,Investigation complete; no suspect identified,west-yorkshire,BDT_BS
106201116,burglary,2022-11,53.765305,-1.762628,On or near Scott Street,Investigation complete; no suspect identified,west-yorkshire,BDT_BS
106214929,burglary,2022-11,53.763396,-1.765400,On or near Brentwood Gardens,Investigation complete; no suspect identified,west-yorkshire,BDT_BS
106202938,burglary,2022-11,53.763733,-1.725260,On or near Renee Close,Investigation complete; no suspect identified,west-yorkshire,BDT_BS
106212615,criminal-damage-arson,2022-11,53.768038,-1.733014,On or near Alred Court,Unable to prosecute suspect,west-yorkshire,BDT_BS
106199076,criminal-damage-arson,2022-11,53.771158,-1.721888,On or near De Lacey Mews,Investigation complete; no suspect identified,west-yorkshire,BDT_BS
106205317,criminal-damage-arson,2022-11,53.776728,-1.753702,On or near Tichborne Road,Investigation complete; no suspect identified,west-yorkshire,BDT_BS
106204182,criminal-damage-arson,2022-11,53.763237,-1.766918,On or near Hird Avenue,Investigation complete; no suspect identified,west-yorkshire,BDT_BS
106200499,criminal-damage-arson,2022-11,53.769742,-1.727390,On or near Burnham Avenue,Unable to prosecute suspect,west-yorkshire,BDT_BS
106215668,criminal-damage-arson,2022-11,53.780292,-1.755973,On or near Garvey View,Unable to prosecute suspect,west-yorkshire,BDT_BS
106212745,criminal-damage-arson,2022-11,53.769343,-1.733764,On or near Crestwood Close,Unable to prosecute suspect,west-yorkshire,BDT_BS
106209460,criminal-damage-arson,2022-11,53.775801,-1.757122,On or near Steerforth Close,Investigation complete; no suspect identified,west-yorkshire,BDT_BS
106204452,criminal-damage-arson,2022-11,53.769420,-1.766747,On or near Carr Bottom Fold,Investigation complete; no suspect identified,west-yorkshire,BDT_BS
106205866,criminal-damage-arson,2022-11,53.766119,-1.765521,On or near Dean Road,Court result unavailable,west-yorkshire,BDT_BS
106206914,criminal-damage-arson,2022-11,53.779739,-1.753351,On or near Ackworth Street,Investigation complete; no suspect identified,west-yorkshire,BDT_BS
106210972,criminal-damage-arson,2022-11,53.769774,-1.763999,On or near Rathmell Street,Unable to prosecute suspect,west-yorkshire,BDT_BS
106203851,criminal-damage-arson,2022-11,53.771037,-1.756967,On or near Raymond Drive,Unable to prosecute suspect,west-yorkshire,BDT_BS
106215455,criminal-damage-arson,2022-11,53.779739,-1.753351,On or near Ackworth Street,Unable to prosecute suspect,west-yorkshire,BDT_BS
106216484,criminal-damage-arson,2022-11,53.776933,-1.752821,On or near Oaks Fold,Investigation complete; no suspect identified,west-yorkshire,BDT_BS
106214280,criminal-damage-arson,2022-11,53.763818,-1.760771,On or near Taylor Road,Status update unavailable,west-yorkshire,BDT_BS
106201459,criminal-damage-arson,2022-11,53.770205,-1.763693,On or near Draughton Street,Investigation complete; no suspect identified,west-yorkshire,BDT_BS
106199550,criminal-damage-arson,2022-11,53.765631,-1.764113,On or near Odsal Road,Investigation complete; no suspect identified,west-yorkshire,BDT_BS
106202302,criminal-damage-arson,2022-11,53.776765,-1.758330,On or near Baxandall Street,Investigation complete; no suspect identified,west-yorkshire,BDT_BS
106219147,criminal-damage-arson,2022-11,53.765725,-1.732028,On or near Smith Street,Unable to prosecute suspect,west-yorkshire,BDT_BS
106214478,criminal-damage-arson,2022-11,53.768082,-1.762734,On or near Wisbey Bank,Investigation complete; no suspect identified,west-yorkshire,BDT_BS
106209148,criminal-damage-arson,2022-11,53.763237,-1.766918,On or near Hird Avenue,Unable to prosecute suspect,west-yorkshire,BDT_BS
106200885,criminal-damage-arson,2022-11,53.776340,-1.757361,On or near Boynton Terrace,Investigation complete; no suspect identified,west-yorkshire,BDT_BS
106219134,criminal-damage-arson,2022-11,53.770736,-1.734089,On or near ,Investigation complete; no suspect identified,west-yorkshire,BDT_BS
106225705,criminal-damage-arson,2022-11,53.771685,-1.744492,On or near Fellside Close,Unable to prosecute suspect,west-yorkshire,BDT_BS
106199673,criminal-damage-arson,2022-11,53.770205,-1.763693,On or near Draughton Street,Investigation complete; no suspect identified,west-yorkshire,BDT_BS
106199847,criminal-damage-arson,2022-11,53.777463,-1.752803,On or near Clough Street,Investigation complete; no suspect identified,west-yorkshire,BDT_BS
106217209,criminal-damage-arson,2022-11,53.778150,-1.758990,On or near St Stephen's Terrace,Unable to prosecute suspect,west-yorkshire,BDT_BS
106215883,criminal-damage-arson,2022-11,53.777558,-1.759555,On or near Ryan Street,Investigation complete; no suspect identified,west-yorkshire,BDT_BS
106207472,criminal-damage-arson,2022-11,53.775774,-1.761871,On or near Marshfield Place,Investigation complete; no suspect identified,west-yorkshire,BDT_BS
106199589,criminal-damage-arson,2022-11,53.776340,-1.757361,On or near Boynton Terrace,Investigation complete; no suspect identified,west-yorkshire,BDT_BS
106200704,criminal-damage-arson,2022-11,53.779949,-1.751012,On or near Birk Lea Street,Investigation complete; no suspect identified,west-yorkshire,BDT_BS
106211012,criminal-damage-arson,2022-11,53.771866,-1.762637,On or near Scholes Street,Investigation complete; no suspect identified,west-yorkshire,BDT_BS
106203205,criminal-damage-arson,2022-11,53.764997,-1.766149,On or near Thornfield Avenue,Investigation complete; no suspect identified,west-yorkshire,BDT_BS
106219100,criminal-damage-arson,2022-11,53.775774,-1.761871,On or near Marshfield Place,Investigation complete; no suspect identified,west-yorkshire,BDT_BS
106219395,criminal-damage-arson,2022-11,53.763920,-1.767066,On or near Crawford Avenue,Investigation complete; no suspect identified,west-yorkshire,BDT_BS
106221360,drugs,2022-11,53.775801,-1.757122,On or near Steerforth Close,Court result unavailable,west-yorkshire,BDT_BS
106219252,drugs,2022-11,53.773057,-1.726670,On or near Melford Street,Offender given a caution,west-yorkshire,BDT_BS
106203331,drugs,2022-11,53.766505,-1.765307,On or near Ashworth Place,Local resolution,west-yorkshire,BDT_BS
106222765,drugs,2022-11,53.781478,-1.738468,On or near Teville Court,Local resolution,west-yorkshire,BDT_BS
106204019,drugs,2022-11,53.780146,-1.750313,On or near Dalcross Street,Local resolution,west-yorkshire,BDT_BS
106203340,drugs,2022-11,53.766505,-1.765307,On or near Ashworth Place,Local resolution,west-yorkshire,BDT_BS
106212603,drugs,2022-11,53.764149,-1.760010,On or near Woodhouse Terrace,Status update unavailable,west-yorkshire,BDT_BS
106208514,drugs,2022-11,53.776191,-1.750352,On or near Eli Street,Local resolution,west-yorkshire,BDT_BS
106213254,drugs,2022-11,53.774981,-1.760814,On or near Broken Way,Status update unavailable,west-yorkshire,BDT_BS
106215199,drugs,2022-11,53.773768,-1.752141,On or near Hopbine Road,Local resolution,west-yorkshire,BDT_BS
106216473,drugs,2022-11,53.762960,-1.763294,On or near Hatton Close,Court result unavailable,west-yorkshire,BDT_BS
106211532,drugs,2022-11,53.759784,-1.731641,On or near Bierley Hall Grove,Local resolution,west-yorkshire,BDT_BS
106211444,drugs,2022-11,53.775535,-1.750356,On or near Birch Lane,Court result unavailable,west-yorkshire,BDT_BS
106210317,other-theft,2022-11,53.775069,-1.746823,On or near Springwood Avenue,Investigation complete; no suspect identified,west-yorkshire,BDT_BS
106208018,other-theft,2022-11,53.755974,-1.740325,On or near Merrydale Road,Investigation complete; no suspect identified,west-yorkshire,BDT_BS
106211546,other-theft,2022-11,53.770736,-1.734089,On or near ,Investigation complete; no suspect identified,west-yorkshire,BDT_BS
106213777,other-theft,2022-11,53.778854,-1.751489,On or near Round Street,Unable to prosecute suspect,west-yorkshire,BDT_BS
106221948,other-theft,2022-11,53.775774,-1.761871,On or near Marshfield Place,Unable to prosecute suspect,west-yorkshire,BDT_BS
106207130,other-theft,2022-11,53.778854,-1.751489,On or near Round Street,Unable to prosecute suspect,west-yorkshire,BDT_BS
106209516,other-theft,2022-11,53.768598,-1.751428,On or near ,Investigation complete; no suspect identified,west-yorkshire,BDT_BS
106216731,other-theft,2022-11,53.778854,-1.751489,On or near Round Street,Unable to prosecute suspect,west-yorkshire,BDT_BS
106214770,other-theft,2022-11,53.766093,-1.752338,On or near Radfield Drive,Unable to prosecute suspect,west-yorkshire,BDT_BS
106223274,other-theft,2022-11,53.769971,-1.758976,On or near ,Unable to prosecute suspect,west-yorkshire,BDT_BS
106213470,other-theft,2022-11,53.774175,-1.724569,On or near Lister Street,Investigation complete; no suspect identified,west-yorkshire,BDT_BS
106199885,other-theft,2022-11,53.765631,-1.764113,On or near Odsal Road,Investigation complete; no suspect identified,west-yorkshire,BDT_BS
106202933,other-theft,2022-11,53.762146,-1.760568,On or near Glenfield Avenue,Investigation complete; no suspect identified,west-yorkshire,BDT_BS
106205620,other-theft,2022-11,53.774981,-1.760814,On or near Broken Way,Investigation complete; no suspect identified,west-yorkshire,BDT_BS
106199285,other-theft,2022-11,53.777133,-1.736947,On or near Bowling Hall Road,Investigation complete; no suspect identified,west-yorkshire,BDT_BS
106205309,other-theft,2022-11,53.777463,-1.752803,On or near Clough Street,Investigation complete; no suspect identified,west-yorkshire,BDT_BS
106207428,other-theft,2022-11,53.778140,-1.733117,On or near Lister Avenue,Investigation complete; no suspect identified,west-yorkshire,BDT_BS
106211586,other-theft,2022-11,53.780292,-1.755973,On or near Garvey View,Investigation complete; no suspect identified,west-yorkshire,BDT_BS
106202747,other-theft,2022-11,53.779401,-1.755189,On or near Moulson Court,Investigation complete; no suspect identified,west-yorkshire,BDT_BS
106213108,other-theft,2022-11,53.772122,-1.722990,On or near Knowles Street,Unable to prosecute suspect,west-yorkshire,BDT_BS
106204655,possession-of-weapons,2022-11,53.775587,-1.762783,On or near Marsh Street,Local resolution,west-yorkshire,BDT_BS
106212673,possession-of-weapons,2022-11,53.764149,-1.760010,On or near Woodhouse Terrace,Status update unavailable,west-yorkshire,BDT_BS
106201170,public-order,2022-11,53.771158,-1.721888,On or near De Lacey Mews,Unable to prosecute suspect,west-yorkshire,BDT_BS
106205356,public-order,2022-11,53.763818,-1.760771,On or near Taylor Road,Investigation complete; no suspect identified,west-yorkshire,BDT_BS
106207857,public-order,2022-11,53.766505,-1.765307,On or near Ashworth Place,Status update unavailable,west-yorkshire,BDT_BS
106222255,public-order,2022-11,53.769568,-1.755170,On or near Mayo Grove,Investigation complete; no suspect identified,west-yorkshire,BDT_BS
106220030,public-order,2022-11,53.767758,-1.724793,On or near Fairfax Avenue,Unable to prosecute suspect,west-yorkshire,BDT_BS
106219931,public-order,2022-11,53.780292,-1.755973,On or near Garvey View,Court result unavailable,west-yorkshire,BDT_BS
106221453,public-order,2022-11,53.780292,-1.755973,On or near Garvey View,Investigation complete; no suspect identified,west-yorkshire,BDT_BS
106222004,public-order,2022-11,53.763396,-1.765400,On or near Brentwood Gardens,Court result unavailable,west-yorkshire,BDT_BS
106211713,public-order,2022-11,53.779401,-1.755189,On or near Moulson Court,Unable to prosecute suspect,west-yorkshire,BDT_BS
106210100,public-order,2022-11,53.768038,-1.733014,On or near Alred Court,Unable to prosecute suspect,west-yorkshire,BDT_BS
106201309,public-order,2022-11,53.775067,-1.745852,On or near Avenue Road,Unable to prosecute suspect,west-yorkshire,BDT_BS
106221668,public-order,2022-11,53.778854,-1.751489,On or near Round Street,Offender given a caution,west-yorkshire,BDT_BS
106217775,public-order,2022-11,53.780292,-1.755973,On or near Garvey View,Formal action is not in the public interest,west-yorkshire,BDT_BS
106221993,public-order,2022-11,53.763396,-1.765400,On or near Brentwood Gardens,Court result unavailable,west-yorkshire,BDT_BS
106222008,public-order,2022-11,53.763237,-1.766918,On or near Hird Avenue,Court result unavailable,west-yorkshire,BDT_BS
106219265,public-order,2022-11,53.762960,-1.763294,On or near Hatton Close,Court result unavailable,west-yorkshire,BDT_BS
106223129,public-order,2022-11,53.772787,-1.751555,On or near Henley Avenue,Unable to prosecute suspect,west-yorkshire,BDT_BS
106222420,public-order,2022-11,53.780292,-1.755973,On or near Garvey View,Court result unavailable,west-yorkshire,BDT_BS
106221003,public-order,2022-11,53.772271,-1.760085,On or near ,Investigation complete; no suspect identified,west-yorkshire,BDT_BS
106200419,public-order,2022-11,53.771037,-1.756967,On or near Raymond Drive,Unable to prosecute suspect,west-yorkshire,BDT_BS
106222628,public-order,2022-11,53.763396,-1.765400,On or near Brentwood Gardens,Court result unavailable,west-yorkshire,BDT_BS
106200232,public-order,2022-11,53.771444,-1.762806,On or near Norwood Street,Investigation complete; no suspect identified,west-yorkshire,BDT_BS
106215654,public-order,2022-11,53.774097,-1.729486,On or near Newman Street,Status update unavailable,west-yorkshire,BDT_BS
106215514,public-order,2022-11,53.773381,-1.747334,On or near Daleside Walk,Unable to prosecute suspect,west-yorkshire,BDT_BS
106217120,public-order,2022-11,53.769568,-1.755170,On or near Mayo Grove,Unable to prosecute suspect,west-yorkshire,BDT_BS
106206681,public-order,2022-11,53.778854,-1.751489,On or near Round Street,Investigation complete; no suspect identified,west-yorkshire,BDT_BS
106201296,public-order,2022-11,53.771781,-1.730973,On or near ,Investigation complete; no suspect identified,west-yorkshire,BDT_BS
106201292,public-order,2022-11,53.776933,-1.752821,On or near Oaks Fold,Investigation complete; no suspect identified,west-yorkshire,BDT_BS
106214820,public-order,2022-11,53.774981,-1.760814,On or near Broken Way,Court result unavailable,west-yorkshire,BDT_BS
106199621,public-order,2022-11,53.778195,-1.754270,On or near Gaythorne Road,Investigation complete; no suspect identified,west-yorkshire,BDT_BS
106221151,public-order,2022-11,53.774633,-1.732350,On or near Anerley Street,Unable to prosecute suspect,west-yorkshire,BDT_BS
106203476,public-order,2022-11,53.779769,-1.755187,On or near Jackie Smart Road,Investigation complete; no suspect identified,west-yorkshire,BDT_BS
106202501,public-order,2022-11,53.768742,-1.760106,On or near Hallbank Drive,Unable to prosecute suspect,west-yorkshire,BDT_BS
106202857,public-order,2022-11,53.774217,-1.735039,On or near Burras Road,Investigation complete; no suspect identified,west-yorkshire,BDT_BS
106215959,public-order,2022-11,53.778336,-1.753329,On or near Challis Grove,Status update unavailable,west-yorkshire,BDT_BS
106208039,public-order,2022-11,53.777232,-1.758525,On or near Boynton Street,Unable to prosecute suspect,west-yorkshire,BDT_BS
106199954,public-order,2022-11,53.767459,-1.727389,On or near Hyne Avenue,Investigation complete; no suspect identified,west-yorkshire,BDT_BS
106208282,public-order,2022-11,53.774114,-1.754218,On or near Evens Terrace,Formal action is not in the public interest,west-yorkshire,BDT_BS
106212284,public-order,2022-11,53.774981,-1.760814,On or near Broken Way,Unable to prosecute suspect,west-yorkshire,BDT_BS
106203207,public-order,2022-11,53.776933,-1.752821,On or near Oaks Fold,Unable to prosecute suspect,west-yorkshire,BDT_BS
106223795,public-order,2022-11,53.770736,-1.734089,On or near ,Investigation complete; no suspect identified,west-yorkshire,BDT_BS
106217754,public-order,2022-11,53.780292,-1.755973,On or near Garvey View,Court result unavailable,west-yorkshire,BDT_BS
106209034,public-order,2022-11,53.770461,-1.761446,On or near Runswick Terrace,Unable to prosecute suspect,west-yorkshire,BDT_BS
106205234,public-order,2022-11,53.769971,-1.758976,On or near ,Unable to prosecute suspect,west-yorkshire,BDT_BS
106222359,robbery,2022-11,53.779401,-1.755189,On or near Moulson Court,Court result unavailable,west-yorkshire,BDT_BS
106206478,robbery,2022-11,53.755974,-1.740325,On or near Merrydale Road,Investigation complete; no suspect identified,west-yorkshire,BDT_BS
106226184,robbery,2022-11,53.779401,-1.755189,On or near Moulson Court,Court result unavailable,west-yorkshire,BDT_BS
106208318,robbery,2022-11,53.769971,-1.758976,On or near ,Investigation complete; no suspect identified,west-yorkshire,BDT_BS
106211018,robbery,2022-11,53.779926,-1.740041,On or near Flockton Drive,Investigation complete; no suspect identified,west-yorkshire,BDT_BS
106213168,robbery,2022-11,53.778298,-1.756531,On or near Defarge Court,Investigation complete; no suspect identified,west-yorkshire,BDT_BS
106198953,shoplifting,2022-11,53.772189,-1.732609,On or near ,Investigation complete; no suspect identified,west-yorkshire,BDT_BS
106217268,shoplifting,2022-11,53.770461,-1.761446,On or near Runswick Terrace,Unable to prosecute suspect,west-yorkshire,BDT_BS
106206994,shoplifting,2022-11,53.772189,-1.732609,On or near Supermarket,Court result unavailable,west-yorkshire,BDT_BS
106216657,shoplifting,2022-11,53.755974,-1.740325,On or near Merrydale Road,Investigation complete; no suspect identified,west-yorkshire,BDT_BS
106207590,shoplifting,2022-11,53.771781,-1.730973,On or near ,Investigation complete; no suspect identified,west-yorkshire,BDT_BS
106209768,theft-from-the-person,2022-11,53.774114,-1.754218,On or near Evens Terrace,Unable to prosecute suspect,west-yorkshire,BDT_BS
106205240,theft-from-the-person,2022-11,53.775014,-1.725975,On or near Bela Avenue,Investigation complete; no suspect identified,west-yorkshire,BDT_BS
106214664,theft-from-the-person,2022-11,53.771685,-1.744492,On or near Fellside Close,Unable to prosecute suspect,west-yorkshire,BDT_BS
106207281,theft-from-the-person,2022-11,53.776042,-1.756771,On or near Murdstone Close,Investigation complete; no suspect identified,west-yorkshire,BDT_BS
106201251,theft-from-the-person,2022-11,53.759158,-1.754290,On or near Greenville Drive,Investigation complete; no suspect identified,west-yorkshire,BDT_BS
106205678,vehicle-crime,2022-11,53.766093,-1.752338,On or near Radfield Drive,Investigation complete; no suspect identified,west-yorkshire,BDT_BS
106200002,vehicle-crime,2022-11,53.770736,-1.734089,On or near ,Investigation complete; no suspect identified,west-yorkshire,BDT_BS
106213028,vehicle-crime,2022-11,53.776100,-1.763098,On or near Ellis Street,Unable to prosecute suspect,west-yorkshire,BDT_BS
106200169,vehicle-crime,2022-11,53.768082,-1.762734,On or near Wisbey Bank,Investigation complete; no suspect identified,west-yorkshire,BDT_BS
106200462,vehicle-crime,2022-11,53.768157,-1.764342,On or near Flaxen Court,Investigation complete; no suspect identified,west-yorkshire,BDT_BS
106200571,vehicle-crime,2022-11,53.774486,-1.747327,On or near Federation Street,Investigation complete; no suspect identified,west-yorkshire,BDT_BS
106210645,vehicle-crime,2022-11,53.770177,-1.728935,On or near Burnham Place,Unable to prosecute suspect,west-yorkshire,BDT_BS
106199360,vehicle-crime,2022-11,53.773584,-1.749836,On or near Parkside Road,Investigation complete; no suspect identified,west-yorkshire,BDT_BS
106204188,vehicle-crime,2022-11,53.774420,-1.750135,On or near Woodroyd Terrace,Investigation complete; no suspect identified,west-yorkshire,BDT_BS
106199171,vehicle-crime,2022-11,53.774048,-1.752595,On or near Hopbine Avenue,Investigation complete; no suspect identified,west-yorkshire,BDT_BS
106201547,vehicle-crime,2022-11,53.766053,-1.733634,On or near Broughton Avenue,Investigation complete; no suspect identified,west-yorkshire,BDT_BS
106200829,vehicle-crime,2022-11,53.770756,-1.751416,On or near Chase Way,Investigation complete; no suspect identified,west-yorkshire,BDT_BS
106224182,vehicle-crime,2022-11,53.755974,-1.740325,On or near Merrydale Road,Status update unavailable,west-yorkshire,BDT_BS
106221406,vehicle-crime,2022-11,53.766943,-1.733704,On or near Newhall Road,Investigation complete; no suspect identified,west-yorkshire,BDT_BS
106199567,vehicle-crime,2022-11,53.764149,-1.760010,On or near Woodhouse Terrace,Investigation complete; no suspect identified,west-yorkshire,BDT_BS
106212083,vehicle-crime,2022-11,53.775774,-1.761871,On or near Marshfield Place,Status update unavailable,west-yorkshire,BDT_BS
106201016,vehicle-crime,2022-11,53.773176,-1.743952,On or near Spring Wood Gardens,Investigation complete; no suspect identified,west-yorkshire,BDT_BS
106226227,vehicle-crime,2022-11,53.768417,-1.754889,On or near Rooley Close,Investigation complete; no suspect identified,west-yorkshire,BDT_BS
106205570,violent-crime,2022-11,53.767239,-1.729712,On or near Wrigley Avenue,Investigation complete; no suspect identified,west-yorkshire,BDT_BS
106199031,violent-crime,2022-11,53.771049,-1.763142,On or near Carr Street,Investigation complete; no suspect identified,west-yorkshire,BDT_BS
106202308,violent-crime,2022-11,53.779800,-1.752576,On or near Pembroke Street,Unable to prosecute suspect,west-yorkshire,BDT_BS
106204306,violent-crime,2022-11,53.771866,-1.762637,On or near Scholes Street,Unable to prosecute suspect,west-yorkshire,BDT_BS
106216258,violent-crime,2022-11,53.773146,-1.742753,On or near Tristram Avenue,Unable to prosecute suspect,west-yorkshire,BDT_BS
106203569,violent-crime,2022-11,53.779739,-1.753351,On or near Ackworth Street,Unable to prosecute suspect,west-yorkshire,BDT_BS
106215028,violent-crime,2022-11,53.765034,-1.732320,On or near Bierley Lane,Awaiting court outcome,west-yorkshire,BDT_BS
106215363,violent-crime,2022-11,53.771685,-1.744492,On or near Fellside Close,Status update unavailable,west-yorkshire,BDT_BS
106215553,violent-crime,2022-11,53.766053,-1.733634,On or near Broughton Avenue,Investigation complete; no suspect identified,west-yorkshire,BDT_BS
106215558,violent-crime,2022-11,53.769721,-1.746461,On or near Highbridge Terrace,Unable to prosecute suspect,west-yorkshire,BDT_BS
106220975,violent-crime,2022-11,53.772189,-1.732609,On or near Supermarket,Court result unavailable,west-yorkshire,BDT_BS
106199853,violent-crime,2022-11,53.768185,-1.734743,On or near Hopefield Way,Unable to prosecute suspect,west-yorkshire,BDT_BS
106199691,violent-crime,2022-11,53.768494,-1.724227,On or near Miles Hill Crescent,Unable to prosecute suspect,west-yorkshire,BDT_BS
106204191,violent-crime,2022-11,53.763237,-1.766918,On or near Hird Avenue,Investigation complete; no suspect identified,west-yorkshire,BDT_BS
106222497,violent-crime,2022-11,53.774114,-1.754218,On or near Evens Terrace,Investigation complete; no suspect identified,west-yorkshire,BDT_BS
106206946,violent-crime,2022-11,53.779739,-1.753351,On or near Ackworth Street,Investigation complete; no suspect identified,west-yorkshire,BDT_BS
106208579,violent-crime,2022-11,53.772122,-1.722990,On or near Knowles Street,Unable to prosecute suspect,west-yorkshire,BDT_BS
106211392,violent-crime,2022-11,53.763213,-1.730041,On or near Bayne Drive,Unable to prosecute suspect,west-yorkshire,BDT_BS
106221044,violent-crime,2022-11,53.775801,-1.757122,On or near Steerforth Close,Unable to prosecute suspect,west-yorkshire,BDT_BS
106209603,violent-crime,2022-11,53.775067,-1.745852,On or near Avenue Road,Unable to prosecute suspect,west-yorkshire,BDT_BS
106211477,violent-crime,2022-11,53.771781,-1.730973,On or near ,Investigation complete; no suspect identified,west-yorkshire,BDT_BS
106207369,violent-crime,2022-11,53.762358,-1.758822,On or near Wickets Close,Investigation complete; no suspect identified,west-yorkshire,BDT_BS
106211506,violent-crime,2022-11,53.771781,-1.730973,On or near ,Investigation complete; no suspect identified,west-yorkshire,BDT_BS
106215078,violent-crime,2022-11,53.775774,-1.761871,On or near Marshfield Place,Unable to prosecute suspect,west-yorkshire,BDT_BS
106211798,violent-crime,2022-11,53.771049,-1.763142,On or near Carr Street,Unable to prosecute suspect,west-yorkshire,BDT_BS
106212030,violent-crime,2022-11,53.770094,-1.736460,On or near Sangster Way,Unable to prosecute suspect,west-yorkshire,BDT_BS
106218478,violent-crime,2022-11,53.779739,-1.753351,On or near Ackworth Street,Investigation complete; no suspect identified,west-yorkshire,BDT_BS
106208870,violent-crime,2022-11,53.754848,-1.756332,On or near Yardley Way,Unable to prosecute suspect,west-yorkshire,BDT_BS
106213442,violent-crime,2022-11,53.755974,-1.740325,On or near Merrydale Road,Unable to prosecute suspect,west-yorkshire,BDT_BS
106208610,violent-crime,2022-11,53.776378,-1.762702,On or near Reginald Street,Investigation complete; no suspect identified,west-yorkshire,BDT_BS
106214005,violent-crime,2022-11,53.775067,-1.745852,On or near Avenue Road,Unable to prosecute suspect,west-yorkshire,BDT_BS
106213930,violent-crime,2022-11,53.763920,-1.767066,On or near Crawford Avenue,Unable to prosecute suspect,west-yorkshire,BDT_BS
106214063,violent-crime,2022-11,53.775067,-1.745852,On or near Avenue Road,Unable to prosecute suspect,west-yorkshire,BDT_BS
106219586,violent-crime,2022-11,53.763670,-1.767810,On or near Hardy Avenue,Action to be taken by another organisation,west-yorkshire,BDT_BS
106209289,violent-crime,2022-11,53.768038,-1.733014,On or near Alred Court,Unable to prosecute suspect,west-yorkshire,BDT_BS
106209689,violent-crime,2022-11,53.777691,-1.758750,On or near Donisthorpe Street,Unable to prosecute suspect,west-yorkshire,BDT_BS
106210550,violent-crime,2022-11,53.777463,-1.752803,On or near Clough Street,Unable to prosecute suspect,west-yorkshire,BDT_BS
106219325,violent-crime,2022-11,53.762960,-1.763294,On or near Hatton Close,Court result unavailable,west-yorkshire,BDT_BS
106210885,violent-crime,2022-11,53.762960,-1.763294,On or near Hatton Close,Unable to prosecute suspect,west-yorkshire,BDT_BS
106219224,violent-crime,2022-11,53.769774,-1.763999,On or near Rathmell Street,Unable to prosecute suspect,west-yorkshire,BDT_BS
106217417,violent-crime,2022-11,53.775533,-1.749567,On or near Broadlea Crescent,Unable to prosecute suspect,west-yorkshire,BDT_BS
106224991,violent-crime,2022-11,53.773618,-1.745102,On or near Martlett Drive,Unable to prosecute suspect,west-yorkshire,BDT_BS
106225551,violent-crime,2022-11,53.779547,-1.739284,On or near Brompton Avenue,Unable to prosecute suspect,west-yorkshire,BDT_BS
106216519,violent-crime,2022-11,53.774981,-1.760814,On or near Broken Way,Investigation complete; no suspect identified,west-yorkshire,BDT_BS
106218940,violent-crime,2022-11,53.770094,-1.736460,On or near Sangster Way,Unable to prosecute suspect,west-yorkshire,BDT_BS
106208381,violent-crime,2022-11,53.760186,-1.756059,On or near Belmont Crescent,Unable to prosecute suspect,west-yorkshire,BDT_BS
106208380,violent-crime,2022-11,53.775382,-1.763831,On or near Hastings Place,Unable to prosecute suspect,west-yorkshire,BDT_BS
106207456,violent-crime,2022-11,53.779739,-1.753351,On or near Ackworth Street,Investigation complete; no suspect identified,west-yorkshire,BDT_BS
106206740,violent-crime,2022-11,53.762630,-1.726480,On or near Meadowcroft Rise,Unable to prosecute suspect,west-yorkshire,BDT_BS
106206153,violent-crime,2022-11,53.774114,-1.754218,On or near Evens Terrace,Investigation complete; no suspect identified,west-yorkshire,BDT_BS
106205642,violent-crime,2022-11,53.778376,-1.750824,On or near Elwyn Road,Action to be taken by another organisation,west-yorkshire,BDT_BS
106214971,violent-crime,2022-11,53.774981,-1.760814,On or near Broken Way,Investigation complete; no suspect identified,west-yorkshire,BDT_BS
106222480,violent-crime,2022-11,53.772189,-1.732609,On or near ,Unable to prosecute suspect,west-yorkshire,BDT_BS
106222131,violent-crime,2022-11,53.767459,-1.727389,On or near Hyne Avenue,Unable to prosecute suspect,west-yorkshire,BDT_BS
106222112,violent-crime,2022-11,53.767459,-1.727389,On or near Hyne Avenue,Unable to prosecute suspect,west-yorkshire,BDT_BS
106218698,violent-crime,2022-11,53.773618,-1.745102,On or near Martlett Drive,Unable to prosecute suspect,west-yorkshire,BDT_BS
106211340,violent-crime,2022-11,53.774633,-1.732350,On or near Anerley Street,Unable to prosecute suspect,west-yorkshire,BDT_BS
106221698,violent-crime,2022-11,53.768038,-1.733014,On or near Alred Court,Unable to prosecute suspect,west-yorkshire,BDT_BS
106221350,violent-crime,2022-11,53.774767,-1.757264,On or near Little Cross Street,Unable to prosecute suspect,west-yorkshire,BDT_BS
106225298,violent-crime,2022-11,53.780216,-1.749463,On or near Dalcross Grove,Unable to prosecute suspect,west-yorkshire,BDT_BS
106220147,violent-crime,2022-11,53.763920,-1.767066,On or near Crawford Avenue,Investigation complete; no suspect identified,west-yorkshire,BDT_BS
106221047,violent-crime,2022-11,53.769343,-1.733764,On or near Crestwood Close,Unable to prosecute suspect,west-yorkshire,BDT_BS
106201866,violent-crime,2022-11,53.773768,-1.752141,On or near Hopbine Road,Unable to prosecute suspect,west-yorkshire,BDT_BS
106202261,violent-crime,2022-11,53.769971,-1.758976,On or near ,Investigation complete; no suspect identified,west-yorkshire,BDT_BS
106203084,violent-crime,2022-11,53.775516,-1.754407,On or near Woodroyd Road,Unable to prosecute suspect,west-yorkshire,BDT_BS
106204106,violent-crime,2022-11,53.768363,-1.759334,On or near Sunny Bank Avenue,Status update unavailable,west-yorkshire,BDT_BS
106205532,violent-crime,2022-11,53.762895,-1.732440,On or near School Street,Unable to prosecute suspect,west-yorkshire,BDT_BS
106205575,violent-crime,2022-11,53.767239,-1.729712,On or near Wrigley Avenue,Investigation complete; no suspect identified,west-yorkshire,BDT_BS
106206964,violent-crime,2022-11,53.769151,-1.720809,On or near Dawson Mount,Unable to prosecute suspect,west-yorkshire,BDT_BS
106207953,violent-crime,2022-11,53.779769,-1.755187,On or near Jackie Smart Road,Unable to prosecute suspect,west-yorkshire,BDT_BS
106221072,violent-crime,2022-11,53.773381,-1.747334,On or near Daleside Walk,Unable to prosecute suspect,west-yorkshire,BDT_BS
106209543,violent-crime,2022-11,53.775067,-1.745852,On or near Avenue Road,Unable to prosecute suspect,west-yorkshire,BDT_BS
106212724,violent-crime,2022-11,53.778854,-1.751489,On or near Round Street,Unable to prosecute suspect,west-yorkshire,BDT_BS
106214260,violent-crime,2022-11,53.763818,-1.760771,On or near Taylor Road,Unable to prosecute suspect,west-yorkshire,BDT_BS
106214800,violent-crime,2022-11,53.772787,-1.751555,On or near Henley Avenue,Unable to prosecute suspect,west-yorkshire,BDT_BS
106216346,violent-crime,2022-11,53.772189,-1.732609,On or near ,Unable to prosecute suspect,west-yorkshire,BDT_BS
106224852,violent-crime,2022-11,53.760789,-1.765172,On or near Larch Hill,Unable to prosecute suspect,west-yorkshire,BDT_BS
106221947,violent-crime,2022-11,53.774633,-1.732350,On or near Anerley Street,Further action is not in the public interest,west-yorkshire,BDT_BS
106212514,violent-crime,2022-11,53.763818,-1.760771,On or near Taylor Road,Investigation complete; no suspect identified,west-yorkshire,BDT_BS
106222533,violent-crime,2022-11,53.770855,-1.722937,On or near Prince Street,Unable to prosecute suspect,west-yorkshire,BDT_BS
106222861,violent-crime,2022-11,53.759447,-1.763920,On or near A641,Action to be taken by another organisation,west-yorkshire,BDT_BS
106225269,violent-crime,2022-11,53.776725,-1.727072,On or near Corban Street,Unable to prosecute suspect,west-yorkshire,BDT_BS
106198888,violent-crime,2022-11,53.779833,-1.734502,On or near Laverton Road,Unable to prosecute suspect,west-yorkshire,BDT_BS
106198915,violent-crime,2022-11,53.779833,-1.734502,On or near Laverton Road,Investigation complete; no suspect identified,west-yorkshire,BDT_BS
106219069,violent-crime,2022-11,53.763920,-1.767066,On or near Crawford Avenue,Unable to prosecute suspect,west-yorkshire,BDT_BS
106219347,violent-crime,2022-11,53.761624,-1.764727,On or near Larch Hill Crescent,Unable to prosecute suspect,west-yorkshire,BDT_BS
106219448,violent-crime,2022-11,53.763216,-1.731240,On or near Danby Avenue,Unable to prosecute suspect,west-yorkshire,BDT_BS
106220981,violent-crime,2022-11,53.774630,-1.765185,On or near Hastings Street,Investigation complete; no suspect identified,west-yorkshire,BDT_BS
106222438,violent-crime,2022-11,53.773381,-1.747334,On or near Daleside Walk,Unable to prosecute suspect,west-yorkshire,BDT_BS
106223056,violent-crime,2022-11,53.776725,-1.727072,On or near Corban Street,Further investigation is not in the public interest,west-yorkshire,BDT_BS
106223344,violent-crime,2022-11,53.762144,-1.730200,On or near Shetcliffe Road,Unable to prosecute suspect,west-yorkshire,BDT_BS
106223387,violent-crime,2022-11,53.762144,-1.730200,On or near Shetcliffe Road,Unable to prosecute suspect,west-yorkshire,BDT_BS
106226151,violent-crime,2022-11,53.778336,-1.753329,On or near Challis Grove,Unable to prosecute suspect,west-yorkshire,BDT_BS
106198729,violent-crime,2022-11,53.765173,-1.725963,On or near Hopkinson Drive,Unable to prosecute suspect,west-yorkshire,BDT_BS
106215011,violent-crime,2022-11,53.769971,-1.758976,On or near ,Investigation complete; no suspect identified,west-yorkshire,BDT_BS
106215175,violent-crime,2022-11,53.779401,-1.755189,On or near Moulson Court,Unable to prosecute suspect,west-yorkshire,BDT_BS
106215307,violent-crime,2022-11,53.778376,-1.750824,On or near Elwyn Road,Unable to prosecute suspect,west-yorkshire,BDT_BS
106215402,violent-crime,2022-11,53.779739,-1.753351,On or near Ackworth Street,Unable to prosecute suspect,west-yorkshire,BDT_BS
106216003,violent-crime,2022-11,53.770461,-1.761446,On or near Runswick Terrace,Unable to prosecute suspect,west-yorkshire,BDT_BS
106218705,violent-crime,2022-11,53.778336,-1.753329,On or near Challis Grove,Unable to prosecute suspect,west-yorkshire,BDT_BS
106218822,violent-crime,2022-11,53.773174,-1.765027,On or near Hastings Terrace,Unable to prosecute suspect,west-yorkshire,BDT_BS
106207567,violent-crime,2022-11,53.772122,-1.722990,On or near Knowles Street,Unable to prosecute suspect,west-yorkshire,BDT_BS
106218816,violent-crime,2022-11,53.773174,-1.765027,On or near Hastings Terrace,Unable to prosecute suspect,west-yorkshire,BDT_BS
106199889,violent-crime,2022-11,53.772227,-1.750072,On or near Birch Avenue,Investigation complete; no suspect identified,west-yorkshire,BDT_BS
106215945,violent-crime,2022-11,53.774633,-1.732350,On or near Anerley Street,Unable to prosecute suspect,west-yorkshire,BDT_BS
106220845,violent-crime,2022-11,53.778376,-1.750824,On or near Elwyn Road,Unable to prosecute suspect,west-yorkshire,BDT_BS
106220912,violent-crime,2022-11,53.778376,-1.750824,On or near Elwyn Road,Unable to prosecute suspect,west-yorkshire,BDT_BS
106221005,violent-crime,2022-11,53.773381,-1.747334,On or near Daleside Walk,Unable to prosecute suspect,west-yorkshire,BDT_BS
106221324,violent-crime,2022-11,53.778376,-1.750824,On or near Elwyn Road,Unable to prosecute suspect,west-yorkshire,BDT_BS
106202039,violent-crime,2022-11,53.770288,-1.730663,On or near Hopton Avenue,Investigation complete; no suspect identified,west-yorkshire,BDT_BS
106202073,violent-crime,2022-11,53.771781,-1.730973,On or near ,Investigation complete; no suspect identified,west-yorkshire,BDT_BS
106202292,violent-crime,2022-11,53.770205,-1.763693,On or near Draughton Street,Investigation complete; no suspect identified,west-yorkshire,BDT_BS
106204429,violent-crime,2022-11,53.769420,-1.766747,On or near Carr Bottom Fold,Investigation complete; no suspect identified,west-yorkshire,BDT_BS
106204672,violent-crime,2022-11,53.760452,-1.733290,On or near Sheldon Ridge,Unable to prosecute suspect,west-yorkshire,BDT_BS
106205079,violent-crime,2022-11,53.768185,-1.734743,On or near Hopefield Way,Unable to prosecute suspect,west-yorkshire,BDT_BS
106206175,violent-crime,2022-11,53.776725,-1.727072,On or near Corban Street,Unable to prosecute suspect,west-yorkshire,BDT_BS
106206360,violent-crime,2022-11,53.773618,-1.745102,On or near Martlett Drive,Unable to prosecute suspect,west-yorkshire,BDT_BS
106207153,violent-crime,2022-11,53.778336,-1.753329,On or near Challis Grove,Unable to prosecute suspect,west-yorkshire,BDT_BS
106207182,violent-crime,2022-11,53.763920,-1.767066,On or near Crawford Avenue,Unable to prosecute suspect,west-yorkshire,BDT_BS
106207663,violent-crime,2022-11,53.771049,-1.763142,On or near Carr Street,Unable to prosecute suspect,west-yorkshire,BDT_BS
106208304,violent-crime,2022-11,53.768415,-1.736850,On or near Newhall Gardens,Unable to prosecute suspect,west-yorkshire,BDT_BS
106198743,violent-crime,2022-11,53.770094,-1.736460,On or near Sangster Way,Unable to prosecute suspect,west-yorkshire,BDT_BS
106218485,violent-crime,2022-11,53.773618,-1.745102,On or near Martlett Drive,Unable to prosecute suspect,west-yorkshire,BDT_BS
106219140,violent-crime,2022-11,53.766119,-1.765521,On or near Dean Road,Status update unavailable,west-yorkshire,BDT_BS
106219262,violent-crime,2022-11,53.762960,-1.763294,On or near Hatton Close,Court result unavailable,west-yorkshire,BDT_BS
106219609,violent-crime,2022-11,53.766119,-1.765521,On or near Dean Road,Court result unavailable,west-yorkshire,BDT_BS
106219610,violent-crime,2022-11,53.763670,-1.767810,On or near Hardy Avenue,Action to be taken by another organisation,west-yorkshire,BDT_BS
106216250,violent-crime,2022-11,53.778854,-1.751489,On or near Round Street,Investigation complete; no suspect identified,west-yorkshire,BDT_BS
106221676,violent-crime,2022-11,53.768038,-1.733014,On or near Alred Court,Unable to prosecute suspect,west-yorkshire,BDT_BS
106208705,violent-crime,2022-11,53.771169,-1.747302,On or near Parkway,Unable to prosecute suspect,west-yorkshire,BDT_BS
106211304,violent-crime,2022-11,53.774633,-1.732350,On or near Anerley Street,Unable to prosecute suspect,west-yorkshire,BDT_BS
106211518,violent-crime,2022-11,53.777558,-1.759555,On or near Ryan Street,Investigation complete; no suspect identified,west-yorkshire,BDT_BS
106211663,violent-crime,2022-11,53.776314,-1.753462,On or near Parsonage Road,Investigation complete; no suspect identified,west-yorkshire,BDT_BS
106212234,violent-crime,2022-11,53.780146,-1.750313,On or near Dalcross Street,Court result unavailable,west-yorkshire,BDT_BS
106213986,violent-crime,2022-11,53.762960,-1.763294,On or near Hatton Close,Unable to prosecute suspect,west-yorkshire,BDT_BS
106209245,violent-crime,2022-11,53.779401,-1.755189,On or near Moulson Court,Status update unavailable,west-yorkshire,BDT_BS
106210801,violent-crime,2022-11,53.770417,-1.757077,On or near Mayo Avenue,Unable to prosecute suspect,west-yorkshire,BDT_BS
106210876,violent-crime,2022-11,53.768157,-1.764342,On or near Flaxen Court,Investigation complete; no suspect identified,west-yorkshire,BDT_BS
106217560,violent-crime,2022-11,53.779800,-1.752576,On or near Pembroke Street,Investigation complete; no suspect identified,west-yorkshire,BDT_BS
106223701,violent-crime,2022-11,53.771781,-1.730973,On or near Petrol Station,Unable to prosecute suspect,west-yorkshire,BDT_BS
106223919,violent-crime,2022-11,53.771781,-1.730973,On or near Petrol Station,Unable to prosecute suspect,west-yorkshire,BDT_BS
106225128,violent-crime,2022-11,53.770094,-1.736460,On or near Sangster Way,Unable to prosecute suspect,west-yorkshire,BDT_BS
106225724,violent-crime,2022-11,53.777133,-1.736947,On or near Bowling Hall Road,Unable to prosecute suspect,west-yorkshire,BDT_BS
106225772,violent-crime,2022-11,53.771685,-1.744492,On or near Fellside Close,Unable to prosecute suspect,west-yorkshire,BDT_BS
106225871,violent-crime,2022-11,53.775069,-1.746823,On or near Springwood Avenue,Unable to prosecute suspect,west-yorkshire,BDT_BS
106222033,violent-crime,2022-11,53.770950,-1.721374,On or near Railway Street,Unable to prosecute suspect,west-yorkshire,BDT_BS
106222465,violent-crime,2022-11,53.767852,-1.726477,On or near Fairfax Crescent,Unable to prosecute suspect,west-yorkshire,BDT_BS
106222564,violent-crime,2022-11,53.773584,-1.749836,On or near Parkside Road,Unable to prosecute suspect,west-yorkshire,BDT_BS
106203978,violent-crime,2022-11,53.774114,-1.754218,On or near Evens Terrace,Unable to prosecute suspect,west-yorkshire,BDT_BS
106220812,violent-crime,2022-11,53.759447,-1.763920,On or near A641,Action to be taken by another organisation,west-yorkshire,BDT_BS
106215084,violent-crime,2022-11,53.763818,-1.760771,On or near Taylor Road,Investigation complete; no suspect identified,west-yorkshire,BDT_BS
106215591,violent-crime,2022-11,53.769721,-1.746461,On or near Highbridge Terrace,Unable to prosecute suspect,west-yorkshire,BDT_BS
106215636,violent-crime,2022-11,53.775014,-1.725975,On or near Bela Avenue,Unable to prosecute suspect,west-yorkshire,BDT_BS
106215973,violent-crime,2022-11,53.762630,-1.726480,On or near Meadowcroft Rise,Unable to prosecute suspect,west-yorkshire,BDT_BS
106214794,violent-crime,2022-11,53.772787,-1.751555,On or near Henley Avenue,Unable to prosecute suspect,west-yorkshire,BDT_BS
106201817,violent-crime,2022-11,53.775516,-1.754407,On or near Woodroyd Road,Unable to prosecute suspect,west-yorkshire,BDT_BS
106204920,violent-crime,2022-11,53.777133,-1.736947,On or near Bowling Hall Road,Unable to prosecute suspect,west-yorkshire,BDT_BS
106206873,violent-crime,2022-11,53.762630,-1.726480,On or near Meadowcroft Rise,Unable to prosecute suspect,west-yorkshire,BDT_BS
106208384,violent-crime,2022-11,53.775382,-1.763831,On or near Hastings Place,Unable to prosecute suspect,west-yorkshire,BDT_BS
106210107,violent-crime,2022-11,53.768038,-1.733014,On or near Alred Court,Unable to prosecute suspect,west-yorkshire,BDT_BS
106211398,violent-crime,2022-11,53.777552,-1.756687,On or near Loughrigg Street,Unable to prosecute suspect,west-yorkshire,BDT_BS
106213556,violent-crime,2022-11,53.778854,-1.751489,On or near Round Street,Court result unavailable,west-yorkshire,BDT_BS
106220857,violent-crime,2022-11,53.771685,-1.744492,On or near Fellside Close,Unable to prosecute suspect,west-yorkshire,BDT_BS
106222571,violent-crime,2022-11,53.767852,-1.726477,On or near Fairfax Crescent,Unable to prosecute suspect,west-yorkshire,BDT_BS
106220352,other-crime,2022-11,53.769343,-1.733764,On or near Crestwood Close,Unable to prosecute suspect,west-yorkshire,BDT_BS
106207693,other-crime,2022-11,53.775014,-1.725975,On or near Bela Avenue,Court result unavailable,west-yorkshire,BDT_BS
106205262,other-crime,2022-11,53.776340,-1.757361,On or near Boynton Terrace,Unable to prosecute suspect,west-yorkshire,BDT_BS
106224388,other-crime,2022-11,53.778376,-1.750824,On or near Elwyn Road,Unable to prosecute suspect,west-yorkshire,BDT_BS
106217205,other-crime,2022-11,53.767459,-1.727389,On or near Hyne Avenue,Offender given a caution,west-yorkshire,BDT_BS
106221317,other-crime,2022-11,53.766943,-1.733704,On or near Newhall Road,Court result unavailable,west-yorkshire,BDT_BS
106214982,other-crime,2022-11,53.769721,-1.746461,On or near Highbridge Terrace,Status update unavailable,west-yorkshire,BDT_BS
106211447,other-crime,2022-11,53.775535,-1.750356,On or near Birch Lane,Status update unavailable,west-yorkshire,BDT_BS
106221703,other-crime,2022-11,53.772370,-1.745595,On or near Raynbron Crescent,Unable to prosecute suspect,west-yorkshire,BDT_BS
106215127,other-crime,2022-11,53.760789,-1.765172,On or near Larch Hill,Further investigation is not in the public interest,west-yorkshire,BDT_BS
106218673,other-crime,2022-11,53.762960,-1.763294,On or near Hatton Close,Court result unavailable,west-yorkshire,BDT_BS
106217958,other-crime,2022-11,53.763027,-1.727327,On or near Cedar Close,Investigation complete; no suspect identified,west-yorkshire,BDT_BS
106220792,other-crime,2022-11,53.767160,-1.722340,On or near Fallowfield Drive,Further investigation is not in the public interest,west-yorkshire,BDT_BS
106217415,other-crime,2022-11,53.776206,-1.728349,On or near Munster Street,Court result unavailable,west-yorkshire,BDT_BS
106226780,anti-social-behaviour,2022-11,53.795420,-1.817444,On or near Chaffinch Road,,west-yorkshire,BDT_BW
106230671,anti-social-behaviour,2022-11,53.798669,-1.808745,On or near Eton Fold,,west-yorkshire,BDT_BW
106226631,anti-social-behaviour,2022-11,53.795877,-1.799209,On or near Munby Street,,west-yorkshire,BDT_BW
106230399,anti-social-behaviour,2022-11,53.806852,-1.810667,On or near Denehill,,west-yorkshire,BDT_BW
106230669,anti-social-behaviour,2022-11,53.795861,-1.811718,On or near Brindley Grove,,west-yorkshire,BDT_BW
106229329,anti-social-behaviour,2022-11,53.804141,-1.818803,On or near Dene Mount,,west-yorkshire,BDT_BW
106229271,anti-social-behaviour,2022-11,53.782620,-1.822704,On or near Cambridge Street,,west-yorkshire,BDT_BW
106228767,anti-social-behaviour,2022-11,53.805569,-1.806679,On or near Shaftesbury Court,,west-yorkshire,BDT_BW
106228710,anti-social-behaviour,2022-11,53.786527,-1.798100,On or near Ashton Avenue,,west-yorkshire,BDT_BW
106228289,anti-social-behaviour,2022-11,53.783545,-1.810013,On or near Tanton Walk,,west-yorkshire,BDT_BW
106227729,anti-social-behaviour,2022-11,53.800438,-1.796363,On or near Lady Royd Gate,,west-yorkshire,BDT_BW
106227658,anti-social-behaviour,2022-11,53.802374,-1.815273,On or near Allerton Road,,west-yorkshire,BDT_BW
106205389,bicycle-theft,2022-11,53.797395,-1.793433,On or near ,Investigation complete; no suspect identified,west-yorkshire,BDT_BW
106217628,burglary,2022-11,53.785274,-1.812494,On or near Crestville Road,Investigation complete; no suspect identified,west-yorkshire,BDT_BW
106214768,burglary,2022-11,53.800503,-1.797760,On or near Bull Royd Avenue,Investigation complete; no suspect identified,west-yorkshire,BDT_BW
106210450,burglary,2022-11,53.800746,-1.833074,On or near Meadowlands,Investigation complete; no suspect identified,west-yorkshire,BDT_BW
106208995,burglary,2022-11,53.789462,-1.830493,On or near Hughendon Walk,Investigation complete; no suspect identified,west-yorkshire,BDT_BW
106207749,burglary,2022-11,53.782175,-1.819641,On or near Nursery Road,Investigation complete; no suspect identified,west-yorkshire,BDT_BW
106203223,burglary,2022-11,53.800746,-1.833074,On or near Meadowlands,Investigation complete; no suspect identified,west-yorkshire,BDT_BW
106215528,burglary,2022-11,53.785274,-1.812494,On or near Crestville Road,Investigation complete; no suspect identified,west-yorkshire,BDT_BW
106219442,burglary,2022-11,53.802408,-1.803202,On or near Hedge Way,Investigation complete; no suspect identified,west-yorkshire,BDT_BW
106214438,burglary,2022-11,53.792153,-1.797466,On or near Camellia Mount,Investigation complete; no suspect identified,west-yorkshire,BDT_BW
106206718,burglary,2022-11,53.794483,-1.799125,On or near York Street,Investigation complete; no suspect identified,west-yorkshire,BDT_BW
106205825,burglary,2022-11,53.794154,-1.812409,On or near Springs Meadow,Investigation complete; no suspect identified,west-yorkshire,BDT_BW
106200188,burglary,2022-11,53.787237,-1.797793,On or near Walker Avenue,Investigation complete; no suspect identified,west-yorkshire,BDT_BW
106212215,burglary,2022-11,53.796345,-1.816483,On or near Sandpiper Mews,Investigation complete; no suspect identified,west-yorkshire,BDT_BW
106224247,burglary,2022-11,53.797133,-1.826894,On or near Chelwood Drive,Investigation complete; no suspect identified,west-yorkshire,BDT_BW
106216907,criminal-damage-arson,2022-11,53.783545,-1.810013,On or near Tanton Walk,Investigation complete; no suspect identified,west-yorkshire,BDT_BW
106213035,criminal-damage-arson,2022-11,53.784619,-1.801888,On or near Woodvale Grove,Unable to prosecute suspect,west-yorkshire,BDT_BW
116817210,criminal-damage-arson,2022-11,53.803418,-1.816422,On or near Wellington Street,Status update unavailable,west-yorkshire,BDT_BW
106201851,criminal-damage-arson,2022-11,53.799092,-1.798010,On or near Shelley Grove,Investigation complete; no suspect identified,west-yorkshire,BDT_BW
106206853,criminal-damage-arson,2022-11,53.797268,-1.814764,On or near Mallard Court,Offender given a caution,west-yorkshire,BDT_BW
106207436,criminal-damage-arson,2022-11,53.797675,-1.822277,On or near Atherstone Road,Unable to prosecute suspect,west-yorkshire,BDT_BW
106207755,criminal-damage-arson,2022-11,53.785700,-1.808637,On or near Sandringham Close,Status update unavailable,west-yorkshire,BDT_BW
106218310,criminal-damage-arson,2022-11,53.782468,-1.823297,On or near Oxford Street,Unable to prosecute suspect,west-yorkshire,BDT_BW
106205129,criminal-damage-arson,2022-11,53.799420,-1.817290,On or near Grange Terrace,Investigation complete; no suspect identified,west-yorkshire,BDT_BW
106200273,criminal-damage-arson,2022-11,53.802247,-1.808790,On or near Dean Close,Investigation complete; no suspect identified,west-yorkshire,BDT_BW
106220635,criminal-damage-arson,2022-11,53.783757,-1.819361,On or near Green End,Investigation complete; no suspect identified,west-yorkshire,BDT_BW
106208659,criminal-damage-arson,2022-11,53.795984,-1.821403,On or near Hoopoe Mews,Unable to prosecute suspect,west-yorkshire,BDT_BW
106199078,criminal-damage-arson,2022-11,53.805073,-1.829564,On or near Upper Ferndown Green,Investigation complete; no suspect identified,west-yorkshire,BDT_BW
106199877,criminal-damage-arson,2022-11,53.798530,-1.795097,On or near Lane Ends Close,Unable to prosecute suspect,west-yorkshire,BDT_BW
106202786,criminal-damage-arson,2022-11,53.783657,-1.806992,On or near Terrington Crest,Investigation complete; no suspect identified,west-yorkshire,BDT_BW
106200161,criminal-damage-arson,2022-11,53.782468,-1.823297,On or near Oxford Street,Investigation complete; no suspect identified,west-yorkshire,BDT_BW
106213246,criminal-damage-arson,2022-11,53.782837,-1.811230,On or near Thearne Green,Unable to prosecute suspect,west-yorkshire,BDT_BW
106209241,criminal-damage-arson,2022-11,53.800613,-1.815614,On or near Grange Avenue,Investigation complete; no suspect identified,west-yorkshire,BDT_BW
106214611,criminal-damage-arson,2022-11,53.804615,-1.811679,On or near Manscombe Road,Investigation complete; no suspect identified,west-yorkshire,BDT_BW
106211766,criminal-damage-arson,2022-11,53.805412,-1.815533,On or near Lyndhurst Grove,Investigation complete; no suspect identified,west-yorkshire,BDT_BW
106210624,criminal-damage-arson,2022-11,53.784688,-1.811055,On or near Bradford Road,Unable to prosecute suspect,west-yorkshire,BDT_BW
106221042,criminal-damage-arson,2022-11,53.792153,-1.797466,On or near Camellia Mount,Unable to prosecute suspect,west-yorkshire,BDT_BW
106224821,criminal-damage-arson,2022-11,53.797395,-1.793433,On or near ,Status update unavailable,west-yorkshire,BDT_BW
106210006,criminal-damage-arson,2022-11,53.795861,-1.811718,On or near Brindley Grove,Investigation complete; no suspect identified,west-yorkshire,BDT_BW
106210152,criminal-damage-arson,2022-11,53.797248,-1.813822,On or near Raven Terrace,Investigation complete; no suspect identified,west-yorkshire,BDT_BW
106225674,drugs,2022-11,53.804615,-1.811679,On or near Manscombe Road,Court result unavailable,west-yorkshire,BDT_BW
106225508,drugs,2022-11,53.800881,-1.820639,On or near Wanstead Crescent,Court result unavailable,west-yorkshire,BDT_BW
106221195,drugs,2022-11,53.791753,-1.829284,On or near Petrol Station,Court result unavailable,west-yorkshire,BDT_BW
106219354,drugs,2022-11,53.805489,-1.824916,On or near Allerton Road,Court result unavailable,west-yorkshire,BDT_BW
106199553,drugs,2022-11,53.786551,-1.807070,On or near Badsworth Court,Investigation complete; no suspect identified,west-yorkshire,BDT_BW
106221353,drugs,2022-11,53.785569,-1.811506,On or near Brecks Road,Awaiting court outcome,west-yorkshire,BDT_BW
106201275,drugs,2022-11,53.796719,-1.792556,On or near Greenside Lane,Formal action is not in the public interest,west-yorkshire,BDT_BW
106211145,drugs,2022-11,53.803112,-1.804914,On or near Hedge Close,Local resolution,west-yorkshire,BDT_BW
106216764,drugs,2022-11,53.795877,-1.799209,On or near Munby Street,Local resolution,west-yorkshire,BDT_BW
106211026,drugs,2022-11,53.797826,-1.793112,On or near Rosetta Drive,Status update unavailable,west-yorkshire,BDT_BW
106216557,drugs,2022-11,53.803003,-1.815300,On or near Prospect Terrace,Local resolution,west-yorkshire,BDT_BW
106217918,drugs,2022-11,53.800881,-1.820639,On or near Wanstead Crescent,Unable to prosecute suspect,west-yorkshire,BDT_BW
106211134,other-theft,2022-11,53.804019,-1.827504,On or near Downside Crescent,Investigation complete; no suspect identified,west-yorkshire,BDT_BW
106212967,other-theft,2022-11,53.791753,-1.829284,On or near ,Investigation complete; no suspect identified,west-yorkshire,BDT_BW
106212985,other-theft,2022-11,53.783407,-1.808375,On or near Tanton Crescent,Unable to prosecute suspect,west-yorkshire,BDT_BW
106221095,other-theft,2022-11,53.795721,-1.814239,On or near Lower Grange Close,Unable to prosecute suspect,west-yorkshire,BDT_BW
106214960,other-theft,2022-11,53.802231,-1.828270,On or near Terracotta Drive,Unable to prosecute suspect,west-yorkshire,BDT_BW
106206034,other-theft,2022-11,53.802906,-1.811064,On or near Park Hill Drive,Investigation complete; no suspect identified,west-yorkshire,BDT_BW
106206235,other-theft,2022-11,53.791753,-1.829284,On or near ,Investigation complete; no suspect identified,west-yorkshire,BDT_BW
106221768,other-theft,2022-11,53.791753,-1.829284,On or near ,Unable to prosecute suspect,west-yorkshire,BDT_BW
106210246,other-theft,2022-11,53.787237,-1.797793,On or near Walker Avenue,Investigation complete; no suspect identified,west-yorkshire,BDT_BW
106199936,other-theft,2022-11,53.800503,-1.797760,On or near Bull Royd Avenue,Investigation complete; no suspect identified,west-yorkshire,BDT_BW
106201711,other-theft,2022-11,53.793976,-1.802285,On or near Middlebrook View,Investigation complete; no suspect identified,west-yorkshire,BDT_BW
106201411,other-theft,2022-11,53.797437,-1.819560,On or near Lapwing Close,Investigation complete; no suspect identified,west-yorkshire,BDT_BW
106201154,other-theft,2022-11,53.785700,-1.808637,On or near Sandringham Close,Investigation complete; no suspect identified,west-yorkshire,BDT_BW
106205082,other-theft,2022-11,53.799830,-1.792950,On or near Clement Street,Investigation complete; no suspect identified,west-yorkshire,BDT_BW
106223351,other-theft,2022-11,53.787237,-1.797793,On or near Walker Avenue,Investigation complete; no suspect identified,west-yorkshire,BDT_BW
106211751,other-theft,2022-11,53.783407,-1.808375,On or near Tanton Crescent,Unable to prosecute suspect,west-yorkshire,BDT_BW
106203226,other-theft,2022-11,53.798717,-1.828573,On or near Ormonde Drive,Investigation complete; no suspect identified,west-yorkshire,BDT_BW
106213972,other-theft,2022-11,53.797665,-1.815961,On or near Falcon Mews,Unable to prosecute suspect,west-yorkshire,BDT_BW
106215310,other-theft,2022-11,53.800881,-1.820639,On or near Wanstead Crescent,Investigation complete; no suspect identified,west-yorkshire,BDT_BW
106199115,other-theft,2022-11,53.783183,-1.814067,On or near Thirkleby Royd,Investigation complete; no suspect identified,west-yorkshire,BDT_BW
106216587,other-theft,2022-11,53.795721,-1.814239,On or near Lower Grange Close,Unable to prosecute suspect,west-yorkshire,BDT_BW
106212069,other-theft,2022-11,53.786551,-1.807070,On or near Badsworth Court,Unable to prosecute suspect,west-yorkshire,BDT_BW
106218855,other-theft,2022-11,53.805682,-1.821438,On or near ,Investigation complete; no suspect identified,west-yorkshire,BDT_BW
106215168,possession-of-weapons,2022-11,53.796254,-1.804597,On or near Jesse Street,Action to be taken by another organisation,west-yorkshire,BDT_BW
106206784,possession-of-weapons,2022-11,53.795892,-1.808849,On or near Bedivere Road,Status update unavailable,west-yorkshire,BDT_BW
106212580,public-order,2022-11,53.808334,-1.804890,On or near Sunny Brow Lane,Unable to prosecute suspect,west-yorkshire,BDT_BW
106202592,public-order,2022-11,53.797815,-1.814275,On or near Vivien Road,Unable to prosecute suspect,west-yorkshire,BDT_BW
106200216,public-order,2022-11,53.805682,-1.821438,On or near ,Investigation complete; no suspect identified,west-yorkshire,BDT_BW
106204479,public-order,2022-11,53.800462,-1.805503,On or near Sunningdale,Unable to prosecute suspect,west-yorkshire,BDT_BW
106200412,public-order,2022-11,53.804579,-1.817267,On or near Westlands Grove,Unable to prosecute suspect,west-yorkshire,BDT_BW
106219454,public-order,2022-11,53.792153,-1.797466,On or near Camellia Mount,Investigation complete; no suspect identified,west-yorkshire,BDT_BW
106217051,public-order,2022-11,53.792426,-1.834928,On or near Buffham Pastures,Unable to prosecute suspect,west-yorkshire,BDT_BW
106214573,public-order,2022-11,53.800105,-1.824438,On or near Leyden Rise,Court result unavailable,west-yorkshire,BDT_BW
106221159,public-order,2022-11,53.797665,-1.815961,On or near Falcon Mews,Status update unavailable,west-yorkshire,BDT_BW
106199327,public-order,2022-11,53.797638,-1.799307,On or near Vine Terrace (west),Investigation complete; no suspect identified,west-yorkshire,BDT_BW
106209929,public-order,2022-11,53.797133,-1.826894,On or near Chelwood Drive,Unable to prosecute suspect,west-yorkshire,BDT_BW
106203524,public-order,2022-11,53.787627,-1.800007,On or near Brooksbank Avenue,Investigation complete; no suspect identified,west-yorkshire,BDT_BW
106220689,public-order,2022-11,53.792623,-1.793851,On or near Exley Mount,Unable to prosecute suspect,west-yorkshire,BDT_BW
106206524,public-order,2022-11,53.796345,-1.816483,On or near Sandpiper Mews,Unable to prosecute suspect,west-yorkshire,BDT_BW
106201965,public-order,2022-11,53.784688,-1.811055,On or near Bradford Road,Unable to prosecute suspect,west-yorkshire,BDT_BW
106199241,public-order,2022-11,53.804000,-1.826866,On or near Locherbie Green,Unable to prosecute suspect,west-yorkshire,BDT_BW
106208480,public-order,2022-11,53.784688,-1.811055,On or near Bradford Road,Unable to prosecute suspect,west-yorkshire,BDT_BW
106218773,public-order,2022-11,53.800438,-1.796363,On or near Lady Royd Gate,Unable to prosecute suspect,west-yorkshire,BDT_BW
106202511,public-order,2022-11,53.806052,-1.805371,On or near Cranbourne Road,Unable to prosecute suspect,west-yorkshire,BDT_BW
106206396,public-order,2022-11,53.799517,-1.804749,On or near Manor Park,Investigation complete; no suspect identified,west-yorkshire,BDT_BW
106224594,public-order,2022-11,53.785017,-1.820570,On or near Whittle Crescent,Unable to prosecute suspect,west-yorkshire,BDT_BW
106199042,public-order,2022-11,53.798552,-1.797390,On or near Green Close,Unable to prosecute suspect,west-yorkshire,BDT_BW
106214607,public-order,2022-11,53.804273,-1.823084,On or near Prescott Terrace,Investigation complete; no suspect identified,west-yorkshire,BDT_BW
106211286,public-order,2022-11,53.791753,-1.829284,On or near ,Investigation complete; no suspect identified,west-yorkshire,BDT_BW
106218542,public-order,2022-11,53.796627,-1.802090,On or near Bellshaw Street,Court result unavailable,west-yorkshire,BDT_BW
106210639,public-order,2022-11,53.803283,-1.816043,On or near James Street,Unable to prosecute suspect,west-yorkshire,BDT_BW
106205934,public-order,2022-11,53.784203,-1.811239,On or near Thirsk Grange,Unable to prosecute suspect,west-yorkshire,BDT_BW
106213144,robbery,2022-11,53.791753,-1.829284,On or near ,Investigation complete; no suspect identified,west-yorkshire,BDT_BW
106225200,robbery,2022-11,53.786551,-1.807070,On or near Badsworth Court,Unable to prosecute suspect,west-yorkshire,BDT_BW
106221751,shoplifting,2022-11,53.785241,-1.813951,On or near Bentfield Cottages,Unable to prosecute suspect,west-yorkshire,BDT_BW
106198971,shoplifting,2022-11,53.802928,-1.817930,On or near ,Investigation complete; no suspect identified,west-yorkshire,BDT_BW
106201913,shoplifting,2022-11,53.802928,-1.817930,On or near ,Investigation complete; no suspect identified,west-yorkshire,BDT_BW
106210290,theft-from-the-person,2022-11,53.798702,-1.824246,On or near Asprey Drive,Unable to prosecute suspect,west-yorkshire,BDT_BW
106221901,theft-from-the-person,2022-11,53.803735,-1.800918,On or near Crow Tree Lane,Unable to prosecute suspect,west-yorkshire,BDT_BW
106210123,theft-from-the-person,2022-11,53.794154,-1.812409,On or near Springs Meadow,Investigation complete; no suspect identified,west-yorkshire,BDT_BW
106212665,vehicle-crime,2022-11,53.798571,-1.826934,On or near Rayner Mount,Investigation complete; no suspect identified,west-yorkshire,BDT_BW
106199512,vehicle-crime,2022-11,53.802885,-1.808757,On or near Rhodes Way,Investigation complete; no suspect identified,west-yorkshire,BDT_BW
106221446,vehicle-crime,2022-11,53.800879,-1.819378,On or near Daffodil Court,Investigation complete; no suspect identified,west-yorkshire,BDT_BW
106212401,vehicle-crime,2022-11,53.782509,-1.820656,On or near Park Lane,Investigation complete; no suspect identified,west-yorkshire,BDT_BW
106203364,vehicle-crime,2022-11,53.797408,-1.824692,On or near Woodpecker Close,Investigation complete; no suspect identified,west-yorkshire,BDT_BW
106206648,vehicle-crime,2022-11,53.804387,-1.833910,On or near Egerton Grove,Investigation complete; no suspect identified,west-yorkshire,BDT_BW
106211559,vehicle-crime,2022-11,53.801556,-1.798894,On or near The Oval,Investigation complete; no suspect identified,west-yorkshire,BDT_BW
106210775,vehicle-crime,2022-11,53.798867,-1.808380,On or near Abbeydale Drive,Unable to prosecute suspect,west-yorkshire,BDT_BW
106215502,vehicle-crime,2022-11,53.800746,-1.833074,On or near Meadowlands,Unable to prosecute suspect,west-yorkshire,BDT_BW
106210464,vehicle-crime,2022-11,53.799092,-1.833126,On or near Beck Bridge Lane,Unable to prosecute suspect,west-yorkshire,BDT_BW
106199184,vehicle-crime,2022-11,53.806613,-1.824957,On or near Aynsley Grove,Investigation complete; no suspect identified,west-yorkshire,BDT_BW
106211780,vehicle-crime,2022-11,53.793137,-1.794957,On or near Sycamore Avenue,Investigation complete; no suspect identified,west-yorkshire,BDT_BW
106205696,vehicle-crime,2022-11,53.805569,-1.806679,On or near Shaftesbury Court,Investigation complete; no suspect identified,west-yorkshire,BDT_BW
106213654,vehicle-crime,2022-11,53.804579,-1.817267,On or near Westlands Grove,Unable to prosecute suspect,west-yorkshire,BDT_BW
106216532,vehicle-crime,2022-11,53.791899,-1.837283,On or near Watkin Avenue,Investigation complete; no suspect identified,west-yorkshire,BDT_BW
106209004,violent-crime,2022-11,53.789462,-1.830493,On or near Hughendon Walk,Unable to prosecute suspect,west-yorkshire,BDT_BW
106209639,violent-crime,2022-11,53.807691,-1.807216,On or near Hazel Walk,Unable to prosecute suspect,west-yorkshire,BDT_BW
106214178,violent-crime,2022-11,53.794672,-1.799245,On or near Lund Street,Unable to prosecute suspect,west-yorkshire,BDT_BW
106214939,violent-crime,2022-11,53.795721,-1.814239,On or near Lower Grange Close,Unable to prosecute suspect,west-yorkshire,BDT_BW
106215400,violent-crime,2022-11,53.794672,-1.799245,On or near Lund Street,Unable to prosecute suspect,west-yorkshire,BDT_BW
106218145,violent-crime,2022-11,53.783657,-1.806992,On or near Terrington Crest,Unable to prosecute suspect,west-yorkshire,BDT_BW
106218789,violent-crime,2022-11,53.797931,-1.832007,On or near Allerton Lane,Unable to prosecute suspect,west-yorkshire,BDT_BW
106198990,violent-crime,2022-11,53.804205,-1.802540,On or near Yew Tree Crescent,Unable to prosecute suspect,west-yorkshire,BDT_BW
106212627,violent-crime,2022-11,53.807691,-1.807216,On or near Hazel Walk,Unable to prosecute suspect,west-yorkshire,BDT_BW
106212907,violent-crime,2022-11,53.787627,-1.800007,On or near Brooksbank Avenue,Unable to prosecute suspect,west-yorkshire,BDT_BW
106216421,violent-crime,2022-11,53.783545,-1.810013,On or near Tanton Walk,Unable to prosecute suspect,west-yorkshire,BDT_BW
106219315,violent-crime,2022-11,53.797441,-1.810299,On or near Oaks Lane,Action to be taken by another organisation,west-yorkshire,BDT_BW
106219350,violent-crime,2022-11,53.797441,-1.810299,On or near Oaks Lane,Action to be taken by another organisation,west-yorkshire,BDT_BW
106220603,violent-crime,2022-11,53.797675,-1.822277,On or near Atherstone Road,Unable to prosecute suspect,west-yorkshire,BDT_BW
106202682,violent-crime,2022-11,53.797815,-1.814275,On or near Vivien Road,Unable to prosecute suspect,west-yorkshire,BDT_BW
106212866,violent-crime,2022-11,53.787627,-1.800007,On or near Brooksbank Avenue,Unable to prosecute suspect,west-yorkshire,BDT_BW
106213877,violent-crime,2022-11,53.797437,-1.819560,On or near Lapwing Close,Court result unavailable,west-yorkshire,BDT_BW
106221205,violent-crime,2022-11,53.799272,-1.792437,On or near Loft Street,Unable to prosecute suspect,west-yorkshire,BDT_BW
106220083,violent-crime,2022-11,53.802160,-1.816276,On or near Greenbank Road,Investigation complete; no suspect identified,west-yorkshire,BDT_BW
106221520,violent-crime,2022-11,53.792302,-1.817594,On or near Southlands Avenue,Investigation complete; no suspect identified,west-yorkshire,BDT_BW
106223163,violent-crime,2022-11,53.796570,-1.811184,On or near Arthur Avenue,Unable to prosecute suspect,west-yorkshire,BDT_BW
106201319,violent-crime,2022-11,53.783545,-1.810013,On or near Tanton Walk,Unable to prosecute suspect,west-yorkshire,BDT_BW
106202693,violent-crime,2022-11,53.792394,-1.819324,On or near Southlands Grove,Unable to prosecute suspect,west-yorkshire,BDT_BW
106203518,violent-crime,2022-11,53.787627,-1.800007,On or near Brooksbank Avenue,Investigation complete; no suspect identified,west-yorkshire,BDT_BW
106203757,violent-crime,2022-11,53.792099,-1.814619,On or near Leaventhorpe Lane,Unable to prosecute suspect,west-yorkshire,BDT_BW
106198607,violent-crime,2022-11,53.796884,-1.828808,On or near Hatcham Close,Investigation complete; no suspect identified,west-yorkshire,BDT_BW
106198652,violent-crime,2022-11,53.797133,-1.826894,On or near Chelwood Drive,Action to be taken by another organisation,west-yorkshire,BDT_BW
106208900,violent-crime,2022-11,53.799420,-1.817290,On or near Grange Terrace,Status update unavailable,west-yorkshire,BDT_BW
106209850,violent-crime,2022-11,53.796054,-1.814435,On or near The Square,Unable to prosecute suspect,west-yorkshire,BDT_BW
106210513,violent-crime,2022-11,53.796054,-1.814435,On or near The Square,Unable to prosecute suspect,west-yorkshire,BDT_BW
106214559,violent-crime,2022-11,53.796986,-1.818894,On or near Kite Mews,Unable to prosecute suspect,west-yorkshire,BDT_BW
106215950,violent-crime,2022-11,53.805800,-1.828377,On or near North Parade,Unable to prosecute suspect,west-yorkshire,BDT_BW
106222681,violent-crime,2022-11,53.782468,-1.823297,On or near Oxford Street,Formal action is not in the public interest,west-yorkshire,BDT_BW
106198986,violent-crime,2022-11,53.804205,-1.802540,On or near Yew Tree Crescent,Unable to prosecute suspect,west-yorkshire,BDT_BW
106199437,violent-crime,2022-11,53.804000,-1.826866,On or near Locherbie Green,Unable to prosecute suspect,west-yorkshire,BDT_BW
106205214,violent-crime,2022-11,53.796570,-1.811184,On or near Arthur Avenue,Unable to prosecute suspect,west-yorkshire,BDT_BW
106205579,violent-crime,2022-11,53.795577,-1.819978,On or near Willow Bank Close,Unable to prosecute suspect,west-yorkshire,BDT_BW
106209660,violent-crime,2022-11,53.807691,-1.807216,On or near Hazel Walk,Unable to prosecute suspect,west-yorkshire,BDT_BW
106209932,violent-crime,2022-11,53.797133,-1.826894,On or near Chelwood Drive,Unable to prosecute suspect,west-yorkshire,BDT_BW
106212808,violent-crime,2022-11,53.792623,-1.793851,On or near Exley Mount,Unable to prosecute suspect,west-yorkshire,BDT_BW
106214258,violent-crime,2022-11,53.796719,-1.792556,On or near Greenside Lane,Unable to prosecute suspect,west-yorkshire,BDT_BW
106223584,violent-crime,2022-11,53.794154,-1.812409,On or near Springs Meadow,Investigation complete; no suspect identified,west-yorkshire,BDT_BW
106198881,violent-crime,2022-11,53.791708,-1.836039,On or near Hoyle Ing Road,Unable to prosecute suspect,west-yorkshire,BDT_BW
106219486,violent-crime,2022-11,53.797675,-1.822277,On or near Atherstone Road,Unable to prosecute suspect,west-yorkshire,BDT_BW
106221387,violent-crime,2022-11,53.803003,-1.815300,On or near Prospect Terrace,Unable to prosecute suspect,west-yorkshire,BDT_BW
106222398,violent-crime,2022-11,53.784780,-1.806775,On or near May Tree Close,Investigation complete; no suspect identified,west-yorkshire,BDT_BW
106223480,violent-crime,2022-11,53.797638,-1.799307,On or near Vine Terrace (west),Unable to prosecute suspect,west-yorkshire,BDT_BW
106224038,violent-crime,2022-11,53.796719,-1.792556,On or near Greenside Lane,Unable to prosecute suspect,west-yorkshire,BDT_BW
106198859,violent-crime,2022-11,53.798669,-1.808745,On or near Eton Fold,Unable to prosecute suspect,west-yorkshire,BDT_BW
106203425,violent-crime,2022-11,53.798780,-1.822530,On or near Weyhill Drive,Investigation complete; no suspect identified,west-yorkshire,BDT_BW
106209584,violent-crime,2022-11,53.796493,-1.819595,On or near Harrier Close,Unable to prosecute suspect,west-yorkshire,BDT_BW
106212719,violent-crime,2022-11,53.805800,-1.828377,On or near North Parade,Unable to prosecute suspect,west-yorkshire,BDT_BW
106215323,violent-crime,2022-11,53.782635,-1.814312,On or near Thornaby Drive,Action to be taken by another organisation,west-yorkshire,BDT_BW
106215378,violent-crime,2022-11,53.782635,-1.814312,On or near Thornaby Drive,Action to be taken by another organisation,west-yorkshire,BDT_BW
106215379,violent-crime,2022-11,53.799420,-1.817290,On or near Grange Terrace,Action to be taken by another organisation,west-yorkshire,BDT_BW
106215861,violent-crime,2022-11,53.781931,-1.812813,On or near Penfield Grove,Action to be taken by another organisation,west-yorkshire,BDT_BW
106215952,violent-crime,2022-11,53.803691,-1.824407,On or near Allerton Grange Close,Unable to prosecute suspect,west-yorkshire,BDT_BW
106215977,violent-crime,2022-11,53.781931,-1.812813,On or near Penfield Grove,Action to be taken by another organisation,west-yorkshire,BDT_BW
106216126,violent-crime,2022-11,53.782635,-1.814312,On or near Thornaby Drive,Action to be taken by another organisation,west-yorkshire,BDT_BW
106216326,violent-crime,2022-11,53.798530,-1.795097,On or near Lane Ends Close,Investigation complete; no suspect identified,west-yorkshire,BDT_BW
106217498,violent-crime,2022-11,53.801535,-1.819634,On or near Whitburn Way,Unable to prosecute suspect,west-yorkshire,BDT_BW
106218303,violent-crime,2022-11,53.782468,-1.823297,On or near Oxford Street,Unable to prosecute suspect,west-yorkshire,BDT_BW
106200714,violent-crime,2022-11,53.796435,-1.823102,On or near Greenway Drive,Unable to prosecute suspect,west-yorkshire,BDT_BW
106208319,violent-crime,2022-11,53.784619,-1.801888,On or near Woodvale Grove,Status update unavailable,west-yorkshire,BDT_BW
106214013,violent-crime,2022-11,53.797673,-1.820986,On or near Wallingford Mount,Unable to prosecute suspect,west-yorkshire,BDT_BW
106199433,violent-crime,2022-11,53.792302,-1.817594,On or near Southlands Avenue,Unable to prosecute suspect,west-yorkshire,BDT_BW
106200042,violent-crime,2022-11,53.799154,-1.808197,On or near Sandhill Close,Unable to prosecute suspect,west-yorkshire,BDT_BW
106200410,violent-crime,2022-11,53.803058,-1.799175,On or near The Boundary,Investigation complete; no suspect identified,west-yorkshire,BDT_BW
106200719,violent-crime,2022-11,53.791708,-1.836039,On or near Hoyle Ing Road,Investigation complete; no suspect identified,west-yorkshire,BDT_BW
106215373,violent-crime,2022-11,53.799420,-1.817290,On or near Grange Terrace,Action to be taken by another organisation,west-yorkshire,BDT_BW
106220984,violent-crime,2022-11,53.796257,-1.800862,On or near Fairweather Mews,Status update unavailable,west-yorkshire,BDT_BW
106221079,violent-crime,2022-11,53.797673,-1.820986,On or near Wallingford Mount,Investigation complete; no suspect identified,west-yorkshire,BDT_BW
106203429,violent-crime,2022-11,53.800746,-1.833074,On or near Meadowlands,Unable to prosecute suspect,west-yorkshire,BDT_BW
106203513,violent-crime,2022-11,53.787627,-1.800007,On or near Brooksbank Avenue,Investigation complete; no suspect identified,west-yorkshire,BDT_BW
106204057,violent-crime,2022-11,53.787627,-1.800007,On or near Brooksbank Avenue,Investigation complete; no suspect identified,west-yorkshire,BDT_BW
106201673,violent-crime,2022-11,53.799830,-1.792950,On or near Clement Street,Unable to prosecute suspect,west-yorkshire,BDT_BW
106201966,violent-crime,2022-11,53.784688,-1.811055,On or near Bradford Road,Unable to prosecute suspect,west-yorkshire,BDT_BW
106202336,violent-crime,2022-11,53.801534,-1.818525,On or near Ley Top Lane,Unable to prosecute suspect,west-yorkshire,BDT_BW
106202446,violent-crime,2022-11,53.784203,-1.811239,On or near Thirsk Grange,Unable to prosecute suspect,west-yorkshire,BDT_BW
106202526,violent-crime,2022-11,53.806052,-1.805371,On or near Cranbourne Road,Unable to prosecute suspect,west-yorkshire,BDT_BW
106202709,violent-crime,2022-11,53.794154,-1.812409,On or near Springs Meadow,Unable to prosecute suspect,west-yorkshire,BDT_BW
106204474,violent-crime,2022-11,53.791657,-1.838392,On or near Brooklands Avenue,Unable to prosecute suspect,west-yorkshire,BDT_BW
106204485,violent-crime,2022-11,53.791657,-1.838392,On or near Brooklands Avenue,Unable to prosecute suspect,west-yorkshire,BDT_BW
106204749,violent-crime,2022-11,53.801964,-1.823944,On or near Avenel Road,Unable to prosecute suspect,west-yorkshire,BDT_BW
106204785,violent-crime,2022-11,53.801964,-1.823944,On or near Avenel Road,Unable to prosecute suspect,west-yorkshire,BDT_BW
106205492,violent-crime,2022-11,53.804000,-1.826866,On or near Locherbie Green,Unable to prosecute suspect,west-yorkshire,BDT_BW
106205531,violent-crime,2022-11,53.795676,-1.803096,On or near Thornton Old Road,Unable to prosecute suspect,west-yorkshire,BDT_BW
106205571,violent-crime,2022-11,53.795935,-1.807619,On or near Tintern Avenue,Unable to prosecute suspect,west-yorkshire,BDT_BW
106205573,violent-crime,2022-11,53.795935,-1.807619,On or near Tintern Avenue,Unable to prosecute suspect,west-yorkshire,BDT_BW
106205665,violent-crime,2022-11,53.799644,-1.800360,On or near Templar's Way,Unable to prosecute suspect,west-yorkshire,BDT_BW
106205700,violent-crime,2022-11,53.800105,-1.824438,On or near Leyden Rise,Investigation complete; no suspect identified,west-yorkshire,BDT_BW
106205701,violent-crime,2022-11,53.800105,-1.824438,On or near Leyden Rise,Investigation complete; no suspect identified,west-yorkshire,BDT_BW
106205761,violent-crime,2022-11,53.795676,-1.803096,On or near Thornton Old Road,Investigation complete; no suspect identified,west-yorkshire,BDT_BW
106205914,violent-crime,2022-11,53.799154,-1.808197,On or near Sandhill Close,Investigation complete; no suspect identified,west-yorkshire,BDT_BW
106206118,violent-crime,2022-11,53.797673,-1.820986,On or near Wallingford Mount,Unable to prosecute suspect,west-yorkshire,BDT_BW
106206806,violent-crime,2022-11,53.796069,-1.818746,On or near Marmion Avenue,Court result unavailable,west-yorkshire,BDT_BW
106206846,violent-crime,2022-11,53.797441,-1.810299,On or near Oaks Lane,Investigation complete; no suspect identified,west-yorkshire,BDT_BW
106207072,violent-crime,2022-11,53.804141,-1.818803,On or near Dene Mount,Unable to prosecute suspect,west-yorkshire,BDT_BW
106207249,violent-crime,2022-11,53.796069,-1.818746,On or near Marmion Avenue,Unable to prosecute suspect,west-yorkshire,BDT_BW
106207311,violent-crime,2022-11,53.804141,-1.818803,On or near Dene Mount,Unable to prosecute suspect,west-yorkshire,BDT_BW
106207355,violent-crime,2022-11,53.796884,-1.828808,On or near Hatcham Close,Unable to prosecute suspect,west-yorkshire,BDT_BW
106207579,violent-crime,2022-11,53.797966,-1.819011,On or near Eskdale Rise,Unable to prosecute suspect,west-yorkshire,BDT_BW
106198630,violent-crime,2022-11,53.797133,-1.826894,On or near Chelwood Drive,Action to be taken by another organisation,west-yorkshire,BDT_BW
106198745,violent-crime,2022-11,53.782549,-1.811292,On or near Snowdens Walk,Status update unavailable,west-yorkshire,BDT_BW
106198763,violent-crime,2022-11,53.782549,-1.811292,On or near Snowdens Walk,Unable to prosecute suspect,west-yorkshire,BDT_BW
106219487,violent-crime,2022-11,53.793971,-1.810042,On or near Leaventhorpe Avenue,Status update unavailable,west-yorkshire,BDT_BW
106220508,violent-crime,2022-11,53.783407,-1.808375,On or near Tanton Crescent,Unable to prosecute suspect,west-yorkshire,BDT_BW
106220806,violent-crime,2022-11,53.795721,-1.814239,On or near Lower Grange Close,Unable to prosecute suspect,west-yorkshire,BDT_BW
106216479,violent-crime,2022-11,53.792153,-1.797466,On or near Camellia Mount,Unable to prosecute suspect,west-yorkshire,BDT_BW
106217053,violent-crime,2022-11,53.796435,-1.823102,On or near Greenway Drive,Unable to prosecute suspect,west-yorkshire,BDT_BW
106211240,violent-crime,2022-11,53.787627,-1.800007,On or near Brooksbank Avenue,Unable to prosecute suspect,west-yorkshire,BDT_BW
106211296,violent-crime,2022-11,53.803735,-1.800918,On or near Crow Tree Lane,Unable to prosecute suspect,west-yorkshire,BDT_BW
106211421,violent-crime,2022-11,53.787237,-1.797793,On or near Walker Avenue,Investigation complete; no suspect identified,west-yorkshire,BDT_BW
106211631,violent-crime,2022-11,53.784115,-1.818388,On or near Beech Grove,Court result unavailable,west-yorkshire,BDT_BW
106211659,violent-crime,2022-11,53.784115,-1.818388,On or near Beech Grove,Unable to prosecute suspect,west-yorkshire,BDT_BW
106211693,violent-crime,2022-11,53.799088,-1.800773,On or near Langdale Avenue,Unable to prosecute suspect,west-yorkshire,BDT_BW
106211827,violent-crime,2022-11,53.783407,-1.808375,On or near Tanton Crescent,Unable to prosecute suspect,west-yorkshire,BDT_BW
106212405,violent-crime,2022-11,53.788704,-1.834442,On or near Chat Hill Road,Unable to prosecute suspect,west-yorkshire,BDT_BW
106218723,violent-crime,2022-11,53.795721,-1.814239,On or near Lower Grange Close,Unable to prosecute suspect,west-yorkshire,BDT_BW
106212732,violent-crime,2022-11,53.808334,-1.804890,On or near Sunny Brow Lane,Unable to prosecute suspect,west-yorkshire,BDT_BW
106212917,violent-crime,2022-11,53.795676,-1.803096,On or near Thornton Old Road,Investigation complete; no suspect identified,west-yorkshire,BDT_BW
106212953,violent-crime,2022-11,53.787627,-1.800007,On or near Brooksbank Avenue,Unable to prosecute suspect,west-yorkshire,BDT_BW
106213428,violent-crime,2022-11,53.795741,-1.821374,On or near Boggart Wood View,Unable to prosecute suspect,west-yorkshire,BDT_BW
106213503,violent-crime,2022-11,53.794374,-1.803892,On or near Middlebrook Close,Local resolution,west-yorkshire,BDT_BW
106213586,violent-crime,2022-11,53.797687,-1.830915,On or near Chevet Mount,Unable to prosecute suspect,west-yorkshire,BDT_BW
106214126,violent-crime,2022-11,53.793641,-1.795030,On or near Glenbrook Drive,Unable to prosecute suspect,west-yorkshire,BDT_BW
106214406,violent-crime,2022-11,53.792623,-1.793851,On or near Exley Mount,Unable to prosecute suspect,west-yorkshire,BDT_BW
106214408,violent-crime,2022-11,53.792623,-1.793851,On or near Exley Mount,Unable to prosecute suspect,west-yorkshire,BDT_BW
106214454,violent-crime,2022-11,53.792623,-1.793851,On or near Exley Mount,Investigation complete; no suspect identified,west-yorkshire,BDT_BW
106214561,violent-crime,2022-11,53.804273,-1.823084,On or near Prescott Terrace,Unable to prosecute suspect,west-yorkshire,BDT_BW
106214564,violent-crime,2022-11,53.804273,-1.823084,On or near Prescott Terrace,Court result unavailable,west-yorkshire,BDT_BW
106209056,violent-crime,2022-11,53.787237,-1.797793,On or near Walker Avenue,Investigation complete; no suspect identified,west-yorkshire,BDT_BW
106209655,violent-crime,2022-11,53.807691,-1.807216,On or near Hazel Walk,Unable to prosecute suspect,west-yorkshire,BDT_BW
106209819,violent-crime,2022-11,53.796054,-1.814435,On or near The Square,Unable to prosecute suspect,west-yorkshire,BDT_BW
106209847,violent-crime,2022-11,53.797826,-1.793112,On or near Rosetta Drive,Investigation complete; no suspect identified,west-yorkshire,BDT_BW
106210395,violent-crime,2022-11,53.797133,-1.826894,On or near Chelwood Drive,Unable to prosecute suspect,west-yorkshire,BDT_BW
106210547,violent-crime,2022-11,53.799251,-1.818307,On or near Abbey Lea,Unable to prosecute suspect,west-yorkshire,BDT_BW
106210637,violent-crime,2022-11,53.803780,-1.830390,On or near Kildare Crescent,Unable to prosecute suspect,west-yorkshire,BDT_BW
106217335,violent-crime,2022-11,53.799517,-1.804749,On or near Manor Park,Unable to prosecute suspect,west-yorkshire,BDT_BW
106217512,violent-crime,2022-11,53.801535,-1.819634,On or near Whitburn Way,Unable to prosecute suspect,west-yorkshire,BDT_BW
106217773,violent-crime,2022-11,53.799832,-1.816817,On or near Grange Road,Investigation complete; no suspect identified,west-yorkshire,BDT_BW
106218032,violent-crime,2022-11,53.802855,-1.824745,On or near Quaver Lane,Unable to prosecute suspect,west-yorkshire,BDT_BW
106223531,violent-crime,2022-11,53.792099,-1.814619,On or near Leaventhorpe Lane,Further investigation is not in the public interest,west-yorkshire,BDT_BW
106224062,violent-crime,2022-11,53.803691,-1.824407,On or near Allerton Grange Close,Unable to prosecute suspect,west-yorkshire,BDT_BW
106225727,violent-crime,2022-11,53.799272,-1.792437,On or near Loft Street,Unable to prosecute suspect,west-yorkshire,BDT_BW
106201096,violent-crime,2022-11,53.784105,-1.806019,On or near Lidget Terrace,Investigation complete; no suspect identified,west-yorkshire,BDT_BW
106208516,violent-crime,2022-11,53.784688,-1.811055,On or near Bradford Road,Unable to prosecute suspect,west-yorkshire,BDT_BW
106199136,violent-crime,2022-11,53.798571,-1.826934,On or near Rayner Mount,Unable to prosecute suspect,west-yorkshire,BDT_BW
106200035,violent-crime,2022-11,53.799154,-1.808197,On or near Sandhill Close,Unable to prosecute suspect,west-yorkshire,BDT_BW
106201517,violent-crime,2022-11,53.799830,-1.792950,On or near Clement Street,Unable to prosecute suspect,west-yorkshire,BDT_BW
106201570,violent-crime,2022-11,53.804000,-1.826866,On or near Locherbie Green,Investigation complete; no suspect identified,west-yorkshire,BDT_BW
106202522,violent-crime,2022-11,53.797815,-1.814275,On or near Vivien Road,Unable to prosecute suspect,west-yorkshire,BDT_BW
106202963,violent-crime,2022-11,53.794154,-1.812409,On or near Springs Meadow,Investigation complete; no suspect identified,west-yorkshire,BDT_BW
106204475,violent-crime,2022-11,53.795984,-1.821403,On or near Hoopoe Mews,Unable to prosecute suspect,west-yorkshire,BDT_BW
106204716,violent-crime,2022-11,53.801964,-1.823944,On or near Avenel Road,Unable to prosecute suspect,west-yorkshire,BDT_BW
106205134,violent-crime,2022-11,53.799420,-1.817290,On or near Grange Terrace,Investigation complete; no suspect identified,west-yorkshire,BDT_BW
106205567,violent-crime,2022-11,53.793971,-1.810042,On or near Leaventhorpe Avenue,Investigation complete; no suspect identified,west-yorkshire,BDT_BW
106207044,violent-crime,2022-11,53.797815,-1.814275,On or near Vivien Road,Investigation complete; no suspect identified,west-yorkshire,BDT_BW
106207543,violent-crime,2022-11,53.796986,-1.818894,On or near Kite Mews,Unable to prosecute suspect,west-yorkshire,BDT_BW
106216235,violent-crime,2022-11,53.796746,-1.803046,On or near Green Top Street,Unable to prosecute suspect,west-yorkshire,BDT_BW
106219146,violent-crime,2022-11,53.782549,-1.811292,On or near Snowdens Walk,Unable to prosecute suspect,west-yorkshire,BDT_BW
106220281,violent-crime,2022-11,53.796884,-1.828808,On or near Hatcham Close,Unable to prosecute suspect,west-yorkshire,BDT_BW
106220763,violent-crime,2022-11,53.796069,-1.818746,On or near Marmion Avenue,Court result unavailable,west-yorkshire,BDT_BW
106221482,violent-crime,2022-11,53.798530,-1.795097,On or near Lane Ends Close,Unable to prosecute suspect,west-yorkshire,BDT_BW
106221731,violent-crime,2022-11,53.801306,-1.828805,On or near Weymouth Avenue,Unable to prosecute suspect,west-yorkshire,BDT_BW
106221749,violent-crime,2022-11,53.796069,-1.818746,On or near Marmion Avenue,Court result unavailable,west-yorkshire,BDT_BW
106215892,other-crime,2022-11,53.794154,-1.812409,On or near Springs Meadow,Status update unavailable,west-yorkshire,BDT_BW
106221036,other-crime,2022-11,53.795892,-1.808849,On or near Bedivere Road,Unable to prosecute suspect,west-yorkshire,BDT_BW
106225811,other-crime,2022-11,53.794374,-1.803892,On or near Middlebrook Close,Status update unavailable,west-yorkshire,BDT_BW
106218877,other-crime,2022-11,53.799154,-1.808197,On or near Sandhill Close,Investigation complete; no suspect identified,west-yorkshire,BDT_BW
106200564,other-crime,2022-11,53.787237,-1.797793,On or near Walker Avenue,Further investigation is not in the public interest,west-yorkshire,BDT_BW
106225741,other-crime,2022-11,53.795935,-1.807619,On or near Tintern Avenue,Offender given a caution,west-yorkshire,BDT_BW
106202613,other-crime,2022-11,53.787627,-1.800007,On or near Brooksbank Avenue,Unable to prosecute suspect,west-yorkshire,BDT_BW
106200281,other-crime,2022-11,53.793976,-1.802285,On or near Middlebrook View,Further investigation is not in the public interest,west-yorkshire,BDT_BW
106211024,other-crime,2022-11,53.785569,-1.811506,On or near Brecks Road,Status update unavailable,west-yorkshire,BDT_BW
106218616,other-crime,2022-11,53.796746,-1.803046,On or near Green Top Street,Unable to prosecute suspect,west-yorkshire,BDT_BW
106212147,other-crime,2022-11,53.797826,-1.793112,On or near Rosetta Drive,Status update unavailable,west-yorkshire,BDT_BW
106213775,other-crime,2022-11,53.797133,-1.826894,On or near Chelwood Drive,Investigation complete; no suspect identified,west-yorkshire,BDT_BW
106198672,other-crime,2022-11,53.797673,-1.820986,On or near Wallingford Mount,Unable to prosecute suspect,west-yorkshire,BDT_BW
106210988,other-crime,2022-11,53.796054,-1.814435,On or near The Square,Investigation complete; no suspect identified,west-yorkshire,BDT_BW
106211781,other-crime,2022-11,53.803735,-1.800918,On or near Crow Tree Lane,Unable to prosecute suspect,west-yorkshire,BDT_BW
106218878,other-crime,2022-11,53.802617,-1.810185,On or near Park Hill Close,Further investigation is not in the public interest,west-yorkshire,BDT_BW
106200295,other-crime,2022-11,53.798669,-1.808745,On or near Eton Fold,Further investigation is not in the public interest,west-yorkshire,BDT_BW
106221505,other-crime,2022-11,53.785591,-1.819854,On or near Back Fold,Unable to prosecute suspect,west-yorkshire,BDT_BW
106200238,other-crime,2022-11,53.795861,-1.811718,On or near Brindley Grove,Unable to prosecute suspect,west-yorkshire,BDT_BW
106228698,anti-social-behaviour,2022-11,53.794462,-1.753689,On or near Queensgate,,west-yorkshire,BDT_CI
106228497,anti-social-behaviour,2022-11,53.793661,-1.753482,On or near Tyrrel Street,,west-yorkshire,BDT_CI
106230005,anti-social-behaviour,2022-11,53.793594,-1.751417,On or near Broadway,,west-yorkshire,BDT_CI
106228326,anti-social-behaviour,2022-11,53.801049,-1.766981,On or near Wood Place,,west-yorkshire,BDT_CI
106227634,anti-social-behaviour,2022-11,53.799315,-1.767067,On or near Stallabrass Street,,west-yorkshire,BDT_CI
106228297,anti-social-behaviour,2022-11,53.805074,-1.743757,On or near Airedale Road,,west-yorkshire,BDT_CI
106230662,anti-social-behaviour,2022-11,53.793056,-1.752028,On or near Broadway,,west-yorkshire,BDT_CI
106228264,anti-social-behaviour,2022-11,53.794462,-1.753689,On or near Queensgate,,west-yorkshire,BDT_CI
106230263,anti-social-behaviour,2022-11,53.793056,-1.752028,On or near Broadway,,west-yorkshire,BDT_CI
106229009,anti-social-behaviour,2022-11,53.793785,-1.752464,On or near Bank Street,,west-yorkshire,BDT_CI
106230009,anti-social-behaviour,2022-11,53.794891,-1.752548,On or near Mann's Court,,west-yorkshire,BDT_CI
106229007,anti-social-behaviour,2022-11,53.782097,-1.759559,On or near ,,west-yorkshire,BDT_CI
106226783,anti-social-behaviour,2022-11,53.794982,-1.744760,On or near Scoresby Street,,west-yorkshire,BDT_CI
106228867,anti-social-behaviour,2022-11,53.805732,-1.744953,On or near ,,west-yorkshire,BDT_CI
106226582,anti-social-behaviour,2022-11,53.793591,-1.741550,On or near Joseph Street,,west-yorkshire,BDT_CI
106228853,anti-social-behaviour,2022-11,53.781732,-1.752292,On or near Tiley Square,,west-yorkshire,BDT_CI
106230007,anti-social-behaviour,2022-11,53.794323,-1.751686,On or near Charles Street,,west-yorkshire,BDT_CI
106228770,anti-social-behaviour,2022-11,53.804814,-1.771136,On or near Lister View,,west-yorkshire,BDT_CI
106228753,anti-social-behaviour,2022-11,53.794982,-1.757512,On or near Barry Street,,west-yorkshire,BDT_CI
106227639,anti-social-behaviour,2022-11,53.786892,-1.771052,On or near Rand Place,,west-yorkshire,BDT_CI
106227993,anti-social-behaviour,2022-11,53.798666,-1.744070,On or near Kendra Way,,west-yorkshire,BDT_CI
106227901,anti-social-behaviour,2022-11,53.793594,-1.751417,On or near Broadway,,west-yorkshire,BDT_CI
106227892,anti-social-behaviour,2022-11,53.792860,-1.735832,On or near Knowsley Street,,west-yorkshire,BDT_CI
106227883,anti-social-behaviour,2022-11,53.793017,-1.737789,On or near Edderthorpe Street,,west-yorkshire,BDT_CI
106227771,anti-social-behaviour,2022-11,53.804897,-1.767203,On or near Wilson Street,,west-yorkshire,BDT_CI
106227762,anti-social-behaviour,2022-11,53.791008,-1.744010,On or near New Augustus Street,,west-yorkshire,BDT_CI
106227760,anti-social-behaviour,2022-11,53.791256,-1.759780,On or near Southbrook Terrace,,west-yorkshire,BDT_CI
106227748,anti-social-behaviour,2022-11,53.794034,-1.769358,On or near Morpeth Street,,west-yorkshire,BDT_CI
106227315,anti-social-behaviour,2022-11,53.802953,-1.744059,On or near Northampton Street,,west-yorkshire,BDT_CI
106227746,anti-social-behaviour,2022-11,53.799423,-1.753706,On or near Hamm Strasse,,west-yorkshire,BDT_CI
106227741,anti-social-behaviour,2022-11,53.794549,-1.756771,On or near ,,west-yorkshire,BDT_CI
106227732,anti-social-behaviour,2022-11,53.789849,-1.775771,On or near Cottam Terrace,,west-yorkshire,BDT_CI
106227739,anti-social-behaviour,2022-11,53.793086,-1.758024,On or near New Southgate,,west-yorkshire,BDT_CI
106227244,anti-social-behaviour,2022-11,53.793041,-1.753288,On or near Centenary Square,,west-yorkshire,BDT_CI
106227736,anti-social-behaviour,2022-11,53.788072,-1.754121,On or near Reyhill Grove,,west-yorkshire,BDT_CI
106227233,anti-social-behaviour,2022-11,53.802953,-1.744059,On or near Northampton Street,,west-yorkshire,BDT_CI
106227734,anti-social-behaviour,2022-11,53.794673,-1.747176,On or near Currer Street,,west-yorkshire,BDT_CI
106227718,anti-social-behaviour,2022-11,53.804533,-1.743093,On or near Chatham Street,,west-yorkshire,BDT_CI
106227700,anti-social-behaviour,2022-11,53.787112,-1.773418,On or near Primrose Hill,,west-yorkshire,BDT_CI
106227667,anti-social-behaviour,2022-11,53.806516,-1.741714,On or near Peel Park View,,west-yorkshire,BDT_CI
106227641,anti-social-behaviour,2022-11,53.803895,-1.769653,On or near Carlisle Place,,west-yorkshire,BDT_CI
106227024,anti-social-behaviour,2022-11,53.795742,-1.764825,On or near Water Lane,,west-yorkshire,BDT_CI
106227660,anti-social-behaviour,2022-11,53.799315,-1.767067,On or near Stallabrass Street,,west-yorkshire,BDT_CI
106228291,anti-social-behaviour,2022-11,53.807313,-1.766522,On or near Blenheim Mount,,west-yorkshire,BDT_CI
106230558,anti-social-behaviour,2022-11,53.793386,-1.755244,On or near Millergate,,west-yorkshire,BDT_CI
106230403,anti-social-behaviour,2022-11,53.803006,-1.760806,On or near Springlodge Place,,west-yorkshire,BDT_CI
106230130,anti-social-behaviour,2022-11,53.793041,-1.753288,On or near Centenary Square,,west-yorkshire,BDT_CI
106230070,anti-social-behaviour,2022-11,53.793056,-1.752028,On or near Broadway,,west-yorkshire,BDT_CI
106230012,anti-social-behaviour,2022-11,53.793833,-1.753982,On or near Ivegate,,west-yorkshire,BDT_CI
106230538,anti-social-behaviour,2022-11,53.793703,-1.760586,On or near Holmfield Street,,west-yorkshire,BDT_CI
106228755,anti-social-behaviour,2022-11,53.794122,-1.751844,On or near ,,west-yorkshire,BDT_CI
106229646,anti-social-behaviour,2022-11,53.791430,-1.752341,On or near ,,west-yorkshire,BDT_CI
106230401,anti-social-behaviour,2022-11,53.795844,-1.752862,On or near Commerce Street,,west-yorkshire,BDT_CI
106229712,anti-social-behaviour,2022-11,53.799525,-1.764120,On or near Gracechurch Street,,west-yorkshire,BDT_CI
106229903,anti-social-behaviour,2022-11,53.793833,-1.753982,On or near Ivegate,,west-yorkshire,BDT_CI
106229692,anti-social-behaviour,2022-11,53.804826,-1.741329,On or near Airedale Crescent,,west-yorkshire,BDT_CI
106227020,anti-social-behaviour,2022-11,53.794586,-1.749740,On or near ,,west-yorkshire,BDT_CI
106226919,anti-social-behaviour,2022-11,53.792367,-1.757876,On or near Quebec Street,,west-yorkshire,BDT_CI
106227600,anti-social-behaviour,2022-11,53.806036,-1.770689,On or near Anderson Street,,west-yorkshire,BDT_CI
106227491,anti-social-behaviour,2022-11,53.785136,-1.755489,On or near Hawkshead Close,,west-yorkshire,BDT_CI
106229653,anti-social-behaviour,2022-11,53.795742,-1.764825,On or near Water Lane,,west-yorkshire,BDT_CI
106229901,anti-social-behaviour,2022-11,53.793304,-1.754789,On or near Aldermanbury,,west-yorkshire,BDT_CI
106229447,anti-social-behaviour,2022-11,53.791430,-1.752341,On or near ,,west-yorkshire,BDT_CI
106229287,anti-social-behaviour,2022-11,53.787909,-1.744864,On or near Upper Addison Street,,west-yorkshire,BDT_CI
106203314,bicycle-theft,2022-11,53.782092,-1.752715,On or near Ripley Street,Investigation complete; no suspect identified,west-yorkshire,BDT_CI
106201425,bicycle-theft,2022-11,53.793428,-1.744876,On or near ,Investigation complete; no suspect identified,west-yorkshire,BDT_CI
106204957,bicycle-theft,2022-11,53.802572,-1.773593,On or near Leyburne Street,Investigation complete; no suspect identified,west-yorkshire,BDT_CI
106202603,bicycle-theft,2022-11,53.794122,-1.751844,On or near ,Investigation complete; no suspect identified,west-yorkshire,BDT_CI
106211660,bicycle-theft,2022-11,53.792455,-1.761306,On or near Westbrook Street,Investigation complete; no suspect identified,west-yorkshire,BDT_CI
106208747,bicycle-theft,2022-11,53.786806,-1.758955,On or near Back Trinity Terrace,Investigation complete; no suspect identified,west-yorkshire,BDT_CI
106204350,bicycle-theft,2022-11,53.790972,-1.761594,On or near ,Investigation complete; no suspect identified,west-yorkshire,BDT_CI
106201301,bicycle-theft,2022-11,53.791242,-1.766231,On or near ,Investigation complete; no suspect identified,west-yorkshire,BDT_CI
106207982,bicycle-theft,2022-11,53.782097,-1.759559,On or near ,Investigation complete; no suspect identified,west-yorkshire,BDT_CI
106205559,bicycle-theft,2022-11,53.792204,-1.752853,On or near Norfolk Gardens,Investigation complete; no suspect identified,west-yorkshire,BDT_CI
106217384,bicycle-theft,2022-11,53.793304,-1.754789,On or near Aldermanbury,Investigation complete; no suspect identified,west-yorkshire,BDT_CI
106223903,bicycle-theft,2022-11,53.789909,-1.755963,On or near ,Status update unavailable,west-yorkshire,BDT_CI
106219669,burglary,2022-11,53.800864,-1.750965,On or near Cape Street,Investigation complete; no suspect identified,west-yorkshire,BDT_CI
106208026,burglary,2022-11,53.787985,-1.764671,On or near Easby Road,Investigation complete; no suspect identified,west-yorkshire,BDT_CI
106213162,burglary,2022-11,53.795723,-1.759739,On or near Baptist Court,Investigation complete; no suspect identified,west-yorkshire,BDT_CI
106217306,burglary,2022-11,53.783395,-1.757169,On or near Clayton Lane,Unable to prosecute suspect,west-yorkshire,BDT_CI
106221518,burglary,2022-11,53.794684,-1.743957,On or near East Parade,Unable to prosecute suspect,west-yorkshire,BDT_CI
106207927,burglary,2022-11,53.797882,-1.743118,On or near New Fields Walk,Status update unavailable,west-yorkshire,BDT_CI
106205798,burglary,2022-11,53.788934,-1.762723,On or near Ashgrove,Investigation complete; no suspect identified,west-yorkshire,BDT_CI
106202016,burglary,2022-11,53.803943,-1.744417,On or near Sunnyside Lane,Investigation complete; no suspect identified,west-yorkshire,BDT_CI
106206254,burglary,2022-11,53.786441,-1.743461,On or near Walton Street,Investigation complete; no suspect identified,west-yorkshire,BDT_CI
106217941,burglary,2022-11,53.807107,-1.767069,On or near Back Blenheim Mount,Investigation complete; no suspect identified,west-yorkshire,BDT_CI
106203215,burglary,2022-11,53.786212,-1.754497,On or near Heddon Grove,Investigation complete; no suspect identified,west-yorkshire,BDT_CI
106216903,burglary,2022-11,53.785136,-1.755489,On or near Hawkshead Close,Investigation complete; no suspect identified,west-yorkshire,BDT_CI
106207907,burglary,2022-11,53.794462,-1.753689,On or near Queensgate,Investigation complete; no suspect identified,west-yorkshire,BDT_CI
106223536,burglary,2022-11,53.791430,-1.752341,On or near ,Investigation complete; no suspect identified,west-yorkshire,BDT_CI
106203211,burglary,2022-11,53.801918,-1.774690,On or near Grandage Terrace,Investigation complete; no suspect identified,west-yorkshire,BDT_CI
106217143,burglary,2022-11,53.795642,-1.750570,On or near Lower Kirkgate,Court result unavailable,west-yorkshire,BDT_CI
106209641,burglary,2022-11,53.798222,-1.742478,On or near Heap Lane,Investigation complete; no suspect identified,west-yorkshire,BDT_CI
106222819,burglary,2022-11,53.803281,-1.741810,On or near Airedale College Terrace,Court result unavailable,west-yorkshire,BDT_CI
106224848,burglary,2022-11,53.803497,-1.759543,On or near Cornwall Terrace,Investigation complete; no suspect identified,west-yorkshire,BDT_CI
106199791,burglary,2022-11,53.808191,-1.748552,On or near ,Investigation complete; no suspect identified,west-yorkshire,BDT_CI
106220695,burglary,2022-11,53.804020,-1.764885,On or near Grosvenor Terrace,Unable to prosecute suspect,west-yorkshire,BDT_CI
106226250,burglary,2022-11,53.795742,-1.764825,On or near Water Lane,Investigation complete; no suspect identified,west-yorkshire,BDT_CI
106200567,burglary,2022-11,53.794891,-1.752548,On or near Mann's Court,Investigation complete; no suspect identified,west-yorkshire,BDT_CI
106205446,burglary,2022-11,53.799186,-1.735382,On or near Hendford Drive,Investigation complete; no suspect identified,west-yorkshire,BDT_CI
106201208,burglary,2022-11,53.792384,-1.740283,On or near Robert Street,Investigation complete; no suspect identified,west-yorkshire,BDT_CI
106204404,burglary,2022-11,53.793982,-1.752296,On or near Market Street,Investigation complete; no suspect identified,west-yorkshire,BDT_CI
106218985,burglary,2022-11,53.785051,-1.771578,On or near All Saints Road,Investigation complete; no suspect identified,west-yorkshire,BDT_CI
106206557,burglary,2022-11,53.793428,-1.744876,On or near Parking Area,Investigation complete; no suspect identified,west-yorkshire,BDT_CI
106205213,burglary,2022-11,53.795069,-1.747720,On or near Church Bank,Investigation complete; no suspect identified,west-yorkshire,BDT_CI
106218433,burglary,2022-11,53.789046,-1.764756,On or near Pemberton Drive,Investigation complete; no suspect identified,west-yorkshire,BDT_CI
106215125,burglary,2022-11,53.802687,-1.745609,On or near Westminster Road,Investigation complete; no suspect identified,west-yorkshire,BDT_CI
106205554,burglary,2022-11,53.788239,-1.756519,On or near Radwell Drive,Investigation complete; no suspect identified,west-yorkshire,BDT_CI
106218351,burglary,2022-11,53.789046,-1.764756,On or near Pemberton Drive,Investigation complete; no suspect identified,west-yorkshire,BDT_CI
106214837,burglary,2022-11,53.788379,-1.768266,On or near Spring Place,Investigation complete; no suspect identified,west-yorkshire,BDT_CI
106220576,burglary,2022-11,53.797098,-1.763846,On or near Vaughan Street,Investigation complete; no suspect identified,west-yorkshire,BDT_CI
106214752,burglary,2022-11,53.795742,-1.764825,On or near Water Lane,Investigation complete; no suspect identified,west-yorkshire,BDT_CI
106200198,burglary,2022-11,53.797098,-1.763846,On or near Vaughan Street,Investigation complete; no suspect identified,west-yorkshire,BDT_CI
106219110,criminal-damage-arson,2022-11,53.797512,-1.734042,On or near Barkerend Road,Investigation complete; no suspect identified,west-yorkshire,BDT_CI
106203042,criminal-damage-arson,2022-11,53.794462,-1.753689,On or near Queensgate,Investigation complete; no suspect identified,west-yorkshire,BDT_CI
106210313,criminal-damage-arson,2022-11,53.792735,-1.772259,On or near ,Investigation complete; no suspect identified,west-yorkshire,BDT_CI
106212883,criminal-damage-arson,2022-11,53.793501,-1.749854,On or near A6181,Unable to prosecute suspect,west-yorkshire,BDT_CI
106204557,criminal-damage-arson,2022-11,53.796738,-1.755103,On or near Upper Piccadilly,Unable to prosecute suspect,west-yorkshire,BDT_CI
106202434,criminal-damage-arson,2022-11,53.800938,-1.774756,On or near Hollings Terrace,Investigation complete; no suspect identified,west-yorkshire,BDT_CI
106221157,criminal-damage-arson,2022-11,53.786569,-1.766515,On or near Laisteridge Lane,Local resolution,west-yorkshire,BDT_CI
106204596,criminal-damage-arson,2022-11,53.799949,-1.738930,On or near Ribbleton Grove,Status update unavailable,west-yorkshire,BDT_CI
106205254,criminal-damage-arson,2022-11,53.788072,-1.754121,On or near Reyhill Grove,Investigation complete; no suspect identified,west-yorkshire,BDT_CI
106221303,criminal-damage-arson,2022-11,53.784388,-1.759121,On or near Otterburn Close,Investigation complete; no suspect identified,west-yorkshire,BDT_CI
106214544,criminal-damage-arson,2022-11,53.793804,-1.744282,On or near Green Street,Investigation complete; no suspect identified,west-yorkshire,BDT_CI
106205485,criminal-damage-arson,2022-11,53.781776,-1.761048,On or near Woodcross Court,Investigation complete; no suspect identified,west-yorkshire,BDT_CI
106216959,criminal-damage-arson,2022-11,53.806036,-1.770689,On or near Anderson Street,Investigation complete; no suspect identified,west-yorkshire,BDT_CI
106206353,criminal-damage-arson,2022-11,53.794275,-1.759216,On or near Tetley Street,Investigation complete; no suspect identified,west-yorkshire,BDT_CI
106214830,criminal-damage-arson,2022-11,53.788072,-1.754121,On or near Reyhill Grove,Court result unavailable,west-yorkshire,BDT_CI
106214969,criminal-damage-arson,2022-11,53.788072,-1.754121,On or near Reyhill Grove,Court result unavailable,west-yorkshire,BDT_CI
106206992,criminal-damage-arson,2022-11,53.793674,-1.759994,On or near Soho Street,Investigation complete; no suspect identified,west-yorkshire,BDT_CI
106207261,criminal-damage-arson,2022-11,53.797164,-1.756573,On or near North Parade,Investigation complete; no suspect identified,west-yorkshire,BDT_CI
106203991,criminal-damage-arson,2022-11,53.794586,-1.749740,On or near ,Investigation complete; no suspect identified,west-yorkshire,BDT_CI
106211250,criminal-damage-arson,2022-11,53.802348,-1.747160,On or near Sprinkwell Close,Investigation complete; no suspect identified,west-yorkshire,BDT_CI
106209188,criminal-damage-arson,2022-11,53.788072,-1.754121,On or near Reyhill Grove,Court result unavailable,west-yorkshire,BDT_CI
106219416,criminal-damage-arson,2022-11,53.805995,-1.772846,On or near Conduit Street,Unable to prosecute suspect,west-yorkshire,BDT_CI
106212244,criminal-damage-arson,2022-11,53.802301,-1.763422,On or near Clarendon Court,Investigation complete; no suspect identified,west-yorkshire,BDT_CI
106206190,criminal-damage-arson,2022-11,53.799949,-1.738930,On or near Ribbleton Grove,Investigation complete; no suspect identified,west-yorkshire,BDT_CI
106209509,criminal-damage-arson,2022-11,53.788072,-1.754121,On or near Reyhill Grove,Investigation complete; no suspect identified,west-yorkshire,BDT_CI
106218872,criminal-damage-arson,2022-11,53.802623,-1.777055,On or near Tile Street,Unable to prosecute suspect,west-yorkshire,BDT_CI
106198870,criminal-damage-arson,2022-11,53.800144,-1.746080,On or near Oxford Place,Unable to prosecute suspect,west-yorkshire,BDT_CI
106198666,criminal-damage-arson,2022-11,53.786212,-1.754497,On or near Heddon Grove,Court result unavailable,west-yorkshire,BDT_CI
106211878,criminal-damage-arson,2022-11,53.798373,-1.754517,On or near Hallfield Street,Court result unavailable,west-yorkshire,BDT_CI
106208149,criminal-damage-arson,2022-11,53.786104,-1.758641,On or near Giles Street,Investigation complete; no suspect identified,west-yorkshire,BDT_CI
106202437,criminal-damage-arson,2022-11,53.796038,-1.749955,On or near ,Investigation complete; no suspect identified,west-yorkshire,BDT_CI
106210092,criminal-damage-arson,2022-11,53.788934,-1.762723,On or near Ashgrove,Investigation complete; no suspect identified,west-yorkshire,BDT_CI
106206010,criminal-damage-arson,2022-11,53.793791,-1.755348,On or near Upper Millergate,Investigation complete; no suspect identified,west-yorkshire,BDT_CI
106207985,criminal-damage-arson,2022-11,53.786104,-1.758641,On or near Giles Street,Investigation complete; no suspect identified,west-yorkshire,BDT_CI
106213241,criminal-damage-arson,2022-11,53.786908,-1.743458,On or near Rouse Fold,Unable to prosecute suspect,west-yorkshire,BDT_CI
106220179,criminal-damage-arson,2022-11,53.797512,-1.734042,On or near Barkerend Road,Court result unavailable,west-yorkshire,BDT_CI
106217790,criminal-damage-arson,2022-11,53.788572,-1.757033,On or near Swan Street,Court result unavailable,west-yorkshire,BDT_CI
106222219,criminal-damage-arson,2022-11,53.791008,-1.744010,On or near New Augustus Street,Local resolution,west-yorkshire,BDT_CI
106218173,criminal-damage-arson,2022-11,53.806387,-1.766117,On or near Marlborough Road,Unable to prosecute suspect,west-yorkshire,BDT_CI
106225484,criminal-damage-arson,2022-11,53.799088,-1.739604,On or near Avenham Way,Investigation complete; no suspect identified,west-yorkshire,BDT_CI
106207737,criminal-damage-arson,2022-11,53.797882,-1.743118,On or near New Fields Walk,Investigation complete; no suspect identified,west-yorkshire,BDT_CI
106207679,criminal-damage-arson,2022-11,53.796369,-1.763394,On or near Dyson Street,Unable to prosecute suspect,west-yorkshire,BDT_CI
106222013,criminal-damage-arson,2022-11,53.788934,-1.762723,On or near Ashgrove,Offender given a caution,west-yorkshire,BDT_CI
106222093,criminal-damage-arson,2022-11,53.794418,-1.749773,On or near ,Court result unavailable,west-yorkshire,BDT_CI
106222331,criminal-damage-arson,2022-11,53.788072,-1.754121,On or near Reyhill Grove,Court result unavailable,west-yorkshire,BDT_CI
106219463,criminal-damage-arson,2022-11,53.805995,-1.772846,On or near Conduit Street,Unable to prosecute suspect,west-yorkshire,BDT_CI
106222505,criminal-damage-arson,2022-11,53.796681,-1.748985,On or near Balme Street,Court result unavailable,west-yorkshire,BDT_CI
106207288,criminal-damage-arson,2022-11,53.792204,-1.752853,On or near Norfolk Gardens,Investigation complete; no suspect identified,west-yorkshire,BDT_CI
106222846,criminal-damage-arson,2022-11,53.791430,-1.752341,On or near Parking Area,Further action is not in the public interest,west-yorkshire,BDT_CI
106222911,criminal-damage-arson,2022-11,53.788072,-1.754121,On or near Reyhill Grove,Court result unavailable,west-yorkshire,BDT_CI
106199790,criminal-damage-arson,2022-11,53.795742,-1.764825,On or near Water Lane,Investigation complete; no suspect identified,west-yorkshire,BDT_CI
106213736,criminal-damage-arson,2022-11,53.784705,-1.764947,On or near Little Horton Green,Investigation complete; no suspect identified,west-yorkshire,BDT_CI
106206375,criminal-damage-arson,2022-11,53.791008,-1.744010,On or near New Augustus Street,Investigation complete; no suspect identified,west-yorkshire,BDT_CI
106213754,criminal-damage-arson,2022-11,53.795487,-1.741372,On or near Harris Street,Court result unavailable,west-yorkshire,BDT_CI
106209226,criminal-damage-arson,2022-11,53.794366,-1.746631,On or near Hick Street,Investigation complete; no suspect identified,west-yorkshire,BDT_CI
106210836,criminal-damage-arson,2022-11,53.802301,-1.763422,On or near Clarendon Court,Investigation complete; no suspect identified,west-yorkshire,BDT_CI
106200166,criminal-damage-arson,2022-11,53.799346,-1.738600,On or near Brookfield Road,Investigation complete; no suspect identified,west-yorkshire,BDT_CI
106202657,criminal-damage-arson,2022-11,53.802616,-1.759062,On or near Cornwall Road,Investigation complete; no suspect identified,west-yorkshire,BDT_CI
106214190,criminal-damage-arson,2022-11,53.796001,-1.755092,On or near Darley Street,Investigation complete; no suspect identified,west-yorkshire,BDT_CI
106213863,criminal-damage-arson,2022-11,53.789907,-1.759363,On or near Edmund Street,Investigation complete; no suspect identified,west-yorkshire,BDT_CI
106216930,criminal-damage-arson,2022-11,53.794586,-1.749740,On or near ,Investigation complete; no suspect identified,west-yorkshire,BDT_CI
106211400,criminal-damage-arson,2022-11,53.794323,-1.751686,On or near Charles Street,Unable to prosecute suspect,west-yorkshire,BDT_CI
106200592,criminal-damage-arson,2022-11,53.796001,-1.755092,On or near Darley Street,Unable to prosecute suspect,west-yorkshire,BDT_CI
106215031,criminal-damage-arson,2022-11,53.788072,-1.754121,On or near Reyhill Grove,Court result unavailable,west-yorkshire,BDT_CI
106215152,criminal-damage-arson,2022-11,53.805995,-1.772846,On or near Conduit Street,Investigation complete; no suspect identified,west-yorkshire,BDT_CI
106200699,criminal-damage-arson,2022-11,53.791430,-1.752341,On or near ,Investigation complete; no suspect identified,west-yorkshire,BDT_CI
106200749,criminal-damage-arson,2022-11,53.792219,-1.778871,On or near Willowfield Street,Investigation complete; no suspect identified,west-yorkshire,BDT_CI
106199558,criminal-damage-arson,2022-11,53.795742,-1.764825,On or near Water Lane,Investigation complete; no suspect identified,west-yorkshire,BDT_CI
106199834,criminal-damage-arson,2022-11,53.788072,-1.754121,On or near Reyhill Grove,Investigation complete; no suspect identified,west-yorkshire,BDT_CI
106204579,criminal-damage-arson,2022-11,53.794586,-1.749740,On or near ,Unable to prosecute suspect,west-yorkshire,BDT_CI
106212594,criminal-damage-arson,2022-11,53.804818,-1.772928,On or near Century Place,Investigation complete; no suspect identified,west-yorkshire,BDT_CI
106202083,criminal-damage-arson,2022-11,53.784388,-1.759121,On or near Otterburn Close,Investigation complete; no suspect identified,west-yorkshire,BDT_CI
106209887,drugs,2022-11,53.793661,-1.753482,On or near Tyrrel Street,Unable to prosecute suspect,west-yorkshire,BDT_CI
106199495,drugs,2022-11,53.794891,-1.752548,On or near Mann's Court,Local resolution,west-yorkshire,BDT_CI
106219002,drugs,2022-11,53.789141,-1.767457,On or near Back Laisteridge Lane,Investigation complete; no suspect identified,west-yorkshire,BDT_CI
106219011,drugs,2022-11,53.790862,-1.760435,On or near Grove Terrace,Court result unavailable,west-yorkshire,BDT_CI
106202725,drugs,2022-11,53.794462,-1.753689,On or near Queensgate,Local resolution,west-yorkshire,BDT_CI
106209607,drugs,2022-11,53.794891,-1.752548,On or near Mann's Court,Offender given a caution,west-yorkshire,BDT_CI
106221049,drugs,2022-11,53.788072,-1.754121,On or near Reyhill Grove,Court result unavailable,west-yorkshire,BDT_CI
106225435,drugs,2022-11,53.799949,-1.738930,On or near Ribbleton Grove,Formal action is not in the public interest,west-yorkshire,BDT_CI
106206274,drugs,2022-11,53.794462,-1.753689,On or near Queensgate,Court result unavailable,west-yorkshire,BDT_CI
106209451,drugs,2022-11,53.794549,-1.756771,On or near ,Further investigation is not in the public interest,west-yorkshire,BDT_CI
106217809,drugs,2022-11,53.806424,-1.762351,On or near Clifton Villas,Local resolution,west-yorkshire,BDT_CI
106216874,drugs,2022-11,53.793804,-1.744282,On or near Green Street,Local resolution,west-yorkshire,BDT_CI
106221109,drugs,2022-11,53.792539,-1.754065,On or near Channing Way,Local resolution,west-yorkshire,BDT_CI
106206077,drugs,2022-11,53.793833,-1.753982,On or near Ivegate,Local resolution,west-yorkshire,BDT_CI
106210584,drugs,2022-11,53.798106,-1.760318,On or near Darfield Street,Offender given a caution,west-yorkshire,BDT_CI
106221845,drugs,2022-11,53.793555,-1.745762,On or near ,Court result unavailable,west-yorkshire,BDT_CI
106213485,drugs,2022-11,53.799502,-1.761509,On or near Sylhet Close,Local resolution,west-yorkshire,BDT_CI
106217830,drugs,2022-11,53.788445,-1.756457,On or near Bower Street,Local resolution,west-yorkshire,BDT_CI
106206079,drugs,2022-11,53.795742,-1.764825,On or near Water Lane,Investigation complete; no suspect identified,west-yorkshire,BDT_CI
106209390,drugs,2022-11,53.793661,-1.753482,On or near Tyrrel Street,Court result unavailable,west-yorkshire,BDT_CI
106211243,drugs,2022-11,53.795791,-1.762168,On or near Wigan Street,Court result unavailable,west-yorkshire,BDT_CI
106218853,drugs,2022-11,53.788445,-1.756457,On or near Bower Street,Local resolution,west-yorkshire,BDT_CI
106222590,drugs,2022-11,53.788072,-1.754121,On or near Reyhill Grove,Local resolution,west-yorkshire,BDT_CI
106208939,drugs,2022-11,53.788072,-1.754121,On or near Reyhill Grove,Unable to prosecute suspect,west-yorkshire,BDT_CI
106201175,drugs,2022-11,53.788072,-1.754121,On or near Reyhill Grove,Local resolution,west-yorkshire,BDT_CI
106219949,drugs,2022-11,53.798502,-1.769911,On or near Bilton Place,Court result unavailable,west-yorkshire,BDT_CI
106213445,drugs,2022-11,53.795324,-1.762444,On or near Sunbridge Road,Further investigation is not in the public interest,west-yorkshire,BDT_CI
106222613,drugs,2022-11,53.788072,-1.754121,On or near Reyhill Grove,Unable to prosecute suspect,west-yorkshire,BDT_CI
106207831,drugs,2022-11,53.794673,-1.747176,On or near Currer Street,Further investigation is not in the public interest,west-yorkshire,BDT_CI
124239679,drugs,2022-11,53.790729,-1.752439,Bradford Interchange (station),Status update unavailable,west-yorkshire,BDT_CI
106218775,drugs,2022-11,53.806387,-1.766117,On or near Marlborough Road,Unable to prosecute suspect,west-yorkshire,BDT_CI
106206763,drugs,2022-11,53.800279,-1.754627,On or near ,Court result unavailable,west-yorkshire,BDT_CI
106201322,drugs,2022-11,53.788072,-1.754121,On or near Reyhill Grove,Local resolution,west-yorkshire,BDT_CI
106206129,drugs,2022-11,53.799949,-1.738930,On or near Ribbleton Grove,Local resolution,west-yorkshire,BDT_CI
106222600,drugs,2022-11,53.793591,-1.741550,On or near Joseph Street,Local resolution,west-yorkshire,BDT_CI
106198789,drugs,2022-11,53.788072,-1.754121,On or near Reyhill Grove,Court result unavailable,west-yorkshire,BDT_CI
106213793,drugs,2022-11,53.803866,-1.764218,On or near Grosvenor Road,Local resolution,west-yorkshire,BDT_CI
106214817,drugs,2022-11,53.795742,-1.764825,On or near Water Lane,Local resolution,west-yorkshire,BDT_CI
106211253,drugs,2022-11,53.800864,-1.750965,On or near Cape Street,Local resolution,west-yorkshire,BDT_CI
106208332,drugs,2022-11,53.795907,-1.752664,On or near Cheapside,Court result unavailable,west-yorkshire,BDT_CI
106214879,drugs,2022-11,53.788072,-1.754121,On or near Reyhill Grove,Local resolution,west-yorkshire,BDT_CI
106220696,drugs,2022-11,53.788072,-1.754121,On or near Reyhill Grove,Formal action is not in the public interest,west-yorkshire,BDT_CI
106208653,drugs,2022-11,53.788072,-1.754121,On or near Reyhill Grove,Court result unavailable,west-yorkshire,BDT_CI
106226511,drugs,2022-11,53.791430,-1.752341,On or near ,Court result unavailable,west-yorkshire,BDT_CI
106220677,drugs,2022-11,53.788072,-1.754121,On or near Reyhill Grove,Court result unavailable,west-yorkshire,BDT_CI
106203135,drugs,2022-11,53.788072,-1.754121,On or near Reyhill Grove,Local resolution,west-yorkshire,BDT_CI
106202719,drugs,2022-11,53.793804,-1.744282,On or near Green Street,Unable to prosecute suspect,west-yorkshire,BDT_CI
106214017,other-theft,2022-11,53.796841,-1.735488,On or near ,Investigation complete; no suspect identified,west-yorkshire,BDT_CI
106214539,other-theft,2022-11,53.794684,-1.743957,On or near East Parade,Investigation complete; no suspect identified,west-yorkshire,BDT_CI
106202648,other-theft,2022-11,53.792367,-1.757876,On or near Quebec Street,Investigation complete; no suspect identified,west-yorkshire,BDT_CI
106201057,other-theft,2022-11,53.790405,-1.761257,On or near Mannville Terrace,Investigation complete; no suspect identified,west-yorkshire,BDT_CI
106222177,other-theft,2022-11,53.796821,-1.742806,On or near Heap Street,Unable to prosecute suspect,west-yorkshire,BDT_CI
106211057,other-theft,2022-11,53.803900,-1.754105,On or near ,Investigation complete; no suspect identified,west-yorkshire,BDT_CI
106200339,other-theft,2022-11,53.794582,-1.759822,On or near ,Investigation complete; no suspect identified,west-yorkshire,BDT_CI
106213249,other-theft,2022-11,53.782075,-1.757480,On or near ,Investigation complete; no suspect identified,west-yorkshire,BDT_CI
106204972,other-theft,2022-11,53.792836,-1.763308,On or near Tumbling Hill Street,Investigation complete; no suspect identified,west-yorkshire,BDT_CI
106210234,other-theft,2022-11,53.793982,-1.752296,On or near Market Street,Investigation complete; no suspect identified,west-yorkshire,BDT_CI
106218448,other-theft,2022-11,53.804859,-1.752945,On or near ,Investigation complete; no suspect identified,west-yorkshire,BDT_CI
106203318,other-theft,2022-11,53.782075,-1.757480,On or near ,Investigation complete; no suspect identified,west-yorkshire,BDT_CI
106208694,other-theft,2022-11,53.788239,-1.756519,On or near Radwell Drive,Unable to prosecute suspect,west-yorkshire,BDT_CI
106201443,other-theft,2022-11,53.794586,-1.749740,On or near ,Investigation complete; no suspect identified,west-yorkshire,BDT_CI
106204534,other-theft,2022-11,53.805070,-1.768751,On or near Back Northfield Place,Investigation complete; no suspect identified,west-yorkshire,BDT_CI
106202597,other-theft,2022-11,53.792204,-1.752853,On or near Norfolk Gardens,Investigation complete; no suspect identified,west-yorkshire,BDT_CI
106200573,other-theft,2022-11,53.795742,-1.764825,On or near Water Lane,Unable to prosecute suspect,west-yorkshire,BDT_CI
106214022,other-theft,2022-11,53.793594,-1.751417,On or near Broadway,Investigation complete; no suspect identified,west-yorkshire,BDT_CI
106208736,other-theft,2022-11,53.799680,-1.779439,On or near Hockney Road,Investigation complete; no suspect identified,west-yorkshire,BDT_CI
106199480,other-theft,2022-11,53.793056,-1.752028,On or near Broadway,Investigation complete; no suspect identified,west-yorkshire,BDT_CI
106203335,other-theft,2022-11,53.782075,-1.757480,On or near ,Investigation complete; no suspect identified,west-yorkshire,BDT_CI
106203546,other-theft,2022-11,53.799949,-1.738930,On or near Ribbleton Grove,Investigation complete; no suspect identified,west-yorkshire,BDT_CI
106221054,other-theft,2022-11,53.803817,-1.762122,On or near Manningham Lane,Investigation complete; no suspect identified,west-yorkshire,BDT_CI
106217672,other-theft,2022-11,53.800864,-1.750965,On or near Cape Street,Investigation complete; no suspect identified,west-yorkshire,BDT_CI
106199260,other-theft,2022-11,53.782075,-1.757480,On or near ,Investigation complete; no suspect identified,west-yorkshire,BDT_CI
106203279,other-theft,2022-11,53.793982,-1.752296,On or near Market Street,Investigation complete; no suspect identified,west-yorkshire,BDT_CI
106210434,other-theft,2022-11,53.792836,-1.763308,On or near Tumbling Hill Street,Investigation complete; no suspect identified,west-yorkshire,BDT_CI
106203233,other-theft,2022-11,53.790303,-1.737867,On or near Hammerton Street,Investigation complete; no suspect identified,west-yorkshire,BDT_CI
106211171,other-theft,2022-11,53.796237,-1.755820,On or near Rawson Square,Investigation complete; no suspect identified,west-yorkshire,BDT_CI
106208169,other-theft,2022-11,53.791430,-1.752341,On or near ,Investigation complete; no suspect identified,west-yorkshire,BDT_CI
106210515,other-theft,2022-11,53.785729,-1.773820,On or near Dirkhill Street,Unable to prosecute suspect,west-yorkshire,BDT_CI
106203409,other-theft,2022-11,53.794891,-1.752548,On or near Mann's Court,Investigation complete; no suspect identified,west-yorkshire,BDT_CI
106213018,other-theft,2022-11,53.782075,-1.757480,On or near ,Investigation complete; no suspect identified,west-yorkshire,BDT_CI
106212989,other-theft,2022-11,53.782075,-1.757480,On or near ,Investigation complete; no suspect identified,west-yorkshire,BDT_CI
106208871,other-theft,2022-11,53.784971,-1.762836,On or near Horton Hall Close,Investigation complete; no suspect identified,west-yorkshire,BDT_CI
106213227,other-theft,2022-11,53.782075,-1.757480,On or near ,Investigation complete; no suspect identified,west-yorkshire,BDT_CI
106212805,other-theft,2022-11,53.781441,-1.755101,On or near Megnaway,Investigation complete; no suspect identified,west-yorkshire,BDT_CI
106200915,other-theft,2022-11,53.798770,-1.738194,On or near Ayton Close,Investigation complete; no suspect identified,west-yorkshire,BDT_CI
106200973,other-theft,2022-11,53.793056,-1.752028,On or near Broadway,Investigation complete; no suspect identified,west-yorkshire,BDT_CI
106218053,other-theft,2022-11,53.782075,-1.757480,On or near ,Investigation complete; no suspect identified,west-yorkshire,BDT_CI
106203870,other-theft,2022-11,53.797130,-1.766851,On or near Jowett Street,Investigation complete; no suspect identified,west-yorkshire,BDT_CI
106201432,other-theft,2022-11,53.800547,-1.762809,On or near St Jude's Street,Investigation complete; no suspect identified,west-yorkshire,BDT_CI
106205948,other-theft,2022-11,53.802029,-1.744900,On or near Stanacre Place,Investigation complete; no suspect identified,west-yorkshire,BDT_CI
106219947,other-theft,2022-11,53.803900,-1.754105,On or near ,Investigation complete; no suspect identified,west-yorkshire,BDT_CI
106222277,other-theft,2022-11,53.796841,-1.735488,On or near ,Unable to prosecute suspect,west-yorkshire,BDT_CI
106221972,other-theft,2022-11,53.796681,-1.748985,On or near Balme Street,Investigation complete; no suspect identified,west-yorkshire,BDT_CI
106205543,other-theft,2022-11,53.798408,-1.733110,On or near Boldshay Street,Unable to prosecute suspect,west-yorkshire,BDT_CI
106220459,other-theft,2022-11,53.782075,-1.757480,On or near ,Investigation complete; no suspect identified,west-yorkshire,BDT_CI
106208744,other-theft,2022-11,53.799680,-1.779439,On or near Hockney Road,Investigation complete; no suspect identified,west-yorkshire,BDT_CI
106212704,other-theft,2022-11,53.795888,-1.735540,On or near Downing Close,Investigation complete; no suspect identified,west-yorkshire,BDT_CI
106204563,other-theft,2022-11,53.782075,-1.757480,On or near ,Investigation complete; no suspect identified,west-yorkshire,BDT_CI
106212801,other-theft,2022-11,53.794034,-1.769358,On or near Morpeth Street,Investigation complete; no suspect identified,west-yorkshire,BDT_CI
106205557,other-theft,2022-11,53.792204,-1.752853,On or near Norfolk Gardens,Unable to prosecute suspect,west-yorkshire,BDT_CI
106203565,other-theft,2022-11,53.789264,-1.761294,On or near Claremont Terrace,Investigation complete; no suspect identified,west-yorkshire,BDT_CI
106206831,other-theft,2022-11,53.795907,-1.752664,On or near Cheapside,Investigation complete; no suspect identified,west-yorkshire,BDT_CI
106207748,other-theft,2022-11,53.793833,-1.753982,On or near Ivegate,Investigation complete; no suspect identified,west-yorkshire,BDT_CI
106204588,other-theft,2022-11,53.793982,-1.752296,On or near Market Street,Investigation complete; no suspect identified,west-yorkshire,BDT_CI
106216060,other-theft,2022-11,53.787739,-1.767511,On or near Grantham Terrace,Investigation complete; no suspect identified,west-yorkshire,BDT_CI
106222766,other-theft,2022-11,53.796681,-1.748985,On or near Balme Street,Local resolution,west-yorkshire,BDT_CI
106210891,other-theft,2022-11,53.792367,-1.757876,On or near Quebec Street,Investigation complete; no suspect identified,west-yorkshire,BDT_CI
106211689,other-theft,2022-11,53.802874,-1.767275,On or near Trenton Drive,Investigation complete; no suspect identified,west-yorkshire,BDT_CI
106214995,other-theft,2022-11,53.794034,-1.769358,On or near Morpeth Street,Investigation complete; no suspect identified,west-yorkshire,BDT_CI
106213999,other-theft,2022-11,53.796673,-1.758352,On or near ,Investigation complete; no suspect identified,west-yorkshire,BDT_CI
106203381,other-theft,2022-11,53.796841,-1.735488,On or near ,Investigation complete; no suspect identified,west-yorkshire,BDT_CI
106201895,other-theft,2022-11,53.788934,-1.762723,On or near Ashgrove,Investigation complete; no suspect identified,west-yorkshire,BDT_CI
106203144,other-theft,2022-11,53.805074,-1.743757,On or near Airedale Road,Investigation complete; no suspect identified,west-yorkshire,BDT_CI
106204035,other-theft,2022-11,53.791881,-1.761993,On or near Carlton Street,Investigation complete; no suspect identified,west-yorkshire,BDT_CI
106216773,other-theft,2022-11,53.796841,-1.735488,On or near ,Investigation complete; no suspect identified,west-yorkshire,BDT_CI
106213231,other-theft,2022-11,53.782075,-1.757480,On or near ,Investigation complete; no suspect identified,west-yorkshire,BDT_CI
106225119,other-theft,2022-11,53.799752,-1.734939,On or near Bangla Court,Unable to prosecute suspect,west-yorkshire,BDT_CI
106207752,other-theft,2022-11,53.791430,-1.752341,On or near ,Investigation complete; no suspect identified,west-yorkshire,BDT_CI
106205216,other-theft,2022-11,53.797546,-1.750225,On or near Mill Street,Investigation complete; no suspect identified,west-yorkshire,BDT_CI
106213900,other-theft,2022-11,53.793791,-1.755348,On or near Upper Millergate,Investigation complete; no suspect identified,west-yorkshire,BDT_CI
106225601,other-theft,2022-11,53.782075,-1.757480,On or near ,Investigation complete; no suspect identified,west-yorkshire,BDT_CI
106211011,other-theft,2022-11,53.792455,-1.761306,On or near Westbrook Street,Investigation complete; no suspect identified,west-yorkshire,BDT_CI
106220019,other-theft,2022-11,53.800864,-1.750965,On or near Cape Street,Investigation complete; no suspect identified,west-yorkshire,BDT_CI
106217658,other-theft,2022-11,53.792539,-1.754065,On or near Channing Way,Investigation complete; no suspect identified,west-yorkshire,BDT_CI
106212311,other-theft,2022-11,53.797882,-1.743118,On or near New Fields Walk,Investigation complete; no suspect identified,west-yorkshire,BDT_CI
106212347,other-theft,2022-11,53.799186,-1.735382,On or near Hendford Drive,Unable to prosecute suspect,west-yorkshire,BDT_CI
106204750,other-theft,2022-11,53.794549,-1.756771,On or near ,Investigation complete; no suspect identified,west-yorkshire,BDT_CI
106214157,other-theft,2022-11,53.800864,-1.750965,On or near Cape Street,Investigation complete; no suspect identified,west-yorkshire,BDT_CI
106218577,other-theft,2022-11,53.797512,-1.734042,On or near Barkerend Road,Investigation complete; no suspect identified,west-yorkshire,BDT_CI
106222924,other-theft,2022-11,53.794586,-1.749740,On or near Shopping Area,Unable to prosecute suspect,west-yorkshire,BDT_CI
106201710,other-theft,2022-11,53.794982,-1.744760,On or near Scoresby Street,Unable to prosecute suspect,west-yorkshire,BDT_CI
106202717,other-theft,2022-11,53.800074,-1.760109,On or near Victoria Street,Investigation complete; no suspect identified,west-yorkshire,BDT_CI
106214377,other-theft,2022-11,53.793386,-1.755244,On or near Millergate,Investigation complete; no suspect identified,west-yorkshire,BDT_CI
106207307,other-theft,2022-11,53.793785,-1.752464,On or near Bank Street,Investigation complete; no suspect identified,west-yorkshire,BDT_CI
106215139,other-theft,2022-11,53.782075,-1.757480,On or near ,Investigation complete; no suspect identified,west-yorkshire,BDT_CI
106220961,other-theft,2022-11,53.789112,-1.766213,On or near Sherborne Road,Unable to prosecute suspect,west-yorkshire,BDT_CI
106221223,possession-of-weapons,2022-11,53.788072,-1.754121,On or near Reyhill Grove,Court result unavailable,west-yorkshire,BDT_CI
106207095,possession-of-weapons,2022-11,53.797194,-1.753916,On or near Broad Street,Court result unavailable,west-yorkshire,BDT_CI
106198675,possession-of-weapons,2022-11,53.786354,-1.757744,On or near Elizabeth Street,Status update unavailable,west-yorkshire,BDT_CI
106205233,possession-of-weapons,2022-11,53.804814,-1.771136,On or near Lister View,Unable to prosecute suspect,west-yorkshire,BDT_CI
106212988,possession-of-weapons,2022-11,53.793661,-1.753482,On or near Tyrrel Street,Court result unavailable,west-yorkshire,BDT_CI
106212657,possession-of-weapons,2022-11,53.797164,-1.760870,On or near ,Status update unavailable,west-yorkshire,BDT_CI
106210865,possession-of-weapons,2022-11,53.792860,-1.735832,On or near Knowsley Street,Court result unavailable,west-yorkshire,BDT_CI
106225209,possession-of-weapons,2022-11,53.791881,-1.761993,On or near Carlton Street,Court result unavailable,west-yorkshire,BDT_CI
106212067,possession-of-weapons,2022-11,53.799354,-1.733848,On or near Lonsdale Street,Offender given a caution,west-yorkshire,BDT_CI
106216468,possession-of-weapons,2022-11,53.795742,-1.764825,On or near Water Lane,Court result unavailable,west-yorkshire,BDT_CI
106198708,possession-of-weapons,2022-11,53.786354,-1.757744,On or near Elizabeth Street,Unable to prosecute suspect,west-yorkshire,BDT_CI
106223580,possession-of-weapons,2022-11,53.794586,-1.749740,On or near ,Investigation complete; no suspect identified,west-yorkshire,BDT_CI
106207860,possession-of-weapons,2022-11,53.795791,-1.762168,On or near Wigan Street,Court result unavailable,west-yorkshire,BDT_CI
106217489,possession-of-weapons,2022-11,53.793833,-1.753982,On or near Ivegate,Court result unavailable,west-yorkshire,BDT_CI
106213573,possession-of-weapons,2022-11,53.782999,-1.762296,On or near ,Unable to prosecute suspect,west-yorkshire,BDT_CI
106218115,possession-of-weapons,2022-11,53.793674,-1.759994,On or near Soho Street,Unable to prosecute suspect,west-yorkshire,BDT_CI
106220993,possession-of-weapons,2022-11,53.793661,-1.753482,On or near Tyrrel Street,Further investigation is not in the public interest,west-yorkshire,BDT_CI
106209618,possession-of-weapons,2022-11,53.791430,-1.752341,On or near ,Court result unavailable,west-yorkshire,BDT_CI
106221378,possession-of-weapons,2022-11,53.797164,-1.760870,On or near ,Court result unavailable,west-yorkshire,BDT_CI
106215991,public-order,2022-11,53.793594,-1.751417,On or near Broadway,Unable to prosecute suspect,west-yorkshire,BDT_CI
106212014,public-order,2022-11,53.793041,-1.753288,On or near Centenary Square,Unable to prosecute suspect,west-yorkshire,BDT_CI
106212173,public-order,2022-11,53.800864,-1.750965,On or near Cape Street,Investigation complete; no suspect identified,west-yorkshire,BDT_CI
106212392,public-order,2022-11,53.801824,-1.772489,On or near Arnold Place,Investigation complete; no suspect identified,west-yorkshire,BDT_CI
106210463,public-order,2022-11,53.789046,-1.764756,On or near Pemberton Drive,Investigation complete; no suspect identified,west-yorkshire,BDT_CI
106212872,public-order,2022-11,53.794418,-1.749773,On or near ,Investigation complete; no suspect identified,west-yorkshire,BDT_CI
106212958,public-order,2022-11,53.787909,-1.744864,On or near Upper Addison Street,Investigation complete; no suspect identified,west-yorkshire,BDT_CI
106213074,public-order,2022-11,53.799949,-1.738930,On or near Ribbleton Grove,Unable to prosecute suspect,west-yorkshire,BDT_CI
106213116,public-order,2022-11,53.786806,-1.758955,On or near Back Trinity Terrace,Investigation complete; no suspect identified,west-yorkshire,BDT_CI
106216981,public-order,2022-11,53.791430,-1.752341,On or near ,Investigation complete; no suspect identified,west-yorkshire,BDT_CI
106213165,public-order,2022-11,53.798666,-1.744070,On or near Kendra Way,Investigation complete; no suspect identified,west-yorkshire,BDT_CI
106216999,public-order,2022-11,53.791430,-1.752341,On or near ,Investigation complete; no suspect identified,west-yorkshire,BDT_CI
106211786,public-order,2022-11,53.794586,-1.749740,On or near Shopping Area,Unable to prosecute suspect,west-yorkshire,BDT_CI
106220861,public-order,2022-11,53.785704,-1.775095,On or near Turner Place,Unable to prosecute suspect,west-yorkshire,BDT_CI
106201068,public-order,2022-11,53.793041,-1.753288,On or near Centenary Square,Status update unavailable,west-yorkshire,BDT_CI
106218116,public-order,2022-11,53.794297,-1.748195,On or near Well Street,Investigation complete; no suspect identified,west-yorkshire,BDT_CI
106214311,public-order,2022-11,53.799989,-1.758106,On or near Brearton Street,Unable to prosecute suspect,west-yorkshire,BDT_CI
106201224,public-order,2022-11,53.788072,-1.754121,On or near Reyhill Grove,Status update unavailable,west-yorkshire,BDT_CI
106214346,public-order,2022-11,53.802623,-1.777055,On or near Tile Street,Unable to prosecute suspect,west-yorkshire,BDT_CI
106214352,public-order,2022-11,53.793583,-1.772989,On or near Archibald Street,Investigation complete; no suspect identified,west-yorkshire,BDT_CI
106218758,public-order,2022-11,53.794586,-1.749740,On or near ,Unable to prosecute suspect,west-yorkshire,BDT_CI
106214819,public-order,2022-11,53.795742,-1.764825,On or near Water Lane,Unable to prosecute suspect,west-yorkshire,BDT_CI
106209101,public-order,2022-11,53.795907,-1.752664,On or near Cheapside,Unable to prosecute suspect,west-yorkshire,BDT_CI
106213987,public-order,2022-11,53.791430,-1.752341,On or near ,Investigation complete; no suspect identified,west-yorkshire,BDT_CI
106224704,public-order,2022-11,53.794549,-1.756771,On or near ,Local resolution,west-yorkshire,BDT_CI
106210153,public-order,2022-11,53.794034,-1.769358,On or near Morpeth Street,Unable to prosecute suspect,west-yorkshire,BDT_CI
106221946,public-order,2022-11,53.792204,-1.752853,On or near Norfolk Gardens,Court result unavailable,west-yorkshire,BDT_CI
106210504,public-order,2022-11,53.796012,-1.755866,On or near Rawson Place,Investigation complete; no suspect identified,west-yorkshire,BDT_CI
106210516,public-order,2022-11,53.791430,-1.752341,On or near ,Unable to prosecute suspect,west-yorkshire,BDT_CI
106201421,public-order,2022-11,53.792860,-1.735832,On or near Knowsley Street,Unable to prosecute suspect,west-yorkshire,BDT_CI
106210994,public-order,2022-11,53.790303,-1.737867,On or near Hammerton Street,Investigation complete; no suspect identified,west-yorkshire,BDT_CI
106217220,public-order,2022-11,53.797191,-1.752383,On or near Bradford Forster Square,Unable to prosecute suspect,west-yorkshire,BDT_CI
106201498,public-order,2022-11,53.798455,-1.759374,On or near Houghton Place,Investigation complete; no suspect identified,west-yorkshire,BDT_CI
106221821,public-order,2022-11,53.791881,-1.761993,On or near Carlton Street,Unable to prosecute suspect,west-yorkshire,BDT_CI
106217728,public-order,2022-11,53.794297,-1.748195,On or near Well Street,Court result unavailable,west-yorkshire,BDT_CI
106221336,public-order,2022-11,53.792204,-1.752853,On or near Norfolk Gardens,Unable to prosecute suspect,west-yorkshire,BDT_CI
106217849,public-order,2022-11,53.805995,-1.772846,On or near Conduit Street,Unable to prosecute suspect,west-yorkshire,BDT_CI
106224186,public-order,2022-11,53.795755,-1.753090,On or near Dale Street,Unable to prosecute suspect,west-yorkshire,BDT_CI
106216560,public-order,2022-11,53.795742,-1.764825,On or near Water Lane,Court result unavailable,west-yorkshire,BDT_CI
106225951,public-order,2022-11,53.791430,-1.752341,On or near ,Investigation complete; no suspect identified,west-yorkshire,BDT_CI
106202403,public-order,2022-11,53.794297,-1.748195,On or near Well Street,Unable to prosecute suspect,west-yorkshire,BDT_CI
106222021,public-order,2022-11,53.791430,-1.752341,On or near ,Unable to prosecute suspect,west-yorkshire,BDT_CI
106223503,public-order,2022-11,53.793833,-1.753982,On or near Ivegate,Court result unavailable,west-yorkshire,BDT_CI
106199860,public-order,2022-11,53.793661,-1.753482,On or near Tyrrel Street,Investigation complete; no suspect identified,west-yorkshire,BDT_CI
106199884,public-order,2022-11,53.809557,-1.755833,On or near Queen's Road,Unable to prosecute suspect,west-yorkshire,BDT_CI
106206405,public-order,2022-11,53.791008,-1.744010,On or near New Augustus Street,Investigation complete; no suspect identified,west-yorkshire,BDT_CI
106200003,public-order,2022-11,53.805074,-1.743757,On or near Airedale Road,Investigation complete; no suspect identified,west-yorkshire,BDT_CI
106207695,public-order,2022-11,53.789909,-1.755963,On or near ,Unable to prosecute suspect,west-yorkshire,BDT_CI
106210512,public-order,2022-11,53.794549,-1.756771,On or near ,Investigation complete; no suspect identified,west-yorkshire,BDT_CI
106221002,public-order,2022-11,53.788072,-1.754121,On or near Reyhill Grove,Investigation complete; no suspect identified,west-yorkshire,BDT_CI
106212874,public-order,2022-11,53.794418,-1.749773,On or near ,Investigation complete; no suspect identified,west-yorkshire,BDT_CI
106217642,public-order,2022-11,53.791430,-1.752341,On or near ,Investigation complete; no suspect identified,west-yorkshire,BDT_CI
106219431,public-order,2022-11,53.791430,-1.752341,On or near ,Investigation complete; no suspect identified,west-yorkshire,BDT_CI
106220714,public-order,2022-11,53.796738,-1.755103,On or near Upper Piccadilly,Unable to prosecute suspect,west-yorkshire,BDT_CI
106215037,public-order,2022-11,53.793428,-1.744876,On or near ,Investigation complete; no suspect identified,west-yorkshire,BDT_CI
106215089,public-order,2022-11,53.799354,-1.733848,On or near Lonsdale Street,Unable to prosecute suspect,west-yorkshire,BDT_CI
106200623,public-order,2022-11,53.794462,-1.753689,On or near Queensgate,Investigation complete; no suspect identified,west-yorkshire,BDT_CI
106215154,public-order,2022-11,53.803497,-1.759543,On or near Cornwall Terrace,Unable to prosecute suspect,west-yorkshire,BDT_CI
106216913,public-order,2022-11,53.794661,-1.758926,On or near ,Unable to prosecute suspect,west-yorkshire,BDT_CI
106220878,public-order,2022-11,53.802348,-1.747160,On or near Sprinkwell Close,Investigation complete; no suspect identified,west-yorkshire,BDT_CI
106201186,public-order,2022-11,53.787909,-1.744864,On or near Upper Addison Street,Unable to prosecute suspect,west-yorkshire,BDT_CI
106201612,public-order,2022-11,53.803542,-1.772965,On or near Drummond Road,Unable to prosecute suspect,west-yorkshire,BDT_CI
106220964,public-order,2022-11,53.786492,-1.759549,On or near Woodville Terrace,Unable to prosecute suspect,west-yorkshire,BDT_CI
106203133,public-order,2022-11,53.793555,-1.745762,On or near ,Investigation complete; no suspect identified,west-yorkshire,BDT_CI
106221055,public-order,2022-11,53.788072,-1.754121,On or near Reyhill Grove,Court result unavailable,west-yorkshire,BDT_CI
106204164,public-order,2022-11,53.793304,-1.754789,On or near Aldermanbury,Unable to prosecute suspect,west-yorkshire,BDT_CI
106204224,public-order,2022-11,53.787353,-1.772157,On or near Alexandra Street,Investigation complete; no suspect identified,west-yorkshire,BDT_CI
106221244,public-order,2022-11,53.788072,-1.754121,On or near Reyhill Grove,Court result unavailable,west-yorkshire,BDT_CI
106205208,public-order,2022-11,53.802623,-1.777055,On or near Tile Street,Investigation complete; no suspect identified,west-yorkshire,BDT_CI
106221401,public-order,2022-11,53.787909,-1.744864,On or near Upper Addison Street,Offender given a caution,west-yorkshire,BDT_CI
106222517,public-order,2022-11,53.793501,-1.749854,On or near A6181,Status update unavailable,west-yorkshire,BDT_CI
106221614,public-order,2022-11,53.794991,-1.762385,On or near Silsbridge Street,Court result unavailable,west-yorkshire,BDT_CI
106205690,public-order,2022-11,53.803562,-1.743114,On or near Portsmouth Avenue,Investigation complete; no suspect identified,west-yorkshire,BDT_CI
106203419,public-order,2022-11,53.794462,-1.753689,On or near Queensgate,Unable to prosecute suspect,west-yorkshire,BDT_CI
106206304,public-order,2022-11,53.799315,-1.767067,On or near Stallabrass Street,Investigation complete; no suspect identified,west-yorkshire,BDT_CI
106203572,public-order,2022-11,53.793056,-1.752028,On or near Broadway,Status update unavailable,west-yorkshire,BDT_CI
106206939,public-order,2022-11,53.793674,-1.759994,On or near Soho Street,Investigation complete; no suspect identified,west-yorkshire,BDT_CI
106207692,public-order,2022-11,53.794462,-1.753689,On or near Queensgate,Unable to prosecute suspect,west-yorkshire,BDT_CI
106208248,public-order,2022-11,53.802029,-1.744900,On or near Stanacre Place,Further investigation is not in the public interest,west-yorkshire,BDT_CI
106208740,public-order,2022-11,53.787214,-1.774951,On or near St Margaret's Terrace,Investigation complete; no suspect identified,west-yorkshire,BDT_CI
106209070,public-order,2022-11,53.797604,-1.779419,On or near Brownroyd Street,Investigation complete; no suspect identified,west-yorkshire,BDT_CI
106204002,public-order,2022-11,53.790319,-1.762973,On or near Claremont,Unable to prosecute suspect,west-yorkshire,BDT_CI
106211784,public-order,2022-11,53.799989,-1.758106,On or near Brearton Street,Investigation complete; no suspect identified,west-yorkshire,BDT_CI
106219604,public-order,2022-11,53.801135,-1.773965,On or near Juniper Close,Unable to prosecute suspect,west-yorkshire,BDT_CI
106215108,public-order,2022-11,53.800296,-1.741570,On or near Sycamore Close,Investigation complete; no suspect identified,west-yorkshire,BDT_CI
106216445,public-order,2022-11,53.793386,-1.755244,On or near Millergate,Investigation complete; no suspect identified,west-yorkshire,BDT_CI
106204117,public-order,2022-11,53.792860,-1.735832,On or near Knowsley Street,Investigation complete; no suspect identified,west-yorkshire,BDT_CI
106216779,public-order,2022-11,53.803086,-1.760335,On or near Cornwall Place,Local resolution,west-yorkshire,BDT_CI
106217647,public-order,2022-11,53.793818,-1.746968,On or near Aked Street,Unable to prosecute suspect,west-yorkshire,BDT_CI
106219121,public-order,2022-11,53.797512,-1.734042,On or near Barkerend Road,Investigation complete; no suspect identified,west-yorkshire,BDT_CI
106201268,public-order,2022-11,53.803900,-1.754105,On or near ,Investigation complete; no suspect identified,west-yorkshire,BDT_CI
106220657,public-order,2022-11,53.794586,-1.749740,On or near ,Unable to prosecute suspect,west-yorkshire,BDT_CI
106220821,public-order,2022-11,53.798502,-1.769911,On or near Bilton Place,Unable to prosecute suspect,west-yorkshire,BDT_CI
106201614,public-order,2022-11,53.793982,-1.752296,On or near Market Street,Investigation complete; no suspect identified,west-yorkshire,BDT_CI
106201946,public-order,2022-11,53.794661,-1.758926,On or near ,Investigation complete; no suspect identified,west-yorkshire,BDT_CI
106217898,public-order,2022-11,53.791430,-1.752341,On or near ,Unable to prosecute suspect,west-yorkshire,BDT_CI
106202245,public-order,2022-11,53.794323,-1.751686,On or near Charles Street,Investigation complete; no suspect identified,west-yorkshire,BDT_CI
106202280,public-order,2022-11,53.797546,-1.750225,On or near Mill Street,Unable to prosecute suspect,west-yorkshire,BDT_CI
106202284,public-order,2022-11,53.786908,-1.743458,On or near Rouse Fold,Investigation complete; no suspect identified,west-yorkshire,BDT_CI
106202293,public-order,2022-11,53.791430,-1.752341,On or near ,Investigation complete; no suspect identified,west-yorkshire,BDT_CI
106204979,public-order,2022-11,53.793779,-1.758369,On or near ,Investigation complete; no suspect identified,west-yorkshire,BDT_CI
106202822,public-order,2022-11,53.796038,-1.749955,On or near ,Investigation complete; no suspect identified,west-yorkshire,BDT_CI
106204285,public-order,2022-11,53.798455,-1.759374,On or near Houghton Place,Unable to prosecute suspect,west-yorkshire,BDT_CI
106204310,public-order,2022-11,53.794462,-1.753689,On or near Queensgate,Further investigation is not in the public interest,west-yorkshire,BDT_CI
106204676,public-order,2022-11,53.786569,-1.766515,On or near Laisteridge Lane,Investigation complete; no suspect identified,west-yorkshire,BDT_CI
106204726,public-order,2022-11,53.793501,-1.749854,On or near A6181,Unable to prosecute suspect,west-yorkshire,BDT_CI
106212193,public-order,2022-11,53.798130,-1.767772,On or near City Road,Investigation complete; no suspect identified,west-yorkshire,BDT_CI
106225701,public-order,2022-11,53.794582,-1.759822,On or near ,Investigation complete; no suspect identified,west-yorkshire,BDT_CI
106205574,public-order,2022-11,53.790196,-1.760196,On or near Morley Street,Local resolution,west-yorkshire,BDT_CI
106207808,public-order,2022-11,53.794297,-1.748195,On or near Well Street,Court result unavailable,west-yorkshire,BDT_CI
106206388,public-order,2022-11,53.793056,-1.752028,On or near Broadway,Court result unavailable,west-yorkshire,BDT_CI
106219279,public-order,2022-11,53.790405,-1.761257,On or near Mannville Terrace,Unable to prosecute suspect,west-yorkshire,BDT_CI
106206545,public-order,2022-11,53.798666,-1.744070,On or near Kendra Way,Unable to prosecute suspect,west-yorkshire,BDT_CI
106206615,public-order,2022-11,53.794366,-1.746631,On or near Hick Street,Investigation complete; no suspect identified,west-yorkshire,BDT_CI
106220796,public-order,2022-11,53.794891,-1.752548,On or near Mann's Court,Unable to prosecute suspect,west-yorkshire,BDT_CI
106220807,public-order,2022-11,53.795755,-1.753090,On or near Dale Street,Unable to prosecute suspect,west-yorkshire,BDT_CI
106206937,public-order,2022-11,53.794462,-1.753689,On or near Queensgate,Investigation complete; no suspect identified,west-yorkshire,BDT_CI
106206960,public-order,2022-11,53.806347,-1.768881,On or near Qureshi View,Investigation complete; no suspect identified,west-yorkshire,BDT_CI
106207086,public-order,2022-11,53.797194,-1.753916,On or near Broad Street,Court result unavailable,west-yorkshire,BDT_CI
106218656,public-order,2022-11,53.800296,-1.741570,On or near Sycamore Close,Unable to prosecute suspect,west-yorkshire,BDT_CI
106207468,public-order,2022-11,53.785051,-1.771578,On or near All Saints Road,Unable to prosecute suspect,west-yorkshire,BDT_CI
106207601,public-order,2022-11,53.803562,-1.743114,On or near Portsmouth Avenue,Investigation complete; no suspect identified,west-yorkshire,BDT_CI
106207689,public-order,2022-11,53.796237,-1.755820,On or near Rawson Square,Status update unavailable,west-yorkshire,BDT_CI
106207675,public-order,2022-11,53.789909,-1.755963,On or near ,Unable to prosecute suspect,west-yorkshire,BDT_CI
106207810,public-order,2022-11,53.793785,-1.752464,On or near Bank Street,Unable to prosecute suspect,west-yorkshire,BDT_CI
106218980,public-order,2022-11,53.793594,-1.751417,On or near Broadway,Investigation complete; no suspect identified,west-yorkshire,BDT_CI
106221965,public-order,2022-11,53.799423,-1.753706,On or near Hamm Strasse,Unable to prosecute suspect,west-yorkshire,BDT_CI
106198631,public-order,2022-11,53.803895,-1.769653,On or near Carlisle Place,Status update unavailable,west-yorkshire,BDT_CI
106217168,public-order,2022-11,53.794297,-1.748195,On or near Well Street,Court result unavailable,west-yorkshire,BDT_CI
106220643,public-order,2022-11,53.809414,-1.756502,On or near Canal Road,Unable to prosecute suspect,west-yorkshire,BDT_CI
106221051,public-order,2022-11,53.791430,-1.752341,On or near ,Investigation complete; no suspect identified,west-yorkshire,BDT_CI
106221177,public-order,2022-11,53.793982,-1.752296,On or near Market Street,Unable to prosecute suspect,west-yorkshire,BDT_CI
106220830,public-order,2022-11,53.793501,-1.749854,On or near A6181,Unable to prosecute suspect,west-yorkshire,BDT_CI
106220869,public-order,2022-11,53.793661,-1.753482,On or near Tyrrel Street,Investigation complete; no suspect identified,west-yorkshire,BDT_CI
106219715,public-order,2022-11,53.799949,-1.738930,On or near Ribbleton Grove,Unable to prosecute suspect,west-yorkshire,BDT_CI
106221886,public-order,2022-11,53.788072,-1.754121,On or near Reyhill Grove,Court result unavailable,west-yorkshire,BDT_CI
106205891,public-order,2022-11,53.802953,-1.744059,On or near Northampton Street,Unable to prosecute suspect,west-yorkshire,BDT_CI
106220062,public-order,2022-11,53.794891,-1.752548,On or near Mann's Court,Court result unavailable,west-yorkshire,BDT_CI
106208563,public-order,2022-11,53.804814,-1.771136,On or near Lister View,Unable to prosecute suspect,west-yorkshire,BDT_CI
106213332,public-order,2022-11,53.795844,-1.752862,On or near Commerce Street,Unable to prosecute suspect,west-yorkshire,BDT_CI
106212644,public-order,2022-11,53.794122,-1.751844,On or near ,Further action is not in the public interest,west-yorkshire,BDT_CI
124239680,public-order,2022-11,53.790729,-1.752439,Bradford Interchange (station),Status update unavailable,west-yorkshire,BDT_CI
106220734,public-order,2022-11,53.792204,-1.752853,On or near Norfolk Gardens,Unable to prosecute suspect,west-yorkshire,BDT_CI
106216095,public-order,2022-11,53.800074,-1.760109,On or near Victoria Street,Unable to prosecute suspect,west-yorkshire,BDT_CI
106216345,public-order,2022-11,53.788072,-1.754121,On or near Reyhill Grove,Unable to prosecute suspect,west-yorkshire,BDT_CI
106214825,public-order,2022-11,53.799558,-1.749393,On or near North Brook Street,Investigation complete; no suspect identified,west-yorkshire,BDT_CI
106216378,public-order,2022-11,53.797512,-1.734042,On or near Barkerend Road,Unable to prosecute suspect,west-yorkshire,BDT_CI
106216380,public-order,2022-11,53.793386,-1.755244,On or near Millergate,Unable to prosecute suspect,west-yorkshire,BDT_CI
106209447,public-order,2022-11,53.794462,-1.753689,On or near Queensgate,Investigation complete; no suspect identified,west-yorkshire,BDT_CI
106209483,public-order,2022-11,53.797332,-1.738066,On or near Pool Court,Investigation complete; no suspect identified,west-yorkshire,BDT_CI
106216943,public-order,2022-11,53.797596,-1.739765,On or near Bolton Street,Investigation complete; no suspect identified,west-yorkshire,BDT_CI
106216945,public-order,2022-11,53.798638,-1.739455,On or near Storey Place,Unable to prosecute suspect,west-yorkshire,BDT_CI
106221690,public-order,2022-11,53.800144,-1.746080,On or near Oxford Place,Unable to prosecute suspect,west-yorkshire,BDT_CI
106200338,public-order,2022-11,53.794891,-1.752548,On or near Mann's Court,Investigation complete; no suspect identified,west-yorkshire,BDT_CI
106211170,public-order,2022-11,53.788072,-1.754121,On or near Reyhill Grove,Offender given a caution,west-yorkshire,BDT_CI
106211388,public-order,2022-11,53.805646,-1.759592,On or near Rear Rock Terrace,Unable to prosecute suspect,west-yorkshire,BDT_CI
106211617,public-order,2022-11,53.797546,-1.750225,On or near Mill Street,Investigation complete; no suspect identified,west-yorkshire,BDT_CI
106215639,public-order,2022-11,53.794297,-1.748195,On or near Well Street,Unable to prosecute suspect,west-yorkshire,BDT_CI
106209933,public-order,2022-11,53.794982,-1.744760,On or near Scoresby Street,Unable to prosecute suspect,west-yorkshire,BDT_CI
106211959,public-order,2022-11,53.794323,-1.751686,On or near Charles Street,Unable to prosecute suspect,west-yorkshire,BDT_CI
106224468,robbery,2022-11,53.796165,-1.760496,On or near Baptist Place,Investigation complete; no suspect identified,west-yorkshire,BDT_CI
106212526,robbery,2022-11,53.795755,-1.753090,On or near Dale Street,Investigation complete; no suspect identified,west-yorkshire,BDT_CI
106225095,robbery,2022-11,53.788030,-1.773808,On or near Summerseat Place,Unable to prosecute suspect,west-yorkshire,BDT_CI
106219446,robbery,2022-11,53.789141,-1.767457,On or near Back Laisteridge Lane,Court result unavailable,west-yorkshire,BDT_CI
106226051,robbery,2022-11,53.800547,-1.762809,On or near St Jude's Street,Investigation complete; no suspect identified,west-yorkshire,BDT_CI
106221829,robbery,2022-11,53.794596,-1.745081,On or near Peckover Street,Unable to prosecute suspect,west-yorkshire,BDT_CI
106217237,robbery,2022-11,53.796237,-1.755820,On or near Rawson Square,Investigation complete; no suspect identified,west-yorkshire,BDT_CI
106198640,robbery,2022-11,53.793056,-1.752028,On or near Broadway,Court result unavailable,west-yorkshire,BDT_CI
106200361,robbery,2022-11,53.800673,-1.753987,On or near ,Unable to prosecute suspect,west-yorkshire,BDT_CI
106217558,robbery,2022-11,53.793791,-1.755348,On or near Upper Millergate,Investigation complete; no suspect identified,west-yorkshire,BDT_CI
106223757,robbery,2022-11,53.802616,-1.759062,On or near Cornwall Road,Unable to prosecute suspect,west-yorkshire,BDT_CI
106224601,robbery,2022-11,53.791430,-1.752341,On or near ,Investigation complete; no suspect identified,west-yorkshire,BDT_CI
106219456,robbery,2022-11,53.786585,-1.774741,On or near A6177,Investigation complete; no suspect identified,west-yorkshire,BDT_CI
106215185,robbery,2022-11,53.789141,-1.767457,On or near Back Laisteridge Lane,Investigation complete; no suspect identified,west-yorkshire,BDT_CI
106216625,robbery,2022-11,53.794462,-1.753689,On or near Queensgate,Unable to prosecute suspect,west-yorkshire,BDT_CI
106222056,robbery,2022-11,53.791430,-1.752341,On or near ,Investigation complete; no suspect identified,west-yorkshire,BDT_CI
106210509,robbery,2022-11,53.788589,-1.765381,On or near Merton Road,Investigation complete; no suspect identified,west-yorkshire,BDT_CI
106216146,robbery,2022-11,53.793304,-1.754789,On or near Aldermanbury,Unable to prosecute suspect,west-yorkshire,BDT_CI
106225287,robbery,2022-11,53.791430,-1.752341,On or near ,Investigation complete; no suspect identified,west-yorkshire,BDT_CI
106211884,shoplifting,2022-11,53.793785,-1.752464,On or near Bank Street,Investigation complete; no suspect identified,west-yorkshire,BDT_CI
106208495,shoplifting,2022-11,53.793501,-1.749854,On or near A6181,Court result unavailable,west-yorkshire,BDT_CI
106206402,shoplifting,2022-11,53.795697,-1.756041,On or near ,Investigation complete; no suspect identified,west-yorkshire,BDT_CI
106214132,shoplifting,2022-11,53.794323,-1.751686,On or near Charles Street,Unable to prosecute suspect,west-yorkshire,BDT_CI
106199890,shoplifting,2022-11,53.809557,-1.755833,On or near Queen's Road,Unable to prosecute suspect,west-yorkshire,BDT_CI
106206600,shoplifting,2022-11,53.794462,-1.753689,On or near Queensgate,Court result unavailable,west-yorkshire,BDT_CI
106213872,shoplifting,2022-11,53.793501,-1.749854,On or near A6181,Investigation complete; no suspect identified,west-yorkshire,BDT_CI
106199719,shoplifting,2022-11,53.793661,-1.753482,On or near Tyrrel Street,Investigation complete; no suspect identified,west-yorkshire,BDT_CI
106214719,shoplifting,2022-11,53.794462,-1.753689,On or near Queensgate,Local resolution,west-yorkshire,BDT_CI
106200965,shoplifting,2022-11,53.795642,-1.750570,On or near Lower Kirkgate,Investigation complete; no suspect identified,west-yorkshire,BDT_CI
106214034,shoplifting,2022-11,53.793501,-1.749854,On or near A6181,Local resolution,west-yorkshire,BDT_CI
106200203,shoplifting,2022-11,53.794462,-1.753689,On or near Queensgate,Investigation complete; no suspect identified,west-yorkshire,BDT_CI
106218030,shoplifting,2022-11,53.794586,-1.749740,On or near ,Court result unavailable,west-yorkshire,BDT_CI
106204284,shoplifting,2022-11,53.798455,-1.759374,On or near Houghton Place,Unable to prosecute suspect,west-yorkshire,BDT_CI
106208411,shoplifting,2022-11,53.794586,-1.749740,On or near ,Investigation complete; no suspect identified,west-yorkshire,BDT_CI
106198975,shoplifting,2022-11,53.795642,-1.750570,On or near Lower Kirkgate,Investigation complete; no suspect identified,west-yorkshire,BDT_CI
106223309,shoplifting,2022-11,53.793501,-1.749854,On or near A6181,Unable to prosecute suspect,west-yorkshire,BDT_CI
106221039,shoplifting,2022-11,53.798373,-1.754517,On or near Hallfield Street,Investigation complete; no suspect identified,west-yorkshire,BDT_CI
106216381,shoplifting,2022-11,53.793386,-1.755244,On or near Millergate,Investigation complete; no suspect identified,west-yorkshire,BDT_CI
106217409,shoplifting,2022-11,53.793785,-1.752464,On or near Bank Street,Unable to prosecute suspect,west-yorkshire,BDT_CI
106207969,shoplifting,2022-11,53.793501,-1.749854,On or near A6181,Investigation complete; no suspect identified,west-yorkshire,BDT_CI
106218988,shoplifting,2022-11,53.794323,-1.751686,On or near Charles Street,Unable to prosecute suspect,west-yorkshire,BDT_CI
106213978,shoplifting,2022-11,53.795642,-1.750570,On or near Lower Kirkgate,Investigation complete; no suspect identified,west-yorkshire,BDT_CI
106209901,shoplifting,2022-11,53.804021,-1.743081,On or near Dover Street,Investigation complete; no suspect identified,west-yorkshire,BDT_CI
106218999,shoplifting,2022-11,53.794586,-1.749740,On or near ,Unable to prosecute suspect,west-yorkshire,BDT_CI
106219244,shoplifting,2022-11,53.795747,-1.753788,On or near Piccadilly,Unable to prosecute suspect,west-yorkshire,BDT_CI
106205759,shoplifting,2022-11,53.794418,-1.749773,On or near ,Investigation complete; no suspect identified,west-yorkshire,BDT_CI
106214237,shoplifting,2022-11,53.794323,-1.751686,On or near Charles Street,Investigation complete; no suspect identified,west-yorkshire,BDT_CI
106216371,shoplifting,2022-11,53.793386,-1.755244,On or near Millergate,Investigation complete; no suspect identified,west-yorkshire,BDT_CI
106221228,shoplifting,2022-11,53.795642,-1.750570,On or near Lower Kirkgate,Court result unavailable,west-yorkshire,BDT_CI
106204380,shoplifting,2022-11,53.794462,-1.753689,On or near Queensgate,Court result unavailable,west-yorkshire,BDT_CI
106214049,shoplifting,2022-11,53.793501,-1.749854,On or near A6181,Court result unavailable,west-yorkshire,BDT_CI
106213615,shoplifting,2022-11,53.797191,-1.752383,On or near Bradford Forster Square,Unable to prosecute suspect,west-yorkshire,BDT_CI
106219006,shoplifting,2022-11,53.795747,-1.753788,On or near Piccadilly,Unable to prosecute suspect,west-yorkshire,BDT_CI
106204642,shoplifting,2022-11,53.793594,-1.751417,On or near Broadway,Investigation complete; no suspect identified,west-yorkshire,BDT_CI
106214025,shoplifting,2022-11,53.793501,-1.749854,On or near A6181,Investigation complete; no suspect identified,west-yorkshire,BDT_CI
106204578,shoplifting,2022-11,53.793982,-1.752296,On or near Market Street,Investigation complete; no suspect identified,west-yorkshire,BDT_CI
106207964,shoplifting,2022-11,53.793501,-1.749854,On or near A6181,Investigation complete; no suspect identified,west-yorkshire,BDT_CI
106207966,shoplifting,2022-11,53.793501,-1.749854,On or near A6181,Unable to prosecute suspect,west-yorkshire,BDT_CI
106207974,shoplifting,2022-11,53.793501,-1.749854,On or near A6181,Investigation complete; no suspect identified,west-yorkshire,BDT_CI
106221481,shoplifting,2022-11,53.804859,-1.752945,On or near ,Unable to prosecute suspect,west-yorkshire,BDT_CI
106207981,shoplifting,2022-11,53.794462,-1.753689,On or near Queensgate,Local resolution,west-yorkshire,BDT_CI
106215156,shoplifting,2022-11,53.797596,-1.739765,On or near Bolton Street,Court result unavailable,west-yorkshire,BDT_CI
106205069,shoplifting,2022-11,53.794586,-1.749740,On or near ,Investigation complete; no suspect identified,west-yorkshire,BDT_CI
106208075,shoplifting,2022-11,53.794549,-1.756771,On or near ,Local resolution,west-yorkshire,BDT_CI
106210681,shoplifting,2022-11,53.794462,-1.753689,On or near Queensgate,Local resolution,west-yorkshire,BDT_CI
106212956,shoplifting,2022-11,53.794549,-1.756771,On or near ,Investigation complete; no suspect identified,west-yorkshire,BDT_CI
106201399,shoplifting,2022-11,53.795642,-1.750570,On or near Lower Kirkgate,Investigation complete; no suspect identified,west-yorkshire,BDT_CI
106216049,shoplifting,2022-11,53.794418,-1.749773,On or near ,Local resolution,west-yorkshire,BDT_CI
106222608,shoplifting,2022-11,53.795069,-1.747720,On or near Church Bank,Unable to prosecute suspect,west-yorkshire,BDT_CI
106213153,shoplifting,2022-11,53.793501,-1.749854,On or near A6181,Court result unavailable,west-yorkshire,BDT_CI
106215075,shoplifting,2022-11,53.793501,-1.749854,On or near A6181,Court result unavailable,west-yorkshire,BDT_CI
106202225,shoplifting,2022-11,53.794462,-1.753689,On or near Queensgate,Unable to prosecute suspect,west-yorkshire,BDT_CI
106210093,shoplifting,2022-11,53.795642,-1.750570,On or near Lower Kirkgate,Investigation complete; no suspect identified,west-yorkshire,BDT_CI
106214266,shoplifting,2022-11,53.793501,-1.749854,On or near A6181,Unable to prosecute suspect,west-yorkshire,BDT_CI
106199005,shoplifting,2022-11,53.791430,-1.752341,On or near ,Investigation complete; no suspect identified,west-yorkshire,BDT_CI
106209789,shoplifting,2022-11,53.794122,-1.751844,On or near ,Court result unavailable,west-yorkshire,BDT_CI
106210259,shoplifting,2022-11,53.794462,-1.753689,On or near Queensgate,Investigation complete; no suspect identified,west-yorkshire,BDT_CI
106212329,shoplifting,2022-11,53.795642,-1.750570,On or near Lower Kirkgate,Court result unavailable,west-yorkshire,BDT_CI
106209788,shoplifting,2022-11,53.793501,-1.749854,On or near A6181,Investigation complete; no suspect identified,west-yorkshire,BDT_CI
106209769,shoplifting,2022-11,53.794462,-1.753689,On or near Queensgate,Court result unavailable,west-yorkshire,BDT_CI
106215663,shoplifting,2022-11,53.794462,-1.753689,On or near Queensgate,Local resolution,west-yorkshire,BDT_CI
106205654,shoplifting,2022-11,53.794586,-1.749740,On or near ,Investigation complete; no suspect identified,west-yorkshire,BDT_CI
106206104,shoplifting,2022-11,53.792735,-1.772259,On or near ,Investigation complete; no suspect identified,west-yorkshire,BDT_CI
106206162,shoplifting,2022-11,53.792735,-1.772259,On or near ,Investigation complete; no suspect identified,west-yorkshire,BDT_CI
106221025,shoplifting,2022-11,53.794549,-1.756771,On or near ,Court result unavailable,west-yorkshire,BDT_CI
106215349,shoplifting,2022-11,53.793501,-1.749854,On or near A6181,Court result unavailable,west-yorkshire,BDT_CI
106209445,shoplifting,2022-11,53.793501,-1.749854,On or near A6181,Court result unavailable,west-yorkshire,BDT_CI
106206591,shoplifting,2022-11,53.798373,-1.754517,On or near Hallfield Street,Local resolution,west-yorkshire,BDT_CI
106219519,shoplifting,2022-11,53.794462,-1.753689,On or near Queensgate,Unable to prosecute suspect,west-yorkshire,BDT_CI
106203523,shoplifting,2022-11,53.794586,-1.749740,On or near ,Investigation complete; no suspect identified,west-yorkshire,BDT_CI
106199908,shoplifting,2022-11,53.794462,-1.753689,On or near Queensgate,Local resolution,west-yorkshire,BDT_CI
106205768,shoplifting,2022-11,53.794418,-1.749773,On or near ,Investigation complete; no suspect identified,west-yorkshire,BDT_CI
106219618,shoplifting,2022-11,53.795642,-1.750570,On or near Lower Kirkgate,Court result unavailable,west-yorkshire,BDT_CI
106204487,shoplifting,2022-11,53.794462,-1.753689,On or near Queensgate,Local resolution,west-yorkshire,BDT_CI
106213288,shoplifting,2022-11,53.793501,-1.749854,On or near A6181,Unable to prosecute suspect,west-yorkshire,BDT_CI
106203683,shoplifting,2022-11,53.794297,-1.748195,On or near Well Street,Investigation complete; no suspect identified,west-yorkshire,BDT_CI
106213518,shoplifting,2022-11,53.797191,-1.752383,On or near Bradford Forster Square,Investigation complete; no suspect identified,west-yorkshire,BDT_CI
106213164,shoplifting,2022-11,53.793501,-1.749854,On or near A6181,Local resolution,west-yorkshire,BDT_CI
106220883,shoplifting,2022-11,53.804021,-1.743081,On or near Dover Street,Investigation complete; no suspect identified,west-yorkshire,BDT_CI
106199902,shoplifting,2022-11,53.791430,-1.752341,On or near ,Investigation complete; no suspect identified,west-yorkshire,BDT_CI
106208459,shoplifting,2022-11,53.794891,-1.752548,On or near Mann's Court,Offender given a caution,west-yorkshire,BDT_CI
106216618,shoplifting,2022-11,53.794297,-1.748195,On or near Well Street,Court result unavailable,west-yorkshire,BDT_CI
106208541,shoplifting,2022-11,53.792735,-1.772259,On or near ,Investigation complete; no suspect identified,west-yorkshire,BDT_CI
106203219,theft-from-the-person,2022-11,53.793304,-1.754789,On or near Aldermanbury,Investigation complete; no suspect identified,west-yorkshire,BDT_CI
106214129,theft-from-the-person,2022-11,53.794891,-1.752548,On or near Mann's Court,Investigation complete; no suspect identified,west-yorkshire,BDT_CI
106202987,theft-from-the-person,2022-11,53.790196,-1.760196,On or near Morley Street,Unable to prosecute suspect,west-yorkshire,BDT_CI
106213067,theft-from-the-person,2022-11,53.794549,-1.756771,On or near ,Investigation complete; no suspect identified,west-yorkshire,BDT_CI
106215938,theft-from-the-person,2022-11,53.802556,-1.774702,On or near White's Terrace,Unable to prosecute suspect,west-yorkshire,BDT_CI
106199961,theft-from-the-person,2022-11,53.790319,-1.762973,On or near Claremont,Investigation complete; no suspect identified,west-yorkshire,BDT_CI
106206898,theft-from-the-person,2022-11,53.793661,-1.753482,On or near Tyrrel Street,Investigation complete; no suspect identified,west-yorkshire,BDT_CI
106207457,theft-from-the-person,2022-11,53.793056,-1.752028,On or near Broadway,Investigation complete; no suspect identified,west-yorkshire,BDT_CI
106216546,theft-from-the-person,2022-11,53.795742,-1.764825,On or near Water Lane,Investigation complete; no suspect identified,west-yorkshire,BDT_CI
106216777,theft-from-the-person,2022-11,53.794122,-1.751844,On or near ,Investigation complete; no suspect identified,west-yorkshire,BDT_CI
106211501,theft-from-the-person,2022-11,53.796237,-1.755820,On or near Rawson Square,Investigation complete; no suspect identified,west-yorkshire,BDT_CI
106213783,theft-from-the-person,2022-11,53.792204,-1.752853,On or near Norfolk Gardens,Investigation complete; no suspect identified,west-yorkshire,BDT_CI
106217851,theft-from-the-person,2022-11,53.793501,-1.749854,On or near A6181,Court result unavailable,west-yorkshire,BDT_CI
106221826,theft-from-the-person,2022-11,53.792539,-1.754065,On or near Channing Way,Unable to prosecute suspect,west-yorkshire,BDT_CI
106222485,theft-from-the-person,2022-11,53.794549,-1.756771,On or near ,Investigation complete; no suspect identified,west-yorkshire,BDT_CI
106200825,theft-from-the-person,2022-11,53.794784,-1.757407,On or near ,Investigation complete; no suspect identified,west-yorkshire,BDT_CI
106211633,theft-from-the-person,2022-11,53.794323,-1.751686,On or near Charles Street,Investigation complete; no suspect identified,west-yorkshire,BDT_CI
106209691,theft-from-the-person,2022-11,53.794586,-1.749740,On or near ,Investigation complete; no suspect identified,west-yorkshire,BDT_CI
106219216,theft-from-the-person,2022-11,53.794122,-1.751844,On or near Shopping Area,Investigation complete; no suspect identified,west-yorkshire,BDT_CI
106211944,theft-from-the-person,2022-11,53.794462,-1.753689,On or near Queensgate,Investigation complete; no suspect identified,west-yorkshire,BDT_CI
106219608,theft-from-the-person,2022-11,53.794462,-1.753689,On or near Queensgate,Court result unavailable,west-yorkshire,BDT_CI
106209664,theft-from-the-person,2022-11,53.792539,-1.754065,On or near Channing Way,Investigation complete; no suspect identified,west-yorkshire,BDT_CI
106209049,theft-from-the-person,2022-11,53.794586,-1.749740,On or near ,Investigation complete; no suspect identified,west-yorkshire,BDT_CI
106207124,theft-from-the-person,2022-11,53.793501,-1.749854,On or near A6181,Investigation complete; no suspect identified,west-yorkshire,BDT_CI
106221257,theft-from-the-person,2022-11,53.793833,-1.753982,On or near Ivegate,Investigation complete; no suspect identified,west-yorkshire,BDT_CI
106213273,theft-from-the-person,2022-11,53.794418,-1.749773,On or near ,Investigation complete; no suspect identified,west-yorkshire,BDT_CI
106201384,theft-from-the-person,2022-11,53.794586,-1.749740,On or near ,Investigation complete; no suspect identified,west-yorkshire,BDT_CI
106204595,theft-from-the-person,2022-11,53.789907,-1.759363,On or near Edmund Street,Investigation complete; no suspect identified,west-yorkshire,BDT_CI
106211661,theft-from-the-person,2022-11,53.794549,-1.756771,On or near ,Unable to prosecute suspect,west-yorkshire,BDT_CI
106199101,theft-from-the-person,2022-11,53.796673,-1.758352,On or near Parking Area,Unable to prosecute suspect,west-yorkshire,BDT_CI
106204321,theft-from-the-person,2022-11,53.793833,-1.753982,On or near Ivegate,Investigation complete; no suspect identified,west-yorkshire,BDT_CI
106202663,theft-from-the-person,2022-11,53.794549,-1.756771,On or near ,Investigation complete; no suspect identified,west-yorkshire,BDT_CI
106202387,theft-from-the-person,2022-11,53.794297,-1.748195,On or near Well Street,Investigation complete; no suspect identified,west-yorkshire,BDT_CI
106216772,theft-from-the-person,2022-11,53.793056,-1.752028,On or near Broadway,Investigation complete; no suspect identified,west-yorkshire,BDT_CI
106200696,theft-from-the-person,2022-11,53.805074,-1.743757,On or near Airedale Road,Investigation complete; no suspect identified,west-yorkshire,BDT_CI
106200432,theft-from-the-person,2022-11,53.795742,-1.764825,On or near Water Lane,Investigation complete; no suspect identified,west-yorkshire,BDT_CI
106213650,theft-from-the-person,2022-11,53.794297,-1.748195,On or near Well Street,Investigation complete; no suspect identified,west-yorkshire,BDT_CI
106207971,vehicle-crime,2022-11,53.797546,-1.750225,On or near Mill Street,Investigation complete; no suspect identified,west-yorkshire,BDT_CI
106199720,vehicle-crime,2022-11,53.782086,-1.749543,On or near Community Close,Investigation complete; no suspect identified,west-yorkshire,BDT_CI
106200329,vehicle-crime,2022-11,53.794870,-1.773771,On or near Talbot Street,Investigation complete; no suspect identified,west-yorkshire,BDT_CI
106209822,vehicle-crime,2022-11,53.791256,-1.759780,On or near Southbrook Terrace,Investigation complete; no suspect identified,west-yorkshire,BDT_CI
106212831,vehicle-crime,2022-11,53.801437,-1.772126,On or near Lincoln Road,Investigation complete; no suspect identified,west-yorkshire,BDT_CI
106204590,vehicle-crime,2022-11,53.796821,-1.742806,On or near Heap Street,Investigation complete; no suspect identified,west-yorkshire,BDT_CI
106222641,vehicle-crime,2022-11,53.801193,-1.762289,On or near Bowland Street,Investigation complete; no suspect identified,west-yorkshire,BDT_CI
106210367,vehicle-crime,2022-11,53.799949,-1.738930,On or near Ribbleton Grove,Investigation complete; no suspect identified,west-yorkshire,BDT_CI
106200675,vehicle-crime,2022-11,53.796901,-1.734364,On or near Binnie Street,Investigation complete; no suspect identified,west-yorkshire,BDT_CI
106224838,vehicle-crime,2022-11,53.794242,-1.734806,On or near Maudsley Street,Unable to prosecute suspect,west-yorkshire,BDT_CI
106214324,vehicle-crime,2022-11,53.800230,-1.766151,On or near Ure Crescent,Investigation complete; no suspect identified,west-yorkshire,BDT_CI
106217987,vehicle-crime,2022-11,53.802046,-1.752780,On or near Singleton Street,Unable to prosecute suspect,west-yorkshire,BDT_CI
106223523,vehicle-crime,2022-11,53.794586,-1.749740,On or near ,Unable to prosecute suspect,west-yorkshire,BDT_CI
106198679,vehicle-crime,2022-11,53.784388,-1.759121,On or near Otterburn Close,Investigation complete; no suspect identified,west-yorkshire,BDT_CI
106212468,vehicle-crime,2022-11,53.785136,-1.755489,On or near Hawkshead Close,Investigation complete; no suspect identified,west-yorkshire,BDT_CI
106204510,vehicle-crime,2022-11,53.795092,-1.733237,On or near Thursby Street,Investigation complete; no suspect identified,west-yorkshire,BDT_CI
106199368,vehicle-crime,2022-11,53.797194,-1.753916,On or near Broad Street,Investigation complete; no suspect identified,west-yorkshire,BDT_CI
106207717,vehicle-crime,2022-11,53.792455,-1.761306,On or near Westbrook Street,Investigation complete; no suspect identified,west-yorkshire,BDT_CI
106218609,vehicle-crime,2022-11,53.806516,-1.741714,On or near Peel Park View,Investigation complete; no suspect identified,west-yorkshire,BDT_CI
106203949,vehicle-crime,2022-11,53.795697,-1.756041,On or near ,Investigation complete; no suspect identified,west-yorkshire,BDT_CI
106218876,vehicle-crime,2022-11,53.802572,-1.773593,On or near Leyburne Street,Investigation complete; no suspect identified,west-yorkshire,BDT_CI
106202909,vehicle-crime,2022-11,53.803542,-1.772965,On or near Drummond Road,Investigation complete; no suspect identified,west-yorkshire,BDT_CI
106211261,vehicle-crime,2022-11,53.791430,-1.752341,On or near ,Investigation complete; no suspect identified,west-yorkshire,BDT_CI
106207609,vehicle-crime,2022-11,53.793056,-1.752028,On or near Broadway,Investigation complete; no suspect identified,west-yorkshire,BDT_CI
106206117,vehicle-crime,2022-11,53.790938,-1.776646,On or near Cottam Avenue,Investigation complete; no suspect identified,west-yorkshire,BDT_CI
106202474,vehicle-crime,2022-11,53.791881,-1.761993,On or near Carlton Street,Investigation complete; no suspect identified,west-yorkshire,BDT_CI
106208316,vehicle-crime,2022-11,53.798666,-1.744070,On or near Kendra Way,Investigation complete; no suspect identified,west-yorkshire,BDT_CI
106210507,vehicle-crime,2022-11,53.803900,-1.754105,On or near ,Investigation complete; no suspect identified,west-yorkshire,BDT_CI
106211965,vehicle-crime,2022-11,53.794297,-1.748195,On or near Well Street,Investigation complete; no suspect identified,west-yorkshire,BDT_CI
106204195,vehicle-crime,2022-11,53.793594,-1.751417,On or near Broadway,Investigation complete; no suspect identified,west-yorkshire,BDT_CI
106209807,vehicle-crime,2022-11,53.789631,-1.760594,On or near Lansdowne Place,Investigation complete; no suspect identified,west-yorkshire,BDT_CI
106199763,vehicle-crime,2022-11,53.781046,-1.759975,On or near Bottomley Street,Investigation complete; no suspect identified,west-yorkshire,BDT_CI
106222225,vehicle-crime,2022-11,53.805732,-1.744953,On or near ,Investigation complete; no suspect identified,west-yorkshire,BDT_CI
106201229,vehicle-crime,2022-11,53.804533,-1.743093,On or near Chatham Street,Investigation complete; no suspect identified,west-yorkshire,BDT_CI
106200495,vehicle-crime,2022-11,53.798655,-1.774525,On or near Glynn Terrace,Investigation complete; no suspect identified,west-yorkshire,BDT_CI
106209306,vehicle-crime,2022-11,53.793555,-1.745762,On or near ,Investigation complete; no suspect identified,west-yorkshire,BDT_CI
106217015,vehicle-crime,2022-11,53.789849,-1.775771,On or near Cottam Terrace,Investigation complete; no suspect identified,west-yorkshire,BDT_CI
106203985,vehicle-crime,2022-11,53.789112,-1.766213,On or near Sherborne Road,Investigation complete; no suspect identified,west-yorkshire,BDT_CI
106209231,vehicle-crime,2022-11,53.797546,-1.750225,On or near Mill Street,Investigation complete; no suspect identified,west-yorkshire,BDT_CI
106215008,vehicle-crime,2022-11,53.806683,-1.748212,On or near Barmouth Terrace,Investigation complete; no suspect identified,west-yorkshire,BDT_CI
106200797,vehicle-crime,2022-11,53.809414,-1.756502,On or near Canal Road,Investigation complete; no suspect identified,west-yorkshire,BDT_CI
106220974,vehicle-crime,2022-11,53.807734,-1.761007,On or near Twickenham Court,Unable to prosecute suspect,west-yorkshire,BDT_CI
106219528,vehicle-crime,2022-11,53.805070,-1.768751,On or near Back Northfield Place,Court result unavailable,west-yorkshire,BDT_CI
106219388,vehicle-crime,2022-11,53.805074,-1.743757,On or near Airedale Road,Investigation complete; no suspect identified,west-yorkshire,BDT_CI
106219088,vehicle-crime,2022-11,53.799418,-1.759991,On or near Eldon Place,Unable to prosecute suspect,west-yorkshire,BDT_CI
106213524,vehicle-crime,2022-11,53.792063,-1.758789,On or near Randall Well Street,Investigation complete; no suspect identified,west-yorkshire,BDT_CI
106200547,vehicle-crime,2022-11,53.805249,-1.763648,On or near Clifton Street,Investigation complete; no suspect identified,west-yorkshire,BDT_CI
106221180,vehicle-crime,2022-11,53.793437,-1.736633,On or near Thryberg Street,Unable to prosecute suspect,west-yorkshire,BDT_CI
106200650,vehicle-crime,2022-11,53.804020,-1.764885,On or near Grosvenor Terrace,Investigation complete; no suspect identified,west-yorkshire,BDT_CI
106220913,violent-crime,2022-11,53.791430,-1.752341,On or near Parking Area,Court result unavailable,west-yorkshire,BDT_CI
106209987,violent-crime,2022-11,53.792367,-1.757876,On or near Quebec Street,Investigation complete; no suspect identified,west-yorkshire,BDT_CI
106220983,violent-crime,2022-11,53.788072,-1.754121,On or near Reyhill Grove,Unable to prosecute suspect,west-yorkshire,BDT_CI
106222786,violent-crime,2022-11,53.806325,-1.749232,On or near Exmouth Place,Unable to prosecute suspect,west-yorkshire,BDT_CI
106697136,violent-crime,2022-11,53.795207,-1.736652,On or near Bardsey Crescent,Action to be taken by another organisation,west-yorkshire,BDT_CI
106224258,violent-crime,2022-11,53.784705,-1.764947,On or near Little Horton Green,Unable to prosecute suspect,west-yorkshire,BDT_CI
106210846,violent-crime,2022-11,53.793791,-1.755348,On or near Upper Millergate,Investigation complete; no suspect identified,west-yorkshire,BDT_CI
106219685,violent-crime,2022-11,53.793982,-1.752296,On or near Market Street,Investigation complete; no suspect identified,west-yorkshire,BDT_CI
106221248,violent-crime,2022-11,53.789141,-1.767457,On or near Back Laisteridge Lane,Unable to prosecute suspect,west-yorkshire,BDT_CI
106224757,violent-crime,2022-11,53.781441,-1.755101,On or near Megnaway,Court result unavailable,west-yorkshire,BDT_CI
106219672,violent-crime,2022-11,53.791008,-1.744010,On or near New Augustus Street,Court result unavailable,west-yorkshire,BDT_CI
106205558,violent-crime,2022-11,53.798408,-1.733110,On or near Boldshay Street,Unable to prosecute suspect,west-yorkshire,BDT_CI
106206947,violent-crime,2022-11,53.793833,-1.753982,On or near Ivegate,Court result unavailable,west-yorkshire,BDT_CI
106198643,violent-crime,2022-11,53.798638,-1.739455,On or near Storey Place,Unable to prosecute suspect,west-yorkshire,BDT_CI
106207939,violent-crime,2022-11,53.795249,-1.756554,On or near Duckett Lane,Unable to prosecute suspect,west-yorkshire,BDT_CI
106218098,violent-crime,2022-11,53.804758,-1.760659,On or near Cliffe Terrace,Unable to prosecute suspect,west-yorkshire,BDT_CI
106215497,violent-crime,2022-11,53.794982,-1.744760,On or near Scoresby Street,Investigation complete; no suspect identified,west-yorkshire,BDT_CI
106205245,violent-crime,2022-11,53.788072,-1.754121,On or near Reyhill Grove,Unable to prosecute suspect,west-yorkshire,BDT_CI
106224925,violent-crime,2022-11,53.794683,-1.761051,On or near Greenaire Place,Unable to prosecute suspect,west-yorkshire,BDT_CI
106220887,violent-crime,2022-11,53.798666,-1.744070,On or near Kendra Way,Unable to prosecute suspect,west-yorkshire,BDT_CI
106221329,violent-crime,2022-11,53.798666,-1.744070,On or near Kendra Way,Unable to prosecute suspect,west-yorkshire,BDT_CI
106222931,violent-crime,2022-11,53.803414,-1.745423,On or near Falmouth Avenue,Unable to prosecute suspect,west-yorkshire,BDT_CI
106221345,violent-crime,2022-11,53.793674,-1.759994,On or near Soho Street,Unable to prosecute suspect,west-yorkshire,BDT_CI
106221678,violent-crime,2022-11,53.806036,-1.770689,On or near Anderson Street,Unable to prosecute suspect,west-yorkshire,BDT_CI
106221647,violent-crime,2022-11,53.796738,-1.755103,On or near Upper Piccadilly,Unable to prosecute suspect,west-yorkshire,BDT_CI
106221029,violent-crime,2022-11,53.787985,-1.764671,On or near Easby Road,Investigation complete; no suspect identified,west-yorkshire,BDT_CI
106220673,violent-crime,2022-11,53.794549,-1.756771,On or near ,Investigation complete; no suspect identified,west-yorkshire,BDT_CI
106221270,violent-crime,2022-11,53.790405,-1.761257,On or near Mannville Terrace,Unable to prosecute suspect,west-yorkshire,BDT_CI
106225779,violent-crime,2022-11,53.796681,-1.748985,On or near Balme Street,Unable to prosecute suspect,west-yorkshire,BDT_CI
106205566,violent-crime,2022-11,53.801752,-1.758475,On or near Thurnscoe Road,Unable to prosecute suspect,west-yorkshire,BDT_CI
106210168,violent-crime,2022-11,53.791008,-1.744010,On or near New Augustus Street,Court result unavailable,west-yorkshire,BDT_CI
106220870,violent-crime,2022-11,53.789196,-1.758623,On or near Howard Street,Unable to prosecute suspect,west-yorkshire,BDT_CI
106222326,violent-crime,2022-11,53.788072,-1.754121,On or near Reyhill Grove,Unable to prosecute suspect,west-yorkshire,BDT_CI
124239681,violent-crime,2022-11,53.790729,-1.752439,Bradford Interchange (station),Status update unavailable,west-yorkshire,BDT_CI
106200842,violent-crime,2022-11,53.791796,-1.738662,On or near Downham Street,Unable to prosecute suspect,west-yorkshire,BDT_CI
106201185,violent-crime,2022-11,53.798916,-1.774554,On or near Hollings Street,Unable to prosecute suspect,west-yorkshire,BDT_CI
106201290,violent-crime,2022-11,53.793791,-1.755348,On or near Upper Millergate,Unable to prosecute suspect,west-yorkshire,BDT_CI
106202316,violent-crime,2022-11,53.794784,-1.757407,On or near Nightclub,Court result unavailable,west-yorkshire,BDT_CI
106202563,violent-crime,2022-11,53.788601,-1.771771,On or near Oulton Terrace,Investigation complete; no suspect identified,west-yorkshire,BDT_CI
106203210,violent-crime,2022-11,53.802078,-1.769253,On or near Fraser Street,Investigation complete; no suspect identified,west-yorkshire,BDT_CI
106203263,violent-crime,2022-11,53.803836,-1.757856,On or near Midland Road,Unable to prosecute suspect,west-yorkshire,BDT_CI
106203561,violent-crime,2022-11,53.803943,-1.744417,On or near Sunnyside Lane,Investigation complete; no suspect identified,west-yorkshire,BDT_CI
106204556,violent-crime,2022-11,53.796738,-1.755103,On or near Upper Piccadilly,Unable to prosecute suspect,west-yorkshire,BDT_CI
106204695,violent-crime,2022-11,53.791430,-1.752341,On or near ,Unable to prosecute suspect,west-yorkshire,BDT_CI
106206434,violent-crime,2022-11,53.793791,-1.755348,On or near Upper Millergate,Unable to prosecute suspect,west-yorkshire,BDT_CI
106206984,violent-crime,2022-11,53.793833,-1.753982,On or near Ivegate,Court result unavailable,west-yorkshire,BDT_CI
106207054,violent-crime,2022-11,53.800296,-1.741570,On or near Sycamore Close,Investigation complete; no suspect identified,west-yorkshire,BDT_CI
106208016,violent-crime,2022-11,53.797529,-1.742179,On or near Nuttall Road,Unable to prosecute suspect,west-yorkshire,BDT_CI
106198645,violent-crime,2022-11,53.798408,-1.733110,On or near Boldshay Street,Unable to prosecute suspect,west-yorkshire,BDT_CI
106198837,violent-crime,2022-11,53.793501,-1.749854,On or near A6181,Unable to prosecute suspect,west-yorkshire,BDT_CI
106198936,violent-crime,2022-11,53.804758,-1.760659,On or near Cliffe Terrace,Unable to prosecute suspect,west-yorkshire,BDT_CI
106219023,violent-crime,2022-11,53.794438,-1.773773,On or near Great Russell Street,Unable to prosecute suspect,west-yorkshire,BDT_CI
106219556,violent-crime,2022-11,53.799650,-1.737718,On or near Haslam Close,Unable to prosecute suspect,west-yorkshire,BDT_CI
106219822,violent-crime,2022-11,53.788072,-1.754121,On or near Reyhill Grove,Court result unavailable,west-yorkshire,BDT_CI
106220804,violent-crime,2022-11,53.789909,-1.755963,On or near ,Unable to prosecute suspect,west-yorkshire,BDT_CI
106220909,violent-crime,2022-11,53.788072,-1.754121,On or near Reyhill Grove,Investigation complete; no suspect identified,west-yorkshire,BDT_CI
106220977,violent-crime,2022-11,53.797529,-1.742179,On or near Nuttall Road,Status update unavailable,west-yorkshire,BDT_CI
106221097,violent-crime,2022-11,53.796012,-1.755866,On or near Rawson Place,Investigation complete; no suspect identified,west-yorkshire,BDT_CI
106221242,violent-crime,2022-11,53.790405,-1.761257,On or near Mannville Terrace,Unable to prosecute suspect,west-yorkshire,BDT_CI
106221448,violent-crime,2022-11,53.788072,-1.754121,On or near Reyhill Grove,Unable to prosecute suspect,west-yorkshire,BDT_CI
106221531,violent-crime,2022-11,53.794332,-1.739102,On or near Upper Mosscar Street,Court result unavailable,west-yorkshire,BDT_CI
106208574,violent-crime,2022-11,53.800296,-1.741570,On or near Sycamore Close,Unable to prosecute suspect,west-yorkshire,BDT_CI
106208590,violent-crime,2022-11,53.788072,-1.754121,On or near Reyhill Grove,Investigation complete; no suspect identified,west-yorkshire,BDT_CI
106208651,violent-crime,2022-11,53.794891,-1.752548,On or near Mann's Court,Investigation complete; no suspect identified,west-yorkshire,BDT_CI
106208679,violent-crime,2022-11,53.799418,-1.759991,On or near Eldon Place,Court result unavailable,west-yorkshire,BDT_CI
106209027,violent-crime,2022-11,53.794784,-1.757407,On or near Nightclub,Unable to prosecute suspect,west-yorkshire,BDT_CI
106209724,violent-crime,2022-11,53.794297,-1.748195,On or near Well Street,Investigation complete; no suspect identified,west-yorkshire,BDT_CI
106210429,violent-crime,2022-11,53.788379,-1.768266,On or near Spring Place,Investigation complete; no suspect identified,west-yorkshire,BDT_CI
106210842,violent-crime,2022-11,53.794891,-1.752548,On or near Mann's Court,Unable to prosecute suspect,west-yorkshire,BDT_CI
106211873,violent-crime,2022-11,53.793056,-1.752028,On or near Broadway,Unable to prosecute suspect,west-yorkshire,BDT_CI
106212082,violent-crime,2022-11,53.794549,-1.756771,On or near ,Unable to prosecute suspect,west-yorkshire,BDT_CI
106212466,violent-crime,2022-11,53.789112,-1.766213,On or near Sherborne Road,Unable to prosecute suspect,west-yorkshire,BDT_CI
106212676,violent-crime,2022-11,53.797164,-1.760870,On or near ,Unable to prosecute suspect,west-yorkshire,BDT_CI
106212910,violent-crime,2022-11,53.797882,-1.743118,On or near New Fields Walk,Unable to prosecute suspect,west-yorkshire,BDT_CI
106213059,violent-crime,2022-11,53.798638,-1.739455,On or near Storey Place,Unable to prosecute suspect,west-yorkshire,BDT_CI
106213277,violent-crime,2022-11,53.781421,-1.762977,On or near Holme Street,Unable to prosecute suspect,west-yorkshire,BDT_CI
106214225,violent-crime,2022-11,53.794891,-1.752548,On or near Mann's Court,Unable to prosecute suspect,west-yorkshire,BDT_CI
106214230,violent-crime,2022-11,53.789989,-1.778579,On or near Rugby Place,Unable to prosecute suspect,west-yorkshire,BDT_CI
106214740,violent-crime,2022-11,53.781460,-1.764677,On or near Nicola Court,Unable to prosecute suspect,west-yorkshire,BDT_CI
106216068,violent-crime,2022-11,53.792539,-1.754065,On or near Channing Way,Unable to prosecute suspect,west-yorkshire,BDT_CI
106216900,violent-crime,2022-11,53.801135,-1.773965,On or near Juniper Close,Unable to prosecute suspect,west-yorkshire,BDT_CI
106217202,violent-crime,2022-11,53.793833,-1.753982,On or near Ivegate,Investigation complete; no suspect identified,west-yorkshire,BDT_CI
106223664,violent-crime,2022-11,53.804021,-1.743081,On or near Dover Street,Unable to prosecute suspect,west-yorkshire,BDT_CI
106224743,violent-crime,2022-11,53.805191,-1.752716,On or near Valley Court,Court result unavailable,west-yorkshire,BDT_CI
106224916,violent-crime,2022-11,53.798666,-1.744070,On or near Kendra Way,Unable to prosecute suspect,west-yorkshire,BDT_CI
106225917,violent-crime,2022-11,53.793437,-1.736633,On or near Thryberg Street,Investigation complete; no suspect identified,west-yorkshire,BDT_CI
106226520,violent-crime,2022-11,53.803895,-1.769653,On or near Carlisle Place,Unable to prosecute suspect,west-yorkshire,BDT_CI
106222134,violent-crime,2022-11,53.792735,-1.772259,On or near ,Unable to prosecute suspect,west-yorkshire,BDT_CI
106222448,violent-crime,2022-11,53.798130,-1.767772,On or near City Road,Investigation complete; no suspect identified,west-yorkshire,BDT_CI
106223394,violent-crime,2022-11,53.803541,-1.745938,On or near Northallerton Road,Unable to prosecute suspect,west-yorkshire,BDT_CI
106200566,violent-crime,2022-11,53.798666,-1.744070,On or near Kendra Way,Unable to prosecute suspect,west-yorkshire,BDT_CI
106204162,violent-crime,2022-11,53.790862,-1.760435,On or near Grove Terrace,Investigation complete; no suspect identified,west-yorkshire,BDT_CI
106205199,violent-crime,2022-11,53.796015,-1.766357,On or near Sugden Street,Unable to prosecute suspect,west-yorkshire,BDT_CI
106207883,violent-crime,2022-11,53.781283,-1.761370,On or near Newberry Close,Unable to prosecute suspect,west-yorkshire,BDT_CI
106209190,violent-crime,2022-11,53.793501,-1.749854,On or near A6181,Unable to prosecute suspect,west-yorkshire,BDT_CI
106210146,violent-crime,2022-11,53.795697,-1.756041,On or near ,Investigation complete; no suspect identified,west-yorkshire,BDT_CI
106210437,violent-crime,2022-11,53.789046,-1.764756,On or near Pemberton Drive,Investigation complete; no suspect identified,west-yorkshire,BDT_CI
106210620,violent-crime,2022-11,53.792933,-1.780931,On or near Princeville Street,Investigation complete; no suspect identified,west-yorkshire,BDT_CI
106212150,violent-crime,2022-11,53.804814,-1.771136,On or near Lister View,Unable to prosecute suspect,west-yorkshire,BDT_CI
106214256,violent-crime,2022-11,53.802203,-1.746432,On or near Westminster Terrace,Action to be taken by another organisation,west-yorkshire,BDT_CI
106214779,violent-crime,2022-11,53.795742,-1.764825,On or near Water Lane,Unable to prosecute suspect,west-yorkshire,BDT_CI
106215568,violent-crime,2022-11,53.793703,-1.760586,On or near Holmfield Street,Unable to prosecute suspect,west-yorkshire,BDT_CI
106215747,violent-crime,2022-11,53.803414,-1.745423,On or near Falmouth Avenue,Unable to prosecute suspect,west-yorkshire,BDT_CI
106219921,violent-crime,2022-11,53.793437,-1.736633,On or near Thryberg Street,Unable to prosecute suspect,west-yorkshire,BDT_CI
106220490,violent-crime,2022-11,53.794982,-1.744760,On or near Scoresby Street,Unable to prosecute suspect,west-yorkshire,BDT_CI
106223353,violent-crime,2022-11,53.799989,-1.758106,On or near Brearton Street,Unable to prosecute suspect,west-yorkshire,BDT_CI
106224433,violent-crime,2022-11,53.803497,-1.759543,On or near Cornwall Terrace,Investigation complete; no suspect identified,west-yorkshire,BDT_CI
106224643,violent-crime,2022-11,53.793304,-1.754789,On or near Aldermanbury,Unable to prosecute suspect,west-yorkshire,BDT_CI
106220750,violent-crime,2022-11,53.784971,-1.762836,On or near Horton Hall Close,Unable to prosecute suspect,west-yorkshire,BDT_CI
106221470,violent-crime,2022-11,53.798666,-1.744070,On or near Kendra Way,Unable to prosecute suspect,west-yorkshire,BDT_CI
106221970,violent-crime,2022-11,53.787477,-1.757813,On or near St George's Place,Unable to prosecute suspect,west-yorkshire,BDT_CI
106222429,violent-crime,2022-11,53.793041,-1.753288,On or near Centenary Square,Unable to prosecute suspect,west-yorkshire,BDT_CI
106222653,violent-crime,2022-11,53.796681,-1.748985,On or near Balme Street,Investigation complete; no suspect identified,west-yorkshire,BDT_CI
106222850,violent-crime,2022-11,53.790016,-1.778670,On or near Staveley Road,Unable to prosecute suspect,west-yorkshire,BDT_CI
106222888,violent-crime,2022-11,53.790862,-1.760435,On or near Grove Terrace,Investigation complete; no suspect identified,west-yorkshire,BDT_CI
106223136,violent-crime,2022-11,53.803550,-1.759102,On or near Holywell Ash Lane,Unable to prosecute suspect,west-yorkshire,BDT_CI
106223139,violent-crime,2022-11,53.796681,-1.748985,On or near Balme Street,Unable to prosecute suspect,west-yorkshire,BDT_CI
106223141,violent-crime,2022-11,53.795750,-1.734281,On or near Mavis Street,Unable to prosecute suspect,west-yorkshire,BDT_CI
106223516,violent-crime,2022-11,53.797527,-1.741086,On or near Hill Side Road,Unable to prosecute suspect,west-yorkshire,BDT_CI
106224861,violent-crime,2022-11,53.798313,-1.747184,On or near Cross Sun Street,Unable to prosecute suspect,west-yorkshire,BDT_CI
106225002,violent-crime,2022-11,53.791881,-1.761993,On or near Carlton Street,Unable to prosecute suspect,west-yorkshire,BDT_CI
106225020,violent-crime,2022-11,53.794332,-1.739102,On or near Upper Mosscar Street,Unable to prosecute suspect,west-yorkshire,BDT_CI
106225500,violent-crime,2022-11,53.793041,-1.753288,On or near Centenary Square,Unable to prosecute suspect,west-yorkshire,BDT_CI
106226404,violent-crime,2022-11,53.789936,-1.764918,On or near Back Ashgrove (west),Unable to prosecute suspect,west-yorkshire,BDT_CI
106202193,violent-crime,2022-11,53.791430,-1.752341,On or near ,Investigation complete; no suspect identified,west-yorkshire,BDT_CI
106198681,violent-crime,2022-11,53.787127,-1.757815,On or near Grafton Street,Unable to prosecute suspect,west-yorkshire,BDT_CI
106209541,violent-crime,2022-11,53.803541,-1.745938,On or near Northallerton Road,Unable to prosecute suspect,west-yorkshire,BDT_CI
106212499,violent-crime,2022-11,53.789112,-1.766213,On or near Sherborne Road,Unable to prosecute suspect,west-yorkshire,BDT_CI
106212679,violent-crime,2022-11,53.795267,-1.735164,On or near Browning Street,Unable to prosecute suspect,west-yorkshire,BDT_CI
106212737,violent-crime,2022-11,53.804897,-1.767203,On or near Wilson Street,Unable to prosecute suspect,west-yorkshire,BDT_CI
106213133,violent-crime,2022-11,53.797455,-1.737154,On or near Butler Street East,Unable to prosecute suspect,west-yorkshire,BDT_CI
106213578,violent-crime,2022-11,53.797164,-1.760870,On or near ,Unable to prosecute suspect,west-yorkshire,BDT_CI
106213636,violent-crime,2022-11,53.797882,-1.743118,On or near New Fields Walk,Unable to prosecute suspect,west-yorkshire,BDT_CI
106214609,violent-crime,2022-11,53.795742,-1.764825,On or near Water Lane,Investigation complete; no suspect identified,west-yorkshire,BDT_CI
106215004,violent-crime,2022-11,53.808170,-1.763343,On or near Sahara Court,Unable to prosecute suspect,west-yorkshire,BDT_CI
106215304,violent-crime,2022-11,53.797546,-1.750225,On or near Mill Street,Investigation complete; no suspect identified,west-yorkshire,BDT_CI
106215313,violent-crime,2022-11,53.799752,-1.734939,On or near Bangla Court,Unable to prosecute suspect,west-yorkshire,BDT_CI
106215367,violent-crime,2022-11,53.794332,-1.739102,On or near Upper Mosscar Street,Unable to prosecute suspect,west-yorkshire,BDT_CI
106215394,violent-crime,2022-11,53.786212,-1.754497,On or near Heddon Grove,Unable to prosecute suspect,west-yorkshire,BDT_CI
106215460,violent-crime,2022-11,53.787112,-1.773418,On or near Primrose Hill,Unable to prosecute suspect,west-yorkshire,BDT_CI
106215494,violent-crime,2022-11,53.799186,-1.735382,On or near Hendford Drive,Unable to prosecute suspect,west-yorkshire,BDT_CI
106215576,violent-crime,2022-11,53.794991,-1.762385,On or near Silsbridge Street,Unable to prosecute suspect,west-yorkshire,BDT_CI
106215981,violent-crime,2022-11,53.797164,-1.760870,On or near ,Unable to prosecute suspect,west-yorkshire,BDT_CI
106216152,violent-crime,2022-11,53.799186,-1.735382,On or near Hendford Drive,Unable to prosecute suspect,west-yorkshire,BDT_CI
106216185,violent-crime,2022-11,53.793833,-1.753982,On or near Ivegate,Investigation complete; no suspect identified,west-yorkshire,BDT_CI
106216186,violent-crime,2022-11,53.793833,-1.753982,On or near Ivegate,Investigation complete; no suspect identified,west-yorkshire,BDT_CI
106216216,violent-crime,2022-11,53.793833,-1.753982,On or near Ivegate,Investigation complete; no suspect identified,west-yorkshire,BDT_CI
106216414,violent-crime,2022-11,53.781421,-1.762977,On or near Holme Street,Unable to prosecute suspect,west-yorkshire,BDT_CI
106216420,violent-crime,2022-11,53.794522,-1.757105,On or near Sackville Street,Investigation complete; no suspect identified,west-yorkshire,BDT_CI
106216724,violent-crime,2022-11,53.788390,-1.760297,On or near Melbourne Place,Unable to prosecute suspect,west-yorkshire,BDT_CI
106216844,violent-crime,2022-11,53.805854,-1.765042,On or near Walmer Villas,Unable to prosecute suspect,west-yorkshire,BDT_CI
106217252,violent-crime,2022-11,53.793833,-1.753982,On or near Ivegate,Investigation complete; no suspect identified,west-yorkshire,BDT_CI
106217724,violent-crime,2022-11,53.790417,-1.776770,On or near Kirkburn Place,Unable to prosecute suspect,west-yorkshire,BDT_CI
106217761,violent-crime,2022-11,53.794418,-1.749773,On or near ,Investigation complete; no suspect identified,west-yorkshire,BDT_CI
106217844,violent-crime,2022-11,53.786492,-1.759549,On or near Woodville Terrace,Investigation complete; no suspect identified,west-yorkshire,BDT_CI
106218186,violent-crime,2022-11,53.786492,-1.759549,On or near Woodville Terrace,Unable to prosecute suspect,west-yorkshire,BDT_CI
106218646,violent-crime,2022-11,53.790405,-1.761257,On or near Mannville Terrace,Unable to prosecute suspect,west-yorkshire,BDT_CI
106218733,violent-crime,2022-11,53.794586,-1.749740,On or near ,Offender given a caution,west-yorkshire,BDT_CI
106218792,violent-crime,2022-11,53.791881,-1.761993,On or near Carlton Street,Unable to prosecute suspect,west-yorkshire,BDT_CI
106218850,violent-crime,2022-11,53.792539,-1.754065,On or near Channing Way,Unable to prosecute suspect,west-yorkshire,BDT_CI
106224729,violent-crime,2022-11,53.790319,-1.762973,On or near Claremont,Unable to prosecute suspect,west-yorkshire,BDT_CI
106216500,violent-crime,2022-11,53.799418,-1.759991,On or near Eldon Place,Court result unavailable,west-yorkshire,BDT_CI
106201285,violent-crime,2022-11,53.794586,-1.749740,On or near ,Investigation complete; no suspect identified,west-yorkshire,BDT_CI
106205677,violent-crime,2022-11,53.805854,-1.765042,On or near Walmer Villas,Unable to prosecute suspect,west-yorkshire,BDT_CI
106207239,violent-crime,2022-11,53.798666,-1.744070,On or near Kendra Way,Unable to prosecute suspect,west-yorkshire,BDT_CI
106219626,violent-crime,2022-11,53.798373,-1.754517,On or near Hallfield Street,Court result unavailable,west-yorkshire,BDT_CI
106208802,violent-crime,2022-11,53.793386,-1.755244,On or near Millergate,Investigation complete; no suspect identified,west-yorkshire,BDT_CI
106212062,violent-crime,2022-11,53.794549,-1.756771,On or near ,Unable to prosecute suspect,west-yorkshire,BDT_CI
106212266,violent-crime,2022-11,53.804021,-1.743081,On or near Dover Street,Unable to prosecute suspect,west-yorkshire,BDT_CI
106213071,violent-crime,2022-11,53.802873,-1.740324,On or near Mildred Street,Unable to prosecute suspect,west-yorkshire,BDT_CI
106222108,violent-crime,2022-11,53.799525,-1.764120,On or near Gracechurch Street,Unable to prosecute suspect,west-yorkshire,BDT_CI
106223218,violent-crime,2022-11,53.786908,-1.743458,On or near Rouse Fold,Unable to prosecute suspect,west-yorkshire,BDT_CI
106203341,violent-crime,2022-11,53.790319,-1.762973,On or near Claremont,Investigation complete; no suspect identified,west-yorkshire,BDT_CI
106221098,violent-crime,2022-11,53.791677,-1.768111,On or near ,Investigation complete; no suspect identified,west-yorkshire,BDT_CI
106199310,violent-crime,2022-11,53.808548,-1.763827,On or near Parkfield Road,Unable to prosecute suspect,west-yorkshire,BDT_CI
106199335,violent-crime,2022-11,53.793056,-1.752028,On or near Broadway,Unable to prosecute suspect,west-yorkshire,BDT_CI
106199398,violent-crime,2022-11,53.799168,-1.774917,On or near Fearnsides Street,Unable to prosecute suspect,west-yorkshire,BDT_CI
106200038,violent-crime,2022-11,53.808170,-1.763343,On or near Sahara Court,Unable to prosecute suspect,west-yorkshire,BDT_CI
106200134,violent-crime,2022-11,53.793791,-1.755348,On or near Upper Millergate,Unable to prosecute suspect,west-yorkshire,BDT_CI
106200156,violent-crime,2022-11,53.793840,-1.757443,On or near Southgate,Investigation complete; no suspect identified,west-yorkshire,BDT_CI
106200184,violent-crime,2022-11,53.794462,-1.753689,On or near Queensgate,Investigation complete; no suspect identified,west-yorkshire,BDT_CI
106200322,violent-crime,2022-11,53.793386,-1.755244,On or near Millergate,Investigation complete; no suspect identified,west-yorkshire,BDT_CI
106215150,violent-crime,2022-11,53.796738,-1.755103,On or near Upper Piccadilly,Unable to prosecute suspect,west-yorkshire,BDT_CI
106216229,violent-crime,2022-11,53.803943,-1.744417,On or near Sunnyside Lane,Unable to prosecute suspect,west-yorkshire,BDT_CI
106220854,violent-crime,2022-11,53.796057,-1.747198,On or near Jermyn Street,Investigation complete; no suspect identified,west-yorkshire,BDT_CI
106221004,violent-crime,2022-11,53.794982,-1.744760,On or near Scoresby Street,Status update unavailable,west-yorkshire,BDT_CI
106221105,violent-crime,2022-11,53.795742,-1.764825,On or near Water Lane,Unable to prosecute suspect,west-yorkshire,BDT_CI
106221410,violent-crime,2022-11,53.793742,-1.771758,On or near St Martins Avenue,Unable to prosecute suspect,west-yorkshire,BDT_CI
106221420,violent-crime,2022-11,53.788934,-1.762723,On or near Ashgrove,Unable to prosecute suspect,west-yorkshire,BDT_CI
106221455,violent-crime,2022-11,53.791430,-1.752341,On or near ,Unable to prosecute suspect,west-yorkshire,BDT_CI
106221471,violent-crime,2022-11,53.794418,-1.749773,On or near ,Unable to prosecute suspect,west-yorkshire,BDT_CI
106203483,violent-crime,2022-11,53.799088,-1.739604,On or near Avenham Way,Investigation complete; no suspect identified,west-yorkshire,BDT_CI
106203532,violent-crime,2022-11,53.793017,-1.737789,On or near Edderthorpe Street,Unable to prosecute suspect,west-yorkshire,BDT_CI
106203825,violent-crime,2022-11,53.808882,-1.750963,On or near Boars Well Drive,Investigation complete; no suspect identified,west-yorkshire,BDT_CI
106204078,violent-crime,2022-11,53.792933,-1.780931,On or near Princeville Street,Investigation complete; no suspect identified,west-yorkshire,BDT_CI
106204115,violent-crime,2022-11,53.781460,-1.764677,On or near Nicola Court,Unable to prosecute suspect,west-yorkshire,BDT_CI
106201094,violent-crime,2022-11,53.786908,-1.743458,On or near Rouse Fold,Unable to prosecute suspect,west-yorkshire,BDT_CI
106201191,violent-crime,2022-11,53.799168,-1.774917,On or near Fearnsides Street,Unable to prosecute suspect,west-yorkshire,BDT_CI
106201335,violent-crime,2022-11,53.791430,-1.752341,On or near ,Investigation complete; no suspect identified,west-yorkshire,BDT_CI
106201413,violent-crime,2022-11,53.808882,-1.750963,On or near Boars Well Drive,Investigation complete; no suspect identified,west-yorkshire,BDT_CI
106201621,violent-crime,2022-11,53.803193,-1.769171,On or near Laburnum Place,Unable to prosecute suspect,west-yorkshire,BDT_CI
106201978,violent-crime,2022-11,53.804758,-1.760659,On or near Cliffe Terrace,Unable to prosecute suspect,west-yorkshire,BDT_CI
106201980,violent-crime,2022-11,53.804758,-1.760659,On or near Cliffe Terrace,Unable to prosecute suspect,west-yorkshire,BDT_CI
106202006,violent-crime,2022-11,53.794982,-1.757512,On or near Barry Street,Unable to prosecute suspect,west-yorkshire,BDT_CI
106202470,violent-crime,2022-11,53.790862,-1.760435,On or near Grove Terrace,Investigation complete; no suspect identified,west-yorkshire,BDT_CI
106202561,violent-crime,2022-11,53.794549,-1.756771,On or near ,Unable to prosecute suspect,west-yorkshire,BDT_CI
106202626,violent-crime,2022-11,53.797098,-1.763846,On or near Vaughan Street,Unable to prosecute suspect,west-yorkshire,BDT_CI
106198899,violent-crime,2022-11,53.792836,-1.763308,On or near Tumbling Hill Street,Court result unavailable,west-yorkshire,BDT_CI
106204192,violent-crime,2022-11,53.794549,-1.756771,On or near ,Investigation complete; no suspect identified,west-yorkshire,BDT_CI
106204373,violent-crime,2022-11,53.803943,-1.744417,On or near Sunnyside Lane,Unable to prosecute suspect,west-yorkshire,BDT_CI
106204570,violent-crime,2022-11,53.795844,-1.757219,On or near John Street,Investigation complete; no suspect identified,west-yorkshire,BDT_CI
106204582,violent-crime,2022-11,53.794784,-1.757407,On or near ,Investigation complete; no suspect identified,west-yorkshire,BDT_CI
106204737,violent-crime,2022-11,53.793501,-1.749854,On or near A6181,Unable to prosecute suspect,west-yorkshire,BDT_CI
106205340,violent-crime,2022-11,53.802094,-1.777604,On or near Aberford Road,Unable to prosecute suspect,west-yorkshire,BDT_CI
106205484,violent-crime,2022-11,53.794332,-1.739102,On or near Upper Mosscar Street,Unable to prosecute suspect,west-yorkshire,BDT_CI
106205577,violent-crime,2022-11,53.793501,-1.749854,On or near A6181,Investigation complete; no suspect identified,west-yorkshire,BDT_CI
106205598,violent-crime,2022-11,53.794332,-1.739102,On or near Upper Mosscar Street,Unable to prosecute suspect,west-yorkshire,BDT_CI
106205671,violent-crime,2022-11,53.805854,-1.765042,On or near Walmer Villas,Unable to prosecute suspect,west-yorkshire,BDT_CI
106205717,violent-crime,2022-11,53.786492,-1.759549,On or near Woodville Terrace,Investigation complete; no suspect identified,west-yorkshire,BDT_CI
106205777,violent-crime,2022-11,53.793056,-1.752028,On or near Broadway,Investigation complete; no suspect identified,west-yorkshire,BDT_CI
106205861,violent-crime,2022-11,53.787909,-1.744864,On or near Upper Addison Street,Investigation complete; no suspect identified,west-yorkshire,BDT_CI
106205912,violent-crime,2022-11,53.799423,-1.753706,On or near Hamm Strasse,Investigation complete; no suspect identified,west-yorkshire,BDT_CI
106206044,violent-crime,2022-11,53.790196,-1.760196,On or near Morley Street,Investigation complete; no suspect identified,west-yorkshire,BDT_CI
106206047,violent-crime,2022-11,53.788934,-1.762723,On or near Ashgrove,Investigation complete; no suspect identified,west-yorkshire,BDT_CI
106206366,violent-crime,2022-11,53.799047,-1.763227,On or near Sedgwick Close,Unable to prosecute suspect,west-yorkshire,BDT_CI
106206504,violent-crime,2022-11,53.794122,-1.751844,On or near ,Further action is not in the public interest,west-yorkshire,BDT_CI
106206533,violent-crime,2022-11,53.798666,-1.744070,On or near Kendra Way,Unable to prosecute suspect,west-yorkshire,BDT_CI
106206712,violent-crime,2022-11,53.790196,-1.760196,On or near Morley Street,Investigation complete; no suspect identified,west-yorkshire,BDT_CI
106206817,violent-crime,2022-11,53.791008,-1.744010,On or near New Augustus Street,Unable to prosecute suspect,west-yorkshire,BDT_CI
106206862,violent-crime,2022-11,53.798399,-1.772264,On or near Oakwood Court,Investigation complete; no suspect identified,west-yorkshire,BDT_CI
106206872,violent-crime,2022-11,53.797332,-1.738066,On or near Pool Court,Investigation complete; no suspect identified,west-yorkshire,BDT_CI
106206890,violent-crime,2022-11,53.802301,-1.763422,On or near Clarendon Court,Status update unavailable,west-yorkshire,BDT_CI
106206913,violent-crime,2022-11,53.802301,-1.763422,On or near Clarendon Court,Status update unavailable,west-yorkshire,BDT_CI
106207154,violent-crime,2022-11,53.805410,-1.750072,On or near Cranmer Road,Investigation complete; no suspect identified,west-yorkshire,BDT_CI
106207185,violent-crime,2022-11,53.801114,-1.758555,On or near Nesfield Street,Unable to prosecute suspect,west-yorkshire,BDT_CI
106207251,violent-crime,2022-11,53.798916,-1.774554,On or near Hollings Street,Unable to prosecute suspect,west-yorkshire,BDT_CI
106207347,violent-crime,2022-11,53.793840,-1.757443,On or near Southgate,Investigation complete; no suspect identified,west-yorkshire,BDT_CI
106207420,violent-crime,2022-11,53.794870,-1.773771,On or near Talbot Street,Unable to prosecute suspect,west-yorkshire,BDT_CI
106207479,violent-crime,2022-11,53.785051,-1.771578,On or near All Saints Road,Unable to prosecute suspect,west-yorkshire,BDT_CI
106207528,violent-crime,2022-11,53.782999,-1.762296,On or near ,Unable to prosecute suspect,west-yorkshire,BDT_CI
106207623,violent-crime,2022-11,53.794821,-1.758150,On or near Albion Street,Unable to prosecute suspect,west-yorkshire,BDT_CI
106207686,violent-crime,2022-11,53.788390,-1.760297,On or near Melbourne Place,Investigation complete; no suspect identified,west-yorkshire,BDT_CI
106207700,violent-crime,2022-11,53.793086,-1.758024,On or near New Southgate,Unable to prosecute suspect,west-yorkshire,BDT_CI
106207702,violent-crime,2022-11,53.793086,-1.758024,On or near New Southgate,Unable to prosecute suspect,west-yorkshire,BDT_CI
106207788,violent-crime,2022-11,53.794511,-1.760445,On or near Vincent Street,Unable to prosecute suspect,west-yorkshire,BDT_CI
106207918,violent-crime,2022-11,53.797164,-1.756573,On or near North Parade,Investigation complete; no suspect identified,west-yorkshire,BDT_CI
106207934,violent-crime,2022-11,53.795249,-1.756554,On or near Duckett Lane,Unable to prosecute suspect,west-yorkshire,BDT_CI
106207967,violent-crime,2022-11,53.788072,-1.754121,On or near Reyhill Grove,Unable to prosecute suspect,west-yorkshire,BDT_CI
106208152,violent-crime,2022-11,53.786104,-1.758641,On or near Giles Street,Investigation complete; no suspect identified,west-yorkshire,BDT_CI
106208193,violent-crime,2022-11,53.794991,-1.762385,On or near Silsbridge Street,Unable to prosecute suspect,west-yorkshire,BDT_CI
106198599,violent-crime,2022-11,53.803943,-1.744417,On or near Sunnyside Lane,Status update unavailable,west-yorkshire,BDT_CI
106198604,violent-crime,2022-11,53.788072,-1.754121,On or near Reyhill Grove,Court result unavailable,west-yorkshire,BDT_CI
106198684,violent-crime,2022-11,53.793710,-1.764502,On or near Smith Street,Investigation complete; no suspect identified,west-yorkshire,BDT_CI
106198766,violent-crime,2022-11,53.794586,-1.749740,On or near Shopping Area,Unable to prosecute suspect,west-yorkshire,BDT_CI
106218335,violent-crime,2022-11,53.788072,-1.754121,On or near Reyhill Grove,Court result unavailable,west-yorkshire,BDT_CI
106218675,violent-crime,2022-11,53.792204,-1.752853,On or near Norfolk Gardens,Court result unavailable,west-yorkshire,BDT_CI
106218735,violent-crime,2022-11,53.796237,-1.755820,On or near Rawson Square,Court result unavailable,west-yorkshire,BDT_CI
106218823,violent-crime,2022-11,53.793056,-1.752028,On or near Broadway,Unable to prosecute suspect,west-yorkshire,BDT_CI
106218936,violent-crime,2022-11,53.794549,-1.756771,On or near ,Investigation complete; no suspect identified,west-yorkshire,BDT_CI
106219022,violent-crime,2022-11,53.790196,-1.760196,On or near Morley Street,Status update unavailable,west-yorkshire,BDT_CI
106219090,violent-crime,2022-11,53.793056,-1.752028,On or near Broadway,Unable to prosecute suspect,west-yorkshire,BDT_CI
106219118,violent-crime,2022-11,53.788072,-1.754121,On or near Reyhill Grove,Unable to prosecute suspect,west-yorkshire,BDT_CI
106219304,violent-crime,2022-11,53.787739,-1.767511,On or near Grantham Terrace,Unable to prosecute suspect,west-yorkshire,BDT_CI
106219327,violent-crime,2022-11,53.796681,-1.748985,On or near Balme Street,Action to be taken by another organisation,west-yorkshire,BDT_CI
106219578,violent-crime,2022-11,53.785136,-1.755489,On or near Hawkshead Close,Unable to prosecute suspect,west-yorkshire,BDT_CI
106219778,violent-crime,2022-11,53.799949,-1.738930,On or near Ribbleton Grove,Unable to prosecute suspect,west-yorkshire,BDT_CI
106219942,violent-crime,2022-11,53.798087,-1.755232,On or near Hallgate,Action to be taken by another organisation,west-yorkshire,BDT_CI
106219969,violent-crime,2022-11,53.799989,-1.758106,On or near Brearton Street,Status update unavailable,west-yorkshire,BDT_CI
106219991,violent-crime,2022-11,53.781460,-1.764677,On or near Nicola Court,Unable to prosecute suspect,west-yorkshire,BDT_CI
106220049,violent-crime,2022-11,53.791008,-1.744010,On or near New Augustus Street,Formal action is not in the public interest,west-yorkshire,BDT_CI
106220070,violent-crime,2022-11,53.785136,-1.755489,On or near Hawkshead Close,Unable to prosecute suspect,west-yorkshire,BDT_CI
106220199,violent-crime,2022-11,53.797512,-1.734042,On or near Barkerend Road,Court result unavailable,west-yorkshire,BDT_CI
106220378,violent-crime,2022-11,53.793840,-1.757443,On or near Southgate,Investigation complete; no suspect identified,west-yorkshire,BDT_CI
106220494,violent-crime,2022-11,53.799047,-1.763227,On or near Sedgwick Close,Investigation complete; no suspect identified,west-yorkshire,BDT_CI
106220540,violent-crime,2022-11,53.799346,-1.738600,On or near Brookfield Road,Unable to prosecute suspect,west-yorkshire,BDT_CI
106220591,violent-crime,2022-11,53.793703,-1.760586,On or near Holmfield Street,Status update unavailable,west-yorkshire,BDT_CI
106220592,violent-crime,2022-11,53.797529,-1.742179,On or near Nuttall Road,Status update unavailable,west-yorkshire,BDT_CI
106220723,violent-crime,2022-11,53.794891,-1.752548,On or near Mann's Court,Unable to prosecute suspect,west-yorkshire,BDT_CI
106220731,violent-crime,2022-11,53.789909,-1.755963,On or near ,Unable to prosecute suspect,west-yorkshire,BDT_CI
106220747,violent-crime,2022-11,53.794891,-1.752548,On or near Mann's Court,Unable to prosecute suspect,west-yorkshire,BDT_CI
106216028,violent-crime,2022-11,53.797191,-1.752383,On or near Bradford Forster Square,Court result unavailable,west-yorkshire,BDT_CI
106216118,violent-crime,2022-11,53.795750,-1.734281,On or near Mavis Street,Unable to prosecute suspect,west-yorkshire,BDT_CI
106216202,violent-crime,2022-11,53.786492,-1.759549,On or near Woodville Terrace,Unable to prosecute suspect,west-yorkshire,BDT_CI
106216225,violent-crime,2022-11,53.797455,-1.737154,On or near Butler Street East,Unable to prosecute suspect,west-yorkshire,BDT_CI
106216331,violent-crime,2022-11,53.804826,-1.741329,On or near Airedale Crescent,Unable to prosecute suspect,west-yorkshire,BDT_CI
106216433,violent-crime,2022-11,53.799922,-1.765075,On or near Nostell Close,Unable to prosecute suspect,west-yorkshire,BDT_CI
106216608,violent-crime,2022-11,53.804859,-1.752945,On or near ,Investigation complete; no suspect identified,west-yorkshire,BDT_CI
106216834,violent-crime,2022-11,53.795249,-1.756554,On or near Duckett Lane,Unable to prosecute suspect,west-yorkshire,BDT_CI
106217116,violent-crime,2022-11,53.784705,-1.764947,On or near Little Horton Green,Unable to prosecute suspect,west-yorkshire,BDT_CI
106217147,violent-crime,2022-11,53.797596,-1.739765,On or near Bolton Street,Unable to prosecute suspect,west-yorkshire,BDT_CI
106221756,violent-crime,2022-11,53.799354,-1.733848,On or near Lonsdale Street,Unable to prosecute suspect,west-yorkshire,BDT_CI
106208767,violent-crime,2022-11,53.804826,-1.741329,On or near Airedale Crescent,Unable to prosecute suspect,west-yorkshire,BDT_CI
106208775,violent-crime,2022-11,53.792204,-1.752853,On or near Norfolk Gardens,Court result unavailable,west-yorkshire,BDT_CI
106211301,violent-crime,2022-11,53.791008,-1.744010,On or near New Augustus Street,Unable to prosecute suspect,west-yorkshire,BDT_CI
106211354,violent-crime,2022-11,53.790016,-1.778670,On or near Staveley Road,Action to be taken by another organisation,west-yorkshire,BDT_CI
106211478,violent-crime,2022-11,53.788572,-1.757033,On or near Swan Street,Court result unavailable,west-yorkshire,BDT_CI
106211644,violent-crime,2022-11,53.793056,-1.752028,On or near Broadway,Unable to prosecute suspect,west-yorkshire,BDT_CI
106211796,violent-crime,2022-11,53.794661,-1.758926,On or near ,Unable to prosecute suspect,west-yorkshire,BDT_CI
106212001,violent-crime,2022-11,53.795267,-1.735164,On or near Browning Street,Unable to prosecute suspect,west-yorkshire,BDT_CI
106212145,violent-crime,2022-11,53.799047,-1.763227,On or near Sedgwick Close,Investigation complete; no suspect identified,west-yorkshire,BDT_CI
106212205,violent-crime,2022-11,53.793833,-1.753982,On or near Ivegate,Investigation complete; no suspect identified,west-yorkshire,BDT_CI
106212328,violent-crime,2022-11,53.793056,-1.752028,On or near Broadway,Unable to prosecute suspect,west-yorkshire,BDT_CI
106212339,violent-crime,2022-11,53.792455,-1.761306,On or near Westbrook Street,Unable to prosecute suspect,west-yorkshire,BDT_CI
106212624,violent-crime,2022-11,53.794522,-1.757105,On or near Sackville Street,Investigation complete; no suspect identified,west-yorkshire,BDT_CI
106212779,violent-crime,2022-11,53.791430,-1.752341,On or near ,Investigation complete; no suspect identified,west-yorkshire,BDT_CI
106212790,violent-crime,2022-11,53.794037,-1.770982,On or near St Andrew's Villas,Unable to prosecute suspect,west-yorkshire,BDT_CI
106212919,violent-crime,2022-11,53.787909,-1.744864,On or near Upper Addison Street,Investigation complete; no suspect identified,west-yorkshire,BDT_CI
106212931,violent-crime,2022-11,53.789141,-1.767457,On or near Back Laisteridge Lane,Investigation complete; no suspect identified,west-yorkshire,BDT_CI
106213160,violent-crime,2022-11,53.794982,-1.744760,On or near Scoresby Street,Unable to prosecute suspect,west-yorkshire,BDT_CI
106213255,violent-crime,2022-11,53.793017,-1.737789,On or near Edderthorpe Street,Investigation complete; no suspect identified,west-yorkshire,BDT_CI
106213389,violent-crime,2022-11,53.791430,-1.752341,On or near ,Unable to prosecute suspect,west-yorkshire,BDT_CI
106213392,violent-crime,2022-11,53.799047,-1.763227,On or near Sedgwick Close,Investigation complete; no suspect identified,west-yorkshire,BDT_CI
106213506,violent-crime,2022-11,53.793086,-1.758024,On or near New Southgate,Investigation complete; no suspect identified,west-yorkshire,BDT_CI
106213521,violent-crime,2022-11,53.790405,-1.761257,On or near Mannville Terrace,Unable to prosecute suspect,west-yorkshire,BDT_CI
106213733,violent-crime,2022-11,53.798025,-1.755961,On or near Grammar School Street,Unable to prosecute suspect,west-yorkshire,BDT_CI
106213731,violent-crime,2022-11,53.792367,-1.757876,On or near Quebec Street,Offender given a caution,west-yorkshire,BDT_CI
106214046,violent-crime,2022-11,53.797332,-1.738066,On or near Pool Court,Investigation complete; no suspect identified,west-yorkshire,BDT_CI
106214062,violent-crime,2022-11,53.787112,-1.773418,On or near Primrose Hill,Unable to prosecute suspect,west-yorkshire,BDT_CI
106214076,violent-crime,2022-11,53.794684,-1.743957,On or near East Parade,Investigation complete; no suspect identified,west-yorkshire,BDT_CI
106214109,violent-crime,2022-11,53.781824,-1.753278,On or near Thirkhill Court,Investigation complete; no suspect identified,west-yorkshire,BDT_CI
106214320,violent-crime,2022-11,53.804758,-1.760659,On or near Cliffe Terrace,Unable to prosecute suspect,west-yorkshire,BDT_CI
106214336,violent-crime,2022-11,53.795267,-1.735164,On or near Browning Street,Unable to prosecute suspect,west-yorkshire,BDT_CI
106214456,violent-crime,2022-11,53.791008,-1.744010,On or near New Augustus Street,Unable to prosecute suspect,west-yorkshire,BDT_CI
106214707,violent-crime,2022-11,53.794784,-1.757407,On or near ,Investigation complete; no suspect identified,west-yorkshire,BDT_CI
106214708,violent-crime,2022-11,53.789141,-1.767457,On or near Back Laisteridge Lane,Unable to prosecute suspect,west-yorkshire,BDT_CI
106209029,violent-crime,2022-11,53.790972,-1.761594,On or near ,Investigation complete; no suspect identified,west-yorkshire,BDT_CI
106209274,violent-crime,2022-11,53.794462,-1.753689,On or near Queensgate,Unable to prosecute suspect,west-yorkshire,BDT_CI
106209428,violent-crime,2022-11,53.800864,-1.750965,On or near Cape Street,Investigation complete; no suspect identified,west-yorkshire,BDT_CI
106209642,violent-crime,2022-11,53.807107,-1.767069,On or near Back Blenheim Mount,Status update unavailable,west-yorkshire,BDT_CI
106209681,violent-crime,2022-11,53.807107,-1.767069,On or near Back Blenheim Mount,Investigation complete; no suspect identified,west-yorkshire,BDT_CI
106209685,violent-crime,2022-11,53.808191,-1.748552,On or near ,Investigation complete; no suspect identified,west-yorkshire,BDT_CI
106209810,violent-crime,2022-11,53.797420,-1.754492,On or near Stone Street,Unable to prosecute suspect,west-yorkshire,BDT_CI
106210264,violent-crime,2022-11,53.794122,-1.751844,On or near ,Investigation complete; no suspect identified,west-yorkshire,BDT_CI
106210416,violent-crime,2022-11,53.788379,-1.768266,On or near Spring Place,Investigation complete; no suspect identified,west-yorkshire,BDT_CI
106210564,violent-crime,2022-11,53.794323,-1.751686,On or near Charles Street,Investigation complete; no suspect identified,west-yorkshire,BDT_CI
106210644,violent-crime,2022-11,53.788072,-1.754121,On or near Reyhill Grove,Court result unavailable,west-yorkshire,BDT_CI
106210648,violent-crime,2022-11,53.792367,-1.757876,On or near Quebec Street,Court result unavailable,west-yorkshire,BDT_CI
106210766,violent-crime,2022-11,53.806195,-1.769352,On or near East Squire Lane,Status update unavailable,west-yorkshire,BDT_CI
106210763,violent-crime,2022-11,53.793791,-1.755348,On or near Upper Millergate,Unable to prosecute suspect,west-yorkshire,BDT_CI
106210832,violent-crime,2022-11,53.794586,-1.749740,On or near ,Investigation complete; no suspect identified,west-yorkshire,BDT_CI
106210864,violent-crime,2022-11,53.797098,-1.763846,On or near Vaughan Street,Unable to prosecute suspect,west-yorkshire,BDT_CI
106211092,violent-crime,2022-11,53.787001,-1.766923,On or near A647,Court result unavailable,west-yorkshire,BDT_CI
106211096,violent-crime,2022-11,53.787001,-1.766923,On or near A647,Unable to prosecute suspect,west-yorkshire,BDT_CI
106217283,violent-crime,2022-11,53.793840,-1.757443,On or near Southgate,Investigation complete; no suspect identified,west-yorkshire,BDT_CI
106217375,violent-crime,2022-11,53.794982,-1.744760,On or near Scoresby Street,Unable to prosecute suspect,west-yorkshire,BDT_CI
106217584,violent-crime,2022-11,53.794418,-1.749773,On or near ,Court result unavailable,west-yorkshire,BDT_CI
106217597,violent-crime,2022-11,53.793840,-1.757443,On or near Southgate,Investigation complete; no suspect identified,west-yorkshire,BDT_CI
106217602,violent-crime,2022-11,53.783395,-1.757169,On or near Clayton Lane,Investigation complete; no suspect identified,west-yorkshire,BDT_CI
106217681,violent-crime,2022-11,53.805544,-1.772043,On or near Carlisle Road,Unable to prosecute suspect,west-yorkshire,BDT_CI
106217734,violent-crime,2022-11,53.793661,-1.753482,On or near Tyrrel Street,Investigation complete; no suspect identified,west-yorkshire,BDT_CI
106217792,violent-crime,2022-11,53.791430,-1.752341,On or near ,Court result unavailable,west-yorkshire,BDT_CI
106218165,violent-crime,2022-11,53.806387,-1.766117,On or near Marlborough Road,Unable to prosecute suspect,west-yorkshire,BDT_CI
106223443,violent-crime,2022-11,53.787477,-1.757813,On or near St George's Place,Unable to prosecute suspect,west-yorkshire,BDT_CI
106224056,violent-crime,2022-11,53.799088,-1.739604,On or near Avenham Way,Unable to prosecute suspect,west-yorkshire,BDT_CI
106224766,violent-crime,2022-11,53.789046,-1.764756,On or near Pemberton Drive,Unable to prosecute suspect,west-yorkshire,BDT_CI
106224941,violent-crime,2022-11,53.803836,-1.757856,On or near Midland Road,Court result unavailable,west-yorkshire,BDT_CI
106224971,violent-crime,2022-11,53.787112,-1.773418,On or near Primrose Hill,Unable to prosecute suspect,west-yorkshire,BDT_CI
106224969,violent-crime,2022-11,53.798666,-1.744070,On or near Kendra Way,Unable to prosecute suspect,west-yorkshire,BDT_CI
106225230,violent-crime,2022-11,53.792836,-1.763308,On or near Tumbling Hill Street,Court result unavailable,west-yorkshire,BDT_CI
106225525,violent-crime,2022-11,53.793661,-1.753482,On or near Tyrrel Street,Unable to prosecute suspect,west-yorkshire,BDT_CI
106225738,violent-crime,2022-11,53.793791,-1.755348,On or near Upper Millergate,Unable to prosecute suspect,west-yorkshire,BDT_CI
106226087,violent-crime,2022-11,53.788072,-1.754121,On or near Reyhill Grove,Court result unavailable,west-yorkshire,BDT_CI
106226125,violent-crime,2022-11,53.793840,-1.757443,On or near Southgate,Unable to prosecute suspect,west-yorkshire,BDT_CI
106226159,violent-crime,2022-11,53.798666,-1.744070,On or near Kendra Way,Unable to prosecute suspect,west-yorkshire,BDT_CI
106226484,violent-crime,2022-11,53.802572,-1.773593,On or near Leyburne Street,Unable to prosecute suspect,west-yorkshire,BDT_CI
106222374,violent-crime,2022-11,53.803270,-1.767425,On or near Back Southfield Square,Status update unavailable,west-yorkshire,BDT_CI
106222421,violent-crime,2022-11,53.781908,-1.750804,On or near Upper Castle Street,Status update unavailable,west-yorkshire,BDT_CI
106222500,violent-crime,2022-11,53.782394,-1.764474,On or near Little Horton Lane,Unable to prosecute suspect,west-yorkshire,BDT_CI
106222549,violent-crime,2022-11,53.796681,-1.748985,On or near Balme Street,Court result unavailable,west-yorkshire,BDT_CI
106222611,violent-crime,2022-11,53.796681,-1.748985,On or near Balme Street,Court result unavailable,west-yorkshire,BDT_CI
106222739,violent-crime,2022-11,53.788072,-1.754121,On or near Reyhill Grove,Court result unavailable,west-yorkshire,BDT_CI
106223172,violent-crime,2022-11,53.802029,-1.744900,On or near Stanacre Place,Unable to prosecute suspect,west-yorkshire,BDT_CI
106223285,violent-crime,2022-11,53.789046,-1.764756,On or near Pemberton Drive,Status update unavailable,west-yorkshire,BDT_CI
106203176,violent-crime,2022-11,53.795249,-1.756554,On or near Duckett Lane,Investigation complete; no suspect identified,west-yorkshire,BDT_CI
106203312,violent-crime,2022-11,53.785136,-1.755489,On or near Hawkshead Close,Unable to prosecute suspect,west-yorkshire,BDT_CI
106203354,violent-crime,2022-11,53.790417,-1.776770,On or near Kirkburn Place,Investigation complete; no suspect identified,west-yorkshire,BDT_CI
106198952,violent-crime,2022-11,53.793791,-1.755348,On or near Upper Millergate,Investigation complete; no suspect identified,west-yorkshire,BDT_CI
106199349,violent-crime,2022-11,53.791256,-1.759780,On or near Southbrook Terrace,Unable to prosecute suspect,west-yorkshire,BDT_CI
106199606,violent-crime,2022-11,53.803550,-1.759102,On or near Holywell Ash Lane,Unable to prosecute suspect,west-yorkshire,BDT_CI
106201963,violent-crime,2022-11,53.790319,-1.762973,On or near Claremont,Investigation complete; no suspect identified,west-yorkshire,BDT_CI
106203719,violent-crime,2022-11,53.799423,-1.753706,On or near Hamm Strasse,Unable to prosecute suspect,west-yorkshire,BDT_CI
106203742,violent-crime,2022-11,53.800296,-1.741570,On or near Sycamore Close,Unable to prosecute suspect,west-yorkshire,BDT_CI
106205177,violent-crime,2022-11,53.796237,-1.755820,On or near Rawson Square,Investigation complete; no suspect identified,west-yorkshire,BDT_CI
106206732,violent-crime,2022-11,53.796053,-1.754181,On or near Duke Street,Unable to prosecute suspect,west-yorkshire,BDT_CI
106206991,violent-crime,2022-11,53.794991,-1.762385,On or near Silsbridge Street,Unable to prosecute suspect,west-yorkshire,BDT_CI
106207558,violent-crime,2022-11,53.801281,-1.775361,On or near Dalton Terrace,Investigation complete; no suspect identified,west-yorkshire,BDT_CI
106210857,violent-crime,2022-11,53.788416,-1.755440,On or near ,Investigation complete; no suspect identified,west-yorkshire,BDT_CI
106211065,violent-crime,2022-11,53.806855,-1.766797,On or near Blenheim Road,Unable to prosecute suspect,west-yorkshire,BDT_CI
106212735,violent-crime,2022-11,53.796681,-1.748985,On or near Balme Street,Investigation complete; no suspect identified,west-yorkshire,BDT_CI
106212859,violent-crime,2022-11,53.790196,-1.760196,On or near Morley Street,Unable to prosecute suspect,west-yorkshire,BDT_CI
106213995,violent-crime,2022-11,53.794297,-1.748195,On or near Well Street,Investigation complete; no suspect identified,west-yorkshire,BDT_CI
106214164,violent-crime,2022-11,53.789046,-1.764756,On or near Pemberton Drive,Investigation complete; no suspect identified,west-yorkshire,BDT_CI
106214278,violent-crime,2022-11,53.798455,-1.759374,On or near Houghton Place,Investigation complete; no suspect identified,west-yorkshire,BDT_CI
106214597,violent-crime,2022-11,53.793555,-1.745762,On or near ,Unable to prosecute suspect,west-yorkshire,BDT_CI
106214941,violent-crime,2022-11,53.788072,-1.754121,On or near Reyhill Grove,Investigation complete; no suspect identified,west-yorkshire,BDT_CI
106223246,violent-crime,2022-11,53.787985,-1.764671,On or near Easby Road,Unable to prosecute suspect,west-yorkshire,BDT_CI
106223390,violent-crime,2022-11,53.795742,-1.764825,On or near Water Lane,Unable to prosecute suspect,west-yorkshire,BDT_CI
106223457,violent-crime,2022-11,53.794661,-1.758926,On or near ,Unable to prosecute suspect,west-yorkshire,BDT_CI
106220990,violent-crime,2022-11,53.788072,-1.754121,On or near Reyhill Grove,Court result unavailable,west-yorkshire,BDT_CI
106215077,violent-crime,2022-11,53.792367,-1.757876,On or near Quebec Street,Court result unavailable,west-yorkshire,BDT_CI
106215426,violent-crime,2022-11,53.791430,-1.752341,On or near ,Unable to prosecute suspect,west-yorkshire,BDT_CI
106215572,violent-crime,2022-11,53.793703,-1.760586,On or near Holmfield Street,Unable to prosecute suspect,west-yorkshire,BDT_CI
106215596,violent-crime,2022-11,53.803541,-1.745938,On or near Northallerton Road,Unable to prosecute suspect,west-yorkshire,BDT_CI
106215702,violent-crime,2022-11,53.793833,-1.753982,On or near Ivegate,Unable to prosecute suspect,west-yorkshire,BDT_CI
106215876,violent-crime,2022-11,53.798313,-1.747184,On or near Cross Sun Street,Court result unavailable,west-yorkshire,BDT_CI
106198777,violent-crime,2022-11,53.787985,-1.764671,On or near Easby Road,Unable to prosecute suspect,west-yorkshire,BDT_CI
106199307,violent-crime,2022-11,53.794673,-1.747176,On or near Currer Street,Unable to prosecute suspect,west-yorkshire,BDT_CI
106200420,violent-crime,2022-11,53.791242,-1.766231,On or near ,Investigation complete; no suspect identified,west-yorkshire,BDT_CI
106201849,violent-crime,2022-11,53.801824,-1.772489,On or near Arnold Place,Investigation complete; no suspect identified,west-yorkshire,BDT_CI
106201951,violent-crime,2022-11,53.794582,-1.759822,On or near ,Investigation complete; no suspect identified,west-yorkshire,BDT_CI
106201957,violent-crime,2022-11,53.793791,-1.755348,On or near Upper Millergate,Unable to prosecute suspect,west-yorkshire,BDT_CI
106202233,violent-crime,2022-11,53.803900,-1.754105,On or near ,Investigation complete; no suspect identified,west-yorkshire,BDT_CI
106202491,violent-crime,2022-11,53.797098,-1.763846,On or near Vaughan Street,Unable to prosecute suspect,west-yorkshire,BDT_CI
106202564,violent-crime,2022-11,53.788601,-1.771771,On or near Oulton Terrace,Investigation complete; no suspect identified,west-yorkshire,BDT_CI
106203338,violent-crime,2022-11,53.790417,-1.776770,On or near Kirkburn Place,Investigation complete; no suspect identified,west-yorkshire,BDT_CI
106204575,violent-crime,2022-11,53.795844,-1.757219,On or near John Street,Investigation complete; no suspect identified,west-yorkshire,BDT_CI
106204581,violent-crime,2022-11,53.793840,-1.757443,On or near Southgate,Investigation complete; no suspect identified,west-yorkshire,BDT_CI
106204741,violent-crime,2022-11,53.802623,-1.777055,On or near Tile Street,Investigation complete; no suspect identified,west-yorkshire,BDT_CI
106205042,violent-crime,2022-11,53.792860,-1.735832,On or near Knowsley Street,Investigation complete; no suspect identified,west-yorkshire,BDT_CI
106205205,violent-crime,2022-11,53.793703,-1.760586,On or near Holmfield Street,Investigation complete; no suspect identified,west-yorkshire,BDT_CI
106205313,violent-crime,2022-11,53.789046,-1.764756,On or near Pemberton Drive,Unable to prosecute suspect,west-yorkshire,BDT_CI
106205316,violent-crime,2022-11,53.806855,-1.766797,On or near Blenheim Road,Unable to prosecute suspect,west-yorkshire,BDT_CI
106205385,violent-crime,2022-11,53.793041,-1.753288,On or near Centenary Square,Investigation complete; no suspect identified,west-yorkshire,BDT_CI
106205399,violent-crime,2022-11,53.799418,-1.759991,On or near Eldon Place,Unable to prosecute suspect,west-yorkshire,BDT_CI
106205437,violent-crime,2022-11,53.802029,-1.744900,On or near Stanacre Place,Unable to prosecute suspect,west-yorkshire,BDT_CI
106205455,violent-crime,2022-11,53.794332,-1.739102,On or near Upper Mosscar Street,Unable to prosecute suspect,west-yorkshire,BDT_CI
106205477,violent-crime,2022-11,53.789046,-1.764756,On or near Pemberton Drive,Unable to prosecute suspect,west-yorkshire,BDT_CI
106205910,violent-crime,2022-11,53.799423,-1.753706,On or near Hamm Strasse,Investigation complete; no suspect identified,west-yorkshire,BDT_CI
106206493,violent-crime,2022-11,53.786104,-1.758641,On or near Giles Street,Unable to prosecute suspect,west-yorkshire,BDT_CI
106206630,violent-crime,2022-11,53.794366,-1.746631,On or near Hick Street,Investigation complete; no suspect identified,west-yorkshire,BDT_CI
106206655,violent-crime,2022-11,53.794462,-1.753689,On or near Queensgate,Investigation complete; no suspect identified,west-yorkshire,BDT_CI
106206820,violent-crime,2022-11,53.791008,-1.744010,On or near New Augustus Street,Unable to prosecute suspect,west-yorkshire,BDT_CI
106207269,violent-crime,2022-11,53.788072,-1.754121,On or near Reyhill Grove,Court result unavailable,west-yorkshire,BDT_CI
106207431,violent-crime,2022-11,53.794870,-1.773771,On or near Talbot Street,Unable to prosecute suspect,west-yorkshire,BDT_CI
106207691,violent-crime,2022-11,53.798627,-1.760269,On or near Hallfield Road,Investigation complete; no suspect identified,west-yorkshire,BDT_CI
106208070,violent-crime,2022-11,53.787214,-1.774951,On or near St Margaret's Terrace,Unable to prosecute suspect,west-yorkshire,BDT_CI
106208584,violent-crime,2022-11,53.798627,-1.760269,On or near Hallfield Road,Investigation complete; no suspect identified,west-yorkshire,BDT_CI
106209292,violent-crime,2022-11,53.791430,-1.752341,On or near ,Investigation complete; no suspect identified,west-yorkshire,BDT_CI
106211210,violent-crime,2022-11,53.793086,-1.758024,On or near New Southgate,Unable to prosecute suspect,west-yorkshire,BDT_CI
106216148,violent-crime,2022-11,53.795750,-1.734281,On or near Mavis Street,Unable to prosecute suspect,west-yorkshire,BDT_CI
106216527,violent-crime,2022-11,53.795742,-1.764825,On or near Water Lane,Court result unavailable,west-yorkshire,BDT_CI
106216825,violent-crime,2022-11,53.783880,-1.756832,On or near ,Unable to prosecute suspect,west-yorkshire,BDT_CI
106217984,violent-crime,2022-11,53.793833,-1.753982,On or near Ivegate,Investigation complete; no suspect identified,west-yorkshire,BDT_CI
106218238,violent-crime,2022-11,53.794586,-1.749740,On or near ,Court result unavailable,west-yorkshire,BDT_CI
106218702,violent-crime,2022-11,53.792204,-1.752853,On or near Norfolk Gardens,Court result unavailable,west-yorkshire,BDT_CI
106219524,violent-crime,2022-11,53.793661,-1.753482,On or near Tyrrel Street,Court result unavailable,west-yorkshire,BDT_CI
106219527,violent-crime,2022-11,53.795747,-1.753788,On or near Piccadilly,Court result unavailable,west-yorkshire,BDT_CI
106219537,violent-crime,2022-11,53.801135,-1.773965,On or near Juniper Close,Unable to prosecute suspect,west-yorkshire,BDT_CI
106219584,violent-crime,2022-11,53.793833,-1.753982,On or near Ivegate,Court result unavailable,west-yorkshire,BDT_CI
106219973,violent-crime,2022-11,53.781460,-1.764677,On or near Nicola Court,Unable to prosecute suspect,west-yorkshire,BDT_CI
106220008,violent-crime,2022-11,53.792204,-1.752853,On or near Norfolk Gardens,Unable to prosecute suspect,west-yorkshire,BDT_CI
106221299,violent-crime,2022-11,53.795249,-1.756554,On or near Duckett Lane,Investigation complete; no suspect identified,west-yorkshire,BDT_CI
106222133,violent-crime,2022-11,53.803033,-1.765558,On or near Lilian Armitage Close,Investigation complete; no suspect identified,west-yorkshire,BDT_CI
106222350,violent-crime,2022-11,53.796012,-1.755866,On or near Rawson Place,Investigation complete; no suspect identified,west-yorkshire,BDT_CI
106223509,violent-crime,2022-11,53.789046,-1.764756,On or near Pemberton Drive,Unable to prosecute suspect,west-yorkshire,BDT_CI
106225218,violent-crime,2022-11,53.797164,-1.756573,On or near North Parade,Court result unavailable,west-yorkshire,BDT_CI
106226155,violent-crime,2022-11,53.793833,-1.753982,On or near Ivegate,Court result unavailable,west-yorkshire,BDT_CI
106201983,violent-crime,2022-11,53.804758,-1.760659,On or near Cliffe Terrace,Unable to prosecute suspect,west-yorkshire,BDT_CI
106202528,violent-crime,2022-11,53.804826,-1.741329,On or near Airedale Crescent,Investigation complete; no suspect identified,west-yorkshire,BDT_CI
106202672,violent-crime,2022-11,53.794122,-1.751844,On or near ,Unable to prosecute suspect,west-yorkshire,BDT_CI
106204185,violent-crime,2022-11,53.794297,-1.748195,On or near Well Street,Unable to prosecute suspect,west-yorkshire,BDT_CI
106204313,violent-crime,2022-11,53.788072,-1.754121,On or near Reyhill Grove,Court result unavailable,west-yorkshire,BDT_CI
106215689,violent-crime,2022-11,53.800279,-1.754627,On or near Shopping Area,Local resolution,west-yorkshire,BDT_CI
106220982,violent-crime,2022-11,53.793501,-1.749854,On or near A6181,Unable to prosecute suspect,west-yorkshire,BDT_CI
106198613,other-crime,2022-11,53.789909,-1.755963,On or near ,Unable to prosecute suspect,west-yorkshire,BDT_CI
106208173,other-crime,2022-11,53.798502,-1.769911,On or near Bilton Place,Unable to prosecute suspect,west-yorkshire,BDT_CI
106219536,other-crime,2022-11,53.802899,-1.770661,On or near Priestman Street,Unable to prosecute suspect,west-yorkshire,BDT_CI
106216249,other-crime,2022-11,53.799949,-1.738930,On or near Ribbleton Grove,Unable to prosecute suspect,west-yorkshire,BDT_CI
106214666,other-crime,2022-11,53.803817,-1.762122,On or near Manningham Lane,Investigation complete; no suspect identified,west-yorkshire,BDT_CI
106225032,other-crime,2022-11,53.788999,-1.768475,On or near Shearbridge Terrace,Court result unavailable,west-yorkshire,BDT_CI
106205561,other-crime,2022-11,53.794586,-1.749740,On or near ,Investigation complete; no suspect identified,west-yorkshire,BDT_CI
106224906,other-crime,2022-11,53.793591,-1.741550,On or near Joseph Street,Court result unavailable,west-yorkshire,BDT_CI
106217526,other-crime,2022-11,53.788030,-1.773808,On or near Summerseat Place,Unable to prosecute suspect,west-yorkshire,BDT_CI
106217402,other-crime,2022-11,53.795791,-1.762168,On or near Wigan Street,Status update unavailable,west-yorkshire,BDT_CI
106210319,other-crime,2022-11,53.799418,-1.759991,On or near Eldon Place,Unable to prosecute suspect,west-yorkshire,BDT_CI
106202465,other-crime,2022-11,53.790862,-1.760435,On or near Grove Terrace,Investigation complete; no suspect identified,west-yorkshire,BDT_CI
106214462,other-crime,2022-11,53.798455,-1.759374,On or near Houghton Place,Court result unavailable,west-yorkshire,BDT_CI
106202541,other-crime,2022-11,53.795742,-1.764825,On or near Water Lane,Unable to prosecute suspect,west-yorkshire,BDT_CI
106214445,other-crime,2022-11,53.798130,-1.767772,On or near City Road,Court result unavailable,west-yorkshire,BDT_CI
106215462,other-crime,2022-11,53.784276,-1.770595,On or near Horton Park Avenue,Investigation complete; no suspect identified,west-yorkshire,BDT_CI
106230477,anti-social-behaviour,2022-11,53.845837,-1.796873,On or near Prod Lane,,west-yorkshire,BDT_SH
106198960,burglary,2022-11,53.860574,-1.811459,On or near Glen Way,Investigation complete; no suspect identified,west-yorkshire,BDT_SH
106221721,burglary,2022-11,53.855559,-1.775041,On or near Heaton Close,Unable to prosecute suspect,west-yorkshire,BDT_SH
106216810,criminal-damage-arson,2022-11,53.855366,-1.773126,On or near Brantcliffe Drive,Investigation complete; no suspect identified,west-yorkshire,BDT_SH
106217759,other-theft,2022-11,53.855582,-1.778111,On or near Heather Side,Investigation complete; no suspect identified,west-yorkshire,BDT_SH
106206466,other-theft,2022-11,53.855582,-1.778111,On or near Heather Side,Investigation complete; no suspect identified,west-yorkshire,BDT_SH
106215216,possession-of-weapons,2022-11,53.850177,-1.776042,On or near Belmont Avenue,Court result unavailable,west-yorkshire,BDT_SH
106220274,vehicle-crime,2022-11,53.849188,-1.781064,On or near Leyfield,Unable to prosecute suspect,west-yorkshire,BDT_SH
106215147,vehicle-crime,2022-11,53.851162,-1.774319,On or near Westcliffe Avenue,Unable to prosecute suspect,west-yorkshire,BDT_SH
106215182,vehicle-crime,2022-11,53.851565,-1.773466,On or near Westmoor Avenue,Unable to prosecute suspect,west-yorkshire,BDT_SH
106207870,vehicle-crime,2022-11,53.849992,-1.773474,On or near Greencliffe Avenue,Unable to prosecute suspect,west-yorkshire,BDT_SH
106200898,violent-crime,2022-11,53.849188,-1.781064,On or near Leyfield,Unable to prosecute suspect,west-yorkshire,BDT_SH
106203109,violent-crime,2022-11,53.846717,-1.786092,On or near Westleigh Drive,Unable to prosecute suspect,west-yorkshire,BDT_SH
106205472,violent-crime,2022-11,53.855582,-1.778111,On or near Heather Side,Unable to prosecute suspect,west-yorkshire,BDT_SH
106219379,violent-crime,2022-11,53.855491,-1.814537,On or near Bewick Drive,Unable to prosecute suspect,west-yorkshire,BDT_SH
106219413,violent-crime,2022-11,53.855491,-1.814537,On or near Bewick Drive,Investigation complete; no suspect identified,west-yorkshire,BDT_SH
106219469,violent-crime,2022-11,53.855491,-1.814537,On or near Bewick Drive,Unable to prosecute suspect,west-yorkshire,BDT_SH
106213983,violent-crime,2022-11,53.858675,-1.816135,On or near Beech Grove,Unable to prosecute suspect,west-yorkshire,BDT_SH
106214427,violent-crime,2022-11,53.849188,-1.781064,On or near Leyfield,Unable to prosecute suspect,west-yorkshire,BDT_SH
106220193,violent-crime,2022-11,53.850057,-1.811187,On or near Spire Heights,Unable to prosecute suspect,west-yorkshire,BDT_SH
106199868,violent-crime,2022-11,53.855815,-1.768076,On or near Moorgate,Investigation complete; no suspect identified,west-yorkshire,BDT_SH
106220820,other-crime,2022-11,53.851138,-1.775672,On or near Hope Lane,Offender given a caution,west-yorkshire,BDT_SH
106227229,anti-social-behaviour,2022-11,53.725052,-1.890343,On or near Spring Hall Grove,,west-yorkshire,CDT_HX
106227511,anti-social-behaviour,2022-11,53.724194,-1.860277,On or near Town Hall Street East,,west-yorkshire,CDT_HX
106227809,anti-social-behaviour,2022-11,53.734493,-1.875432,On or near Rushworth Street,,west-yorkshire,CDT_HX
106229463,anti-social-behaviour,2022-11,53.726362,-1.854677,On or near ,,west-yorkshire,CDT_HX
106228456,anti-social-behaviour,2022-11,53.734097,-1.874691,On or near Brighton Street,,west-yorkshire,CDT_HX
106229430,anti-social-behaviour,2022-11,53.726362,-1.854677,On or near ,,west-yorkshire,CDT_HX
106230738,anti-social-behaviour,2022-11,53.721145,-1.875169,On or near Francis Street,,west-yorkshire,CDT_HX
106228368,anti-social-behaviour,2022-11,53.727287,-1.877651,On or near Violet Street North,,west-yorkshire,CDT_HX
106228452,anti-social-behaviour,2022-11,53.715579,-1.881110,On or near Lombard Street,,west-yorkshire,CDT_HX
106228612,anti-social-behaviour,2022-11,53.722553,-1.855676,On or near Berwick Street,,west-yorkshire,CDT_HX
106230535,anti-social-behaviour,2022-11,53.736460,-1.866164,On or near Fern Street,,west-yorkshire,CDT_HX
106228981,anti-social-behaviour,2022-11,53.732954,-1.874012,On or near Woodville Street,,west-yorkshire,CDT_HX
106226595,anti-social-behaviour,2022-11,53.713841,-1.854266,On or near Boys Lane,,west-yorkshire,CDT_HX
106228346,anti-social-behaviour,2022-11,53.725198,-1.873853,On or near Stansfield Close,,west-yorkshire,CDT_HX
106228714,anti-social-behaviour,2022-11,53.724279,-1.864202,On or near Victoria Street,,west-yorkshire,CDT_HX
106228738,anti-social-behaviour,2022-11,53.727337,-1.874120,On or near Sefton Terrace,,west-yorkshire,CDT_HX
106227131,anti-social-behaviour,2022-11,53.718197,-1.883875,On or near Clifton Avenue,,west-yorkshire,CDT_HX
106228986,anti-social-behaviour,2022-11,53.737712,-1.868752,On or near Mcburney Close,,west-yorkshire,CDT_HX
106227246,anti-social-behaviour,2022-11,53.725840,-1.878428,On or near Little Baines Street,,west-yorkshire,CDT_HX
106229113,anti-social-behaviour,2022-11,53.722051,-1.864952,On or near Lord Street,,west-yorkshire,CDT_HX
106228679,anti-social-behaviour,2022-11,53.722051,-1.864952,On or near Lord Street,,west-yorkshire,CDT_HX
106229510,anti-social-behaviour,2022-11,53.726362,-1.854677,On or near ,,west-yorkshire,CDT_HX
106228210,anti-social-behaviour,2022-11,53.722479,-1.861965,On or near George Square,,west-yorkshire,CDT_HX
106228492,anti-social-behaviour,2022-11,53.724194,-1.860277,On or near Town Hall Street East,,west-yorkshire,CDT_HX
106228675,anti-social-behaviour,2022-11,53.726531,-1.886596,On or near Spinners Close,,west-yorkshire,CDT_HX
106228594,anti-social-behaviour,2022-11,53.724817,-1.888995,On or near ,,west-yorkshire,CDT_HX
106226573,anti-social-behaviour,2022-11,53.723875,-1.881117,On or near Raven Street,,west-yorkshire,CDT_HX
106228666,anti-social-behaviour,2022-11,53.724817,-1.888995,On or near ,,west-yorkshire,CDT_HX
106228729,anti-social-behaviour,2022-11,53.726639,-1.860860,On or near Akroyd Place,,west-yorkshire,CDT_HX
106229823,anti-social-behaviour,2022-11,53.720655,-1.862441,On or near Carlton Terrace,,west-yorkshire,CDT_HX
106230201,anti-social-behaviour,2022-11,53.727187,-1.886078,On or near Queensway,,west-yorkshire,CDT_HX
106229716,anti-social-behaviour,2022-11,53.717612,-1.883013,On or near Damson Place,,west-yorkshire,CDT_HX
106229689,anti-social-behaviour,2022-11,53.725301,-1.862077,On or near Orange Street,,west-yorkshire,CDT_HX
106229608,anti-social-behaviour,2022-11,53.725301,-1.862077,On or near Orange Street,,west-yorkshire,CDT_HX
106227849,anti-social-behaviour,2022-11,53.722971,-1.859493,On or near Russell Street,,west-yorkshire,CDT_HX
106230238,anti-social-behaviour,2022-11,53.726362,-1.854677,On or near ,,west-yorkshire,CDT_HX
106229478,anti-social-behaviour,2022-11,53.722692,-1.867663,On or near Bedford Street,,west-yorkshire,CDT_HX
106226600,anti-social-behaviour,2022-11,53.717612,-1.883013,On or near Damson Place,,west-yorkshire,CDT_HX
106226712,anti-social-behaviour,2022-11,53.723182,-1.855764,On or near Causeway,,west-yorkshire,CDT_HX
106227018,anti-social-behaviour,2022-11,53.720029,-1.857442,On or near Wellington Place,,west-yorkshire,CDT_HX
106227119,anti-social-behaviour,2022-11,53.721056,-1.866910,On or near ,,west-yorkshire,CDT_HX
106227113,anti-social-behaviour,2022-11,53.727187,-1.886078,On or near Queensway,,west-yorkshire,CDT_HX
106227124,anti-social-behaviour,2022-11,53.717612,-1.883013,On or near Damson Place,,west-yorkshire,CDT_HX
106209949,bicycle-theft,2022-11,53.723280,-1.863023,On or near Central Street,Investigation complete; no suspect identified,west-yorkshire,CDT_HX
106219366,burglary,2022-11,53.734196,-1.858743,On or near Bradford Old Road,Investigation complete; no suspect identified,west-yorkshire,CDT_HX
106210033,burglary,2022-11,53.727049,-1.872294,On or near ,Investigation complete; no suspect identified,west-yorkshire,CDT_HX
106207591,burglary,2022-11,53.727049,-1.872294,On or near ,Investigation complete; no suspect identified,west-yorkshire,CDT_HX
106205321,burglary,2022-11,53.719240,-1.859021,On or near Clare Road,Investigation complete; no suspect identified,west-yorkshire,CDT_HX
106203880,burglary,2022-11,53.723211,-1.862096,On or near ,Investigation complete; no suspect identified,west-yorkshire,CDT_HX
106215189,burglary,2022-11,53.734813,-1.864305,On or near Brougham Terrace,Status update unavailable,west-yorkshire,CDT_HX
106199019,burglary,2022-11,53.726444,-1.880003,On or near Hartley Street,Investigation complete; no suspect identified,west-yorkshire,CDT_HX
106222751,burglary,2022-11,53.724244,-1.881858,On or near Alabama Street,Investigation complete; no suspect identified,west-yorkshire,CDT_HX
106207137,burglary,2022-11,53.728781,-1.879996,On or near Back Victor Terrace,Investigation complete; no suspect identified,west-yorkshire,CDT_HX
106203602,burglary,2022-11,53.725471,-1.861213,On or near Broad Street Plaza,Investigation complete; no suspect identified,west-yorkshire,CDT_HX
106212305,burglary,2022-11,53.720850,-1.860485,On or near Ward's End,Unable to prosecute suspect,west-yorkshire,CDT_HX
106219240,burglary,2022-11,53.719105,-1.867143,On or near South Street,Investigation complete; no suspect identified,west-yorkshire,CDT_HX
106208141,burglary,2022-11,53.723875,-1.856292,On or near Smithy Street,Investigation complete; no suspect identified,west-yorkshire,CDT_HX
106218861,burglary,2022-11,53.720850,-1.860485,On or near Ward's End,Unable to prosecute suspect,west-yorkshire,CDT_HX
106213433,burglary,2022-11,53.734196,-1.858743,On or near Bradford Old Road,Investigation complete; no suspect identified,west-yorkshire,CDT_HX
106200167,burglary,2022-11,53.720029,-1.857442,On or near Wellington Place,Investigation complete; no suspect identified,west-yorkshire,CDT_HX
106219095,burglary,2022-11,53.729922,-1.888405,On or near Mount Pellon Road,Court result unavailable,west-yorkshire,CDT_HX
106213088,burglary,2022-11,53.727967,-1.875330,On or near Birks Hall Terrace,Investigation complete; no suspect identified,west-yorkshire,CDT_HX
106200110,burglary,2022-11,53.727320,-1.851552,On or near Godley Road,Investigation complete; no suspect identified,west-yorkshire,CDT_HX
106222451,burglary,2022-11,53.719117,-1.861855,On or near St John's Place,Investigation complete; no suspect identified,west-yorkshire,CDT_HX
106218421,burglary,2022-11,53.732383,-1.868830,On or near Terrace Gardens,Status update unavailable,west-yorkshire,CDT_HX
106207546,burglary,2022-11,53.719240,-1.859021,On or near Clare Road,Investigation complete; no suspect identified,west-yorkshire,CDT_HX
106219535,burglary,2022-11,53.734087,-1.874221,On or near Melbourne Street,Investigation complete; no suspect identified,west-yorkshire,CDT_HX
106206325,burglary,2022-11,53.733514,-1.876421,On or near Grange Street,Investigation complete; no suspect identified,west-yorkshire,CDT_HX
106222338,burglary,2022-11,53.718110,-1.861631,On or near Oxford Road,Investigation complete; no suspect identified,west-yorkshire,CDT_HX
106219838,burglary,2022-11,53.723875,-1.856292,On or near Smithy Street,Court result unavailable,west-yorkshire,CDT_HX
106218779,burglary,2022-11,53.725471,-1.861213,On or near Broad Street Plaza,Investigation complete; no suspect identified,west-yorkshire,CDT_HX
106201000,burglary,2022-11,53.722971,-1.859493,On or near Russell Street,Investigation complete; no suspect identified,west-yorkshire,CDT_HX
106199084,criminal-damage-arson,2022-11,53.723563,-1.874661,On or near Back Grosvenor Terrace,Investigation complete; no suspect identified,west-yorkshire,CDT_HX
106213973,criminal-damage-arson,2022-11,53.734196,-1.858743,On or near Bradford Old Road,Investigation complete; no suspect identified,west-yorkshire,CDT_HX
106212550,criminal-damage-arson,2022-11,53.727848,-1.856825,On or near Spring Terrace,Investigation complete; no suspect identified,west-yorkshire,CDT_HX
106205966,criminal-damage-arson,2022-11,53.733642,-1.870114,On or near Old Lane,Investigation complete; no suspect identified,west-yorkshire,CDT_HX
106212857,criminal-damage-arson,2022-11,53.721654,-1.855648,On or near ,Investigation complete; no suspect identified,west-yorkshire,CDT_HX
106202315,criminal-damage-arson,2022-11,53.722479,-1.861965,On or near George Square,Unable to prosecute suspect,west-yorkshire,CDT_HX
106216771,criminal-damage-arson,2022-11,53.720029,-1.857442,On or near Wellington Place,Investigation complete; no suspect identified,west-yorkshire,CDT_HX
106221538,criminal-damage-arson,2022-11,53.723875,-1.856292,On or near Smithy Street,Investigation complete; no suspect identified,west-yorkshire,CDT_HX
106199276,criminal-damage-arson,2022-11,53.721654,-1.855648,On or near ,Investigation complete; no suspect identified,west-yorkshire,CDT_HX
106217134,criminal-damage-arson,2022-11,53.734196,-1.858743,On or near Bradford Old Road,Investigation complete; no suspect identified,west-yorkshire,CDT_HX
106219455,criminal-damage-arson,2022-11,53.719803,-1.864474,On or near Trinity Place,Investigation complete; no suspect identified,west-yorkshire,CDT_HX
106208210,criminal-damage-arson,2022-11,53.713968,-1.870220,On or near Savile Park Gardens,Unable to prosecute suspect,west-yorkshire,CDT_HX
106222253,criminal-damage-arson,2022-11,53.720850,-1.860485,On or near Ward's End,Court result unavailable,west-yorkshire,CDT_HX
106224518,criminal-damage-arson,2022-11,53.737162,-1.875273,On or near Earl Terrace,Status update unavailable,west-yorkshire,CDT_HX
106199964,criminal-damage-arson,2022-11,53.720227,-1.857987,On or near New Road,Unable to prosecute suspect,west-yorkshire,CDT_HX
106213893,criminal-damage-arson,2022-11,53.725001,-1.868052,On or near ,Investigation complete; no suspect identified,west-yorkshire,CDT_HX
106206652,criminal-damage-arson,2022-11,53.732954,-1.874012,On or near Woodville Street,Investigation complete; no suspect identified,west-yorkshire,CDT_HX
106215694,criminal-damage-arson,2022-11,53.723576,-1.854354,On or near ,Investigation complete; no suspect identified,west-yorkshire,CDT_HX
106216073,criminal-damage-arson,2022-11,53.721145,-1.875169,On or near Francis Street,Court result unavailable,west-yorkshire,CDT_HX
106214728,criminal-damage-arson,2022-11,53.739095,-1.867141,On or near Ploughcroft Lane,Unable to prosecute suspect,west-yorkshire,CDT_HX
106216121,criminal-damage-arson,2022-11,53.723576,-1.854354,On or near ,Investigation complete; no suspect identified,west-yorkshire,CDT_HX
106222923,criminal-damage-arson,2022-11,53.737278,-1.865934,On or near Simpson Street,Status update unavailable,west-yorkshire,CDT_HX
106204896,criminal-damage-arson,2022-11,53.727187,-1.886078,On or near Queensway,Unable to prosecute suspect,west-yorkshire,CDT_HX
106226533,criminal-damage-arson,2022-11,53.719364,-1.882281,On or near Kingston Close,Unable to prosecute suspect,west-yorkshire,CDT_HX
106202925,criminal-damage-arson,2022-11,53.726287,-1.865228,On or near Police Station,Court result unavailable,west-yorkshire,CDT_HX
106202199,criminal-damage-arson,2022-11,53.727848,-1.856825,On or near Spring Terrace,Unable to prosecute suspect,west-yorkshire,CDT_HX
106203547,criminal-damage-arson,2022-11,53.726639,-1.860860,On or near Akroyd Place,Investigation complete; no suspect identified,west-yorkshire,CDT_HX
106210741,criminal-damage-arson,2022-11,53.726287,-1.865228,On or near Police Station,Court result unavailable,west-yorkshire,CDT_HX
106206908,criminal-damage-arson,2022-11,53.713988,-1.872463,On or near Industrial Terrace,Investigation complete; no suspect identified,west-yorkshire,CDT_HX
106210861,criminal-damage-arson,2022-11,53.737854,-1.866675,On or near Gordon Street,Investigation complete; no suspect identified,west-yorkshire,CDT_HX
106205256,criminal-damage-arson,2022-11,53.732395,-1.872452,On or near Fairview Terrace,Investigation complete; no suspect identified,west-yorkshire,CDT_HX
106205438,criminal-damage-arson,2022-11,53.719036,-1.847035,On or near Crossleys Road,Investigation complete; no suspect identified,west-yorkshire,CDT_HX
106212383,criminal-damage-arson,2022-11,53.722479,-1.861965,On or near George Square,Unable to prosecute suspect,west-yorkshire,CDT_HX
106201627,criminal-damage-arson,2022-11,53.722712,-1.886894,On or near Thrum Hall Close,Investigation complete; no suspect identified,west-yorkshire,CDT_HX
106222476,criminal-damage-arson,2022-11,53.721172,-1.859029,On or near ,Investigation complete; no suspect identified,west-yorkshire,CDT_HX
106218188,criminal-damage-arson,2022-11,53.713407,-1.866934,On or near Hastings Way,Court result unavailable,west-yorkshire,CDT_HX
106211104,criminal-damage-arson,2022-11,53.735891,-1.863558,On or near Robert Street North,Investigation complete; no suspect identified,west-yorkshire,CDT_HX
106216007,criminal-damage-arson,2022-11,53.722749,-1.854826,On or near Dispensary Walk,Court result unavailable,west-yorkshire,CDT_HX
106200158,criminal-damage-arson,2022-11,53.723875,-1.856292,On or near Smithy Street,Investigation complete; no suspect identified,west-yorkshire,CDT_HX
106203384,criminal-damage-arson,2022-11,53.718289,-1.877374,On or near Mayfield Mount,Investigation complete; no suspect identified,west-yorkshire,CDT_HX
106210295,criminal-damage-arson,2022-11,53.735891,-1.863558,On or near Robert Street North,Investigation complete; no suspect identified,west-yorkshire,CDT_HX
106220914,criminal-damage-arson,2022-11,53.725997,-1.865561,On or near Richmond Street,Court result unavailable,west-yorkshire,CDT_HX
106198695,criminal-damage-arson,2022-11,53.716063,-1.879957,On or near Constitutional Street,Unable to prosecute suspect,west-yorkshire,CDT_HX
106217102,criminal-damage-arson,2022-11,53.726287,-1.865228,On or near ,Court result unavailable,west-yorkshire,CDT_HX
106199829,criminal-damage-arson,2022-11,53.716063,-1.879957,On or near Constitutional Street,Investigation complete; no suspect identified,west-yorkshire,CDT_HX
106217317,criminal-damage-arson,2022-11,53.737783,-1.876408,On or near Oakdale Close,Investigation complete; no suspect identified,west-yorkshire,CDT_HX
106211583,criminal-damage-arson,2022-11,53.723563,-1.874661,On or near Back Grosvenor Terrace,Investigation complete; no suspect identified,west-yorkshire,CDT_HX
106216749,criminal-damage-arson,2022-11,53.725053,-1.881674,On or near Burlington Street,Unable to prosecute suspect,west-yorkshire,CDT_HX
106223123,criminal-damage-arson,2022-11,53.737278,-1.865934,On or near Simpson Street,Status update unavailable,west-yorkshire,CDT_HX
106224711,criminal-damage-arson,2022-11,53.713634,-1.877948,On or near Rockville Terrace,Unable to prosecute suspect,west-yorkshire,CDT_HX
106211875,criminal-damage-arson,2022-11,53.723563,-1.874661,On or near Back Grosvenor Terrace,Investigation complete; no suspect identified,west-yorkshire,CDT_HX
106208612,criminal-damage-arson,2022-11,53.719527,-1.874416,On or near ,Investigation complete; no suspect identified,west-yorkshire,CDT_HX
106224045,criminal-damage-arson,2022-11,53.714833,-1.881051,On or near ,Unable to prosecute suspect,west-yorkshire,CDT_HX
106217729,criminal-damage-arson,2022-11,53.724268,-1.854382,On or near ,Investigation complete; no suspect identified,west-yorkshire,CDT_HX
106211182,drugs,2022-11,53.722971,-1.859493,On or near Russell Street,Local resolution,west-yorkshire,CDT_HX
106214890,drugs,2022-11,53.728578,-1.866083,On or near ,Status update unavailable,west-yorkshire,CDT_HX
106204221,drugs,2022-11,53.718358,-1.858221,On or near Hope Hall Street,Court result unavailable,west-yorkshire,CDT_HX
106203107,drugs,2022-11,53.720029,-1.857442,On or near Wellington Place,Status update unavailable,west-yorkshire,CDT_HX
106216135,drugs,2022-11,53.726287,-1.865228,On or near ,Status update unavailable,west-yorkshire,CDT_HX
106203827,drugs,2022-11,53.728447,-1.878451,On or near Ladywood Terrace,Offender given a caution,west-yorkshire,CDT_HX
106204104,drugs,2022-11,53.727763,-1.860887,On or near ,Local resolution,west-yorkshire,CDT_HX
106219864,drugs,2022-11,53.732091,-1.865056,On or near Bankfield View,Court result unavailable,west-yorkshire,CDT_HX
106215430,drugs,2022-11,53.726287,-1.865228,On or near ,Offender given a caution,west-yorkshire,CDT_HX
106220423,drugs,2022-11,53.720850,-1.860485,On or near Ward's End,Investigation complete; no suspect identified,west-yorkshire,CDT_HX
106198875,drugs,2022-11,53.714286,-1.873916,On or near Upper Bell Hall,Unable to prosecute suspect,west-yorkshire,CDT_HX
106212590,drugs,2022-11,53.715579,-1.881110,On or near Lombard Street,Offender given a caution,west-yorkshire,CDT_HX
106217706,drugs,2022-11,53.726287,-1.865228,On or near ,Further investigation is not in the public interest,west-yorkshire,CDT_HX
106215719,drugs,2022-11,53.722802,-1.861282,On or near Upper George Yard,Status update unavailable,west-yorkshire,CDT_HX
106200975,drugs,2022-11,53.726287,-1.865228,On or near Police Station,Local resolution,west-yorkshire,CDT_HX
106212278,drugs,2022-11,53.727966,-1.857961,On or near Pollard Street North,Local resolution,west-yorkshire,CDT_HX
106215286,drugs,2022-11,53.726287,-1.865228,On or near ,Formal action is not in the public interest,west-yorkshire,CDT_HX
106203913,drugs,2022-11,53.720451,-1.882399,On or near Vincent Street,Status update unavailable,west-yorkshire,CDT_HX
106204060,drugs,2022-11,53.725997,-1.865561,On or near Richmond Street,Unable to prosecute suspect,west-yorkshire,CDT_HX
106201804,drugs,2022-11,53.719117,-1.861855,On or near St John's Place,Local resolution,west-yorkshire,CDT_HX
106216074,drugs,2022-11,53.728390,-1.884650,On or near Back Blackwood Grove,Court result unavailable,west-yorkshire,CDT_HX
106220600,drugs,2022-11,53.720655,-1.862441,On or near Carlton Terrace,Court result unavailable,west-yorkshire,CDT_HX
106222369,drugs,2022-11,53.727081,-1.862117,On or near ,Court result unavailable,west-yorkshire,CDT_HX
106214116,drugs,2022-11,53.726597,-1.871818,On or near Beech Street,Local resolution,west-yorkshire,CDT_HX
106224700,drugs,2022-11,53.726287,-1.865228,On or near ,Offender given a caution,west-yorkshire,CDT_HX
106222669,drugs,2022-11,53.720207,-1.855881,On or near Bath Street,Court result unavailable,west-yorkshire,CDT_HX
106222307,drugs,2022-11,53.720029,-1.857442,On or near Wellington Place,Court result unavailable,west-yorkshire,CDT_HX
106217492,drugs,2022-11,53.726287,-1.865228,On or near ,Offender given a caution,west-yorkshire,CDT_HX
106221587,drugs,2022-11,53.717983,-1.876466,On or near Mayfield Gardens,Local resolution,west-yorkshire,CDT_HX
106209842,drugs,2022-11,53.726287,-1.865228,On or near ,Offender given a caution,west-yorkshire,CDT_HX
106221648,drugs,2022-11,53.717983,-1.876466,On or near Mayfield Gardens,Court result unavailable,west-yorkshire,CDT_HX
106222792,drugs,2022-11,53.722479,-1.861965,On or near George Square,Unable to prosecute suspect,west-yorkshire,CDT_HX
106215526,drugs,2022-11,53.717259,-1.871740,On or near Arden Road,Offender given a caution,west-yorkshire,CDT_HX
106210329,drugs,2022-11,53.726287,-1.865228,On or near ,Local resolution,west-yorkshire,CDT_HX
106218130,drugs,2022-11,53.727966,-1.857961,On or near Pollard Street North,Offender given a caution,west-yorkshire,CDT_HX
106220278,drugs,2022-11,53.736076,-1.876413,On or near Ovenden Crescent,Status update unavailable,west-yorkshire,CDT_HX
106212217,drugs,2022-11,53.720455,-1.868897,On or near Stirling Street,Unable to prosecute suspect,west-yorkshire,CDT_HX
106206660,drugs,2022-11,53.728086,-1.877528,On or near Summerscale Street,Local resolution,west-yorkshire,CDT_HX
106219225,drugs,2022-11,53.719117,-1.878402,On or near Hermon Grove,Court result unavailable,west-yorkshire,CDT_HX
106212706,drugs,2022-11,53.726287,-1.865228,On or near ,Court result unavailable,west-yorkshire,CDT_HX
106222914,drugs,2022-11,53.727320,-1.851552,On or near Godley Road,Awaiting court outcome,west-yorkshire,CDT_HX
106219144,drugs,2022-11,53.726287,-1.865228,On or near ,Court result unavailable,west-yorkshire,CDT_HX
106202428,drugs,2022-11,53.720227,-1.857987,On or near New Road,Local resolution,west-yorkshire,CDT_HX
106218410,drugs,2022-11,53.715579,-1.881110,On or near Lombard Street,Local resolution,west-yorkshire,CDT_HX
106222196,drugs,2022-11,53.721086,-1.861939,On or near Fountain Street,Court result unavailable,west-yorkshire,CDT_HX
106220629,drugs,2022-11,53.728086,-1.877528,On or near Summerscale Street,Formal action is not in the public interest,west-yorkshire,CDT_HX
106200969,drugs,2022-11,53.718412,-1.883193,On or near Plum Street,Local resolution,west-yorkshire,CDT_HX
106201945,other-theft,2022-11,53.720227,-1.857987,On or near New Road,Investigation complete; no suspect identified,west-yorkshire,CDT_HX
106199963,other-theft,2022-11,53.723280,-1.863023,On or near Central Street,Investigation complete; no suspect identified,west-yorkshire,CDT_HX
106203777,other-theft,2022-11,53.715742,-1.882579,On or near Dundas Street,Investigation complete; no suspect identified,west-yorkshire,CDT_HX
106200109,other-theft,2022-11,53.722470,-1.862253,On or near Black Swan Passage,Investigation complete; no suspect identified,west-yorkshire,CDT_HX
106204962,other-theft,2022-11,53.734918,-1.869322,On or near Canterbury Crescent,Investigation complete; no suspect identified,west-yorkshire,CDT_HX
106204426,other-theft,2022-11,53.715437,-1.874019,On or near Emscote Place,Investigation complete; no suspect identified,west-yorkshire,CDT_HX
106203455,other-theft,2022-11,53.722553,-1.855676,On or near Berwick Street,Investigation complete; no suspect identified,west-yorkshire,CDT_HX
106220347,other-theft,2022-11,53.721327,-1.860499,On or near Alexandra Street,Investigation complete; no suspect identified,west-yorkshire,CDT_HX
106208898,other-theft,2022-11,53.724816,-1.862003,On or near Great Albion Street,Investigation complete; no suspect identified,west-yorkshire,CDT_HX
106205162,other-theft,2022-11,53.734196,-1.858743,On or near Bradford Old Road,Status update unavailable,west-yorkshire,CDT_HX
106200222,other-theft,2022-11,53.723693,-1.862082,On or near ,Investigation complete; no suspect identified,west-yorkshire,CDT_HX
106200265,other-theft,2022-11,53.725261,-1.882916,On or near Ryburn Terrace,Investigation complete; no suspect identified,west-yorkshire,CDT_HX
106203216,other-theft,2022-11,53.717846,-1.858298,On or near Hope Hall Terrace,Investigation complete; no suspect identified,west-yorkshire,CDT_HX
106201630,other-theft,2022-11,53.722781,-1.883787,On or near Mile Thorn Street,Unable to prosecute suspect,west-yorkshire,CDT_HX
106199651,other-theft,2022-11,53.737067,-1.870043,On or near Douglas Street,Investigation complete; no suspect identified,west-yorkshire,CDT_HX
106200142,other-theft,2022-11,53.721007,-1.880594,On or near Rose Street,Unable to prosecute suspect,west-yorkshire,CDT_HX
106222997,other-theft,2022-11,53.724244,-1.881858,On or near Alabama Street,Unable to prosecute suspect,west-yorkshire,CDT_HX
106218401,other-theft,2022-11,53.721007,-1.880594,On or near Rose Street,Unable to prosecute suspect,west-yorkshire,CDT_HX
106202659,other-theft,2022-11,53.719585,-1.878749,On or near Holly Grove,Unable to prosecute suspect,west-yorkshire,CDT_HX
106224093,other-theft,2022-11,53.725261,-1.882916,On or near Ryburn Terrace,Investigation complete; no suspect identified,west-yorkshire,CDT_HX
106205318,other-theft,2022-11,53.722971,-1.859493,On or near Russell Street,Investigation complete; no suspect identified,west-yorkshire,CDT_HX
106199522,other-theft,2022-11,53.722875,-1.862570,On or near Silver Street,Investigation complete; no suspect identified,west-yorkshire,CDT_HX
106213062,other-theft,2022-11,53.716595,-1.881501,On or near Burleigh Street,Unable to prosecute suspect,west-yorkshire,CDT_HX
106213259,other-theft,2022-11,53.721323,-1.864878,On or near Carlton Place,Investigation complete; no suspect identified,west-yorkshire,CDT_HX
106212577,other-theft,2022-11,53.720744,-1.861577,On or near ,Unable to prosecute suspect,west-yorkshire,CDT_HX
106216021,other-theft,2022-11,53.725471,-1.861213,On or near Broad Street Plaza,Unable to prosecute suspect,west-yorkshire,CDT_HX
106208570,other-theft,2022-11,53.712717,-1.877193,On or near Ingram Street,Unable to prosecute suspect,west-yorkshire,CDT_HX
106216236,other-theft,2022-11,53.724244,-1.881858,On or near Alabama Street,Unable to prosecute suspect,west-yorkshire,CDT_HX
106202360,other-theft,2022-11,53.721654,-1.855648,On or near ,Investigation complete; no suspect identified,west-yorkshire,CDT_HX
106201934,other-theft,2022-11,53.716864,-1.856453,On or near ,Investigation complete; no suspect identified,west-yorkshire,CDT_HX
106201844,other-theft,2022-11,53.718197,-1.883875,On or near Clifton Avenue,Investigation complete; no suspect identified,west-yorkshire,CDT_HX
106217702,other-theft,2022-11,53.713149,-1.869192,On or near Moorlands View,Unable to prosecute suspect,west-yorkshire,CDT_HX
106206050,other-theft,2022-11,53.719240,-1.859021,On or near Clare Road,Investigation complete; no suspect identified,west-yorkshire,CDT_HX
106217661,other-theft,2022-11,53.715538,-1.885519,On or near Hampton Street,Investigation complete; no suspect identified,west-yorkshire,CDT_HX
106218345,other-theft,2022-11,53.719055,-1.888479,On or near Back Ripon Street,Unable to prosecute suspect,west-yorkshire,CDT_HX
106218574,other-theft,2022-11,53.727706,-1.883864,On or near Dyson Road,Unable to prosecute suspect,west-yorkshire,CDT_HX
106207760,other-theft,2022-11,53.725845,-1.883021,On or near Clay Street,Unable to prosecute suspect,west-yorkshire,CDT_HX
106224337,other-theft,2022-11,53.722971,-1.859493,On or near Russell Street,Investigation complete; no suspect identified,west-yorkshire,CDT_HX
106213044,other-theft,2022-11,53.721327,-1.860499,On or near Alexandra Street,Investigation complete; no suspect identified,west-yorkshire,CDT_HX
106201822,other-theft,2022-11,53.721086,-1.861939,On or near Fountain Street,Unable to prosecute suspect,west-yorkshire,CDT_HX
106200896,other-theft,2022-11,53.723700,-1.860491,On or near Princess Street,Investigation complete; no suspect identified,west-yorkshire,CDT_HX
106207489,other-theft,2022-11,53.724477,-1.872916,On or near Heywood Place,Unable to prosecute suspect,west-yorkshire,CDT_HX
106200326,other-theft,2022-11,53.719803,-1.864459,On or near Blackwall,Investigation complete; no suspect identified,west-yorkshire,CDT_HX
106210979,other-theft,2022-11,53.735701,-1.879143,On or near Ovenden Green,Investigation complete; no suspect identified,west-yorkshire,CDT_HX
106203800,other-theft,2022-11,53.728450,-1.881210,On or near Osborne Street,Investigation complete; no suspect identified,west-yorkshire,CDT_HX
106216181,other-theft,2022-11,53.719376,-1.860369,On or near Portland Place,Unable to prosecute suspect,west-yorkshire,CDT_HX
106210191,other-theft,2022-11,53.719240,-1.859021,On or near Clare Road,Unable to prosecute suspect,west-yorkshire,CDT_HX
106222929,possession-of-weapons,2022-11,53.722479,-1.861965,On or near George Square,Status update unavailable,west-yorkshire,CDT_HX
106198623,possession-of-weapons,2022-11,53.735623,-1.881644,On or near High Croft,Status update unavailable,west-yorkshire,CDT_HX
106220791,possession-of-weapons,2022-11,53.718358,-1.858221,On or near Hope Hall Street,Status update unavailable,west-yorkshire,CDT_HX
106222372,possession-of-weapons,2022-11,53.727081,-1.862117,On or near ,Court result unavailable,west-yorkshire,CDT_HX
106224415,possession-of-weapons,2022-11,53.730119,-1.862152,On or near Randolph Street,Court result unavailable,west-yorkshire,CDT_HX
106221558,possession-of-weapons,2022-11,53.723875,-1.856292,On or near Smithy Street,Investigation complete; no suspect identified,west-yorkshire,CDT_HX
106221758,possession-of-weapons,2022-11,53.737278,-1.865934,On or near Simpson Street,Status update unavailable,west-yorkshire,CDT_HX
106223025,possession-of-weapons,2022-11,53.717861,-1.880255,On or near Kingsley Place,Court result unavailable,west-yorkshire,CDT_HX
106207325,public-order,2022-11,53.724817,-1.888995,On or near ,Unable to prosecute suspect,west-yorkshire,CDT_HX
106209242,public-order,2022-11,53.721327,-1.860499,On or near Alexandra Street,Unable to prosecute suspect,west-yorkshire,CDT_HX
106211185,public-order,2022-11,53.722875,-1.862570,On or near Silver Street,Investigation complete; no suspect identified,west-yorkshire,CDT_HX
106198592,public-order,2022-11,53.711790,-1.859849,On or near Elm View,Unable to prosecute suspect,west-yorkshire,CDT_HX
106208784,public-order,2022-11,53.722318,-1.862238,On or near George Street,Unable to prosecute suspect,west-yorkshire,CDT_HX
106214771,public-order,2022-11,53.725214,-1.880976,On or near Alexander Terrace,Unable to prosecute suspect,west-yorkshire,CDT_HX
106214849,public-order,2022-11,53.725844,-1.881717,On or near Womersley Street,Unable to prosecute suspect,west-yorkshire,CDT_HX
106218403,public-order,2022-11,53.712717,-1.877193,On or near Ingram Street,Unable to prosecute suspect,west-yorkshire,CDT_HX
106218406,public-order,2022-11,53.712717,-1.877193,On or near Ingram Street,Unable to prosecute suspect,west-yorkshire,CDT_HX
106218417,public-order,2022-11,53.723693,-1.862082,On or near ,Unable to prosecute suspect,west-yorkshire,CDT_HX
106221433,public-order,2022-11,53.719527,-1.874416,On or near ,Unable to prosecute suspect,west-yorkshire,CDT_HX
106206244,public-order,2022-11,53.722734,-1.865207,On or near Stead Street,Unable to prosecute suspect,west-yorkshire,CDT_HX
106220788,public-order,2022-11,53.726674,-1.867589,On or near Dene Place,Status update unavailable,west-yorkshire,CDT_HX
106220588,public-order,2022-11,53.722971,-1.859493,On or near Russell Street,Unable to prosecute suspect,west-yorkshire,CDT_HX
106221125,public-order,2022-11,53.719872,-1.869808,On or near Aked's Road,Unable to prosecute suspect,west-yorkshire,CDT_HX
106221771,public-order,2022-11,53.723411,-1.859916,On or near Old Market,Unable to prosecute suspect,west-yorkshire,CDT_HX
106221383,public-order,2022-11,53.719527,-1.874416,On or near ,Unable to prosecute suspect,west-yorkshire,CDT_HX
106220257,public-order,2022-11,53.714892,-1.877111,On or near ,Court result unavailable,west-yorkshire,CDT_HX
106222367,public-order,2022-11,53.721578,-1.876668,On or near Park Terrace,Local resolution,west-yorkshire,CDT_HX
106222380,public-order,2022-11,53.726287,-1.865228,On or near Police Station,Court result unavailable,west-yorkshire,CDT_HX
106212197,public-order,2022-11,53.721056,-1.866910,On or near ,Investigation complete; no suspect identified,west-yorkshire,CDT_HX
106224133,public-order,2022-11,53.724395,-1.855397,On or near Well Lane,Unable to prosecute suspect,west-yorkshire,CDT_HX
106212987,public-order,2022-11,53.722479,-1.861965,On or near George Square,Unable to prosecute suspect,west-yorkshire,CDT_HX
106213058,public-order,2022-11,53.733548,-1.874056,On or near Melrose Street,Unable to prosecute suspect,west-yorkshire,CDT_HX
106216801,public-order,2022-11,53.722875,-1.862570,On or near Silver Street,Unable to prosecute suspect,west-yorkshire,CDT_HX
106209845,public-order,2022-11,53.722479,-1.861965,On or near George Square,Offender given a caution,west-yorkshire,CDT_HX
106213361,public-order,2022-11,53.712592,-1.861800,On or near Heath Road,Unable to prosecute suspect,west-yorkshire,CDT_HX
106210867,public-order,2022-11,53.723205,-1.860280,On or near Corn Market,Investigation complete; no suspect identified,west-yorkshire,CDT_HX
106214050,public-order,2022-11,53.720227,-1.857987,On or near New Road,Unable to prosecute suspect,west-yorkshire,CDT_HX
106205963,public-order,2022-11,53.726639,-1.860860,On or near Akroyd Place,Investigation complete; no suspect identified,west-yorkshire,CDT_HX
106214318,public-order,2022-11,53.724395,-1.855397,On or near Well Lane,Investigation complete; no suspect identified,west-yorkshire,CDT_HX
106216193,public-order,2022-11,53.722479,-1.861965,On or near George Square,Local resolution,west-yorkshire,CDT_HX
106205589,public-order,2022-11,53.723030,-1.864540,On or near Mount Street,Investigation complete; no suspect identified,west-yorkshire,CDT_HX
106214865,public-order,2022-11,53.727077,-1.874833,On or near Shroggs Vue Terrace,Court result unavailable,west-yorkshire,CDT_HX
106209813,public-order,2022-11,53.726674,-1.867589,On or near Dene Place,Unable to prosecute suspect,west-yorkshire,CDT_HX
106209827,public-order,2022-11,53.724557,-1.863701,On or near St James Road,Unable to prosecute suspect,west-yorkshire,CDT_HX
106216952,public-order,2022-11,53.723875,-1.856292,On or near Smithy Street,Court result unavailable,west-yorkshire,CDT_HX
106210799,public-order,2022-11,53.720744,-1.861577,On or near ,Investigation complete; no suspect identified,west-yorkshire,CDT_HX
106210814,public-order,2022-11,53.717222,-1.879635,On or near Westfield Place,Investigation complete; no suspect identified,west-yorkshire,CDT_HX
106216953,public-order,2022-11,53.714892,-1.877111,On or near ,Unable to prosecute suspect,west-yorkshire,CDT_HX
106210991,public-order,2022-11,53.728898,-1.889514,On or near Charlesworth Terrace,Investigation complete; no suspect identified,west-yorkshire,CDT_HX
106217654,public-order,2022-11,53.722379,-1.860965,On or near Old Cock Yard,Unable to prosecute suspect,west-yorkshire,CDT_HX
106210651,public-order,2022-11,53.721323,-1.864878,On or near Carlton Place,Unable to prosecute suspect,west-yorkshire,CDT_HX
106223719,public-order,2022-11,53.722379,-1.860965,On or near Old Cock Yard,Unable to prosecute suspect,west-yorkshire,CDT_HX
106223766,public-order,2022-11,53.733603,-1.875071,On or near Columbus Street,Court result unavailable,west-yorkshire,CDT_HX
106215355,public-order,2022-11,53.717773,-1.857677,On or near Heath View Street,Court result unavailable,west-yorkshire,CDT_HX
106225472,public-order,2022-11,53.726674,-1.867589,On or near Dene Place,Court result unavailable,west-yorkshire,CDT_HX
106202378,public-order,2022-11,53.733605,-1.877436,On or near Buxton Street,Unable to prosecute suspect,west-yorkshire,CDT_HX
106202606,public-order,2022-11,53.718875,-1.887677,On or near Surrey Street,Unable to prosecute suspect,west-yorkshire,CDT_HX
106226291,public-order,2022-11,53.725844,-1.881717,On or near Womersley Street,Status update unavailable,west-yorkshire,CDT_HX
106206807,public-order,2022-11,53.714892,-1.877111,On or near ,Unable to prosecute suspect,west-yorkshire,CDT_HX
106222128,public-order,2022-11,53.717866,-1.876406,On or near Mayfield Avenue,Local resolution,west-yorkshire,CDT_HX
106219295,public-order,2022-11,53.718875,-1.887677,On or near Surrey Street,Status update unavailable,west-yorkshire,CDT_HX
106219958,public-order,2022-11,53.714892,-1.877111,On or near ,Court result unavailable,west-yorkshire,CDT_HX
106214943,public-order,2022-11,53.716063,-1.879957,On or near Constitutional Street,Court result unavailable,west-yorkshire,CDT_HX
106214870,public-order,2022-11,53.727077,-1.874833,On or near Shroggs Vue Terrace,Court result unavailable,west-yorkshire,CDT_HX
106213078,public-order,2022-11,53.736680,-1.878579,On or near Ovenden Terrace,Unable to prosecute suspect,west-yorkshire,CDT_HX
106205880,public-order,2022-11,53.722692,-1.867663,On or near Bedford Street,Investigation complete; no suspect identified,west-yorkshire,CDT_HX
106205061,public-order,2022-11,53.725572,-1.871336,On or near Horne Street,Investigation complete; no suspect identified,west-yorkshire,CDT_HX
106214149,public-order,2022-11,53.723411,-1.859916,On or near Old Market,Investigation complete; no suspect identified,west-yorkshire,CDT_HX
106213054,public-order,2022-11,53.719376,-1.860369,On or near Portland Place,Investigation complete; no suspect identified,west-yorkshire,CDT_HX
106213618,public-order,2022-11,53.722553,-1.855676,On or near Berwick Street,Investigation complete; no suspect identified,west-yorkshire,CDT_HX
106221459,public-order,2022-11,53.719527,-1.874416,On or near ,Unable to prosecute suspect,west-yorkshire,CDT_HX
106214753,public-order,2022-11,53.725214,-1.880976,On or near Alexander Terrace,Unable to prosecute suspect,west-yorkshire,CDT_HX
106214847,public-order,2022-11,53.725214,-1.880976,On or near Alexander Terrace,Unable to prosecute suspect,west-yorkshire,CDT_HX
106212183,public-order,2022-11,53.722802,-1.861282,On or near Upper George Yard,Investigation complete; no suspect identified,west-yorkshire,CDT_HX
106216863,public-order,2022-11,53.721654,-1.855648,On or near ,Unable to prosecute suspect,west-yorkshire,CDT_HX
106204646,public-order,2022-11,53.733605,-1.877436,On or near Buxton Street,Investigation complete; no suspect identified,west-yorkshire,CDT_HX
106222434,public-order,2022-11,53.716010,-1.881320,On or near Thorn Tree Street,Unable to prosecute suspect,west-yorkshire,CDT_HX
106204687,public-order,2022-11,53.711404,-1.860289,On or near Heath Lane,Court result unavailable,west-yorkshire,CDT_HX
106215746,public-order,2022-11,53.726674,-1.867589,On or near Dene Place,Unable to prosecute suspect,west-yorkshire,CDT_HX
106214204,public-order,2022-11,53.733605,-1.877436,On or near Buxton Street,Unable to prosecute suspect,west-yorkshire,CDT_HX
106216383,public-order,2022-11,53.711790,-1.859849,On or near Elm View,Status update unavailable,west-yorkshire,CDT_HX
106199872,public-order,2022-11,53.714468,-1.859282,On or near ,Unable to prosecute suspect,west-yorkshire,CDT_HX
106220976,public-order,2022-11,53.720029,-1.857442,On or near Wellington Place,Unable to prosecute suspect,west-yorkshire,CDT_HX
106217648,public-order,2022-11,53.722479,-1.861965,On or near George Square,Investigation complete; no suspect identified,west-yorkshire,CDT_HX
106201452,public-order,2022-11,53.723363,-1.890953,On or near Spring Grove,Unable to prosecute suspect,west-yorkshire,CDT_HX
106201753,public-order,2022-11,53.719803,-1.864474,On or near Trinity Place,Investigation complete; no suspect identified,west-yorkshire,CDT_HX
106221389,public-order,2022-11,53.719527,-1.874416,On or near ,Unable to prosecute suspect,west-yorkshire,CDT_HX
106203993,public-order,2022-11,53.713149,-1.869192,On or near Moorlands View,Unable to prosecute suspect,west-yorkshire,CDT_HX
106219139,public-order,2022-11,53.727668,-1.864312,On or near Corporation Street,Unable to prosecute suspect,west-yorkshire,CDT_HX
106201104,public-order,2022-11,53.719629,-1.860989,On or near St John's Lane,Court result unavailable,west-yorkshire,CDT_HX
106201521,public-order,2022-11,53.727365,-1.884593,On or near Blackwood Grove,Unable to prosecute suspect,west-yorkshire,CDT_HX
106203259,public-order,2022-11,53.722875,-1.862570,On or near Silver Street,Investigation complete; no suspect identified,west-yorkshire,CDT_HX
106204393,public-order,2022-11,53.734493,-1.875432,On or near Rushworth Street,Investigation complete; no suspect identified,west-yorkshire,CDT_HX
106205255,public-order,2022-11,53.720227,-1.857987,On or near New Road,Investigation complete; no suspect identified,west-yorkshire,CDT_HX
106205745,public-order,2022-11,53.713587,-1.875767,On or near Mellor Terrace,Investigation complete; no suspect identified,west-yorkshire,CDT_HX
106207701,public-order,2022-11,53.722379,-1.860965,On or near Old Cock Yard,Unable to prosecute suspect,west-yorkshire,CDT_HX
106204828,public-order,2022-11,53.716063,-1.879957,On or near Constitutional Street,Investigation complete; no suspect identified,west-yorkshire,CDT_HX
106206023,public-order,2022-11,53.726963,-1.860601,On or near Cross Hills,Unable to prosecute suspect,west-yorkshire,CDT_HX
106207245,public-order,2022-11,53.717812,-1.868117,On or near Vine Terrace,Unable to prosecute suspect,west-yorkshire,CDT_HX
124240572,public-order,2022-11,53.721446,-1.853315,Halifax (station),Status update unavailable,west-yorkshire,CDT_HX
106220564,public-order,2022-11,53.722035,-1.859163,On or near ,Unable to prosecute suspect,west-yorkshire,CDT_HX
106212975,robbery,2022-11,53.723693,-1.862082,On or near Nightclub,Unable to prosecute suspect,west-yorkshire,CDT_HX
106218404,robbery,2022-11,53.721340,-1.890777,On or near Hardwick Close,Investigation complete; no suspect identified,west-yorkshire,CDT_HX
106209233,robbery,2022-11,53.720655,-1.862441,On or near Carlton Terrace,Investigation complete; no suspect identified,west-yorkshire,CDT_HX
106207344,robbery,2022-11,53.722318,-1.862238,On or near George Street,Investigation complete; no suspect identified,west-yorkshire,CDT_HX
106222757,robbery,2022-11,53.723875,-1.856292,On or near Smithy Street,Formal action is not in the public interest,west-yorkshire,CDT_HX
106202565,robbery,2022-11,53.720850,-1.860485,On or near Ward's End,Investigation complete; no suspect identified,west-yorkshire,CDT_HX
106220061,robbery,2022-11,53.722035,-1.859163,On or near ,Unable to prosecute suspect,west-yorkshire,CDT_HX
106218413,robbery,2022-11,53.724194,-1.860277,On or near Town Hall Street East,Investigation complete; no suspect identified,west-yorkshire,CDT_HX
106221747,robbery,2022-11,53.736680,-1.878579,On or near Ovenden Terrace,Court result unavailable,west-yorkshire,CDT_HX
106206796,shoplifting,2022-11,53.714892,-1.877111,On or near ,Local resolution,west-yorkshire,CDT_HX
106225647,shoplifting,2022-11,53.722971,-1.859493,On or near Russell Street,Investigation complete; no suspect identified,west-yorkshire,CDT_HX
106202122,shoplifting,2022-11,53.720227,-1.857987,On or near New Road,Unable to prosecute suspect,west-yorkshire,CDT_HX
106220106,shoplifting,2022-11,53.720227,-1.857987,On or near New Road,Court result unavailable,west-yorkshire,CDT_HX
106217866,shoplifting,2022-11,53.722035,-1.859163,On or near ,Unable to prosecute suspect,west-yorkshire,CDT_HX
106205020,shoplifting,2022-11,53.722971,-1.859493,On or near Russell Street,Investigation complete; no suspect identified,west-yorkshire,CDT_HX
106217701,shoplifting,2022-11,53.723875,-1.856292,On or near Smithy Street,Unable to prosecute suspect,west-yorkshire,CDT_HX
106217181,shoplifting,2022-11,53.720227,-1.857987,On or near New Road,Court result unavailable,west-yorkshire,CDT_HX
106199590,shoplifting,2022-11,53.724395,-1.855397,On or near Well Lane,Investigation complete; no suspect identified,west-yorkshire,CDT_HX
106203244,shoplifting,2022-11,53.722035,-1.859163,On or near ,Investigation complete; no suspect identified,west-yorkshire,CDT_HX
106216957,shoplifting,2022-11,53.720227,-1.857987,On or near New Road,Court result unavailable,west-yorkshire,CDT_HX
106217070,shoplifting,2022-11,53.723875,-1.856292,On or near Smithy Street,Unable to prosecute suspect,west-yorkshire,CDT_HX
106208019,shoplifting,2022-11,53.722612,-1.860783,On or near ,Local resolution,west-yorkshire,CDT_HX
106217034,shoplifting,2022-11,53.722612,-1.860783,On or near ,Unable to prosecute suspect,west-yorkshire,CDT_HX
106212243,shoplifting,2022-11,53.714892,-1.877111,On or near ,Investigation complete; no suspect identified,west-yorkshire,CDT_HX
106222976,shoplifting,2022-11,53.726362,-1.854677,On or near ,Court result unavailable,west-yorkshire,CDT_HX
106222360,shoplifting,2022-11,53.727049,-1.872294,On or near ,Investigation complete; no suspect identified,west-yorkshire,CDT_HX
106219922,shoplifting,2022-11,53.722971,-1.859493,On or near Russell Street,Court result unavailable,west-yorkshire,CDT_HX
106217062,shoplifting,2022-11,53.722612,-1.860783,On or near ,Court result unavailable,west-yorkshire,CDT_HX
106225904,shoplifting,2022-11,53.727320,-1.851552,On or near Godley Road,Court result unavailable,west-yorkshire,CDT_HX
106217054,shoplifting,2022-11,53.722971,-1.859493,On or near Russell Street,Court result unavailable,west-yorkshire,CDT_HX
106217016,shoplifting,2022-11,53.722612,-1.860783,On or near ,Court result unavailable,west-yorkshire,CDT_HX
106216892,shoplifting,2022-11,53.714892,-1.877111,On or near ,Investigation complete; no suspect identified,west-yorkshire,CDT_HX
106217012,shoplifting,2022-11,53.720227,-1.857987,On or near New Road,Court result unavailable,west-yorkshire,CDT_HX
106217009,shoplifting,2022-11,53.722971,-1.859493,On or near Russell Street,Court result unavailable,west-yorkshire,CDT_HX
106212241,shoplifting,2022-11,53.714892,-1.877111,On or near ,Investigation complete; no suspect identified,west-yorkshire,CDT_HX
106217005,shoplifting,2022-11,53.722612,-1.860783,On or near ,Unable to prosecute suspect,west-yorkshire,CDT_HX
106207151,shoplifting,2022-11,53.722971,-1.859493,On or near Russell Street,Investigation complete; no suspect identified,west-yorkshire,CDT_HX
106217793,theft-from-the-person,2022-11,53.722971,-1.859493,On or near Russell Street,Investigation complete; no suspect identified,west-yorkshire,CDT_HX
106219874,theft-from-the-person,2022-11,53.722035,-1.859163,On or near ,Investigation complete; no suspect identified,west-yorkshire,CDT_HX
106207616,theft-from-the-person,2022-11,53.720850,-1.860485,On or near Ward's End,Unable to prosecute suspect,west-yorkshire,CDT_HX
106224486,theft-from-the-person,2022-11,53.713587,-1.875767,On or near Mellor Terrace,Unable to prosecute suspect,west-yorkshire,CDT_HX
106217621,theft-from-the-person,2022-11,53.722971,-1.859493,On or near Russell Street,Investigation complete; no suspect identified,west-yorkshire,CDT_HX
106223552,theft-from-the-person,2022-11,53.723563,-1.874661,On or near Back Grosvenor Terrace,Unable to prosecute suspect,west-yorkshire,CDT_HX
106210838,theft-from-the-person,2022-11,53.723693,-1.862082,On or near ,Investigation complete; no suspect identified,west-yorkshire,CDT_HX
106216757,theft-from-the-person,2022-11,53.719803,-1.864459,On or near Blackwall,Court result unavailable,west-yorkshire,CDT_HX
106216571,theft-from-the-person,2022-11,53.722971,-1.859493,On or near Russell Street,Investigation complete; no suspect identified,west-yorkshire,CDT_HX
106218863,theft-from-the-person,2022-11,53.721526,-1.861286,On or near Commercial Street,Investigation complete; no suspect identified,west-yorkshire,CDT_HX
106211380,theft-from-the-person,2022-11,53.722971,-1.859493,On or near Russell Street,Investigation complete; no suspect identified,west-yorkshire,CDT_HX
106219296,theft-from-the-person,2022-11,53.718358,-1.858221,On or near Hope Hall Street,Unable to prosecute suspect,west-yorkshire,CDT_HX
106216785,theft-from-the-person,2022-11,53.722971,-1.859493,On or near Russell Street,Investigation complete; no suspect identified,west-yorkshire,CDT_HX
106222603,theft-from-the-person,2022-11,53.720633,-1.858789,On or near ,Unable to prosecute suspect,west-yorkshire,CDT_HX
106221855,vehicle-crime,2022-11,53.730589,-1.872412,On or near St George's Crescent,Unable to prosecute suspect,west-yorkshire,CDT_HX
106215942,vehicle-crime,2022-11,53.734097,-1.874691,On or near Brighton Street,Investigation complete; no suspect identified,west-yorkshire,CDT_HX
106211132,vehicle-crime,2022-11,53.732123,-1.887763,On or near Princeton Close,Investigation complete; no suspect identified,west-yorkshire,CDT_HX
106204712,vehicle-crime,2022-11,53.731689,-1.859267,On or near Old Schools Gardens,Investigation complete; no suspect identified,west-yorkshire,CDT_HX
106222944,vehicle-crime,2022-11,53.720207,-1.855881,On or near Bath Street,Court result unavailable,west-yorkshire,CDT_HX
106209962,vehicle-crime,2022-11,53.714752,-1.856990,On or near Simmonds Lane,Investigation complete; no suspect identified,west-yorkshire,CDT_HX
106225940,vehicle-crime,2022-11,53.737162,-1.875273,On or near Earl Terrace,Status update unavailable,west-yorkshire,CDT_HX
106201112,vehicle-crime,2022-11,53.732382,-1.860250,On or near Range Gardens,Investigation complete; no suspect identified,west-yorkshire,CDT_HX
106199863,vehicle-crime,2022-11,53.730589,-1.872412,On or near St George's Crescent,Investigation complete; no suspect identified,west-yorkshire,CDT_HX
106206006,vehicle-crime,2022-11,53.719117,-1.861855,On or near St John's Place,Unable to prosecute suspect,west-yorkshire,CDT_HX
106201837,vehicle-crime,2022-11,53.730589,-1.872412,On or near St George's Crescent,Investigation complete; no suspect identified,west-yorkshire,CDT_HX
106214921,vehicle-crime,2022-11,53.725109,-1.875505,On or near Kismet Close,Status update unavailable,west-yorkshire,CDT_HX
106200360,vehicle-crime,2022-11,53.730589,-1.872412,On or near St George's Crescent,Investigation complete; no suspect identified,west-yorkshire,CDT_HX
106200357,vehicle-crime,2022-11,53.723280,-1.863023,On or near Central Street,Investigation complete; no suspect identified,west-yorkshire,CDT_HX
106198701,vehicle-crime,2022-11,53.733126,-1.875073,On or near Ruskin Terrace,Court result unavailable,west-yorkshire,CDT_HX
106204710,violent-crime,2022-11,53.735627,-1.868607,On or near Grantham Road,Investigation complete; no suspect identified,west-yorkshire,CDT_HX
106212398,violent-crime,2022-11,53.722379,-1.860965,On or near Old Cock Yard,Unable to prosecute suspect,west-yorkshire,CDT_HX
106211987,violent-crime,2022-11,53.728157,-1.885561,On or near Yarn Close,Further investigation is not in the public interest,west-yorkshire,CDT_HX
106224256,violent-crime,2022-11,53.722318,-1.862238,On or near George Street,Investigation complete; no suspect identified,west-yorkshire,CDT_HX
106218073,violent-crime,2022-11,53.720029,-1.857442,On or near Wellington Place,Unable to prosecute suspect,west-yorkshire,CDT_HX
106225018,violent-crime,2022-11,53.716063,-1.879957,On or near Constitutional Street,Unable to prosecute suspect,west-yorkshire,CDT_HX
106218033,violent-crime,2022-11,53.721873,-1.883335,On or near Eton Street,Unable to prosecute suspect,west-yorkshire,CDT_HX
106210414,violent-crime,2022-11,53.721231,-1.879942,On or near Willow Street,Unable to prosecute suspect,west-yorkshire,CDT_HX
106219760,violent-crime,2022-11,53.733758,-1.868947,On or near St Davids Court,Action to be taken by another organisation,west-yorkshire,CDT_HX
106211772,violent-crime,2022-11,53.720824,-1.886399,On or near Kingston Drive,Investigation complete; no suspect identified,west-yorkshire,CDT_HX
106221772,violent-crime,2022-11,53.734508,-1.864912,On or near Brougham Street,Unable to prosecute suspect,west-yorkshire,CDT_HX
106217704,violent-crime,2022-11,53.713149,-1.869192,On or near Moorlands View,Unable to prosecute suspect,west-yorkshire,CDT_HX
106217112,violent-crime,2022-11,53.718358,-1.858221,On or near Hope Hall Street,Unable to prosecute suspect,west-yorkshire,CDT_HX
106215327,violent-crime,2022-11,53.719418,-1.857808,On or near Union Street South,Unable to prosecute suspect,west-yorkshire,CDT_HX
124240573,violent-crime,2022-11,53.721446,-1.853315,Halifax (station),Status update unavailable,west-yorkshire,CDT_HX
106221848,violent-crime,2022-11,53.725849,-1.886794,On or near Saxon Street,Unable to prosecute suspect,west-yorkshire,CDT_HX
106221271,violent-crime,2022-11,53.725346,-1.878778,On or near Oak Lane,Unable to prosecute suspect,west-yorkshire,CDT_HX
106220580,violent-crime,2022-11,53.713634,-1.877948,On or near Rockville Terrace,Unable to prosecute suspect,west-yorkshire,CDT_HX
106220650,violent-crime,2022-11,53.721664,-1.864135,On or near Bull Green,Investigation complete; no suspect identified,west-yorkshire,CDT_HX
106222752,violent-crime,2022-11,53.728450,-1.881210,On or near Osborne Street,Unable to prosecute suspect,west-yorkshire,CDT_HX
106200305,violent-crime,2022-11,53.725849,-1.886794,On or near Saxon Street,Unable to prosecute suspect,west-yorkshire,CDT_HX
106200570,violent-crime,2022-11,53.727365,-1.884593,On or near Blackwood Grove,Investigation complete; no suspect identified,west-yorkshire,CDT_HX
106201082,violent-crime,2022-11,53.723818,-1.861658,On or near Waterhouse Street,Status update unavailable,west-yorkshire,CDT_HX
106201090,violent-crime,2022-11,53.723818,-1.861658,On or near Waterhouse Street,Status update unavailable,west-yorkshire,CDT_HX
106201626,violent-crime,2022-11,53.723818,-1.861658,On or near Waterhouse Street,Status update unavailable,west-yorkshire,CDT_HX
106202601,violent-crime,2022-11,53.719041,-1.883024,On or near Vickerman Street,Investigation complete; no suspect identified,west-yorkshire,CDT_HX
106202598,violent-crime,2022-11,53.717308,-1.859391,On or near ,Status update unavailable,west-yorkshire,CDT_HX
106202971,violent-crime,2022-11,53.728861,-1.888257,On or near Charlesworth Grove,Investigation complete; no suspect identified,west-yorkshire,CDT_HX
106203486,violent-crime,2022-11,53.723333,-1.861811,On or near Crown Street,Investigation complete; no suspect identified,west-yorkshire,CDT_HX
106203884,violent-crime,2022-11,53.725849,-1.886794,On or near Saxon Street,Unable to prosecute suspect,west-yorkshire,CDT_HX
106205841,violent-crime,2022-11,53.722379,-1.860965,On or near Old Cock Yard,Unable to prosecute suspect,west-yorkshire,CDT_HX
106206982,violent-crime,2022-11,53.710928,-1.868427,On or near West Avenue,Unable to prosecute suspect,west-yorkshire,CDT_HX
106207052,violent-crime,2022-11,53.730099,-1.860637,On or near Eldon Street,Unable to prosecute suspect,west-yorkshire,CDT_HX
106207252,violent-crime,2022-11,53.716469,-1.873046,On or near Alzaman Villas,Unable to prosecute suspect,west-yorkshire,CDT_HX
106208138,violent-crime,2022-11,53.727365,-1.884593,On or near Blackwood Grove,Unable to prosecute suspect,west-yorkshire,CDT_HX
106208264,violent-crime,2022-11,53.723693,-1.862082,On or near ,Investigation complete; no suspect identified,west-yorkshire,CDT_HX
106198616,violent-crime,2022-11,53.719527,-1.874416,On or near ,Unable to prosecute suspect,west-yorkshire,CDT_HX
106218381,violent-crime,2022-11,53.725848,-1.886218,On or near Redcar Street,Status update unavailable,west-yorkshire,CDT_HX
106219274,violent-crime,2022-11,53.733569,-1.861156,On or near Woodlands Grove,Unable to prosecute suspect,west-yorkshire,CDT_HX
106219406,violent-crime,2022-11,53.720850,-1.860485,On or near Ward's End,Court result unavailable,west-yorkshire,CDT_HX
106219646,violent-crime,2022-11,53.725848,-1.885915,On or near Lytham Street,Status update unavailable,west-yorkshire,CDT_HX
106219702,violent-crime,2022-11,53.725848,-1.885915,On or near Lytham Street,Status update unavailable,west-yorkshire,CDT_HX
106220429,violent-crime,2022-11,53.724427,-1.885070,On or near Thrum Hall Drive,Unable to prosecute suspect,west-yorkshire,CDT_HX
106220596,violent-crime,2022-11,53.725849,-1.886794,On or near Saxon Street,Unable to prosecute suspect,west-yorkshire,CDT_HX
106220687,violent-crime,2022-11,53.723693,-1.862082,On or near ,Unable to prosecute suspect,west-yorkshire,CDT_HX
106221232,violent-crime,2022-11,53.725346,-1.878778,On or near Oak Lane,Unable to prosecute suspect,west-yorkshire,CDT_HX
106208475,violent-crime,2022-11,53.718373,-1.880617,On or near Jasmine Gardens,Investigation complete; no suspect identified,west-yorkshire,CDT_HX
106208621,violent-crime,2022-11,53.719527,-1.874416,On or near ,Investigation complete; no suspect identified,west-yorkshire,CDT_HX
106208875,violent-crime,2022-11,53.721231,-1.879942,On or near Willow Street,Unable to prosecute suspect,west-yorkshire,CDT_HX
106209116,violent-crime,2022-11,53.737399,-1.869997,On or near Mill Lane,Unable to prosecute suspect,west-yorkshire,CDT_HX
106209324,violent-crime,2022-11,53.717773,-1.857677,On or near Heath View Street,Unable to prosecute suspect,west-yorkshire,CDT_HX
106209619,violent-crime,2022-11,53.733418,-1.879346,On or near Park Crescent,Unable to prosecute suspect,west-yorkshire,CDT_HX
106209931,violent-crime,2022-11,53.726764,-1.876774,On or near Howard Street,Unable to prosecute suspect,west-yorkshire,CDT_HX
106210172,violent-crime,2022-11,53.722766,-1.868981,On or near Back Clarence Street,Unable to prosecute suspect,west-yorkshire,CDT_HX
106210641,violent-crime,2022-11,53.719117,-1.861855,On or near St John's Place,Unable to prosecute suspect,west-yorkshire,CDT_HX
106211230,violent-crime,2022-11,53.718412,-1.883193,On or near Plum Street,Investigation complete; no suspect identified,west-yorkshire,CDT_HX
106212666,violent-crime,2022-11,53.722971,-1.859493,On or near Russell Street,Unable to prosecute suspect,west-yorkshire,CDT_HX
106213119,violent-crime,2022-11,53.733605,-1.877436,On or near Buxton Street,Unable to prosecute suspect,west-yorkshire,CDT_HX
106213130,violent-crime,2022-11,53.737399,-1.869997,On or near Mill Lane,Investigation complete; no suspect identified,west-yorkshire,CDT_HX
106213319,violent-crime,2022-11,53.723693,-1.862082,On or near ,Unable to prosecute suspect,west-yorkshire,CDT_HX
106214138,violent-crime,2022-11,53.736622,-1.874698,On or near Regency Way,Unable to prosecute suspect,west-yorkshire,CDT_HX
106214396,violent-crime,2022-11,53.724244,-1.881858,On or near Alabama Street,Unable to prosecute suspect,west-yorkshire,CDT_HX
106214461,violent-crime,2022-11,53.723693,-1.862082,On or near ,Offender given a caution,west-yorkshire,CDT_HX
106214571,violent-crime,2022-11,53.730143,-1.867579,On or near Woodside Mount,Unable to prosecute suspect,west-yorkshire,CDT_HX
106215825,violent-crime,2022-11,53.721327,-1.860499,On or near Alexandra Street,Court result unavailable,west-yorkshire,CDT_HX
106215964,violent-crime,2022-11,53.715579,-1.881110,On or near Lombard Street,Unable to prosecute suspect,west-yorkshire,CDT_HX
106217529,violent-crime,2022-11,53.719976,-1.874445,On or near ,Unable to prosecute suspect,west-yorkshire,CDT_HX
106223914,violent-crime,2022-11,53.733603,-1.875071,On or near Columbus Street,Court result unavailable,west-yorkshire,CDT_HX
106224556,violent-crime,2022-11,53.725847,-1.885264,On or near Saltburn Street,Unable to prosecute suspect,west-yorkshire,CDT_HX
106224890,violent-crime,2022-11,53.720850,-1.860485,On or near Ward's End,Court result unavailable,west-yorkshire,CDT_HX
106222694,violent-crime,2022-11,53.716776,-1.850559,On or near Albany Street,Unable to prosecute suspect,west-yorkshire,CDT_HX
106200214,violent-crime,2022-11,53.713968,-1.870220,On or near Savile Park Gardens,Unable to prosecute suspect,west-yorkshire,CDT_HX
106204102,violent-crime,2022-11,53.730099,-1.860637,On or near Eldon Street,Unable to prosecute suspect,west-yorkshire,CDT_HX
106207775,violent-crime,2022-11,53.722379,-1.860965,On or near Old Cock Yard,Unable to prosecute suspect,west-yorkshire,CDT_HX
106208862,violent-crime,2022-11,53.723875,-1.881117,On or near Raven Street,Investigation complete; no suspect identified,west-yorkshire,CDT_HX
106209250,violent-crime,2022-11,53.737060,-1.864146,On or near Sandforth Avenue,Unable to prosecute suspect,west-yorkshire,CDT_HX
106214901,violent-crime,2022-11,53.722875,-1.862570,On or near Silver Street,Unable to prosecute suspect,west-yorkshire,CDT_HX
106218337,violent-crime,2022-11,53.719055,-1.888479,On or near Back Ripon Street,Unable to prosecute suspect,west-yorkshire,CDT_HX
106220235,violent-crime,2022-11,53.722971,-1.859493,On or near Russell Street,Investigation complete; no suspect identified,west-yorkshire,CDT_HX
106221013,violent-crime,2022-11,53.725845,-1.883021,On or near Clay Street,Unable to prosecute suspect,west-yorkshire,CDT_HX
106222551,violent-crime,2022-11,53.727966,-1.857961,On or near Pollard Street North,Unable to prosecute suspect,west-yorkshire,CDT_HX
106225887,violent-crime,2022-11,53.724702,-1.881781,On or near Walsh Street,Unable to prosecute suspect,west-yorkshire,CDT_HX
106226195,violent-crime,2022-11,53.735703,-1.864560,On or near Heap Street,Court result unavailable,west-yorkshire,CDT_HX
106219534,violent-crime,2022-11,53.721755,-1.865756,On or near Bland Street,Unable to prosecute suspect,west-yorkshire,CDT_HX
106220243,violent-crime,2022-11,53.722875,-1.862570,On or near Silver Street,Local resolution,west-yorkshire,CDT_HX
106221264,violent-crime,2022-11,53.716619,-1.869848,On or near Savile Park Road,Investigation complete; no suspect identified,west-yorkshire,CDT_HX
106221783,violent-crime,2022-11,53.725847,-1.885264,On or near Saltburn Street,Unable to prosecute suspect,west-yorkshire,CDT_HX
106222937,violent-crime,2022-11,53.720744,-1.861577,On or near ,Investigation complete; no suspect identified,west-yorkshire,CDT_HX
106222946,violent-crime,2022-11,53.725847,-1.885264,On or near Saltburn Street,Investigation complete; no suspect identified,west-yorkshire,CDT_HX
106223283,violent-crime,2022-11,53.734597,-1.880571,On or near Field Close,Unable to prosecute suspect,west-yorkshire,CDT_HX
106223378,violent-crime,2022-11,53.724059,-1.860687,On or near Crossley Street,Unable to prosecute suspect,west-yorkshire,CDT_HX
106223898,violent-crime,2022-11,53.714833,-1.881051,On or near ,Unable to prosecute suspect,west-yorkshire,CDT_HX
106224330,violent-crime,2022-11,53.726764,-1.876774,On or near Howard Street,Action to be taken by another organisation,west-yorkshire,CDT_HX
106224679,violent-crime,2022-11,53.723566,-1.861416,On or near Gill's Court,Investigation complete; no suspect identified,west-yorkshire,CDT_HX
106205418,violent-crime,2022-11,53.712717,-1.877193,On or near Ingram Street,Unable to prosecute suspect,west-yorkshire,CDT_HX
106212004,violent-crime,2022-11,53.722379,-1.860965,On or near Old Cock Yard,Unable to prosecute suspect,west-yorkshire,CDT_HX
106212639,violent-crime,2022-11,53.735623,-1.881644,On or near High Croft,Unable to prosecute suspect,west-yorkshire,CDT_HX
106214682,violent-crime,2022-11,53.729933,-1.856696,On or near Cowroyd Place,Unable to prosecute suspect,west-yorkshire,CDT_HX
106215213,violent-crime,2022-11,53.722875,-1.862570,On or near Silver Street,Investigation complete; no suspect identified,west-yorkshire,CDT_HX
106215739,violent-crime,2022-11,53.732123,-1.887763,On or near Princeton Close,Investigation complete; no suspect identified,west-yorkshire,CDT_HX
106216315,violent-crime,2022-11,53.722379,-1.860965,On or near Old Cock Yard,Unable to prosecute suspect,west-yorkshire,CDT_HX
106216362,violent-crime,2022-11,53.737399,-1.869997,On or near Mill Lane,Unable to prosecute suspect,west-yorkshire,CDT_HX
106216467,violent-crime,2022-11,53.720744,-1.861577,On or near ,Investigation complete; no suspect identified,west-yorkshire,CDT_HX
106216938,violent-crime,2022-11,53.726919,-1.888140,On or near Spring Hall Court,Investigation complete; no suspect identified,west-yorkshire,CDT_HX
106216984,violent-crime,2022-11,53.722318,-1.862238,On or near George Street,Unable to prosecute suspect,west-yorkshire,CDT_HX
106217007,violent-crime,2022-11,53.722372,-1.870785,On or near Back Rhodes Street,Unable to prosecute suspect,west-yorkshire,CDT_HX
106217093,violent-crime,2022-11,53.720029,-1.857442,On or near Wellington Place,Unable to prosecute suspect,west-yorkshire,CDT_HX
106217098,violent-crime,2022-11,53.723411,-1.859916,On or near Old Market,Unable to prosecute suspect,west-yorkshire,CDT_HX
106218383,violent-crime,2022-11,53.719055,-1.888479,On or near Back Ripon Street,Unable to prosecute suspect,west-yorkshire,CDT_HX
106203393,violent-crime,2022-11,53.717773,-1.857677,On or near Heath View Street,Investigation complete; no suspect identified,west-yorkshire,CDT_HX
106201061,violent-crime,2022-11,53.726963,-1.860601,On or near Cross Hills,Investigation complete; no suspect identified,west-yorkshire,CDT_HX
106201270,violent-crime,2022-11,53.711790,-1.859849,On or near Elm View,Action to be taken by another organisation,west-yorkshire,CDT_HX
106202363,violent-crime,2022-11,53.735703,-1.864560,On or near Heap Street,Unable to prosecute suspect,west-yorkshire,CDT_HX
106205374,violent-crime,2022-11,53.720850,-1.860485,On or near Ward's End,Unable to prosecute suspect,west-yorkshire,CDT_HX
106205830,violent-crime,2022-11,53.720850,-1.860485,On or near Ward's End,Investigation complete; no suspect identified,west-yorkshire,CDT_HX
106222578,violent-crime,2022-11,53.722379,-1.860965,On or near Old Cock Yard,Investigation complete; no suspect identified,west-yorkshire,CDT_HX
106203744,violent-crime,2022-11,53.719976,-1.874445,On or near ,Investigation complete; no suspect identified,west-yorkshire,CDT_HX
106209698,violent-crime,2022-11,53.730610,-1.866819,On or near Woodside Crescent,Unable to prosecute suspect,west-yorkshire,CDT_HX
106210888,violent-crime,2022-11,53.721664,-1.864135,On or near Bull Green,Investigation complete; no suspect identified,west-yorkshire,CDT_HX
106214197,violent-crime,2022-11,53.722876,-1.889288,On or near Newstead Gardens,Unable to prosecute suspect,west-yorkshire,CDT_HX
106212007,violent-crime,2022-11,53.729630,-1.851074,On or near Belgrave Park,Investigation complete; no suspect identified,west-yorkshire,CDT_HX
106203342,violent-crime,2022-11,53.727706,-1.883864,On or near Dyson Road,Unable to prosecute suspect,west-yorkshire,CDT_HX
106199465,violent-crime,2022-11,53.726488,-1.854374,On or near Charlestown Road,Unable to prosecute suspect,west-yorkshire,CDT_HX
106199722,violent-crime,2022-11,53.715579,-1.881110,On or near Lombard Street,Investigation complete; no suspect identified,west-yorkshire,CDT_HX
106199878,violent-crime,2022-11,53.722875,-1.862570,On or near Silver Street,Investigation complete; no suspect identified,west-yorkshire,CDT_HX
106199982,violent-crime,2022-11,53.714833,-1.881051,On or near ,Unable to prosecute suspect,west-yorkshire,CDT_HX
106200000,violent-crime,2022-11,53.721664,-1.864135,On or near Bull Green,Investigation complete; no suspect identified,west-yorkshire,CDT_HX
106200046,violent-crime,2022-11,53.724702,-1.881781,On or near Walsh Street,Unable to prosecute suspect,west-yorkshire,CDT_HX
106200333,violent-crime,2022-11,53.722875,-1.862570,On or near Silver Street,Investigation complete; no suspect identified,west-yorkshire,CDT_HX
106200560,violent-crime,2022-11,53.732954,-1.874012,On or near Woodville Street,Unable to prosecute suspect,west-yorkshire,CDT_HX
106200769,violent-crime,2022-11,53.717846,-1.858298,On or near Hope Hall Terrace,Unable to prosecute suspect,west-yorkshire,CDT_HX
106216827,violent-crime,2022-11,53.722479,-1.861965,On or near George Square,Investigation complete; no suspect identified,west-yorkshire,CDT_HX
106221365,violent-crime,2022-11,53.723875,-1.856292,On or near Smithy Street,Unable to prosecute suspect,west-yorkshire,CDT_HX
106221499,violent-crime,2022-11,53.722051,-1.864952,On or near Lord Street,Unable to prosecute suspect,west-yorkshire,CDT_HX
106221498,violent-crime,2022-11,53.719527,-1.874416,On or near ,Unable to prosecute suspect,west-yorkshire,CDT_HX
106203728,violent-crime,2022-11,53.728787,-1.868325,On or near Lee Bridge,Unable to prosecute suspect,west-yorkshire,CDT_HX
106203976,violent-crime,2022-11,53.724268,-1.854382,On or near ,Investigation complete; no suspect identified,west-yorkshire,CDT_HX
106203987,violent-crime,2022-11,53.724268,-1.854382,On or near ,Investigation complete; no suspect identified,west-yorkshire,CDT_HX
106204059,violent-crime,2022-11,53.711790,-1.859849,On or near Elm View,Unable to prosecute suspect,west-yorkshire,CDT_HX
106204136,violent-crime,2022-11,53.732954,-1.874012,On or near Woodville Street,Status update unavailable,west-yorkshire,CDT_HX
106201081,violent-crime,2022-11,53.723818,-1.861658,On or near Waterhouse Street,Status update unavailable,west-yorkshire,CDT_HX
106201093,violent-crime,2022-11,53.722692,-1.867663,On or near Bedford Street,Unable to prosecute suspect,west-yorkshire,CDT_HX
106201195,violent-crime,2022-11,53.732954,-1.874012,On or near Woodville Street,Investigation complete; no suspect identified,west-yorkshire,CDT_HX
106201494,violent-crime,2022-11,53.729922,-1.888405,On or near Mount Pellon Road,Unable to prosecute suspect,west-yorkshire,CDT_HX
106208343,violent-crime,2022-11,53.725845,-1.883021,On or near Clay Street,Unable to prosecute suspect,west-yorkshire,CDT_HX
106201954,violent-crime,2022-11,53.711404,-1.860289,On or near Heath Lane,Unable to prosecute suspect,west-yorkshire,CDT_HX
106202520,violent-crime,2022-11,53.722875,-1.862570,On or near Silver Street,Unable to prosecute suspect,west-yorkshire,CDT_HX
106202622,violent-crime,2022-11,53.718289,-1.877374,On or near Mayfield Mount,Investigation complete; no suspect identified,west-yorkshire,CDT_HX
106202658,violent-crime,2022-11,53.711790,-1.859849,On or near Elm View,Unable to prosecute suspect,west-yorkshire,CDT_HX
106202721,violent-crime,2022-11,53.722553,-1.855676,On or near Berwick Street,Investigation complete; no suspect identified,west-yorkshire,CDT_HX
106203083,violent-crime,2022-11,53.721007,-1.880594,On or near Rose Street,Unable to prosecute suspect,west-yorkshire,CDT_HX
106204322,violent-crime,2022-11,53.734196,-1.858743,On or near Bradford Old Road,Unable to prosecute suspect,west-yorkshire,CDT_HX
106204347,violent-crime,2022-11,53.727365,-1.884593,On or near Blackwood Grove,Unable to prosecute suspect,west-yorkshire,CDT_HX
106204644,violent-crime,2022-11,53.727743,-1.875740,On or near Birks Hall Street,Status update unavailable,west-yorkshire,CDT_HX
106204778,violent-crime,2022-11,53.717773,-1.857677,On or near Heath View Street,Investigation complete; no suspect identified,west-yorkshire,CDT_HX
106205364,violent-crime,2022-11,53.724268,-1.854382,On or near ,Investigation complete; no suspect identified,west-yorkshire,CDT_HX
106205813,violent-crime,2022-11,53.731049,-1.858299,On or near Range Bank,Unable to prosecute suspect,west-yorkshire,CDT_HX
106205821,violent-crime,2022-11,53.731049,-1.858299,On or near Range Bank,Unable to prosecute suspect,west-yorkshire,CDT_HX
106205833,violent-crime,2022-11,53.715437,-1.874019,On or near Emscote Place,Unable to prosecute suspect,west-yorkshire,CDT_HX
106205924,violent-crime,2022-11,53.715437,-1.874019,On or near Emscote Place,Unable to prosecute suspect,west-yorkshire,CDT_HX
106205945,violent-crime,2022-11,53.724268,-1.854382,On or near ,Investigation complete; no suspect identified,west-yorkshire,CDT_HX
106206233,violent-crime,2022-11,53.722035,-1.859163,On or near ,Unable to prosecute suspect,west-yorkshire,CDT_HX
106206333,violent-crime,2022-11,53.722734,-1.865207,On or near Stead Street,Court result unavailable,west-yorkshire,CDT_HX
106206676,violent-crime,2022-11,53.723280,-1.863023,On or near Central Street,Unable to prosecute suspect,west-yorkshire,CDT_HX
106206843,violent-crime,2022-11,53.736732,-1.868195,On or near Crown Road,Court result unavailable,west-yorkshire,CDT_HX
106206963,violent-crime,2022-11,53.714301,-1.863325,On or near The Gardens,Unable to prosecute suspect,west-yorkshire,CDT_HX
106207437,violent-crime,2022-11,53.722379,-1.860965,On or near Old Cock Yard,Unable to prosecute suspect,west-yorkshire,CDT_HX
106207547,violent-crime,2022-11,53.727187,-1.886078,On or near Queensway,Unable to prosecute suspect,west-yorkshire,CDT_HX
106207617,violent-crime,2022-11,53.722379,-1.860965,On or near Old Cock Yard,Unable to prosecute suspect,west-yorkshire,CDT_HX
106207723,violent-crime,2022-11,53.719055,-1.888479,On or near Back Ripon Street,Unable to prosecute suspect,west-yorkshire,CDT_HX
106207859,violent-crime,2022-11,53.717604,-1.858875,On or near Hunger Hill,Unable to prosecute suspect,west-yorkshire,CDT_HX
106208388,violent-crime,2022-11,53.725845,-1.883021,On or near Clay Street,Unable to prosecute suspect,west-yorkshire,CDT_HX
106199187,violent-crime,2022-11,53.726764,-1.876774,On or near Howard Street,Investigation complete; no suspect identified,west-yorkshire,CDT_HX
106218376,violent-crime,2022-11,53.725848,-1.886218,On or near Redcar Street,Status update unavailable,west-yorkshire,CDT_HX
106218373,violent-crime,2022-11,53.725848,-1.886218,On or near Redcar Street,Status update unavailable,west-yorkshire,CDT_HX
106218374,violent-crime,2022-11,53.719976,-1.874445,On or near ,Status update unavailable,west-yorkshire,CDT_HX
106218378,violent-crime,2022-11,53.721177,-1.855150,On or near Church Street,Status update unavailable,west-yorkshire,CDT_HX
106218386,violent-crime,2022-11,53.725848,-1.886218,On or near Redcar Street,Status update unavailable,west-yorkshire,CDT_HX
106218390,violent-crime,2022-11,53.717259,-1.871740,On or near Arden Road,Unable to prosecute suspect,west-yorkshire,CDT_HX
106218402,violent-crime,2022-11,53.721926,-1.866089,On or near Boyne Street,Unable to prosecute suspect,west-yorkshire,CDT_HX
106218405,violent-crime,2022-11,53.721926,-1.866089,On or near Boyne Street,Unable to prosecute suspect,west-yorkshire,CDT_HX
106218408,violent-crime,2022-11,53.715579,-1.881110,On or near Lombard Street,Court result unavailable,west-yorkshire,CDT_HX
106219145,violent-crime,2022-11,53.727668,-1.864312,On or near Corporation Street,Unable to prosecute suspect,west-yorkshire,CDT_HX
106219293,violent-crime,2022-11,53.718875,-1.887677,On or near Surrey Street,Unable to prosecute suspect,west-yorkshire,CDT_HX
106219399,violent-crime,2022-11,53.719803,-1.864474,On or near Trinity Place,Investigation complete; no suspect identified,west-yorkshire,CDT_HX
106219657,violent-crime,2022-11,53.725848,-1.885915,On or near Lytham Street,Status update unavailable,west-yorkshire,CDT_HX
106219658,violent-crime,2022-11,53.725848,-1.885915,On or near Lytham Street,Status update unavailable,west-yorkshire,CDT_HX
106219689,violent-crime,2022-11,53.733514,-1.876421,On or near Grange Street,Unable to prosecute suspect,west-yorkshire,CDT_HX
106219860,violent-crime,2022-11,53.726282,-1.872328,On or near ,Unable to prosecute suspect,west-yorkshire,CDT_HX
106219915,violent-crime,2022-11,53.716353,-1.882804,On or near Winter Street,Unable to prosecute suspect,west-yorkshire,CDT_HX
106220135,violent-crime,2022-11,53.715742,-1.882579,On or near Dundas Street,Unable to prosecute suspect,west-yorkshire,CDT_HX
106216096,violent-crime,2022-11,53.722875,-1.862570,On or near Silver Street,Unable to prosecute suspect,west-yorkshire,CDT_HX
106216103,violent-crime,2022-11,53.722875,-1.862570,On or near Silver Street,Unable to prosecute suspect,west-yorkshire,CDT_HX
106216131,violent-crime,2022-11,53.711605,-1.863107,On or near Linden Mews,Unable to prosecute suspect,west-yorkshire,CDT_HX
106216450,violent-crime,2022-11,53.721664,-1.864135,On or near Bull Green,Court result unavailable,west-yorkshire,CDT_HX
106216592,violent-crime,2022-11,53.723937,-1.890028,On or near Newstead Heath,Investigation complete; no suspect identified,west-yorkshire,CDT_HX
106216948,violent-crime,2022-11,53.722318,-1.862238,On or near George Street,Unable to prosecute suspect,west-yorkshire,CDT_HX
106217071,violent-crime,2022-11,53.714286,-1.873916,On or near Upper Bell Hall,Unable to prosecute suspect,west-yorkshire,CDT_HX
106217101,violent-crime,2022-11,53.726764,-1.876774,On or near Howard Street,Unable to prosecute suspect,west-yorkshire,CDT_HX
106217122,violent-crime,2022-11,53.726764,-1.876774,On or near Howard Street,Unable to prosecute suspect,west-yorkshire,CDT_HX
106211252,violent-crime,2022-11,53.718412,-1.883193,On or near Plum Street,Investigation complete; no suspect identified,west-yorkshire,CDT_HX
106211372,violent-crime,2022-11,53.721720,-1.884093,On or near Harrow Street,Investigation complete; no suspect identified,west-yorkshire,CDT_HX
106211610,violent-crime,2022-11,53.726287,-1.865228,On or near ,Court result unavailable,west-yorkshire,CDT_HX
106211667,violent-crime,2022-11,53.718290,-1.878496,On or near Belmont Place,Investigation complete; no suspect identified,west-yorkshire,CDT_HX
106211863,violent-crime,2022-11,53.735020,-1.881585,On or near Field View,Status update unavailable,west-yorkshire,CDT_HX
106211880,violent-crime,2022-11,53.721720,-1.884093,On or near Harrow Street,Investigation complete; no suspect identified,west-yorkshire,CDT_HX
106211913,violent-crime,2022-11,53.723333,-1.861811,On or near Crown Street,Unable to prosecute suspect,west-yorkshire,CDT_HX
106211949,violent-crime,2022-11,53.721873,-1.883335,On or near Eton Street,Investigation complete; no suspect identified,west-yorkshire,CDT_HX
106211952,violent-crime,2022-11,53.721873,-1.883335,On or near Eton Street,Investigation complete; no suspect identified,west-yorkshire,CDT_HX
106211999,violent-crime,2022-11,53.729630,-1.851074,On or near Belgrave Park,Investigation complete; no suspect identified,west-yorkshire,CDT_HX
106212000,violent-crime,2022-11,53.729630,-1.851074,On or near Belgrave Park,Unable to prosecute suspect,west-yorkshire,CDT_HX
106212048,violent-crime,2022-11,53.722318,-1.862238,On or near George Street,Investigation complete; no suspect identified,west-yorkshire,CDT_HX
106212114,violent-crime,2022-11,53.721265,-1.861681,On or near ,Court result unavailable,west-yorkshire,CDT_HX
106212880,violent-crime,2022-11,53.733682,-1.873692,On or near Concrete Street,Unable to prosecute suspect,west-yorkshire,CDT_HX
106212925,violent-crime,2022-11,53.720850,-1.860485,On or near Ward's End,Court result unavailable,west-yorkshire,CDT_HX
106213011,violent-crime,2022-11,53.726674,-1.867589,On or near Dene Place,Unable to prosecute suspect,west-yorkshire,CDT_HX
106213022,violent-crime,2022-11,53.722875,-1.862570,On or near Silver Street,Unable to prosecute suspect,west-yorkshire,CDT_HX
106213047,violent-crime,2022-11,53.716194,-1.885502,On or near Norman Street,Unable to prosecute suspect,west-yorkshire,CDT_HX
106213167,violent-crime,2022-11,53.732091,-1.865056,On or near Bankfield View,Investigation complete; no suspect identified,west-yorkshire,CDT_HX
106213177,violent-crime,2022-11,53.729808,-1.865245,On or near Lake View,Investigation complete; no suspect identified,west-yorkshire,CDT_HX
106213197,violent-crime,2022-11,53.732091,-1.865056,On or near Bankfield View,Investigation complete; no suspect identified,west-yorkshire,CDT_HX
106213304,violent-crime,2022-11,53.726764,-1.876774,On or near Howard Street,Unable to prosecute suspect,west-yorkshire,CDT_HX
106213375,violent-crime,2022-11,53.733756,-1.875222,On or near Garfield Street,Offender given a caution,west-yorkshire,CDT_HX
106213622,violent-crime,2022-11,53.713286,-1.863828,On or near Emily Way,Unable to prosecute suspect,west-yorkshire,CDT_HX
106213667,violent-crime,2022-11,53.719418,-1.857808,On or near Union Street South,Local resolution,west-yorkshire,CDT_HX
106213794,violent-crime,2022-11,53.726287,-1.865228,On or near ,Status update unavailable,west-yorkshire,CDT_HX
106213974,violent-crime,2022-11,53.721172,-1.859029,On or near ,Action to be taken by another organisation,west-yorkshire,CDT_HX
106214337,violent-crime,2022-11,53.737399,-1.869997,On or near Mill Lane,Unable to prosecute suspect,west-yorkshire,CDT_HX
106214357,violent-crime,2022-11,53.722850,-1.881271,On or near Boston Street,Unable to prosecute suspect,west-yorkshire,CDT_HX
106214374,violent-crime,2022-11,53.713273,-1.867995,On or near Clover Hill View,Unable to prosecute suspect,west-yorkshire,CDT_HX
106214390,violent-crime,2022-11,53.713273,-1.867995,On or near Clover Hill View,Further investigation is not in the public interest,west-yorkshire,CDT_HX
106214490,violent-crime,2022-11,53.724244,-1.881858,On or near Alabama Street,Unable to prosecute suspect,west-yorkshire,CDT_HX
106214594,violent-crime,2022-11,53.722379,-1.860965,On or near Old Cock Yard,Unable to prosecute suspect,west-yorkshire,CDT_HX
106214599,violent-crime,2022-11,53.722379,-1.860965,On or near Old Cock Yard,Unable to prosecute suspect,west-yorkshire,CDT_HX
106214689,violent-crime,2022-11,53.723875,-1.881117,On or near Raven Street,Unable to prosecute suspect,west-yorkshire,CDT_HX
106209215,violent-crime,2022-11,53.711404,-1.860289,On or near Heath Lane,Court result unavailable,west-yorkshire,CDT_HX
106209303,violent-crime,2022-11,53.735627,-1.868607,On or near Grantham Road,Unable to prosecute suspect,west-yorkshire,CDT_HX
106209694,violent-crime,2022-11,53.723624,-1.873706,On or near Cavendish Terrace,Unable to prosecute suspect,west-yorkshire,CDT_HX
106210320,violent-crime,2022-11,53.726801,-1.877122,On or near Penn Street,Investigation complete; no suspect identified,west-yorkshire,CDT_HX
106210389,violent-crime,2022-11,53.722379,-1.860965,On or near Old Cock Yard,Investigation complete; no suspect identified,west-yorkshire,CDT_HX
106210646,violent-crime,2022-11,53.723043,-1.885665,On or near Ashbourne Grove,Investigation complete; no suspect identified,west-yorkshire,CDT_HX
106210650,violent-crime,2022-11,53.719203,-1.858324,On or near Clare Street,Unable to prosecute suspect,west-yorkshire,CDT_HX
106210652,violent-crime,2022-11,53.723043,-1.885665,On or near Ashbourne Grove,Investigation complete; no suspect identified,west-yorkshire,CDT_HX
106210657,violent-crime,2022-11,53.735065,-1.864425,On or near Brewery Street,Investigation complete; no suspect identified,west-yorkshire,CDT_HX
106210654,violent-crime,2022-11,53.719117,-1.861855,On or near St John's Place,Unable to prosecute suspect,west-yorkshire,CDT_HX
106210747,violent-crime,2022-11,53.737162,-1.875273,On or near Earl Terrace,Unable to prosecute suspect,west-yorkshire,CDT_HX
106210900,violent-crime,2022-11,53.714301,-1.863325,On or near The Gardens,Unable to prosecute suspect,west-yorkshire,CDT_HX
106210985,violent-crime,2022-11,53.728898,-1.889514,On or near Charlesworth Terrace,Investigation complete; no suspect identified,west-yorkshire,CDT_HX
106217174,violent-crime,2022-11,53.722692,-1.867663,On or near Bedford Street,Unable to prosecute suspect,west-yorkshire,CDT_HX
106217187,violent-crime,2022-11,53.715654,-1.884882,On or near Thornton Street,Unable to prosecute suspect,west-yorkshire,CDT_HX
106217653,violent-crime,2022-11,53.716657,-1.881152,On or near Maple Street,Unable to prosecute suspect,west-yorkshire,CDT_HX
106217914,violent-crime,2022-11,53.716194,-1.885502,On or near Norman Street,Unable to prosecute suspect,west-yorkshire,CDT_HX
106218031,violent-crime,2022-11,53.728898,-1.889514,On or near Charlesworth Terrace,Unable to prosecute suspect,west-yorkshire,CDT_HX
106218027,violent-crime,2022-11,53.721873,-1.883335,On or near Eton Street,Unable to prosecute suspect,west-yorkshire,CDT_HX
106218068,violent-crime,2022-11,53.717308,-1.859391,On or near ,Unable to prosecute suspect,west-yorkshire,CDT_HX
106218166,violent-crime,2022-11,53.729813,-1.869717,On or near A629,Unable to prosecute suspect,west-yorkshire,CDT_HX
106218249,violent-crime,2022-11,53.720585,-1.863835,On or near Ferguson Street,Local resolution,west-yorkshire,CDT_HX
106218288,violent-crime,2022-11,53.722875,-1.862570,On or near Silver Street,Court result unavailable,west-yorkshire,CDT_HX
106223597,violent-crime,2022-11,53.726287,-1.865228,On or near Police Station,Court result unavailable,west-yorkshire,CDT_HX
106223610,violent-crime,2022-11,53.728898,-1.889514,On or near Charlesworth Terrace,Unable to prosecute suspect,west-yorkshire,CDT_HX
106223644,violent-crime,2022-11,53.727668,-1.864312,On or near Corporation Street,Unable to prosecute suspect,west-yorkshire,CDT_HX
106223728,violent-crime,2022-11,53.728898,-1.889514,On or near Charlesworth Terrace,Unable to prosecute suspect,west-yorkshire,CDT_HX
106223842,violent-crime,2022-11,53.722051,-1.864952,On or near Lord Street,Unable to prosecute suspect,west-yorkshire,CDT_HX
106224034,violent-crime,2022-11,53.733603,-1.875071,On or near Columbus Street,Court result unavailable,west-yorkshire,CDT_HX
106224233,violent-crime,2022-11,53.722682,-1.875300,On or near Dombey Street,Unable to prosecute suspect,west-yorkshire,CDT_HX
106224413,violent-crime,2022-11,53.725840,-1.878428,On or near Little Baines Street,Unable to prosecute suspect,west-yorkshire,CDT_HX
106224514,violent-crime,2022-11,53.719527,-1.874416,On or near ,Court result unavailable,west-yorkshire,CDT_HX
106224549,violent-crime,2022-11,53.735623,-1.881644,On or near High Croft,Status update unavailable,west-yorkshire,CDT_HX
106224583,violent-crime,2022-11,53.714892,-1.877111,On or near ,Unable to prosecute suspect,west-yorkshire,CDT_HX
106225278,violent-crime,2022-11,53.726764,-1.876774,On or near Howard Street,Court result unavailable,west-yorkshire,CDT_HX
106225736,violent-crime,2022-11,53.731808,-1.875205,On or near Sports/recreation Area,Court result unavailable,west-yorkshire,CDT_HX
106226028,violent-crime,2022-11,53.721804,-1.853875,On or near Parking Area,Unable to prosecute suspect,west-yorkshire,CDT_HX
106226042,violent-crime,2022-11,53.721327,-1.860499,On or near Alexandra Street,Court result unavailable,west-yorkshire,CDT_HX
106226538,violent-crime,2022-11,53.720850,-1.860485,On or near Ward's End,Court result unavailable,west-yorkshire,CDT_HX
106222018,violent-crime,2022-11,53.732384,-1.862039,On or near Range Street,Unable to prosecute suspect,west-yorkshire,CDT_HX
106222066,violent-crime,2022-11,53.722470,-1.862253,On or near Black Swan Passage,Status update unavailable,west-yorkshire,CDT_HX
106222214,violent-crime,2022-11,53.713634,-1.877948,On or near Rockville Terrace,Unable to prosecute suspect,west-yorkshire,CDT_HX
106222417,violent-crime,2022-11,53.716010,-1.881320,On or near Thorn Tree Street,Unable to prosecute suspect,west-yorkshire,CDT_HX
106222432,violent-crime,2022-11,53.728898,-1.889514,On or near Charlesworth Terrace,Unable to prosecute suspect,west-yorkshire,CDT_HX
106222540,violent-crime,2022-11,53.722618,-1.882681,On or near Gibbet Street,Unable to prosecute suspect,west-yorkshire,CDT_HX
106222767,violent-crime,2022-11,53.715078,-1.884126,On or near St Paul's Road,Unable to prosecute suspect,west-yorkshire,CDT_HX
106222816,violent-crime,2022-11,53.716194,-1.885502,On or near Norman Street,Unable to prosecute suspect,west-yorkshire,CDT_HX
106223243,violent-crime,2022-11,53.732954,-1.874012,On or near Woodville Street,Action to be taken by another organisation,west-yorkshire,CDT_HX
106223385,violent-crime,2022-11,53.732954,-1.874012,On or near Woodville Street,Action to be taken by another organisation,west-yorkshire,CDT_HX
106200578,violent-crime,2022-11,53.734958,-1.864759,On or near Iona Place,Unable to prosecute suspect,west-yorkshire,CDT_HX
106200605,violent-crime,2022-11,53.719585,-1.878749,On or near Holly Grove,Unable to prosecute suspect,west-yorkshire,CDT_HX
106202701,violent-crime,2022-11,53.723411,-1.859916,On or near Old Market,Investigation complete; no suspect identified,west-yorkshire,CDT_HX
106203749,violent-crime,2022-11,53.718358,-1.858221,On or near Hope Hall Street,Unable to prosecute suspect,west-yorkshire,CDT_HX
106210656,violent-crime,2022-11,53.723043,-1.885665,On or near Ashbourne Grove,Investigation complete; no suspect identified,west-yorkshire,CDT_HX
106212513,violent-crime,2022-11,53.733126,-1.875073,On or near Ruskin Terrace,Unable to prosecute suspect,west-yorkshire,CDT_HX
106213784,violent-crime,2022-11,53.728157,-1.885561,On or near Yarn Close,Unable to prosecute suspect,west-yorkshire,CDT_HX
106213906,violent-crime,2022-11,53.722195,-1.865452,On or near Back Lord Street,Unable to prosecute suspect,west-yorkshire,CDT_HX
106214218,violent-crime,2022-11,53.722766,-1.868981,On or near Back Clarence Street,Unable to prosecute suspect,west-yorkshire,CDT_HX
106215136,violent-crime,2022-11,53.719041,-1.883024,On or near Vickerman Street,Unable to prosecute suspect,west-yorkshire,CDT_HX
106216990,violent-crime,2022-11,53.721578,-1.876668,On or near Park Terrace,Unable to prosecute suspect,west-yorkshire,CDT_HX
106219977,violent-crime,2022-11,53.735703,-1.864560,On or near Heap Street,Unable to prosecute suspect,west-yorkshire,CDT_HX
106221166,violent-crime,2022-11,53.728390,-1.884650,On or near Back Blackwood Grove,Investigation complete; no suspect identified,west-yorkshire,CDT_HX
106222449,violent-crime,2022-11,53.722875,-1.862570,On or near Silver Street,Investigation complete; no suspect identified,west-yorkshire,CDT_HX
106226327,violent-crime,2022-11,53.714286,-1.873916,On or near Upper Bell Hall,Unable to prosecute suspect,west-yorkshire,CDT_HX
106215151,violent-crime,2022-11,53.735065,-1.864425,On or near Brewery Street,Investigation complete; no suspect identified,west-yorkshire,CDT_HX
106215417,violent-crime,2022-11,53.719855,-1.888492,On or near Peace Place,Unable to prosecute suspect,west-yorkshire,CDT_HX
106215549,violent-crime,2022-11,53.734520,-1.875842,On or near Ovenden Close,Unable to prosecute suspect,west-yorkshire,CDT_HX
106215610,violent-crime,2022-11,53.727337,-1.874120,On or near Sefton Terrace,Unable to prosecute suspect,west-yorkshire,CDT_HX
106215644,violent-crime,2022-11,53.727337,-1.874120,On or near Sefton Terrace,Unable to prosecute suspect,west-yorkshire,CDT_HX
106215673,violent-crime,2022-11,53.722612,-1.860783,On or near ,Unable to prosecute suspect,west-yorkshire,CDT_HX
106215738,violent-crime,2022-11,53.714892,-1.877111,On or near ,Local resolution,west-yorkshire,CDT_HX
106214300,violent-crime,2022-11,53.730099,-1.860637,On or near Eldon Street,Unable to prosecute suspect,west-yorkshire,CDT_HX
106214846,violent-crime,2022-11,53.719371,-1.880538,On or near Hammond Street,Unable to prosecute suspect,west-yorkshire,CDT_HX
106203041,violent-crime,2022-11,53.714833,-1.881051,On or near ,Unable to prosecute suspect,west-yorkshire,CDT_HX
106198706,violent-crime,2022-11,53.723280,-1.863023,On or near Central Street,Investigation complete; no suspect identified,west-yorkshire,CDT_HX
106199574,violent-crime,2022-11,53.723280,-1.863023,On or near Central Street,Unable to prosecute suspect,west-yorkshire,CDT_HX
106199826,violent-crime,2022-11,53.725908,-1.874063,On or near Crossley Gardens,Unable to prosecute suspect,west-yorkshire,CDT_HX
106200444,violent-crime,2022-11,53.718875,-1.887677,On or near Surrey Street,Unable to prosecute suspect,west-yorkshire,CDT_HX
106201148,violent-crime,2022-11,53.712717,-1.877193,On or near Ingram Street,Unable to prosecute suspect,west-yorkshire,CDT_HX
106201312,violent-crime,2022-11,53.718476,-1.883920,On or near Summergate Place,Unable to prosecute suspect,west-yorkshire,CDT_HX
106201433,violent-crime,2022-11,53.722692,-1.867663,On or near Bedford Street,Unable to prosecute suspect,west-yorkshire,CDT_HX
106202919,violent-crime,2022-11,53.737399,-1.869997,On or near Mill Lane,Unable to prosecute suspect,west-yorkshire,CDT_HX
106203387,violent-crime,2022-11,53.713988,-1.872463,On or near Industrial Terrace,Unable to prosecute suspect,west-yorkshire,CDT_HX
106204097,violent-crime,2022-11,53.726287,-1.865228,On or near ,Court result unavailable,west-yorkshire,CDT_HX
106207004,violent-crime,2022-11,53.722875,-1.862570,On or near Silver Street,Investigation complete; no suspect identified,west-yorkshire,CDT_HX
106207257,violent-crime,2022-11,53.717812,-1.868117,On or near Vine Terrace,Unable to prosecute suspect,west-yorkshire,CDT_HX
106208658,violent-crime,2022-11,53.735703,-1.864560,On or near Heap Street,Investigation complete; no suspect identified,west-yorkshire,CDT_HX
106208691,violent-crime,2022-11,53.735703,-1.864560,On or near Heap Street,Investigation complete; no suspect identified,west-yorkshire,CDT_HX
106211306,violent-crime,2022-11,53.722470,-1.862253,On or near Black Swan Passage,Investigation complete; no suspect identified,west-yorkshire,CDT_HX
106211408,violent-crime,2022-11,53.721720,-1.884093,On or near Harrow Street,Investigation complete; no suspect identified,west-yorkshire,CDT_HX
106212005,violent-crime,2022-11,53.729630,-1.851074,On or near Belgrave Park,Unable to prosecute suspect,west-yorkshire,CDT_HX
106212837,violent-crime,2022-11,53.723030,-1.864540,On or near Mount Street,Offender given a caution,west-yorkshire,CDT_HX
106213673,violent-crime,2022-11,53.719418,-1.857808,On or near Union Street South,Local resolution,west-yorkshire,CDT_HX
106213742,violent-crime,2022-11,53.730099,-1.860637,On or near Eldon Street,Court result unavailable,west-yorkshire,CDT_HX
106214030,violent-crime,2022-11,53.725848,-1.885915,On or near Lytham Street,Investigation complete; no suspect identified,west-yorkshire,CDT_HX
106219686,violent-crime,2022-11,53.737060,-1.864146,On or near Sandforth Avenue,Unable to prosecute suspect,west-yorkshire,CDT_HX
106214706,violent-crime,2022-11,53.721056,-1.866910,On or near ,Unable to prosecute suspect,west-yorkshire,CDT_HX
106214899,violent-crime,2022-11,53.726287,-1.865228,On or near ,Court result unavailable,west-yorkshire,CDT_HX
106215072,violent-crime,2022-11,53.725848,-1.886218,On or near Redcar Street,Unable to prosecute suspect,west-yorkshire,CDT_HX
106216188,violent-crime,2022-11,53.720744,-1.861577,On or near ,Investigation complete; no suspect identified,west-yorkshire,CDT_HX
106218023,violent-crime,2022-11,53.734597,-1.880571,On or near Field Close,Investigation complete; no suspect identified,west-yorkshire,CDT_HX
106218039,violent-crime,2022-11,53.723280,-1.863023,On or near Central Street,Unable to prosecute suspect,west-yorkshire,CDT_HX
106218367,violent-crime,2022-11,53.720850,-1.860485,On or near Ward's End,Unable to prosecute suspect,west-yorkshire,CDT_HX
106219066,violent-crime,2022-11,53.711605,-1.863107,On or near Linden Mews,Unable to prosecute suspect,west-yorkshire,CDT_HX
106219204,violent-crime,2022-11,53.720824,-1.886399,On or near Kingston Drive,Unable to prosecute suspect,west-yorkshire,CDT_HX
106219213,violent-crime,2022-11,53.720824,-1.886399,On or near Kingston Drive,Unable to prosecute suspect,west-yorkshire,CDT_HX
106198882,violent-crime,2022-11,53.713286,-1.863828,On or near Emily Way,Unable to prosecute suspect,west-yorkshire,CDT_HX
106220801,violent-crime,2022-11,53.725845,-1.883021,On or near Clay Street,Unable to prosecute suspect,west-yorkshire,CDT_HX
106221150,violent-crime,2022-11,53.728157,-1.885561,On or near Yarn Close,Unable to prosecute suspect,west-yorkshire,CDT_HX
106221219,violent-crime,2022-11,53.729630,-1.851074,On or near Belgrave Park,Unable to prosecute suspect,west-yorkshire,CDT_HX
106222423,violent-crime,2022-11,53.737062,-1.866056,On or near Thorpe Street,Unable to prosecute suspect,west-yorkshire,CDT_HX
106224682,violent-crime,2022-11,53.730119,-1.862152,On or near Randolph Street,Investigation complete; no suspect identified,west-yorkshire,CDT_HX
106218627,violent-crime,2022-11,53.713634,-1.877948,On or near Rockville Terrace,Unable to prosecute suspect,west-yorkshire,CDT_HX
106204904,violent-crime,2022-11,53.720441,-1.890082,On or near Gibraltar Road,Investigation complete; no suspect identified,west-yorkshire,CDT_HX
106205365,violent-crime,2022-11,53.720850,-1.860485,On or near Ward's End,Unable to prosecute suspect,west-yorkshire,CDT_HX
106205368,violent-crime,2022-11,53.727049,-1.872294,On or near ,Investigation complete; no suspect identified,west-yorkshire,CDT_HX
106205500,violent-crime,2022-11,53.722379,-1.860965,On or near Old Cock Yard,Investigation complete; no suspect identified,west-yorkshire,CDT_HX
106206088,violent-crime,2022-11,53.720850,-1.860485,On or near Ward's End,Unable to prosecute suspect,west-yorkshire,CDT_HX
106206498,violent-crime,2022-11,53.715437,-1.874019,On or near Emscote Place,Unable to prosecute suspect,west-yorkshire,CDT_HX
106206671,violent-crime,2022-11,53.720816,-1.878761,On or near Frank Street,Unable to prosecute suspect,west-yorkshire,CDT_HX
106203404,other-crime,2022-11,53.714301,-1.863325,On or near The Gardens,Unable to prosecute suspect,west-yorkshire,CDT_HX
106218701,other-crime,2022-11,53.728390,-1.884650,On or near Back Blackwood Grove,Unable to prosecute suspect,west-yorkshire,CDT_HX
106220586,other-crime,2022-11,53.725844,-1.881717,On or near Womersley Street,Local resolution,west-yorkshire,CDT_HX
106213617,other-crime,2022-11,53.714636,-1.857627,On or near Shaw Hill,Investigation complete; no suspect identified,west-yorkshire,CDT_HX
106206063,other-crime,2022-11,53.718358,-1.858221,On or near Hope Hall Street,Investigation complete; no suspect identified,west-yorkshire,CDT_HX
106226076,other-crime,2022-11,53.722875,-1.862570,On or near Silver Street,Unable to prosecute suspect,west-yorkshire,CDT_HX
106221552,other-crime,2022-11,53.726287,-1.865228,On or near ,Unable to prosecute suspect,west-yorkshire,CDT_HX
106222651,other-crime,2022-11,53.729922,-1.888405,On or near Mount Pellon Road,Investigation complete; no suspect identified,west-yorkshire,CDT_HX
106225121,other-crime,2022-11,53.737162,-1.875273,On or near Earl Terrace,Court result unavailable,west-yorkshire,CDT_HX
106219673,other-crime,2022-11,53.725848,-1.885915,On or near Lytham Street,Unable to prosecute suspect,west-yorkshire,CDT_HX
106209567,other-crime,2022-11,53.724194,-1.860277,On or near Town Hall Street East,Unable to prosecute suspect,west-yorkshire,CDT_HX
106214316,other-crime,2022-11,53.713383,-1.878676,On or near Horsfall Street,Unable to prosecute suspect,west-yorkshire,CDT_HX
106212599,other-crime,2022-11,53.725572,-1.871336,On or near Horne Street,Unable to prosecute suspect,west-yorkshire,CDT_HX
106222489,other-crime,2022-11,53.725848,-1.885915,On or near Lytham Street,Status update unavailable,west-yorkshire,CDT_HX
106220595,other-crime,2022-11,53.721337,-1.869591,On or near West Grove Terrace,Local resolution,west-yorkshire,CDT_HX
106206284,other-crime,2022-11,53.730143,-1.867579,On or near Woodside Mount,Unable to prosecute suspect,west-yorkshire,CDT_HX
106220528,other-crime,2022-11,53.723280,-1.863023,On or near Central Street,Status update unavailable,west-yorkshire,CDT_HX
106216802,other-crime,2022-11,53.726362,-1.854677,On or near ,Court result unavailable,west-yorkshire,CDT_HX
106219819,other-crime,2022-11,53.725848,-1.885915,On or near Lytham Street,Unable to prosecute suspect,west-yorkshire,CDT_HX
106203863,other-crime,2022-11,53.725848,-1.885915,On or near Lytham Street,Unable to prosecute suspect,west-yorkshire,CDT_HX
106201266,other-crime,2022-11,53.736351,-1.864830,On or near Carmel Road,Further action is not in the public interest,west-yorkshire,CDT_HX
106219294,other-crime,2022-11,53.732954,-1.874012,On or near Woodville Street,Investigation complete; no suspect identified,west-yorkshire,CDT_HX
106220879,other-crime,2022-11,53.721172,-1.859029,On or near ,Unable to prosecute suspect,west-yorkshire,CDT_HX
106212710,other-crime,2022-11,53.722862,-1.884302,On or near Crabtree Street,Unable to prosecute suspect,west-yorkshire,CDT_HX
106198797,other-crime,2022-11,53.721007,-1.881003,On or near Cedar Street,Status update unavailable,west-yorkshire,CDT_HX
106208389,other-crime,2022-11,53.719117,-1.878402,On or near Hermon Grove,Status update unavailable,west-yorkshire,CDT_HX
106201516,other-crime,2022-11,53.722318,-1.862238,On or near George Street,Investigation complete; no suspect identified,west-yorkshire,CDT_HX
106203894,other-crime,2022-11,53.730610,-1.866819,On or near Woodside Crescent,Court result unavailable,west-yorkshire,CDT_HX
106221354,other-crime,2022-11,53.730316,-1.861682,On or near All Souls' Terrace,Unable to prosecute suspect,west-yorkshire,CDT_HX
106230606,anti-social-behaviour,2022-11,53.710995,-1.912196,On or near Wallis Street,,west-yorkshire,CDT_VL
106230437,anti-social-behaviour,2022-11,53.705834,-1.910434,On or near Allan Terrace,,west-yorkshire,CDT_VL
106228736,anti-social-behaviour,2022-11,53.708433,-1.911732,On or near Town Hall Street,,west-yorkshire,CDT_VL
106228642,anti-social-behaviour,2022-11,53.712890,-1.910935,On or near Milton Avenue,,west-yorkshire,CDT_VL
106228640,anti-social-behaviour,2022-11,53.712890,-1.910935,On or near Milton Avenue,,west-yorkshire,CDT_VL
106227134,anti-social-behaviour,2022-11,53.719275,-1.903041,On or near Bairstow Court,,west-yorkshire,CDT_VL
106200185,burglary,2022-11,53.720325,-1.913268,On or near Stock Lane,Investigation complete; no suspect identified,west-yorkshire,CDT_VL
106201447,burglary,2022-11,53.719231,-1.894480,On or near Trimmingham Road,Investigation complete; no suspect identified,west-yorkshire,CDT_VL
106219222,burglary,2022-11,53.716919,-1.891440,On or near Plane Tree Nest,Unable to prosecute suspect,west-yorkshire,CDT_VL
106222305,burglary,2022-11,53.714772,-1.903430,On or near Willow Crescent,Offender given a caution,west-yorkshire,CDT_VL
106211237,burglary,2022-11,53.726447,-1.915180,On or near Moor Top Road,Unable to prosecute suspect,west-yorkshire,CDT_VL
106219351,burglary,2022-11,53.710726,-1.913924,On or near Upper Fountain Street,Investigation complete; no suspect identified,west-yorkshire,CDT_VL
106207984,burglary,2022-11,53.716115,-1.937232,On or near John Naylor Lane,Investigation complete; no suspect identified,west-yorkshire,CDT_VL
106218154,criminal-damage-arson,2022-11,53.712634,-1.917768,On or near Hollins Lane,Unable to prosecute suspect,west-yorkshire,CDT_VL
106206364,criminal-damage-arson,2022-11,53.725352,-1.904604,On or near Golf Crescent,Investigation complete; no suspect identified,west-yorkshire,CDT_VL
106222395,criminal-damage-arson,2022-11,53.725682,-1.901526,On or near Highroad Well Lane,Unable to prosecute suspect,west-yorkshire,CDT_VL
106204760,criminal-damage-arson,2022-11,53.703177,-1.928299,On or near Orchard Rise,Investigation complete; no suspect identified,west-yorkshire,CDT_VL
106216924,criminal-damage-arson,2022-11,53.706734,-1.925733,On or near Sowerby New Road,Investigation complete; no suspect identified,west-yorkshire,CDT_VL
106199085,criminal-damage-arson,2022-11,53.713070,-1.911586,On or near Plane Tree Road,Investigation complete; no suspect identified,west-yorkshire,CDT_VL
106206382,criminal-damage-arson,2022-11,53.725352,-1.904604,On or near Golf Crescent,Investigation complete; no suspect identified,west-yorkshire,CDT_VL
106214856,criminal-damage-arson,2022-11,53.704284,-1.931312,On or near Moorland View,Investigation complete; no suspect identified,west-yorkshire,CDT_VL
106202825,criminal-damage-arson,2022-11,53.713945,-1.903296,On or near Leigh Street,Investigation complete; no suspect identified,west-yorkshire,CDT_VL
106202463,criminal-damage-arson,2022-11,53.723152,-1.896334,On or near Hubert Street,Investigation complete; no suspect identified,west-yorkshire,CDT_VL
106212380,criminal-damage-arson,2022-11,53.713837,-1.928978,On or near Warley Wood Avenue,Unable to prosecute suspect,west-yorkshire,CDT_VL
106218160,criminal-damage-arson,2022-11,53.712634,-1.917768,On or near Hollins Lane,Unable to prosecute suspect,west-yorkshire,CDT_VL
106222661,criminal-damage-arson,2022-11,53.713449,-1.912827,On or near Byron Street,Court result unavailable,west-yorkshire,CDT_VL
106212970,criminal-damage-arson,2022-11,53.705744,-1.923356,On or near Priestley Place,Unable to prosecute suspect,west-yorkshire,CDT_VL
106203464,drugs,2022-11,53.706107,-1.928415,On or near Hollybush Close,Local resolution,west-yorkshire,CDT_VL
106202619,drugs,2022-11,53.705660,-1.933521,On or near Maude Crescent,Offender given a caution,west-yorkshire,CDT_VL
106222789,other-theft,2022-11,53.709807,-1.910214,On or near ,Status update unavailable,west-yorkshire,CDT_VL
106217190,other-theft,2022-11,53.713829,-1.916311,On or near ,Court result unavailable,west-yorkshire,CDT_VL
106207470,other-theft,2022-11,53.713829,-1.916311,On or near ,Investigation complete; no suspect identified,west-yorkshire,CDT_VL
106205105,other-theft,2022-11,53.712384,-1.907360,On or near Union Street,Investigation complete; no suspect identified,west-yorkshire,CDT_VL
106213299,other-theft,2022-11,53.726395,-1.905950,On or near Paddock Lane,Investigation complete; no suspect identified,west-yorkshire,CDT_VL
106217925,other-theft,2022-11,53.714973,-1.907854,On or near Steps Lane,Unable to prosecute suspect,west-yorkshire,CDT_VL
106207226,other-theft,2022-11,53.712226,-1.900785,On or near Hanover Street,Investigation complete; no suspect identified,west-yorkshire,CDT_VL
106224659,other-theft,2022-11,53.719277,-1.906633,On or near ,Investigation complete; no suspect identified,west-yorkshire,CDT_VL
106207464,other-theft,2022-11,53.713829,-1.916311,On or near ,Investigation complete; no suspect identified,west-yorkshire,CDT_VL
106211469,other-theft,2022-11,53.719277,-1.906633,On or near ,Unable to prosecute suspect,west-yorkshire,CDT_VL
106219377,other-theft,2022-11,53.711804,-1.901013,On or near West Parade,Unable to prosecute suspect,west-yorkshire,CDT_VL
106202109,other-theft,2022-11,53.705744,-1.923356,On or near Priestley Place,Investigation complete; no suspect identified,west-yorkshire,CDT_VL
106204348,other-theft,2022-11,53.707290,-1.909962,On or near Station Road,Unable to prosecute suspect,west-yorkshire,CDT_VL
106214151,other-theft,2022-11,53.719277,-1.906633,On or near ,Investigation complete; no suspect identified,west-yorkshire,CDT_VL
106201204,other-theft,2022-11,53.709070,-1.910094,On or near ,Unable to prosecute suspect,west-yorkshire,CDT_VL
106216651,other-theft,2022-11,53.713829,-1.916311,On or near ,Investigation complete; no suspect identified,west-yorkshire,CDT_VL
106220087,other-theft,2022-11,53.710321,-1.912667,On or near Mount Street,Status update unavailable,west-yorkshire,CDT_VL
106201039,other-theft,2022-11,53.713829,-1.916311,On or near ,Investigation complete; no suspect identified,west-yorkshire,CDT_VL
106204409,other-theft,2022-11,53.708703,-1.912655,On or near Corporation Street,Investigation complete; no suspect identified,west-yorkshire,CDT_VL
106199270,other-theft,2022-11,53.712380,-1.902375,On or near Oxford Street,Investigation complete; no suspect identified,west-yorkshire,CDT_VL
106206212,other-theft,2022-11,53.713829,-1.916311,On or near ,Investigation complete; no suspect identified,west-yorkshire,CDT_VL
106207950,other-theft,2022-11,53.705834,-1.910434,On or near Allan Terrace,Investigation complete; no suspect identified,west-yorkshire,CDT_VL
106206281,other-theft,2022-11,53.709809,-1.913410,On or near Dale Street,Unable to prosecute suspect,west-yorkshire,CDT_VL
106219276,public-order,2022-11,53.714520,-1.928674,On or near Warley Wood Lane,Unable to prosecute suspect,west-yorkshire,CDT_VL
106206362,public-order,2022-11,53.725352,-1.904604,On or near Golf Crescent,Unable to prosecute suspect,west-yorkshire,CDT_VL
106207433,public-order,2022-11,53.705225,-1.927311,On or near Richmond Gardens,Unable to prosecute suspect,west-yorkshire,CDT_VL
106213141,public-order,2022-11,53.710574,-1.903379,On or near Lower Clifton Street,Unable to prosecute suspect,west-yorkshire,CDT_VL
106206473,public-order,2022-11,53.705655,-1.924250,On or near Rawson Place,Unable to prosecute suspect,west-yorkshire,CDT_VL
106213194,public-order,2022-11,53.709411,-1.909412,On or near ,Unable to prosecute suspect,west-yorkshire,CDT_VL
106206403,public-order,2022-11,53.711237,-1.912286,On or near Newton Street,Unable to prosecute suspect,west-yorkshire,CDT_VL
106222210,public-order,2022-11,53.709809,-1.913410,On or near Dale Street,Investigation complete; no suspect identified,west-yorkshire,CDT_VL
106200815,public-order,2022-11,53.712384,-1.907360,On or near Union Street,Unable to prosecute suspect,west-yorkshire,CDT_VL
106206351,public-order,2022-11,53.725352,-1.904604,On or near Golf Crescent,Unable to prosecute suspect,west-yorkshire,CDT_VL
106207864,public-order,2022-11,53.707508,-1.913567,On or near The Nook,Unable to prosecute suspect,west-yorkshire,CDT_VL
106219239,public-order,2022-11,53.709411,-1.909412,On or near Parking Area,Unable to prosecute suspect,west-yorkshire,CDT_VL
106216495,public-order,2022-11,53.712130,-1.893891,On or near Pye Nest Road,Court result unavailable,west-yorkshire,CDT_VL
106209214,public-order,2022-11,53.710181,-1.905577,On or near Fairbanks,Further investigation is not in the public interest,west-yorkshire,CDT_VL
106223783,public-order,2022-11,53.720325,-1.913268,On or near Stock Lane,Unable to prosecute suspect,west-yorkshire,CDT_VL
106213284,public-order,2022-11,53.711824,-1.915679,On or near Oliver Close,Investigation complete; no suspect identified,west-yorkshire,CDT_VL
106215002,public-order,2022-11,53.713679,-1.920115,On or near Greenside Gardens,Unable to prosecute suspect,west-yorkshire,CDT_VL
106206076,public-order,2022-11,53.705744,-1.923356,On or near Priestley Place,Unable to prosecute suspect,west-yorkshire,CDT_VL
106207875,public-order,2022-11,53.712384,-1.907360,On or near Union Street,Unable to prosecute suspect,west-yorkshire,CDT_VL
106214981,public-order,2022-11,53.709472,-1.907503,On or near Wharf Street,Investigation complete; no suspect identified,west-yorkshire,CDT_VL
106217286,public-order,2022-11,53.705656,-1.926204,On or near Tennyson Avenue,Investigation complete; no suspect identified,west-yorkshire,CDT_VL
106204564,public-order,2022-11,53.705225,-1.927311,On or near Richmond Gardens,Unable to prosecute suspect,west-yorkshire,CDT_VL
106220553,public-order,2022-11,53.709411,-1.909412,On or near Parking Area,Offender given a caution,west-yorkshire,CDT_VL
106203886,theft-from-the-person,2022-11,53.710212,-1.911198,On or near Tuel Lane,Investigation complete; no suspect identified,west-yorkshire,CDT_VL
106199438,vehicle-crime,2022-11,53.711720,-1.908392,On or near Pleasant Street,Investigation complete; no suspect identified,west-yorkshire,CDT_VL
106210830,vehicle-crime,2022-11,53.705744,-1.923356,On or near Priestley Place,Investigation complete; no suspect identified,west-yorkshire,CDT_VL
106199382,vehicle-crime,2022-11,53.714887,-1.891278,On or near Rochdale Road,Investigation complete; no suspect identified,west-yorkshire,CDT_VL
106204723,vehicle-crime,2022-11,53.710726,-1.913924,On or near Upper Fountain Street,Investigation complete; no suspect identified,west-yorkshire,CDT_VL
106220781,vehicle-crime,2022-11,53.712268,-1.908345,On or near Princess Street,Investigation complete; no suspect identified,west-yorkshire,CDT_VL
106202103,vehicle-crime,2022-11,53.705744,-1.923356,On or near Priestley Place,Investigation complete; no suspect identified,west-yorkshire,CDT_VL
106201358,vehicle-crime,2022-11,53.710212,-1.911198,On or near Tuel Lane,Investigation complete; no suspect identified,west-yorkshire,CDT_VL
106203298,vehicle-crime,2022-11,53.713837,-1.928978,On or near Warley Wood Avenue,Investigation complete; no suspect identified,west-yorkshire,CDT_VL
106212251,violent-crime,2022-11,53.709871,-1.912623,On or near Chapel Street,Unable to prosecute suspect,west-yorkshire,CDT_VL
106218167,violent-crime,2022-11,53.712634,-1.917768,On or near Hollins Lane,Unable to prosecute suspect,west-yorkshire,CDT_VL
106215484,violent-crime,2022-11,53.704284,-1.931312,On or near Moorland View,Unable to prosecute suspect,west-yorkshire,CDT_VL
106213290,violent-crime,2022-11,53.725682,-1.901526,On or near Highroad Well Lane,Unable to prosecute suspect,west-yorkshire,CDT_VL
106212754,violent-crime,2022-11,53.709472,-1.907503,On or near Wharf Street,Unable to prosecute suspect,west-yorkshire,CDT_VL
106213915,violent-crime,2022-11,53.709070,-1.910094,On or near ,Unable to prosecute suspect,west-yorkshire,CDT_VL
106214944,violent-crime,2022-11,53.712492,-1.907087,On or near Claremont Street,Court result unavailable,west-yorkshire,CDT_VL
106209793,violent-crime,2022-11,53.706107,-1.928415,On or near Hollybush Close,Unable to prosecute suspect,west-yorkshire,CDT_VL
106210825,violent-crime,2022-11,53.709472,-1.907503,On or near Wharf Street,Investigation complete; no suspect identified,west-yorkshire,CDT_VL
106222198,violent-crime,2022-11,53.709472,-1.907503,On or near Wharf Street,Investigation complete; no suspect identified,west-yorkshire,CDT_VL
106218161,violent-crime,2022-11,53.711237,-1.912286,On or near Newton Street,Unable to prosecute suspect,west-yorkshire,CDT_VL
106220619,violent-crime,2022-11,53.705744,-1.923356,On or near Priestley Place,Unable to prosecute suspect,west-yorkshire,CDT_VL
106218164,violent-crime,2022-11,53.713679,-1.920115,On or near Greenside Gardens,Unable to prosecute suspect,west-yorkshire,CDT_VL
106214957,violent-crime,2022-11,53.724000,-1.899999,On or near Highcliffe Drive,Unable to prosecute suspect,west-yorkshire,CDT_VL
106224649,violent-crime,2022-11,53.706998,-1.917279,On or near George Street,Unable to prosecute suspect,west-yorkshire,CDT_VL
106222031,violent-crime,2022-11,53.710418,-1.910531,On or near Eagles Cliffe,Unable to prosecute suspect,west-yorkshire,CDT_VL
106220333,violent-crime,2022-11,53.719275,-1.903041,On or near Bairstow Court,Unable to prosecute suspect,west-yorkshire,CDT_VL
106222610,violent-crime,2022-11,53.723152,-1.896334,On or near Hubert Street,Offender given a caution,west-yorkshire,CDT_VL
106222737,violent-crime,2022-11,53.713965,-1.918614,On or near Daisy Mount,Unable to prosecute suspect,west-yorkshire,CDT_VL
106209930,violent-crime,2022-11,53.714973,-1.907854,On or near Steps Lane,Unable to prosecute suspect,west-yorkshire,CDT_VL
106222803,violent-crime,2022-11,53.713449,-1.912827,On or near Byron Street,Court result unavailable,west-yorkshire,CDT_VL
106223044,violent-crime,2022-11,53.712384,-1.907360,On or near Union Street,Unable to prosecute suspect,west-yorkshire,CDT_VL
106225853,violent-crime,2022-11,53.711237,-1.912286,On or near Newton Street,Unable to prosecute suspect,west-yorkshire,CDT_VL
106217149,violent-crime,2022-11,53.724845,-1.900892,On or near Court Lane,Unable to prosecute suspect,west-yorkshire,CDT_VL
106221667,violent-crime,2022-11,53.712812,-1.892178,On or near Dorchester Drive,Unable to prosecute suspect,west-yorkshire,CDT_VL
106221404,violent-crime,2022-11,53.725803,-1.907664,On or near Gleanings Avenue,Local resolution,west-yorkshire,CDT_VL
106220460,violent-crime,2022-11,53.724000,-1.899999,On or near Highcliffe Drive,Unable to prosecute suspect,west-yorkshire,CDT_VL
106219667,violent-crime,2022-11,53.705656,-1.926204,On or near Tennyson Avenue,Unable to prosecute suspect,west-yorkshire,CDT_VL
106205103,violent-crime,2022-11,53.714440,-1.893355,On or near Pye Nest Gardens,Unable to prosecute suspect,west-yorkshire,CDT_VL
106205145,violent-crime,2022-11,53.712492,-1.907087,On or near Claremont Street,Unable to prosecute suspect,west-yorkshire,CDT_VL
106209452,violent-crime,2022-11,53.714973,-1.907854,On or near Steps Lane,Unable to prosecute suspect,west-yorkshire,CDT_VL
106214208,violent-crime,2022-11,53.710995,-1.912196,On or near Wallis Street,Investigation complete; no suspect identified,west-yorkshire,CDT_VL
106206570,violent-crime,2022-11,53.710418,-1.910531,On or near Eagles Cliffe,Unable to prosecute suspect,west-yorkshire,CDT_VL
106224014,violent-crime,2022-11,53.710321,-1.912667,On or near Mount Street,Unable to prosecute suspect,west-yorkshire,CDT_VL
106215376,violent-crime,2022-11,53.712679,-1.894345,On or near Pye Nest Avenue,Unable to prosecute suspect,west-yorkshire,CDT_VL
106215371,violent-crime,2022-11,53.704284,-1.931312,On or near Moorland View,Awaiting court outcome,west-yorkshire,CDT_VL
106203979,violent-crime,2022-11,53.707290,-1.909962,On or near Station Road,Unable to prosecute suspect,west-yorkshire,CDT_VL
106202757,violent-crime,2022-11,53.712983,-1.915010,On or near Hill Crest Avenue,Unable to prosecute suspect,west-yorkshire,CDT_VL
106200246,violent-crime,2022-11,53.713965,-1.918614,On or near Daisy Mount,Unable to prosecute suspect,west-yorkshire,CDT_VL
106220313,violent-crime,2022-11,53.710321,-1.912667,On or near Mount Street,Unable to prosecute suspect,west-yorkshire,CDT_VL
106203320,violent-crime,2022-11,53.711795,-1.913467,On or near John Street West,Unable to prosecute suspect,west-yorkshire,CDT_VL
106220088,violent-crime,2022-11,53.710321,-1.912667,On or near Mount Street,Unable to prosecute suspect,west-yorkshire,CDT_VL
106220671,violent-crime,2022-11,53.711824,-1.915679,On or near Oliver Close,Investigation complete; no suspect identified,west-yorkshire,CDT_VL
106203937,violent-crime,2022-11,53.704284,-1.931312,On or near Moorland View,Awaiting court outcome,west-yorkshire,CDT_VL
106222447,violent-crime,2022-11,53.709871,-1.912623,On or near Chapel Street,Investigation complete; no suspect identified,west-yorkshire,CDT_VL
106212696,violent-crime,2022-11,53.712384,-1.907360,On or near Union Street,Unable to prosecute suspect,west-yorkshire,CDT_VL
106211579,violent-crime,2022-11,53.719068,-1.892828,On or near Old Mill Grove,Unable to prosecute suspect,west-yorkshire,CDT_VL
106215346,violent-crime,2022-11,53.704284,-1.931312,On or near Moorland View,Awaiting court outcome,west-yorkshire,CDT_VL
106200759,violent-crime,2022-11,53.711572,-1.903256,On or near Belmont Street,Unable to prosecute suspect,west-yorkshire,CDT_VL
106206765,violent-crime,2022-11,53.705744,-1.923356,On or near Priestley Place,Unable to prosecute suspect,west-yorkshire,CDT_VL
106209924,violent-crime,2022-11,53.714973,-1.907854,On or near Steps Lane,Unable to prosecute suspect,west-yorkshire,CDT_VL
106200737,violent-crime,2022-11,53.725541,-1.905755,On or near Golf Avenue,Investigation complete; no suspect identified,west-yorkshire,CDT_VL
106200341,violent-crime,2022-11,53.706009,-1.915781,On or near Ryburn Street,Unable to prosecute suspect,west-yorkshire,CDT_VL
106198786,violent-crime,2022-11,53.715208,-1.897854,On or near Crow Wood Park,Unable to prosecute suspect,west-yorkshire,CDT_VL
106203980,violent-crime,2022-11,53.707290,-1.909962,On or near Station Road,Unable to prosecute suspect,west-yorkshire,CDT_VL
106200934,violent-crime,2022-11,53.711237,-1.912286,On or near Newton Street,Unable to prosecute suspect,west-yorkshire,CDT_VL
106225733,violent-crime,2022-11,53.709615,-1.906154,On or near ,Unable to prosecute suspect,west-yorkshire,CDT_VL
106205992,violent-crime,2022-11,53.709809,-1.913410,On or near Dale Street,Unable to prosecute suspect,west-yorkshire,CDT_VL
106206018,violent-crime,2022-11,53.703177,-1.928299,On or near Orchard Rise,Investigation complete; no suspect identified,west-yorkshire,CDT_VL
106202475,violent-crime,2022-11,53.709052,-1.910337,On or near Smith's Yard,Investigation complete; no suspect identified,west-yorkshire,CDT_VL
106204877,violent-crime,2022-11,53.714440,-1.893355,On or near Pye Nest Gardens,Unable to prosecute suspect,west-yorkshire,CDT_VL
106221347,violent-crime,2022-11,53.708152,-1.921246,On or near Lower Bentley Royd,Unable to prosecute suspect,west-yorkshire,CDT_VL
106217117,violent-crime,2022-11,53.719275,-1.903041,On or near Bairstow Court,Unable to prosecute suspect,west-yorkshire,CDT_VL
106222650,other-crime,2022-11,53.725167,-1.909757,On or near Gleanings Drive,Unable to prosecute suspect,west-yorkshire,CDT_VL
106222685,other-crime,2022-11,53.713449,-1.912827,On or near Byron Street,Court result unavailable,west-yorkshire,CDT_VL
106217293,other-crime,2022-11,53.724055,-1.901378,On or near Well Royd Close,Status update unavailable,west-yorkshire,CDT_VL
106208202,other-crime,2022-11,53.722666,-1.896047,On or near Kenyon Lane,Unable to prosecute suspect,west-yorkshire,CDT_VL
106219221,other-crime,2022-11,53.705512,-1.911904,On or near Bank Road,Court result unavailable,west-yorkshire,CDT_VL
106216117,other-crime,2022-11,53.705512,-1.911904,On or near Bank Road,Unable to prosecute suspect,west-yorkshire,CDT_VL
106203891,other-crime,2022-11,53.725803,-1.907664,On or near Gleanings Avenue,Awaiting court outcome,west-yorkshire,CDT_VL
106226673,anti-social-behaviour,2022-11,53.714479,-1.662306,On or near Oliver Road,,west-yorkshire,KDT_BS
106226644,anti-social-behaviour,2022-11,53.713629,-1.644980,On or near Charles Jones Court,,west-yorkshire,KDT_BS
106230397,anti-social-behaviour,2022-11,53.720562,-1.661515,On or near Brighton Close,,west-yorkshire,KDT_BS
106229223,anti-social-behaviour,2022-11,53.708755,-1.662701,On or near Kilpin Close,,west-yorkshire,KDT_BS
106229799,anti-social-behaviour,2022-11,53.709410,-1.659105,On or near The Crofts,,west-yorkshire,KDT_BS
106229670,anti-social-behaviour,2022-11,53.711960,-1.667872,On or near Longfield Court,,west-yorkshire,KDT_BS
106229011,anti-social-behaviour,2022-11,53.709015,-1.656078,On or near Cliffe Street,,west-yorkshire,KDT_BS
106228942,anti-social-behaviour,2022-11,53.708145,-1.669553,On or near A638,,west-yorkshire,KDT_BS
106227982,anti-social-behaviour,2022-11,53.707925,-1.661798,On or near Stakes Fold,,west-yorkshire,KDT_BS
106227725,anti-social-behaviour,2022-11,53.714987,-1.673560,On or near Briar Close,,west-yorkshire,KDT_BS
106226997,anti-social-behaviour,2022-11,53.712029,-1.654054,On or near West Park Road,,west-yorkshire,KDT_BS
106226752,anti-social-behaviour,2022-11,53.717000,-1.645209,On or near North Bank Road,,west-yorkshire,KDT_BS
106226677,anti-social-behaviour,2022-11,53.707805,-1.660709,On or near Indus Close,,west-yorkshire,KDT_BS
106226675,anti-social-behaviour,2022-11,53.708755,-1.662701,On or near Kilpin Close,,west-yorkshire,KDT_BS
106209335,burglary,2022-11,53.712882,-1.650532,On or near Nelson Street,Investigation complete; no suspect identified,west-yorkshire,KDT_BS
106221356,burglary,2022-11,53.714833,-1.657046,On or near Mortimer Terrace,Unable to prosecute suspect,west-yorkshire,KDT_BS
106221274,burglary,2022-11,53.714613,-1.655487,On or near Mortimer Avenue,Unable to prosecute suspect,west-yorkshire,KDT_BS
106209415,burglary,2022-11,53.721265,-1.646719,On or near Ruby Street,Investigation complete; no suspect identified,west-yorkshire,KDT_BS
106221894,burglary,2022-11,53.724576,-1.657164,On or near The Covert,Suspect charged as part of another case,west-yorkshire,KDT_BS
106214633,burglary,2022-11,53.731917,-1.669064,On or near Kirkgate,Investigation complete; no suspect identified,west-yorkshire,KDT_BS
106221914,burglary,2022-11,53.713004,-1.649500,On or near Linton Avenue,Suspect charged as part of another case,west-yorkshire,KDT_BS
106221937,burglary,2022-11,53.724381,-1.651649,On or near The Grove,Suspect charged as part of another case,west-yorkshire,KDT_BS
106222836,burglary,2022-11,53.723873,-1.653350,On or near Laurel Grove,Unable to prosecute suspect,west-yorkshire,KDT_BS
106224305,burglary,2022-11,53.710812,-1.656109,On or near Abbey Road,Court result unavailable,west-yorkshire,KDT_BS
106214621,burglary,2022-11,53.730264,-1.662817,On or near The Avenue,Unable to prosecute suspect,west-yorkshire,KDT_BS
106224196,burglary,2022-11,53.721265,-1.646719,On or near Ruby Street,Status update unavailable,west-yorkshire,KDT_BS
106223429,burglary,2022-11,53.712137,-1.673401,On or near Grosvenor Street,Status update unavailable,west-yorkshire,KDT_BS
106217841,burglary,2022-11,53.732906,-1.647167,On or near Ridgeway Drive,Suspect charged as part of another case,west-yorkshire,KDT_BS
106217848,burglary,2022-11,53.719704,-1.660067,On or near Oakwell Avenue,Court result unavailable,west-yorkshire,KDT_BS
106213705,burglary,2022-11,53.720859,-1.646116,On or near Pearl Street,Investigation complete; no suspect identified,west-yorkshire,KDT_BS
106221867,burglary,2022-11,53.719701,-1.658961,On or near Rudding Drive,Suspect charged as part of another case,west-yorkshire,KDT_BS
106221882,burglary,2022-11,53.722385,-1.651529,On or near Laurel Drive,Unable to prosecute suspect,west-yorkshire,KDT_BS
106221474,burglary,2022-11,53.714030,-1.655992,On or near Healey Close,Unable to prosecute suspect,west-yorkshire,KDT_BS
106221450,burglary,2022-11,53.714613,-1.655487,On or near Mortimer Avenue,Unable to prosecute suspect,west-yorkshire,KDT_BS
106206877,criminal-damage-arson,2022-11,53.723873,-1.653350,On or near Laurel Grove,Investigation complete; no suspect identified,west-yorkshire,KDT_BS
106218513,criminal-damage-arson,2022-11,53.713818,-1.663585,On or near Redberry Avenue,Unable to prosecute suspect,west-yorkshire,KDT_BS
106208154,criminal-damage-arson,2022-11,53.713118,-1.667484,On or near Fairmoor Way,Unable to prosecute suspect,west-yorkshire,KDT_BS
106207058,criminal-damage-arson,2022-11,53.714613,-1.655487,On or near Mortimer Avenue,Status update unavailable,west-yorkshire,KDT_BS
106201168,criminal-damage-arson,2022-11,53.719899,-1.652959,On or near Fairview Avenue,Investigation complete; no suspect identified,west-yorkshire,KDT_BS
106213374,criminal-damage-arson,2022-11,53.718961,-1.651800,On or near The Drive,Investigation complete; no suspect identified,west-yorkshire,KDT_BS
106211050,criminal-damage-arson,2022-11,53.722385,-1.651529,On or near Laurel Drive,Investigation complete; no suspect identified,west-yorkshire,KDT_BS
106219764,criminal-damage-arson,2022-11,53.731955,-1.660272,On or near ,Unable to prosecute suspect,west-yorkshire,KDT_BS
106214742,criminal-damage-arson,2022-11,53.721277,-1.641445,On or near Transvaal Terrace,Unable to prosecute suspect,west-yorkshire,KDT_BS
106220301,criminal-damage-arson,2022-11,53.719583,-1.655477,On or near Welwyn Avenue,Offender given a caution,west-yorkshire,KDT_BS
106222107,criminal-damage-arson,2022-11,53.732288,-1.660421,On or near Bond Street,Court result unavailable,west-yorkshire,KDT_BS
106199827,criminal-damage-arson,2022-11,53.718961,-1.651800,On or near The Drive,Investigation complete; no suspect identified,west-yorkshire,KDT_BS
106203345,criminal-damage-arson,2022-11,53.719296,-1.643341,On or near Centenary Way,Investigation complete; no suspect identified,west-yorkshire,KDT_BS
106203417,criminal-damage-arson,2022-11,53.731003,-1.654125,On or near Slade Walk,Unable to prosecute suspect,west-yorkshire,KDT_BS
106206563,criminal-damage-arson,2022-11,53.725337,-1.659219,On or near Smithies Moor Close,Investigation complete; no suspect identified,west-yorkshire,KDT_BS
106199597,criminal-damage-arson,2022-11,53.713627,-1.659662,On or near Kester Road,Investigation complete; no suspect identified,west-yorkshire,KDT_BS
106201922,criminal-damage-arson,2022-11,53.714030,-1.655992,On or near Healey Close,Investigation complete; no suspect identified,west-yorkshire,KDT_BS
106203441,criminal-damage-arson,2022-11,53.720859,-1.646116,On or near Pearl Street,Investigation complete; no suspect identified,west-yorkshire,KDT_BS
106203839,criminal-damage-arson,2022-11,53.721922,-1.646971,On or near Hampson Street,Investigation complete; no suspect identified,west-yorkshire,KDT_BS
106218339,criminal-damage-arson,2022-11,53.726914,-1.654371,On or near Law Street,Unable to prosecute suspect,west-yorkshire,KDT_BS
106200722,criminal-damage-arson,2022-11,53.731919,-1.666608,On or near Musgrave Street,Investigation complete; no suspect identified,west-yorkshire,KDT_BS
106211303,criminal-damage-arson,2022-11,53.717333,-1.680452,On or near Gomersal Road,Investigation complete; no suspect identified,west-yorkshire,KDT_BS
106206343,criminal-damage-arson,2022-11,53.711533,-1.656512,On or near Easby Avenue,Investigation complete; no suspect identified,west-yorkshire,KDT_BS
106206406,criminal-damage-arson,2022-11,53.710643,-1.659610,On or near Common Road,Unable to prosecute suspect,west-yorkshire,KDT_BS
106221546,criminal-damage-arson,2022-11,53.723897,-1.649213,On or near Loxley Street,Investigation complete; no suspect identified,west-yorkshire,KDT_BS
106208084,criminal-damage-arson,2022-11,53.716468,-1.672761,On or near Hirst Avenue,Unable to prosecute suspect,west-yorkshire,KDT_BS
106208101,criminal-damage-arson,2022-11,53.719296,-1.643341,On or near Centenary Way,Investigation complete; no suspect identified,west-yorkshire,KDT_BS
106208278,drugs,2022-11,53.734824,-1.667358,On or near Shirley Avenue,Local resolution,west-yorkshire,KDT_BS
106215944,drugs,2022-11,53.717128,-1.677590,On or near The Grove,Offender given a caution,west-yorkshire,KDT_BS
106224989,drugs,2022-11,53.727234,-1.656233,On or near Arthur Grove,Court result unavailable,west-yorkshire,KDT_BS
106205314,drugs,2022-11,53.728155,-1.657786,On or near Newley Avenue,Local resolution,west-yorkshire,KDT_BS
106211267,other-theft,2022-11,53.719202,-1.657556,On or near Horner Crescent,Investigation complete; no suspect identified,west-yorkshire,KDT_BS
106205028,other-theft,2022-11,53.710695,-1.672003,On or near Battye Street,Investigation complete; no suspect identified,west-yorkshire,KDT_BS
106206859,other-theft,2022-11,53.716284,-1.671459,On or near Lonsbrough Avenue,Investigation complete; no suspect identified,west-yorkshire,KDT_BS
106205831,other-theft,2022-11,53.732984,-1.655352,On or near Springwell View,Investigation complete; no suspect identified,west-yorkshire,KDT_BS
106204615,other-theft,2022-11,53.727233,-1.652883,On or near Roman Road,Investigation complete; no suspect identified,west-yorkshire,KDT_BS
106199678,other-theft,2022-11,53.730821,-1.669391,On or near Denby Close,Investigation complete; no suspect identified,west-yorkshire,KDT_BS
106216138,other-theft,2022-11,53.712029,-1.654054,On or near West Park Road,Investigation complete; no suspect identified,west-yorkshire,KDT_BS
106201476,other-theft,2022-11,53.712841,-1.658305,On or near Healey Gardens,Investigation complete; no suspect identified,west-yorkshire,KDT_BS
106217709,other-theft,2022-11,53.727685,-1.663034,On or near Huddersfield Road,Investigation complete; no suspect identified,west-yorkshire,KDT_BS
106221806,possession-of-weapons,2022-11,53.719309,-1.641856,On or near Victoria Street,Unable to prosecute suspect,west-yorkshire,KDT_BS
106220218,possession-of-weapons,2022-11,53.720118,-1.638864,On or near Lansdowne Close,Investigation complete; no suspect identified,west-yorkshire,KDT_BS
106212369,possession-of-weapons,2022-11,53.722168,-1.666973,On or near Houldsworth Avenue,Unable to prosecute suspect,west-yorkshire,KDT_BS
106218147,public-order,2022-11,53.719296,-1.643341,On or near Centenary Way,Investigation complete; no suspect identified,west-yorkshire,KDT_BS
106219428,public-order,2022-11,53.708928,-1.660245,On or near Halifax Road,Status update unavailable,west-yorkshire,KDT_BS
106216932,public-order,2022-11,53.714060,-1.666628,On or near Stonedene Court,Unable to prosecute suspect,west-yorkshire,KDT_BS
106217050,public-order,2022-11,53.718060,-1.651125,On or near Spring Mills Grove,Unable to prosecute suspect,west-yorkshire,KDT_BS
106218118,public-order,2022-11,53.713118,-1.667484,On or near Fairmoor Way,Unable to prosecute suspect,west-yorkshire,KDT_BS
106209649,public-order,2022-11,53.708301,-1.667704,On or near High Street,Unable to prosecute suspect,west-yorkshire,KDT_BS
106214640,public-order,2022-11,53.710295,-1.660673,On or near Lavender Croft,Investigation complete; no suspect identified,west-yorkshire,KDT_BS
106219061,public-order,2022-11,53.721252,-1.667117,On or near Leeds Old Road,Investigation complete; no suspect identified,west-yorkshire,KDT_BS
106214634,public-order,2022-11,53.716627,-1.665290,On or near Leyburn Avenue,Status update unavailable,west-yorkshire,KDT_BS
106212133,public-order,2022-11,53.733611,-1.660880,On or near Wesley Close,Unable to prosecute suspect,west-yorkshire,KDT_BS
106211907,public-order,2022-11,53.718758,-1.656181,On or near Enfield Drive,Court result unavailable,west-yorkshire,KDT_BS
106206882,public-order,2022-11,53.708755,-1.662701,On or near Kilpin Close,Unable to prosecute suspect,west-yorkshire,KDT_BS
106211859,public-order,2022-11,53.711979,-1.674659,On or near Milton Street,Investigation complete; no suspect identified,west-yorkshire,KDT_BS
106200022,public-order,2022-11,53.710186,-1.673037,On or near Claremont,Investigation complete; no suspect identified,west-yorkshire,KDT_BS
106215295,public-order,2022-11,53.711960,-1.667872,On or near Longfield Court,Investigation complete; no suspect identified,west-yorkshire,KDT_BS
106200192,public-order,2022-11,53.710186,-1.673037,On or near Claremont,Unable to prosecute suspect,west-yorkshire,KDT_BS
106220438,public-order,2022-11,53.718507,-1.653197,On or near Greenfield View,Investigation complete; no suspect identified,west-yorkshire,KDT_BS
106203584,public-order,2022-11,53.731201,-1.660429,On or near School Street,Unable to prosecute suspect,west-yorkshire,KDT_BS
106208085,public-order,2022-11,53.710295,-1.660673,On or near Lavender Croft,Investigation complete; no suspect identified,west-yorkshire,KDT_BS
106204406,public-order,2022-11,53.713118,-1.667484,On or near Fairmoor Way,Unable to prosecute suspect,west-yorkshire,KDT_BS
106204984,public-order,2022-11,53.711974,-1.672781,On or near Brighton Street,Unable to prosecute suspect,west-yorkshire,KDT_BS
106208185,public-order,2022-11,53.722617,-1.650936,On or near The Avenue,Unable to prosecute suspect,west-yorkshire,KDT_BS
106210147,public-order,2022-11,53.710295,-1.660673,On or near Lavender Croft,Local resolution,west-yorkshire,KDT_BS
106208703,public-order,2022-11,53.724375,-1.652907,On or near Ealand Avenue,Unable to prosecute suspect,west-yorkshire,KDT_BS
106214574,public-order,2022-11,53.735716,-1.667973,On or near Priestley Square,Investigation complete; no suspect identified,west-yorkshire,KDT_BS
106209821,public-order,2022-11,53.713787,-1.646570,On or near Burnsall Avenue,Unable to prosecute suspect,west-yorkshire,KDT_BS
106219199,public-order,2022-11,53.733196,-1.673253,On or near Monk Ings,Unable to prosecute suspect,west-yorkshire,KDT_BS
106217408,public-order,2022-11,53.708301,-1.667704,On or near High Street,Action to be taken by another organisation,west-yorkshire,KDT_BS
106218300,public-order,2022-11,53.732305,-1.663270,On or near Low Lane,Unable to prosecute suspect,west-yorkshire,KDT_BS
106214789,public-order,2022-11,53.731657,-1.659789,On or near Chapel Lane,Unable to prosecute suspect,west-yorkshire,KDT_BS
106198602,public-order,2022-11,53.713277,-1.656634,On or near Crowther Street,Unable to prosecute suspect,west-yorkshire,KDT_BS
106222170,public-order,2022-11,53.713770,-1.678858,On or near Elm Grove,Unable to prosecute suspect,west-yorkshire,KDT_BS
106224379,public-order,2022-11,53.730393,-1.660860,On or near John Street,Court result unavailable,west-yorkshire,KDT_BS
106222357,public-order,2022-11,53.714690,-1.680335,On or near Almondroyd,Unable to prosecute suspect,west-yorkshire,KDT_BS
106222412,public-order,2022-11,53.714690,-1.680335,On or near Almondroyd,Unable to prosecute suspect,west-yorkshire,KDT_BS
106207348,public-order,2022-11,53.727635,-1.661428,On or near Bridge Street,Investigation complete; no suspect identified,west-yorkshire,KDT_BS
106215499,public-order,2022-11,53.728667,-1.676834,On or near Muffit Lane,Unable to prosecute suspect,west-yorkshire,KDT_BS
106201454,public-order,2022-11,53.722617,-1.650936,On or near The Avenue,Unable to prosecute suspect,west-yorkshire,KDT_BS
106216918,public-order,2022-11,53.711217,-1.662378,On or near Hutton Drive,Court result unavailable,west-yorkshire,KDT_BS
106200180,public-order,2022-11,53.710186,-1.673037,On or near Claremont,Unable to prosecute suspect,west-yorkshire,KDT_BS
106207664,robbery,2022-11,53.714183,-1.671662,On or near ,Investigation complete; no suspect identified,west-yorkshire,KDT_BS
106209336,shoplifting,2022-11,53.731193,-1.660778,On or near ,Investigation complete; no suspect identified,west-yorkshire,KDT_BS
106216472,vehicle-crime,2022-11,53.717117,-1.678952,On or near ,Investigation complete; no suspect identified,west-yorkshire,KDT_BS
106207732,vehicle-crime,2022-11,53.724994,-1.652371,On or near Ealand Crescent,Investigation complete; no suspect identified,west-yorkshire,KDT_BS
106199907,vehicle-crime,2022-11,53.716482,-1.678019,On or near Leeds Road,Investigation complete; no suspect identified,west-yorkshire,KDT_BS
106212455,vehicle-crime,2022-11,53.719760,-1.645171,On or near Ings Road,Investigation complete; no suspect identified,west-yorkshire,KDT_BS
106209972,vehicle-crime,2022-11,53.720964,-1.683531,On or near Mannerley Grove,Investigation complete; no suspect identified,west-yorkshire,KDT_BS
106209523,vehicle-crime,2022-11,53.730997,-1.671345,On or near Church Meadows,Investigation complete; no suspect identified,west-yorkshire,KDT_BS
106209778,vehicle-crime,2022-11,53.724375,-1.652907,On or near Ealand Avenue,Investigation complete; no suspect identified,west-yorkshire,KDT_BS
106209963,vehicle-crime,2022-11,53.724375,-1.652907,On or near Ealand Avenue,Investigation complete; no suspect identified,west-yorkshire,KDT_BS
106203124,vehicle-crime,2022-11,53.731003,-1.654125,On or near Slade Walk,Investigation complete; no suspect identified,west-yorkshire,KDT_BS
106207376,vehicle-crime,2022-11,53.724994,-1.652371,On or near Ealand Crescent,Investigation complete; no suspect identified,west-yorkshire,KDT_BS
106199309,vehicle-crime,2022-11,53.711545,-1.673845,On or near Jeremy Lane,Investigation complete; no suspect identified,west-yorkshire,KDT_BS
106203814,vehicle-crime,2022-11,53.721922,-1.646971,On or near Hampson Street,Investigation complete; no suspect identified,west-yorkshire,KDT_BS
106211054,vehicle-crime,2022-11,53.722385,-1.651529,On or near Laurel Drive,Investigation complete; no suspect identified,west-yorkshire,KDT_BS
106200293,vehicle-crime,2022-11,53.732561,-1.661540,On or near ,Investigation complete; no suspect identified,west-yorkshire,KDT_BS
106207682,violent-crime,2022-11,53.717264,-1.671452,On or near Joan Royd,Unable to prosecute suspect,west-yorkshire,KDT_BS
106226350,violent-crime,2022-11,53.720176,-1.643016,On or near Bradford Road,Unable to prosecute suspect,west-yorkshire,KDT_BS
106218743,violent-crime,2022-11,53.732309,-1.661451,On or near ,Unable to prosecute suspect,west-yorkshire,KDT_BS
106210408,violent-crime,2022-11,53.708224,-1.662432,On or near Kilpin Court,Unable to prosecute suspect,west-yorkshire,KDT_BS
106219027,violent-crime,2022-11,53.714745,-1.680456,On or near Almondroyd,Court result unavailable,west-yorkshire,KDT_BS
106200191,violent-crime,2022-11,53.710186,-1.673037,On or near Claremont,Unable to prosecute suspect,west-yorkshire,KDT_BS
106201231,violent-crime,2022-11,53.719296,-1.643341,On or near Centenary Way,Status update unavailable,west-yorkshire,KDT_BS
106203433,violent-crime,2022-11,53.731003,-1.654125,On or near Slade Walk,Unable to prosecute suspect,west-yorkshire,KDT_BS
106204377,violent-crime,2022-11,53.717128,-1.677590,On or near The Grove,Unable to prosecute suspect,west-yorkshire,KDT_BS
106204947,violent-crime,2022-11,53.713157,-1.661953,On or near Hollinbank Lane,Unable to prosecute suspect,west-yorkshire,KDT_BS
106206003,violent-crime,2022-11,53.708115,-1.658964,On or near Lord Street,Offender given a caution,west-yorkshire,KDT_BS
106219722,violent-crime,2022-11,53.716326,-1.683687,On or near Firthcliffe Parade,Unable to prosecute suspect,west-yorkshire,KDT_BS
106221708,violent-crime,2022-11,53.732309,-1.661451,On or near ,Unable to prosecute suspect,west-yorkshire,KDT_BS
106208639,violent-crime,2022-11,53.720176,-1.643016,On or near Bradford Road,Unable to prosecute suspect,west-yorkshire,KDT_BS
106210614,violent-crime,2022-11,53.716284,-1.671459,On or near Lonsbrough Avenue,Unable to prosecute suspect,west-yorkshire,KDT_BS
106211047,violent-crime,2022-11,53.730503,-1.658510,On or near John Nelson Close,Unable to prosecute suspect,west-yorkshire,KDT_BS
106211114,violent-crime,2022-11,53.712040,-1.664114,On or near Trueman Avenue,Unable to prosecute suspect,west-yorkshire,KDT_BS
106211201,violent-crime,2022-11,53.710137,-1.655660,On or near Tichbourne Street,Unable to prosecute suspect,west-yorkshire,KDT_BS
106211341,violent-crime,2022-11,53.719616,-1.670418,On or near York Drive,Unable to prosecute suspect,west-yorkshire,KDT_BS
106211491,violent-crime,2022-11,53.711960,-1.667872,On or near Longfield Court,Unable to prosecute suspect,west-yorkshire,KDT_BS
106211590,violent-crime,2022-11,53.720176,-1.643016,On or near Bradford Road,Unable to prosecute suspect,west-yorkshire,KDT_BS
106212164,violent-crime,2022-11,53.722385,-1.651529,On or near Laurel Drive,Unable to prosecute suspect,west-yorkshire,KDT_BS
106214159,violent-crime,2022-11,53.730264,-1.662817,On or near The Avenue,Unable to prosecute suspect,west-yorkshire,KDT_BS
106214795,violent-crime,2022-11,53.708145,-1.669553,On or near A638,Unable to prosecute suspect,west-yorkshire,KDT_BS
106215469,violent-crime,2022-11,53.728667,-1.676834,On or near Muffit Lane,Unable to prosecute suspect,west-yorkshire,KDT_BS
106215511,violent-crime,2022-11,53.713157,-1.661953,On or near Hollinbank Lane,Unable to prosecute suspect,west-yorkshire,KDT_BS
106217954,violent-crime,2022-11,53.719583,-1.655477,On or near Welwyn Avenue,Unable to prosecute suspect,west-yorkshire,KDT_BS
106222100,violent-crime,2022-11,53.707997,-1.658465,On or near Waterstone Court,Unable to prosecute suspect,west-yorkshire,KDT_BS
106223876,violent-crime,2022-11,53.716960,-1.672075,On or near Rhodes Avenue,Unable to prosecute suspect,west-yorkshire,KDT_BS
106225541,violent-crime,2022-11,53.709160,-1.672802,On or near Cemetery Road,Unable to prosecute suspect,west-yorkshire,KDT_BS
106208675,violent-crime,2022-11,53.715830,-1.673008,On or near Wood Avenue,Unable to prosecute suspect,west-yorkshire,KDT_BS
106211991,violent-crime,2022-11,53.716730,-1.666986,On or near Curwen Crescent,Action to be taken by another organisation,west-yorkshire,KDT_BS
106212555,violent-crime,2022-11,53.717086,-1.665528,On or near Richmond Road,Unable to prosecute suspect,west-yorkshire,KDT_BS
106213155,violent-crime,2022-11,53.713157,-1.661953,On or near Hollinbank Lane,Unable to prosecute suspect,west-yorkshire,KDT_BS
106215160,violent-crime,2022-11,53.732309,-1.661451,On or near ,Unable to prosecute suspect,west-yorkshire,KDT_BS
106217298,violent-crime,2022-11,53.732309,-1.661451,On or near ,Unable to prosecute suspect,west-yorkshire,KDT_BS
106217577,violent-crime,2022-11,53.729319,-1.659156,On or near The Crossings,Unable to prosecute suspect,west-yorkshire,KDT_BS
106217900,violent-crime,2022-11,53.731955,-1.660272,On or near ,Unable to prosecute suspect,west-yorkshire,KDT_BS
106218291,violent-crime,2022-11,53.716326,-1.683687,On or near Firthcliffe Parade,Unable to prosecute suspect,west-yorkshire,KDT_BS
106214035,violent-crime,2022-11,53.719827,-1.646640,On or near Ealing Court,Unable to prosecute suspect,west-yorkshire,KDT_BS
106214898,violent-crime,2022-11,53.713102,-1.677999,On or near Priestley Gardens,Unable to prosecute suspect,west-yorkshire,KDT_BS
106199624,violent-crime,2022-11,53.719621,-1.662508,On or near Riding Street,Unable to prosecute suspect,west-yorkshire,KDT_BS
106199626,violent-crime,2022-11,53.719621,-1.662508,On or near Riding Street,Unable to prosecute suspect,west-yorkshire,KDT_BS
106200254,violent-crime,2022-11,53.719151,-1.661421,On or near Sunny Court,Unable to prosecute suspect,west-yorkshire,KDT_BS
106200391,violent-crime,2022-11,53.708755,-1.662701,On or near Kilpin Close,Unable to prosecute suspect,west-yorkshire,KDT_BS
106200715,violent-crime,2022-11,53.711533,-1.656512,On or near Easby Avenue,Investigation complete; no suspect identified,west-yorkshire,KDT_BS
106220943,violent-crime,2022-11,53.731718,-1.668762,On or near St Peter's Close,Unable to prosecute suspect,west-yorkshire,KDT_BS
106221369,violent-crime,2022-11,53.710295,-1.660673,On or near Lavender Croft,Unable to prosecute suspect,west-yorkshire,KDT_BS
106203617,violent-crime,2022-11,53.727233,-1.652883,On or near Roman Road,Unable to prosecute suspect,west-yorkshire,KDT_BS
106202827,violent-crime,2022-11,53.727233,-1.652883,On or near Roman Road,Unable to prosecute suspect,west-yorkshire,KDT_BS
106204505,violent-crime,2022-11,53.711974,-1.672781,On or near Brighton Street,Unable to prosecute suspect,west-yorkshire,KDT_BS
106204516,violent-crime,2022-11,53.712882,-1.650532,On or near Nelson Street,Unable to prosecute suspect,west-yorkshire,KDT_BS
106205328,violent-crime,2022-11,53.728155,-1.657786,On or near Newley Avenue,Unable to prosecute suspect,west-yorkshire,KDT_BS
106205837,violent-crime,2022-11,53.717264,-1.671452,On or near Joan Royd,Unable to prosecute suspect,west-yorkshire,KDT_BS
106206167,violent-crime,2022-11,53.734802,-1.668905,On or near Cambridge Road,Unable to prosecute suspect,west-yorkshire,KDT_BS
106206179,violent-crime,2022-11,53.708340,-1.662037,On or near Lobley Street,Unable to prosecute suspect,west-yorkshire,KDT_BS
106207047,violent-crime,2022-11,53.709125,-1.666576,On or near Grove Street,Status update unavailable,west-yorkshire,KDT_BS
106207486,violent-crime,2022-11,53.734124,-1.664408,On or near Middlegate,Unable to prosecute suspect,west-yorkshire,KDT_BS
106218910,violent-crime,2022-11,53.721277,-1.641445,On or near Transvaal Terrace,Unable to prosecute suspect,west-yorkshire,KDT_BS
106208089,violent-crime,2022-11,53.716468,-1.672761,On or near Hirst Avenue,Unable to prosecute suspect,west-yorkshire,KDT_BS
106208114,violent-crime,2022-11,53.716468,-1.672761,On or near Hirst Avenue,Unable to prosecute suspect,west-yorkshire,KDT_BS
106208220,violent-crime,2022-11,53.734124,-1.664408,On or near Middlegate,Unable to prosecute suspect,west-yorkshire,KDT_BS
106208246,violent-crime,2022-11,53.733468,-1.667642,On or near Leyland Road,Unable to prosecute suspect,west-yorkshire,KDT_BS
106208255,violent-crime,2022-11,53.712137,-1.673401,On or near Grosvenor Street,Unable to prosecute suspect,west-yorkshire,KDT_BS
106208270,violent-crime,2022-11,53.712137,-1.673401,On or near Grosvenor Street,Unable to prosecute suspect,west-yorkshire,KDT_BS
106219491,violent-crime,2022-11,53.713787,-1.646570,On or near Burnsall Avenue,Unable to prosecute suspect,west-yorkshire,KDT_BS
106220778,violent-crime,2022-11,53.727934,-1.681705,On or near Park Street,Investigation complete; no suspect identified,west-yorkshire,KDT_BS
106221663,violent-crime,2022-11,53.733129,-1.662218,On or near Aldersyde,Offender given a caution,west-yorkshire,KDT_BS
106208773,violent-crime,2022-11,53.731043,-1.662022,On or near Carr Street,Unable to prosecute suspect,west-yorkshire,KDT_BS
106208873,violent-crime,2022-11,53.709285,-1.665817,On or near Commercial Street,Unable to prosecute suspect,west-yorkshire,KDT_BS
106211486,violent-crime,2022-11,53.711960,-1.667872,On or near Longfield Court,Unable to prosecute suspect,west-yorkshire,KDT_BS
106211995,violent-crime,2022-11,53.717591,-1.663070,On or near White Lee Road,Unable to prosecute suspect,west-yorkshire,KDT_BS
106212406,violent-crime,2022-11,53.730264,-1.662817,On or near The Avenue,Investigation complete; no suspect identified,west-yorkshire,KDT_BS
106213121,violent-crime,2022-11,53.718515,-1.649697,On or near Pynate Road,Unable to prosecute suspect,west-yorkshire,KDT_BS
106214305,violent-crime,2022-11,53.722385,-1.651529,On or near Laurel Drive,Unable to prosecute suspect,west-yorkshire,KDT_BS
106214630,violent-crime,2022-11,53.712029,-1.654054,On or near West Park Road,Investigation complete; no suspect identified,west-yorkshire,KDT_BS
106209087,violent-crime,2022-11,53.718659,-1.643862,On or near Cross Bank Road,Investigation complete; no suspect identified,west-yorkshire,KDT_BS
106209132,violent-crime,2022-11,53.718659,-1.643862,On or near Cross Bank Road,Investigation complete; no suspect identified,west-yorkshire,KDT_BS
106209240,violent-crime,2022-11,53.713168,-1.644014,On or near Hayburn Gardens,Unable to prosecute suspect,west-yorkshire,KDT_BS
106209267,violent-crime,2022-11,53.713042,-1.644046,On or near Gordale Close,Unable to prosecute suspect,west-yorkshire,KDT_BS
106210275,violent-crime,2022-11,53.708755,-1.662701,On or near Kilpin Close,Unable to prosecute suspect,west-yorkshire,KDT_BS
106217929,violent-crime,2022-11,53.714927,-1.668136,On or near Dale Lane,Status update unavailable,west-yorkshire,KDT_BS
106218144,violent-crime,2022-11,53.713118,-1.667484,On or near Fairmoor Way,Unable to prosecute suspect,west-yorkshire,KDT_BS
106218253,violent-crime,2022-11,53.711494,-1.674951,On or near Eldon Street,Investigation complete; no suspect identified,west-yorkshire,KDT_BS
106223775,violent-crime,2022-11,53.722342,-1.646210,On or near A652,Unable to prosecute suspect,west-yorkshire,KDT_BS
106225023,violent-crime,2022-11,53.720859,-1.646116,On or near Pearl Street,Unable to prosecute suspect,west-yorkshire,KDT_BS
106222048,violent-crime,2022-11,53.721277,-1.641445,On or near Transvaal Terrace,Unable to prosecute suspect,west-yorkshire,KDT_BS
106222191,violent-crime,2022-11,53.713770,-1.678858,On or near Elm Grove,Unable to prosecute suspect,west-yorkshire,KDT_BS
106201181,violent-crime,2022-11,53.719899,-1.652959,On or near Fairview Avenue,Investigation complete; no suspect identified,west-yorkshire,KDT_BS
106214851,violent-crime,2022-11,53.731718,-1.668762,On or near St Peter's Close,Investigation complete; no suspect identified,west-yorkshire,KDT_BS
106215381,violent-crime,2022-11,53.709872,-1.660525,On or near Batley Road,Unable to prosecute suspect,west-yorkshire,KDT_BS
106198683,violent-crime,2022-11,53.717128,-1.677590,On or near The Grove,Unable to prosecute suspect,west-yorkshire,KDT_BS
106203153,violent-crime,2022-11,53.719296,-1.643341,On or near Centenary Way,Investigation complete; no suspect identified,west-yorkshire,KDT_BS
106205064,violent-crime,2022-11,53.712029,-1.654054,On or near West Park Road,Unable to prosecute suspect,west-yorkshire,KDT_BS
106208704,violent-crime,2022-11,53.724375,-1.652907,On or near Ealand Avenue,Unable to prosecute suspect,west-yorkshire,KDT_BS
106211436,violent-crime,2022-11,53.717088,-1.650376,On or near Chaster Street,Investigation complete; no suspect identified,west-yorkshire,KDT_BS
106213437,violent-crime,2022-11,53.712722,-1.651336,On or near West Park Grove,Investigation complete; no suspect identified,west-yorkshire,KDT_BS
106213576,violent-crime,2022-11,53.722534,-1.647330,On or near Denham Street,Unable to prosecute suspect,west-yorkshire,KDT_BS
106213766,violent-crime,2022-11,53.713004,-1.649500,On or near Linton Avenue,Local resolution,west-yorkshire,KDT_BS
106221252,violent-crime,2022-11,53.730061,-1.670761,On or near Garfit Hill,Unable to prosecute suspect,west-yorkshire,KDT_BS
106204044,other-crime,2022-11,53.713686,-1.645904,On or near Burnsall Road,Unable to prosecute suspect,west-yorkshire,KDT_BS
106217372,other-crime,2022-11,53.722342,-1.646210,On or near A652,Unable to prosecute suspect,west-yorkshire,KDT_BS
106220236,other-crime,2022-11,53.733206,-1.651439,On or near Castle Close,Investigation complete; no suspect identified,west-yorkshire,KDT_BS
106203099,other-crime,2022-11,53.718515,-1.649697,On or near Pynate Road,Further investigation is not in the public interest,west-yorkshire,KDT_BS
106210233,other-crime,2022-11,53.712029,-1.654054,On or near West Park Road,Unable to prosecute suspect,west-yorkshire,KDT_BS
106211220,other-crime,2022-11,53.709352,-1.657621,On or near Common Road,Unable to prosecute suspect,west-yorkshire,KDT_BS
106203912,other-crime,2022-11,53.728882,-1.683669,On or near Charles Street,Investigation complete; no suspect identified,west-yorkshire,KDT_BS
106216570,other-crime,2022-11,53.722385,-1.651529,On or near Laurel Drive,Court result unavailable,west-yorkshire,KDT_BS
106218347,other-crime,2022-11,53.734124,-1.664408,On or near Middlegate,Unable to prosecute suspect,west-yorkshire,KDT_BS
106220406,other-crime,2022-11,53.730503,-1.658510,On or near John Nelson Close,Investigation complete; no suspect identified,west-yorkshire,KDT_BS
106230329,anti-social-behaviour,2022-11,53.692131,-1.657957,On or near Groves Hall Road,,west-yorkshire,KDT_DEW
106227405,anti-social-behaviour,2022-11,53.690876,-1.658937,On or near Well Lane,,west-yorkshire,KDT_DEW
106229363,anti-social-behaviour,2022-11,53.675853,-1.633293,On or near Thornie View,,west-yorkshire,KDT_DEW
106226714,anti-social-behaviour,2022-11,53.678669,-1.665106,On or near Charles Street,,west-yorkshire,KDT_DEW
106229331,anti-social-behaviour,2022-11,53.678348,-1.635043,On or near Vicarage Road,,west-yorkshire,KDT_DEW
106229775,anti-social-behaviour,2022-11,53.679369,-1.664525,On or near ,,west-yorkshire,KDT_DEW
106229968,anti-social-behaviour,2022-11,53.690499,-1.643812,On or near Unity Court,,west-yorkshire,KDT_DEW
106229064,anti-social-behaviour,2022-11,53.669073,-1.669420,On or near Sands Lane,,west-yorkshire,KDT_DEW
106228331,anti-social-behaviour,2022-11,53.681594,-1.663236,On or near Sackville Street,,west-yorkshire,KDT_DEW
106228494,anti-social-behaviour,2022-11,53.674346,-1.637424,On or near Nursery Street,,west-yorkshire,KDT_DEW
106229571,anti-social-behaviour,2022-11,53.681507,-1.670549,On or near Cravendale Road,,west-yorkshire,KDT_DEW
106230300,anti-social-behaviour,2022-11,53.678782,-1.666861,On or near Duke Street,,west-yorkshire,KDT_DEW
106228302,anti-social-behaviour,2022-11,53.687159,-1.650972,On or near Burgh Mill Gardens,,west-yorkshire,KDT_DEW
106227646,anti-social-behaviour,2022-11,53.684683,-1.668556,On or near Northstead,,west-yorkshire,KDT_DEW
106230326,anti-social-behaviour,2022-11,53.680006,-1.667396,On or near Garden Street,,west-yorkshire,KDT_DEW
106229062,anti-social-behaviour,2022-11,53.690876,-1.658937,On or near Well Lane,,west-yorkshire,KDT_DEW
106227648,anti-social-behaviour,2022-11,53.690876,-1.658937,On or near Well Lane,,west-yorkshire,KDT_DEW
106227644,anti-social-behaviour,2022-11,53.689915,-1.640939,On or near St Matthew Road,,west-yorkshire,KDT_DEW
106203999,bicycle-theft,2022-11,53.688016,-1.652115,On or near Crow Nest View,Investigation complete; no suspect identified,west-yorkshire,KDT_DEW
106225016,burglary,2022-11,53.671440,-1.642368,On or near King Edward Street,Unable to prosecute suspect,west-yorkshire,KDT_DEW
106201882,burglary,2022-11,53.675676,-1.671351,On or near Walker Street,Status update unavailable,west-yorkshire,KDT_DEW
106206196,burglary,2022-11,53.675256,-1.639193,On or near ,Investigation complete; no suspect identified,west-yorkshire,KDT_DEW
106210439,criminal-damage-arson,2022-11,53.681175,-1.667614,On or near North Road,Investigation complete; no suspect identified,west-yorkshire,KDT_DEW
106225796,criminal-damage-arson,2022-11,53.679656,-1.630838,On or near Manor Close,Investigation complete; no suspect identified,west-yorkshire,KDT_DEW
106210425,criminal-damage-arson,2022-11,53.682877,-1.672037,On or near Spring Place Gardens,Investigation complete; no suspect identified,west-yorkshire,KDT_DEW
106204836,criminal-damage-arson,2022-11,53.680487,-1.662503,On or near Queen Street,Investigation complete; no suspect identified,west-yorkshire,KDT_DEW
106213801,criminal-damage-arson,2022-11,53.674788,-1.640795,On or near Navigation Road,Investigation complete; no suspect identified,west-yorkshire,KDT_DEW
106202943,criminal-damage-arson,2022-11,53.671681,-1.632739,On or near Parker Road,Investigation complete; no suspect identified,west-yorkshire,KDT_DEW
106217282,criminal-damage-arson,2022-11,53.672708,-1.636635,On or near ,Investigation complete; no suspect identified,west-yorkshire,KDT_DEW
106199482,criminal-damage-arson,2022-11,53.691671,-1.644771,On or near St Johns Close,Investigation complete; no suspect identified,west-yorkshire,KDT_DEW
106199903,criminal-damage-arson,2022-11,53.687715,-1.641594,On or near Brook Road,Investigation complete; no suspect identified,west-yorkshire,KDT_DEW
106216870,criminal-damage-arson,2022-11,53.690019,-1.642362,On or near Thornton Street,Investigation complete; no suspect identified,west-yorkshire,KDT_DEW
106200317,criminal-damage-arson,2022-11,53.682407,-1.639777,On or near Water Lane,Investigation complete; no suspect identified,west-yorkshire,KDT_DEW
106209135,criminal-damage-arson,2022-11,53.691079,-1.642247,On or near Hanover Gardens,Unable to prosecute suspect,west-yorkshire,KDT_DEW
106217267,criminal-damage-arson,2022-11,53.690283,-1.655988,On or near Beckett Crescent,Unable to prosecute suspect,west-yorkshire,KDT_DEW
106201233,criminal-damage-arson,2022-11,53.682426,-1.649179,On or near Stoney Bank Street,Investigation complete; no suspect identified,west-yorkshire,KDT_DEW
106217508,criminal-damage-arson,2022-11,53.682130,-1.665048,On or near Broomer Street,Investigation complete; no suspect identified,west-yorkshire,KDT_DEW
106208405,criminal-damage-arson,2022-11,53.689460,-1.657343,On or near Beaver Drive,Investigation complete; no suspect identified,west-yorkshire,KDT_DEW
106207642,drugs,2022-11,53.681591,-1.671714,On or near Spring Place Gardens,Court result unavailable,west-yorkshire,KDT_DEW
106226140,drugs,2022-11,53.678500,-1.672207,On or near Crescent Walk,Court result unavailable,west-yorkshire,KDT_DEW
106215824,drugs,2022-11,53.671748,-1.637158,On or near Charlesworth Street,Local resolution,west-yorkshire,KDT_DEW
106203346,drugs,2022-11,53.687448,-1.642459,On or near Senior Street,Local resolution,west-yorkshire,KDT_DEW
106224300,drugs,2022-11,53.686776,-1.634198,On or near Cannon Way,Unable to prosecute suspect,west-yorkshire,KDT_DEW
106213931,other-theft,2022-11,53.676478,-1.670167,On or near ,Investigation complete; no suspect identified,west-yorkshire,KDT_DEW
106207722,other-theft,2022-11,53.676478,-1.670167,On or near ,Unable to prosecute suspect,west-yorkshire,KDT_DEW
106198780,other-theft,2022-11,53.683429,-1.650972,On or near Ravens Grove,Status update unavailable,west-yorkshire,KDT_DEW
106199233,other-theft,2022-11,53.687329,-1.644686,On or near Cemetery Road,Investigation complete; no suspect identified,west-yorkshire,KDT_DEW
106201257,other-theft,2022-11,53.677052,-1.668434,On or near Armitage Street,Investigation complete; no suspect identified,west-yorkshire,KDT_DEW
106206290,other-theft,2022-11,53.686776,-1.634198,On or near Cannon Way,Status update unavailable,west-yorkshire,KDT_DEW
106218591,other-theft,2022-11,53.675676,-1.671351,On or near Walker Street,Investigation complete; no suspect identified,west-yorkshire,KDT_DEW
106218667,other-theft,2022-11,53.691079,-1.642247,On or near Hanover Gardens,Offender given a caution,west-yorkshire,KDT_DEW
106204445,other-theft,2022-11,53.682130,-1.665048,On or near Broomer Street,Investigation complete; no suspect identified,west-yorkshire,KDT_DEW
106212738,other-theft,2022-11,53.675676,-1.671351,On or near Walker Street,Unable to prosecute suspect,west-yorkshire,KDT_DEW
106200445,other-theft,2022-11,53.683857,-1.662445,On or near Kingfisher Crescent,Investigation complete; no suspect identified,west-yorkshire,KDT_DEW
106203679,other-theft,2022-11,53.683036,-1.667948,On or near Clarkson Street,Investigation complete; no suspect identified,west-yorkshire,KDT_DEW
106201178,other-theft,2022-11,53.679935,-1.661175,On or near Union Street,Investigation complete; no suspect identified,west-yorkshire,KDT_DEW
106201489,other-theft,2022-11,53.680489,-1.666454,On or near Myrtle Avenue,Investigation complete; no suspect identified,west-yorkshire,KDT_DEW
106201732,other-theft,2022-11,53.676478,-1.670167,On or near ,Unable to prosecute suspect,west-yorkshire,KDT_DEW
106205089,other-theft,2022-11,53.680489,-1.666454,On or near Myrtle Avenue,Investigation complete; no suspect identified,west-yorkshire,KDT_DEW
106199238,possession-of-weapons,2022-11,53.681471,-1.630549,On or near Falcon Road,Investigation complete; no suspect identified,west-yorkshire,KDT_DEW
106202248,public-order,2022-11,53.674346,-1.637424,On or near Nursery Street,Unable to prosecute suspect,west-yorkshire,KDT_DEW
106216677,public-order,2022-11,53.677534,-1.664207,On or near Bell Street,Investigation complete; no suspect identified,west-yorkshire,KDT_DEW
106216856,public-order,2022-11,53.671748,-1.637158,On or near Charlesworth Street,Unable to prosecute suspect,west-yorkshire,KDT_DEW
106208707,public-order,2022-11,53.674346,-1.637424,On or near Nursery Street,Unable to prosecute suspect,west-yorkshire,KDT_DEW
106210268,public-order,2022-11,53.677878,-1.661766,On or near Netherfield Road,Unable to prosecute suspect,west-yorkshire,KDT_DEW
106218114,public-order,2022-11,53.677785,-1.663720,On or near Church Street,Unable to prosecute suspect,west-yorkshire,KDT_DEW
106218934,public-order,2022-11,53.679002,-1.668328,On or near Bradbury Street,Unable to prosecute suspect,west-yorkshire,KDT_DEW
106208415,public-order,2022-11,53.679002,-1.668328,On or near Bradbury Street,Investigation complete; no suspect identified,west-yorkshire,KDT_DEW
106223290,public-order,2022-11,53.680489,-1.666454,On or near Myrtle Avenue,Unable to prosecute suspect,west-yorkshire,KDT_DEW
106218639,public-order,2022-11,53.679002,-1.668328,On or near Bradbury Street,Local resolution,west-yorkshire,KDT_DEW
106210174,public-order,2022-11,53.674346,-1.637424,On or near Nursery Street,Unable to prosecute suspect,west-yorkshire,KDT_DEW
106225911,public-order,2022-11,53.673850,-1.648993,On or near Ravensthorpe Road,Unable to prosecute suspect,west-yorkshire,KDT_DEW
106225707,public-order,2022-11,53.673850,-1.648993,On or near Ravensthorpe Road,Unable to prosecute suspect,west-yorkshire,KDT_DEW
106215587,public-order,2022-11,53.678001,-1.667079,On or near Fox Street,Unable to prosecute suspect,west-yorkshire,KDT_DEW
106217700,public-order,2022-11,53.689576,-1.641533,On or near St Paulinus Close,Unable to prosecute suspect,west-yorkshire,KDT_DEW
106213379,public-order,2022-11,53.675611,-1.636686,On or near Dale Street,Investigation complete; no suspect identified,west-yorkshire,KDT_DEW
106211584,public-order,2022-11,53.689404,-1.638294,On or near Pinfold Hill,Unable to prosecute suspect,west-yorkshire,KDT_DEW
106219275,public-order,2022-11,53.689576,-1.641533,On or near St Paulinus Close,Unable to prosecute suspect,west-yorkshire,KDT_DEW
106224222,public-order,2022-11,53.673850,-1.648993,On or near Ravensthorpe Road,Unable to prosecute suspect,west-yorkshire,KDT_DEW
106217764,public-order,2022-11,53.674394,-1.635455,On or near Victoria Drive,Investigation complete; no suspect identified,west-yorkshire,KDT_DEW
106225697,public-order,2022-11,53.673850,-1.648993,On or near Ravensthorpe Road,Unable to prosecute suspect,west-yorkshire,KDT_DEW
106199752,public-order,2022-11,53.675853,-1.633293,On or near Thornie View,Investigation complete; no suspect identified,west-yorkshire,KDT_DEW
106225693,public-order,2022-11,53.673850,-1.648993,On or near Ravensthorpe Road,Unable to prosecute suspect,west-yorkshire,KDT_DEW
106225689,public-order,2022-11,53.673850,-1.648993,On or near Ravensthorpe Road,Unable to prosecute suspect,west-yorkshire,KDT_DEW
106207841,public-order,2022-11,53.679002,-1.668328,On or near Bradbury Street,Investigation complete; no suspect identified,west-yorkshire,KDT_DEW
106225633,public-order,2022-11,53.673850,-1.648993,On or near Ravensthorpe Road,Unable to prosecute suspect,west-yorkshire,KDT_DEW
106200315,public-order,2022-11,53.683432,-1.642872,On or near Weaving Lane,Investigation complete; no suspect identified,west-yorkshire,KDT_DEW
106201113,public-order,2022-11,53.684683,-1.668556,On or near Northstead,Unable to prosecute suspect,west-yorkshire,KDT_DEW
124241619,public-order,2022-11,53.675792,-1.655289,Ravensthorpe (station),Status update unavailable,west-yorkshire,KDT_DEW
106219602,public-order,2022-11,53.675101,-1.637357,On or near Thornton Road,Unable to prosecute suspect,west-yorkshire,KDT_DEW
106216982,public-order,2022-11,53.687516,-1.647168,On or near ,Unable to prosecute suspect,west-yorkshire,KDT_DEW
124241618,public-order,2022-11,53.675792,-1.655289,Ravensthorpe (station),Status update unavailable,west-yorkshire,KDT_DEW
106209028,public-order,2022-11,53.672654,-1.645491,On or near Blackers Court,Unable to prosecute suspect,west-yorkshire,KDT_DEW
106201790,public-order,2022-11,53.678001,-1.667079,On or near Fox Street,Investigation complete; no suspect identified,west-yorkshire,KDT_DEW
106219158,public-order,2022-11,53.677785,-1.663720,On or near Church Street,Investigation complete; no suspect identified,west-yorkshire,KDT_DEW
106225631,public-order,2022-11,53.673850,-1.648993,On or near Ravensthorpe Road,Unable to prosecute suspect,west-yorkshire,KDT_DEW
106211829,public-order,2022-11,53.689576,-1.641533,On or near St Paulinus Close,Unable to prosecute suspect,west-yorkshire,KDT_DEW
106224220,public-order,2022-11,53.673850,-1.648993,On or near Ravensthorpe Road,Unable to prosecute suspect,west-yorkshire,KDT_DEW
106199234,public-order,2022-11,53.685625,-1.645942,On or near Temple Road,Investigation complete; no suspect identified,west-yorkshire,KDT_DEW
106224184,public-order,2022-11,53.673850,-1.648993,On or near Ravensthorpe Road,Unable to prosecute suspect,west-yorkshire,KDT_DEW
106218024,public-order,2022-11,53.690019,-1.642362,On or near Thornton Street,Unable to prosecute suspect,west-yorkshire,KDT_DEW
106204417,public-order,2022-11,53.691972,-1.655732,On or near Beckett Nook,Unable to prosecute suspect,west-yorkshire,KDT_DEW
106206332,public-order,2022-11,53.673850,-1.648993,On or near Ravensthorpe Road,Unable to prosecute suspect,west-yorkshire,KDT_DEW
106205632,public-order,2022-11,53.674504,-1.633063,On or near Slaithwaite Close,Investigation complete; no suspect identified,west-yorkshire,KDT_DEW
106214635,robbery,2022-11,53.680226,-1.659204,On or near Great Pond Street,Court result unavailable,west-yorkshire,KDT_DEW
106212909,shoplifting,2022-11,53.680286,-1.663296,On or near ,Investigation complete; no suspect identified,west-yorkshire,KDT_DEW
106212340,shoplifting,2022-11,53.679369,-1.664525,On or near ,Investigation complete; no suspect identified,west-yorkshire,KDT_DEW
106206635,shoplifting,2022-11,53.679369,-1.664525,On or near ,Investigation complete; no suspect identified,west-yorkshire,KDT_DEW
106204970,shoplifting,2022-11,53.679369,-1.664525,On or near ,Investigation complete; no suspect identified,west-yorkshire,KDT_DEW
106201755,theft-from-the-person,2022-11,53.687448,-1.642459,On or near Senior Street,Investigation complete; no suspect identified,west-yorkshire,KDT_DEW
106208373,vehicle-crime,2022-11,53.687286,-1.654453,On or near Pilgrim Avenue,Investigation complete; no suspect identified,west-yorkshire,KDT_DEW
106221203,vehicle-crime,2022-11,53.683429,-1.650972,On or near Ravens Grove,Investigation complete; no suspect identified,west-yorkshire,KDT_DEW
106206422,vehicle-crime,2022-11,53.671748,-1.637158,On or near Charlesworth Street,Investigation complete; no suspect identified,west-yorkshire,KDT_DEW
106215193,vehicle-crime,2022-11,53.681471,-1.630549,On or near Falcon Road,Investigation complete; no suspect identified,west-yorkshire,KDT_DEW
106224504,vehicle-crime,2022-11,53.672654,-1.645491,On or near Blackers Court,Investigation complete; no suspect identified,west-yorkshire,KDT_DEW
106201236,vehicle-crime,2022-11,53.681471,-1.630549,On or near Falcon Road,Investigation complete; no suspect identified,west-yorkshire,KDT_DEW
106201792,vehicle-crime,2022-11,53.683432,-1.642872,On or near Weaving Lane,Investigation complete; no suspect identified,west-yorkshire,KDT_DEW
106204838,vehicle-crime,2022-11,53.682436,-1.665470,On or near Victoria Street,Investigation complete; no suspect identified,west-yorkshire,KDT_DEW
106205533,vehicle-crime,2022-11,53.688016,-1.652115,On or near Crow Nest View,Status update unavailable,west-yorkshire,KDT_DEW
106206206,vehicle-crime,2022-11,53.671155,-1.637224,On or near Lees Hall Road,Investigation complete; no suspect identified,west-yorkshire,KDT_DEW
106207295,vehicle-crime,2022-11,53.689404,-1.638294,On or near Pinfold Hill,Unable to prosecute suspect,west-yorkshire,KDT_DEW
106207813,vehicle-crime,2022-11,53.671681,-1.632739,On or near Parker Road,Investigation complete; no suspect identified,west-yorkshire,KDT_DEW
106208142,vehicle-crime,2022-11,53.679935,-1.661175,On or near Union Street,Unable to prosecute suspect,west-yorkshire,KDT_DEW
106208553,vehicle-crime,2022-11,53.680924,-1.639956,On or near Caldermill Way,Investigation complete; no suspect identified,west-yorkshire,KDT_DEW
106213714,vehicle-crime,2022-11,53.690876,-1.658937,On or near Well Lane,Investigation complete; no suspect identified,west-yorkshire,KDT_DEW
106210553,vehicle-crime,2022-11,53.689915,-1.640939,On or near St Matthew Road,Investigation complete; no suspect identified,west-yorkshire,KDT_DEW
106212434,vehicle-crime,2022-11,53.671681,-1.632739,On or near Parker Road,Investigation complete; no suspect identified,west-yorkshire,KDT_DEW
106212410,vehicle-crime,2022-11,53.672654,-1.645491,On or near Blackers Court,Investigation complete; no suspect identified,west-yorkshire,KDT_DEW
106206372,vehicle-crime,2022-11,53.682100,-1.651604,On or near Ravensfield Road,Investigation complete; no suspect identified,west-yorkshire,KDT_DEW
106220511,violent-crime,2022-11,53.680399,-1.632572,On or near Caledonian Road,Unable to prosecute suspect,west-yorkshire,KDT_DEW
106211364,violent-crime,2022-11,53.691671,-1.644771,On or near St Johns Close,Unable to prosecute suspect,west-yorkshire,KDT_DEW
106219065,violent-crime,2022-11,53.690019,-1.642362,On or near Thornton Street,Unable to prosecute suspect,west-yorkshire,KDT_DEW
106212294,violent-crime,2022-11,53.675676,-1.671351,On or near Walker Street,Unable to prosecute suspect,west-yorkshire,KDT_DEW
106212632,violent-crime,2022-11,53.682130,-1.665048,On or near Broomer Street,Status update unavailable,west-yorkshire,KDT_DEW
106207879,violent-crime,2022-11,53.682407,-1.639777,On or near Water Lane,Unable to prosecute suspect,west-yorkshire,KDT_DEW
106217703,violent-crime,2022-11,53.689576,-1.641533,On or near St Paulinus Close,Unable to prosecute suspect,west-yorkshire,KDT_DEW
106207537,violent-crime,2022-11,53.690985,-1.656180,On or near Pump Lane,Investigation complete; no suspect identified,west-yorkshire,KDT_DEW
106207533,violent-crime,2022-11,53.680594,-1.659126,On or near Great Pond View,Action to be taken by another organisation,west-yorkshire,KDT_DEW
106213961,violent-crime,2022-11,53.680226,-1.659204,On or near Great Pond Street,Investigation complete; no suspect identified,west-yorkshire,KDT_DEW
106214428,violent-crime,2022-11,53.690019,-1.642362,On or near Thornton Street,Investigation complete; no suspect identified,west-yorkshire,KDT_DEW
106214585,violent-crime,2022-11,53.690019,-1.642362,On or near Thornton Street,Investigation complete; no suspect identified,west-yorkshire,KDT_DEW
106207477,violent-crime,2022-11,53.672654,-1.645491,On or near Blackers Court,Unable to prosecute suspect,west-yorkshire,KDT_DEW
106207459,violent-crime,2022-11,53.681885,-1.667715,On or near Beacon Street,Investigation complete; no suspect identified,west-yorkshire,KDT_DEW
106207395,violent-crime,2022-11,53.684507,-1.644922,On or near Bus/coach Station,Unable to prosecute suspect,west-yorkshire,KDT_DEW
106209646,violent-crime,2022-11,53.691093,-1.643973,On or near Hanover Street,Unable to prosecute suspect,west-yorkshire,KDT_DEW
106209754,violent-crime,2022-11,53.683036,-1.667948,On or near Clarkson Street,Unable to prosecute suspect,west-yorkshire,KDT_DEW
106218592,violent-crime,2022-11,53.681039,-1.660833,On or near Spen Valley Road,Unable to prosecute suspect,west-yorkshire,KDT_DEW
106210935,violent-crime,2022-11,53.690560,-1.643114,On or near St John Walk,Unable to prosecute suspect,west-yorkshire,KDT_DEW
106207152,violent-crime,2022-11,53.689318,-1.654739,On or near Beckett Grove,Investigation complete; no suspect identified,west-yorkshire,KDT_DEW
106217319,violent-crime,2022-11,53.679002,-1.668328,On or near Bradbury Street,Local resolution,west-yorkshire,KDT_DEW
106206072,violent-crime,2022-11,53.687159,-1.650972,On or near Burgh Mill Gardens,Unable to prosecute suspect,west-yorkshire,KDT_DEW
106204496,violent-crime,2022-11,53.681671,-1.661782,On or near Garden Terrace,Investigation complete; no suspect identified,west-yorkshire,KDT_DEW
106203241,violent-crime,2022-11,53.675611,-1.636686,On or near Dale Street,Unable to prosecute suspect,west-yorkshire,KDT_DEW
106202417,violent-crime,2022-11,53.675101,-1.637357,On or near Thornton Road,Unable to prosecute suspect,west-yorkshire,KDT_DEW
106224500,violent-crime,2022-11,53.683838,-1.631604,On or near Chapel Street,Unable to prosecute suspect,west-yorkshire,KDT_DEW
106224688,violent-crime,2022-11,53.680463,-1.657295,On or near Crawshaw Street,Unable to prosecute suspect,west-yorkshire,KDT_DEW
106202121,violent-crime,2022-11,53.679002,-1.668328,On or near Bradbury Street,Unable to prosecute suspect,west-yorkshire,KDT_DEW
106202113,violent-crime,2022-11,53.679002,-1.668328,On or near Bradbury Street,Unable to prosecute suspect,west-yorkshire,KDT_DEW
106203856,violent-crime,2022-11,53.675853,-1.633293,On or near Thornie View,Unable to prosecute suspect,west-yorkshire,KDT_DEW
106220674,violent-crime,2022-11,53.688016,-1.652115,On or near Crow Nest View,Unable to prosecute suspect,west-yorkshire,KDT_DEW
106219179,violent-crime,2022-11,53.689576,-1.641533,On or near St Paulinus Close,Court result unavailable,west-yorkshire,KDT_DEW
106208941,violent-crime,2022-11,53.674788,-1.640795,On or near Navigation Road,Action to be taken by another organisation,west-yorkshire,KDT_DEW
106200682,violent-crime,2022-11,53.671440,-1.642368,On or near King Edward Street,Unable to prosecute suspect,west-yorkshire,KDT_DEW
106199742,violent-crime,2022-11,53.671717,-1.635736,On or near Lees Holm,Action to be taken by another organisation,west-yorkshire,KDT_DEW
106199313,violent-crime,2022-11,53.684683,-1.668556,On or near Northstead,Unable to prosecute suspect,west-yorkshire,KDT_DEW
106221964,violent-crime,2022-11,53.673850,-1.648993,On or near Ravensthorpe Road,Unable to prosecute suspect,west-yorkshire,KDT_DEW
106217368,violent-crime,2022-11,53.687693,-1.643124,On or near Whitworth Road,Unable to prosecute suspect,west-yorkshire,KDT_DEW
106207250,violent-crime,2022-11,53.689404,-1.638294,On or near Pinfold Hill,Unable to prosecute suspect,west-yorkshire,KDT_DEW
106216151,violent-crime,2022-11,53.681990,-1.672937,On or near Spring Place Court,Unable to prosecute suspect,west-yorkshire,KDT_DEW
106215285,violent-crime,2022-11,53.678782,-1.666861,On or near Duke Street,Unable to prosecute suspect,west-yorkshire,KDT_DEW
106214884,violent-crime,2022-11,53.686850,-1.653018,On or near Pilgrim Drive,Unable to prosecute suspect,west-yorkshire,KDT_DEW
106212736,violent-crime,2022-11,53.690019,-1.642362,On or near Thornton Street,Unable to prosecute suspect,west-yorkshire,KDT_DEW
106209634,violent-crime,2022-11,53.691093,-1.643973,On or near Hanover Street,Unable to prosecute suspect,west-yorkshire,KDT_DEW
106203481,violent-crime,2022-11,53.672654,-1.645491,On or near Blackers Court,Unable to prosecute suspect,west-yorkshire,KDT_DEW
106223982,violent-crime,2022-11,53.689158,-1.655589,On or near Beckett Lane,Unable to prosecute suspect,west-yorkshire,KDT_DEW
106209729,violent-crime,2022-11,53.683036,-1.667948,On or near Clarkson Street,Unable to prosecute suspect,west-yorkshire,KDT_DEW
106204413,violent-crime,2022-11,53.691972,-1.655732,On or near Beckett Nook,Unable to prosecute suspect,west-yorkshire,KDT_DEW
106222435,violent-crime,2022-11,53.678782,-1.666861,On or near Duke Street,Unable to prosecute suspect,west-yorkshire,KDT_DEW
106225109,violent-crime,2022-11,53.678500,-1.672207,On or near Crescent Walk,Unable to prosecute suspect,west-yorkshire,KDT_DEW
106224616,violent-crime,2022-11,53.677772,-1.672319,On or near The Crescent,Unable to prosecute suspect,west-yorkshire,KDT_DEW
106217723,violent-crime,2022-11,53.687159,-1.650972,On or near Burgh Mill Gardens,Unable to prosecute suspect,west-yorkshire,KDT_DEW
106215205,violent-crime,2022-11,53.679883,-1.662053,On or near ,Unable to prosecute suspect,west-yorkshire,KDT_DEW
106214291,violent-crime,2022-11,53.687159,-1.650972,On or near Burgh Mill Gardens,Status update unavailable,west-yorkshire,KDT_DEW
106214191,violent-crime,2022-11,53.691093,-1.643973,On or near Hanover Street,Status update unavailable,west-yorkshire,KDT_DEW
106210265,violent-crime,2022-11,53.677878,-1.661766,On or near Netherfield Road,Unable to prosecute suspect,west-yorkshire,KDT_DEW
106207150,violent-crime,2022-11,53.689318,-1.654739,On or near Beckett Grove,Investigation complete; no suspect identified,west-yorkshire,KDT_DEW
106221440,violent-crime,2022-11,53.689318,-1.654739,On or near Beckett Grove,Unable to prosecute suspect,west-yorkshire,KDT_DEW
106224607,violent-crime,2022-11,53.677772,-1.672319,On or near The Crescent,Unable to prosecute suspect,west-yorkshire,KDT_DEW
106214781,violent-crime,2022-11,53.672190,-1.631720,On or near Lees Avenue,Unable to prosecute suspect,west-yorkshire,KDT_DEW
106208273,violent-crime,2022-11,53.690985,-1.656180,On or near Pump Lane,Unable to prosecute suspect,west-yorkshire,KDT_DEW
106224562,violent-crime,2022-11,53.677772,-1.672319,On or near The Crescent,Unable to prosecute suspect,west-yorkshire,KDT_DEW
106215390,violent-crime,2022-11,53.678669,-1.665106,On or near Charles Street,Unable to prosecute suspect,west-yorkshire,KDT_DEW
106215411,violent-crime,2022-11,53.678669,-1.665106,On or near Charles Street,Unable to prosecute suspect,west-yorkshire,KDT_DEW
106198973,violent-crime,2022-11,53.683868,-1.632557,On or near B6409,Investigation complete; no suspect identified,west-yorkshire,KDT_DEW
106199159,violent-crime,2022-11,53.683868,-1.632557,On or near B6409,Investigation complete; no suspect identified,west-yorkshire,KDT_DEW
106208250,violent-crime,2022-11,53.690985,-1.656180,On or near Pump Lane,Investigation complete; no suspect identified,west-yorkshire,KDT_DEW
106206698,violent-crime,2022-11,53.681827,-1.635315,On or near Cardwell Terrace,Unable to prosecute suspect,west-yorkshire,KDT_DEW
106202558,violent-crime,2022-11,53.682487,-1.659045,On or near ,Status update unavailable,west-yorkshire,KDT_DEW
106202412,violent-crime,2022-11,53.675101,-1.637357,On or near Thornton Road,Unable to prosecute suspect,west-yorkshire,KDT_DEW
106201475,violent-crime,2022-11,53.681352,-1.650777,On or near Ravenswharfe Road,Investigation complete; no suspect identified,west-yorkshire,KDT_DEW
106204376,violent-crime,2022-11,53.675853,-1.633293,On or near Thornie View,Unable to prosecute suspect,west-yorkshire,KDT_DEW
106212335,violent-crime,2022-11,53.671435,-1.640642,On or near Morton Grove,Unable to prosecute suspect,west-yorkshire,KDT_DEW
106206278,violent-crime,2022-11,53.675611,-1.636686,On or near Dale Street,Unable to prosecute suspect,west-yorkshire,KDT_DEW
106212332,violent-crime,2022-11,53.675676,-1.671351,On or near Walker Street,Unable to prosecute suspect,west-yorkshire,KDT_DEW
106200954,violent-crime,2022-11,53.684683,-1.668556,On or near Northstead,Unable to prosecute suspect,west-yorkshire,KDT_DEW
106207396,violent-crime,2022-11,53.681904,-1.634850,On or near ,Unable to prosecute suspect,west-yorkshire,KDT_DEW
106220616,violent-crime,2022-11,53.680286,-1.663296,On or near ,Investigation complete; no suspect identified,west-yorkshire,KDT_DEW
106207877,violent-crime,2022-11,53.682407,-1.639777,On or near Water Lane,Unable to prosecute suspect,west-yorkshire,KDT_DEW
106208129,violent-crime,2022-11,53.687286,-1.654453,On or near Pilgrim Avenue,Unable to prosecute suspect,west-yorkshire,KDT_DEW
106208370,violent-crime,2022-11,53.689460,-1.657343,On or near Beaver Drive,Investigation complete; no suspect identified,west-yorkshire,KDT_DEW
106223454,violent-crime,2022-11,53.674504,-1.633063,On or near Slaithwaite Close,Unable to prosecute suspect,west-yorkshire,KDT_DEW
106208808,violent-crime,2022-11,53.683429,-1.650972,On or near Ravens Grove,Unable to prosecute suspect,west-yorkshire,KDT_DEW
106209672,violent-crime,2022-11,53.687286,-1.654453,On or near Pilgrim Avenue,Unable to prosecute suspect,west-yorkshire,KDT_DEW
106211371,violent-crime,2022-11,53.681885,-1.667715,On or near Beacon Street,Investigation complete; no suspect identified,west-yorkshire,KDT_DEW
106212869,violent-crime,2022-11,53.682283,-1.668393,On or near Craven Street,Unable to prosecute suspect,west-yorkshire,KDT_DEW
106217135,violent-crime,2022-11,53.677772,-1.672319,On or near The Crescent,Unable to prosecute suspect,west-yorkshire,KDT_DEW
106215760,violent-crime,2022-11,53.691972,-1.655732,On or near Beckett Nook,Investigation complete; no suspect identified,west-yorkshire,KDT_DEW
106219341,violent-crime,2022-11,53.689576,-1.641533,On or near St Paulinus Close,Unable to prosecute suspect,west-yorkshire,KDT_DEW
106219472,violent-crime,2022-11,53.682130,-1.665048,On or near Broomer Street,Status update unavailable,west-yorkshire,KDT_DEW
106219338,violent-crime,2022-11,53.680489,-1.666454,On or near Myrtle Avenue,Court result unavailable,west-yorkshire,KDT_DEW
106221563,other-crime,2022-11,53.682364,-1.631556,On or near Clement Terrace,Court result unavailable,west-yorkshire,KDT_DEW
106219340,other-crime,2022-11,53.678669,-1.665106,On or near Charles Street,Unable to prosecute suspect,west-yorkshire,KDT_DEW
106218978,other-crime,2022-11,53.691079,-1.642247,On or near Hanover Gardens,Unable to prosecute suspect,west-yorkshire,KDT_DEW
106228559,anti-social-behaviour,2022-11,53.649253,-1.755216,On or near Dalton Grove,,west-yorkshire,KDT_HUD
106228143,anti-social-behaviour,2022-11,53.639187,-1.759903,On or near Somerset Road,,west-yorkshire,KDT_HUD
106226957,anti-social-behaviour,2022-11,53.649551,-1.760071,On or near Longfield Close,,west-yorkshire,KDT_HUD
106228132,anti-social-behaviour,2022-11,53.655170,-1.760856,On or near Brown Royd Avenue,,west-yorkshire,KDT_HUD
106228122,anti-social-behaviour,2022-11,53.634913,-1.749008,On or near Brickbank,,west-yorkshire,KDT_HUD
106228113,anti-social-behaviour,2022-11,53.645340,-1.786642,On or near ,,west-yorkshire,KDT_HUD
106227845,anti-social-behaviour,2022-11,53.640110,-1.745408,On or near Fernside Avenue,,west-yorkshire,KDT_HUD
106227804,anti-social-behaviour,2022-11,53.647525,-1.782018,On or near Church Street,,west-yorkshire,KDT_HUD
106227799,anti-social-behaviour,2022-11,53.641615,-1.743417,On or near Fernside Crescent,,west-yorkshire,KDT_HUD
106228172,anti-social-behaviour,2022-11,53.636746,-1.744369,On or near Hulbert Croft,,west-yorkshire,KDT_HUD
106226670,anti-social-behaviour,2022-11,53.649855,-1.746272,On or near Tolson Crescent,,west-yorkshire,KDT_HUD
106228167,anti-social-behaviour,2022-11,53.655170,-1.760856,On or near Brown Royd Avenue,,west-yorkshire,KDT_HUD
106230767,anti-social-behaviour,2022-11,53.639187,-1.759903,On or near Somerset Road,,west-yorkshire,KDT_HUD
106228157,anti-social-behaviour,2022-11,53.656749,-1.768473,On or near Bradley Mills Lane,,west-yorkshire,KDT_HUD
106230055,anti-social-behaviour,2022-11,53.647097,-1.774123,On or near ,,west-yorkshire,KDT_HUD
106229590,anti-social-behaviour,2022-11,53.648545,-1.784448,On or near Huddersfield,,west-yorkshire,KDT_HUD
106229215,anti-social-behaviour,2022-11,53.646628,-1.783005,On or near Chancery Close,,west-yorkshire,KDT_HUD
106230563,anti-social-behaviour,2022-11,53.639187,-1.759903,On or near Somerset Road,,west-yorkshire,KDT_HUD
106229194,anti-social-behaviour,2022-11,53.629481,-1.769787,On or near Fanny Moor Lane,,west-yorkshire,KDT_HUD
106229184,anti-social-behaviour,2022-11,53.649551,-1.760071,On or near Longfield Close,,west-yorkshire,KDT_HUD
106228128,anti-social-behaviour,2022-11,53.649551,-1.760071,On or near Longfield Close,,west-yorkshire,KDT_HUD
106230762,anti-social-behaviour,2022-11,53.650294,-1.782442,On or near ,,west-yorkshire,KDT_HUD
106230760,anti-social-behaviour,2022-11,53.639187,-1.759903,On or near Somerset Road,,west-yorkshire,KDT_HUD
106230747,anti-social-behaviour,2022-11,53.649551,-1.760071,On or near Longfield Close,,west-yorkshire,KDT_HUD
106230745,anti-social-behaviour,2022-11,53.649551,-1.760071,On or near Longfield Close,,west-yorkshire,KDT_HUD
106230697,anti-social-behaviour,2022-11,53.644531,-1.772127,On or near ,,west-yorkshire,KDT_HUD
106230524,anti-social-behaviour,2022-11,53.634913,-1.749008,On or near Brickbank,,west-yorkshire,KDT_HUD
106230393,anti-social-behaviour,2022-11,53.645364,-1.785009,On or near Threadneedle Street,,west-yorkshire,KDT_HUD
106230225,anti-social-behaviour,2022-11,53.640110,-1.745408,On or near Fernside Avenue,,west-yorkshire,KDT_HUD
106230062,anti-social-behaviour,2022-11,53.642489,-1.785311,On or near ,,west-yorkshire,KDT_HUD
106226635,anti-social-behaviour,2022-11,53.645340,-1.786642,On or near ,,west-yorkshire,KDT_HUD
106230060,anti-social-behaviour,2022-11,53.650294,-1.782442,On or near ,,west-yorkshire,KDT_HUD
106230058,anti-social-behaviour,2022-11,53.639187,-1.759903,On or near Somerset Road,,west-yorkshire,KDT_HUD
106229556,anti-social-behaviour,2022-11,53.641949,-1.748316,On or near Coach House Drive,,west-yorkshire,KDT_HUD
106229278,anti-social-behaviour,2022-11,53.638693,-1.751481,On or near Tinderley Grove,,west-yorkshire,KDT_HUD
106229200,anti-social-behaviour,2022-11,53.648123,-1.779412,On or near Tomlinson's Yard,,west-yorkshire,KDT_HUD
106229191,anti-social-behaviour,2022-11,53.651737,-1.756715,On or near Ridgeway Close,,west-yorkshire,KDT_HUD
106229189,anti-social-behaviour,2022-11,53.651737,-1.756715,On or near Ridgeway Close,,west-yorkshire,KDT_HUD
106229187,anti-social-behaviour,2022-11,53.649551,-1.760071,On or near Longfield Close,,west-yorkshire,KDT_HUD
106228231,anti-social-behaviour,2022-11,53.643988,-1.789296,On or near Spring Grove Street,,west-yorkshire,KDT_HUD
106229108,anti-social-behaviour,2022-11,53.637443,-1.751095,On or near Nowell Place,,west-yorkshire,KDT_HUD
106228993,anti-social-behaviour,2022-11,53.649253,-1.755216,On or near Dalton Grove,,west-yorkshire,KDT_HUD
106230369,anti-social-behaviour,2022-11,53.641949,-1.748316,On or near Coach House Drive,,west-yorkshire,KDT_HUD
106228554,anti-social-behaviour,2022-11,53.647097,-1.774123,On or near ,,west-yorkshire,KDT_HUD
106228522,anti-social-behaviour,2022-11,53.649551,-1.760071,On or near Longfield Close,,west-yorkshire,KDT_HUD
106228519,anti-social-behaviour,2022-11,53.646201,-1.780663,On or near Cross Church Street,,west-yorkshire,KDT_HUD
106228427,anti-social-behaviour,2022-11,53.645340,-1.786642,On or near ,,west-yorkshire,KDT_HUD
106228424,anti-social-behaviour,2022-11,53.650294,-1.782442,On or near ,,west-yorkshire,KDT_HUD
106228418,anti-social-behaviour,2022-11,53.646717,-1.750360,On or near Marlow Close,,west-yorkshire,KDT_HUD
106226668,anti-social-behaviour,2022-11,53.635154,-1.748160,On or near Hudroyd,,west-yorkshire,KDT_HUD
106228338,anti-social-behaviour,2022-11,53.653046,-1.764091,On or near Edge Hill Close,,west-yorkshire,KDT_HUD
106217561,bicycle-theft,2022-11,53.651071,-1.784753,On or near ,Investigation complete; no suspect identified,west-yorkshire,KDT_HUD
106207309,bicycle-theft,2022-11,53.648534,-1.782965,On or near John William Street,Investigation complete; no suspect identified,west-yorkshire,KDT_HUD
106198897,bicycle-theft,2022-11,53.648068,-1.783709,On or near St George's Square,Court result unavailable,west-yorkshire,KDT_HUD
106200251,bicycle-theft,2022-11,53.643988,-1.789296,On or near Spring Grove Street,Investigation complete; no suspect identified,west-yorkshire,KDT_HUD
106200037,bicycle-theft,2022-11,53.646571,-1.786455,On or near Henry Street,Investigation complete; no suspect identified,west-yorkshire,KDT_HUD
106209171,burglary,2022-11,53.643267,-1.773796,On or near Colne Street,Investigation complete; no suspect identified,west-yorkshire,KDT_HUD
106219153,burglary,2022-11,53.644390,-1.783138,On or near Ramsden Street,Investigation complete; no suspect identified,west-yorkshire,KDT_HUD
106219908,burglary,2022-11,53.633295,-1.776405,On or near Tunnacliffe Road,Unable to prosecute suspect,west-yorkshire,KDT_HUD
106223407,burglary,2022-11,53.653546,-1.753346,On or near Holays,Court result unavailable,west-yorkshire,KDT_HUD
106218495,burglary,2022-11,53.636987,-1.779788,On or near Malvern Road,Investigation complete; no suspect identified,west-yorkshire,KDT_HUD
106210880,burglary,2022-11,53.647160,-1.783095,On or near ,Investigation complete; no suspect identified,west-yorkshire,KDT_HUD
106209007,burglary,2022-11,53.641480,-1.760495,On or near Bankfield Court,Investigation complete; no suspect identified,west-yorkshire,KDT_HUD
106220048,burglary,2022-11,53.640891,-1.781432,On or near Queen Street South,Investigation complete; no suspect identified,west-yorkshire,KDT_HUD
106221111,burglary,2022-11,53.639501,-1.783299,On or near Colne Road,Investigation complete; no suspect identified,west-yorkshire,KDT_HUD
106213387,burglary,2022-11,53.646859,-1.753869,On or near Henley Croft,Further action is not in the public interest,west-yorkshire,KDT_HUD
106217288,burglary,2022-11,53.645340,-1.786642,On or near ,Investigation complete; no suspect identified,west-yorkshire,KDT_HUD
106212109,burglary,2022-11,53.635684,-1.785012,On or near Perseverance Street,Unable to prosecute suspect,west-yorkshire,KDT_HUD
106207463,burglary,2022-11,53.644390,-1.783138,On or near Ramsden Street,Investigation complete; no suspect identified,west-yorkshire,KDT_HUD
106201455,burglary,2022-11,53.651296,-1.779683,On or near William Street,Investigation complete; no suspect identified,west-yorkshire,KDT_HUD
106204088,burglary,2022-11,53.637055,-1.763469,On or near Longley Road,Investigation complete; no suspect identified,west-yorkshire,KDT_HUD
106209709,criminal-damage-arson,2022-11,53.636126,-1.767396,On or near ,Unable to prosecute suspect,west-yorkshire,KDT_HUD
106199391,criminal-damage-arson,2022-11,53.645940,-1.761619,On or near Broad Lane,Investigation complete; no suspect identified,west-yorkshire,KDT_HUD
106221515,criminal-damage-arson,2022-11,53.639516,-1.786430,On or near Folly Hall,Investigation complete; no suspect identified,west-yorkshire,KDT_HUD
106213487,criminal-damage-arson,2022-11,53.636519,-1.784222,On or near Armitage Street,Unable to prosecute suspect,west-yorkshire,KDT_HUD
106215219,criminal-damage-arson,2022-11,53.645886,-1.785218,On or near ,Local resolution,west-yorkshire,KDT_HUD
106223292,criminal-damage-arson,2022-11,53.643609,-1.788542,On or near ,Investigation complete; no suspect identified,west-yorkshire,KDT_HUD
106220552,criminal-damage-arson,2022-11,53.648123,-1.779412,On or near Tomlinson's Yard,Investigation complete; no suspect identified,west-yorkshire,KDT_HUD
106217468,criminal-damage-arson,2022-11,53.638503,-1.778162,On or near Permain Court,Status update unavailable,west-yorkshire,KDT_HUD
106212927,criminal-damage-arson,2022-11,53.635217,-1.765763,On or near Lowerhouses Lane,Status update unavailable,west-yorkshire,KDT_HUD
106201723,criminal-damage-arson,2022-11,53.648123,-1.779412,On or near Tomlinson's Yard,Investigation complete; no suspect identified,west-yorkshire,KDT_HUD
106199244,criminal-damage-arson,2022-11,53.645886,-1.785218,On or near ,Unable to prosecute suspect,west-yorkshire,KDT_HUD
106198804,criminal-damage-arson,2022-11,53.646628,-1.783005,On or near Chancery Close,Unable to prosecute suspect,west-yorkshire,KDT_HUD
106203349,criminal-damage-arson,2022-11,53.640616,-1.778453,On or near Commercial Street,Investigation complete; no suspect identified,west-yorkshire,KDT_HUD
106203033,criminal-damage-arson,2022-11,53.644814,-1.779036,On or near Zetland Street,Investigation complete; no suspect identified,west-yorkshire,KDT_HUD
106215453,criminal-damage-arson,2022-11,53.651737,-1.756715,On or near Ridgeway Close,Local resolution,west-yorkshire,KDT_HUD
106211352,criminal-damage-arson,2022-11,53.635217,-1.765763,On or near Lowerhouses Lane,Investigation complete; no suspect identified,west-yorkshire,KDT_HUD
106201015,criminal-damage-arson,2022-11,53.639306,-1.779640,On or near King's Bridge Road,Investigation complete; no suspect identified,west-yorkshire,KDT_HUD
106199334,criminal-damage-arson,2022-11,53.648123,-1.779412,On or near Tomlinson's Yard,Investigation complete; no suspect identified,west-yorkshire,KDT_HUD
106198785,criminal-damage-arson,2022-11,53.643761,-1.785590,On or near ,Unable to prosecute suspect,west-yorkshire,KDT_HUD
106222526,criminal-damage-arson,2022-11,53.646998,-1.751553,On or near Eton Avenue,Unable to prosecute suspect,west-yorkshire,KDT_HUD
106199934,criminal-damage-arson,2022-11,53.647962,-1.756706,On or near Kelvin Avenue,Investigation complete; no suspect identified,west-yorkshire,KDT_HUD
106200569,criminal-damage-arson,2022-11,53.643761,-1.785590,On or near ,Local resolution,west-yorkshire,KDT_HUD
106200378,criminal-damage-arson,2022-11,53.637261,-1.758794,On or near Foxglove Road,Investigation complete; no suspect identified,west-yorkshire,KDT_HUD
106200799,criminal-damage-arson,2022-11,53.646644,-1.782083,On or near Market Place,Unable to prosecute suspect,west-yorkshire,KDT_HUD
106215703,criminal-damage-arson,2022-11,53.645940,-1.761619,On or near Broad Lane,Investigation complete; no suspect identified,west-yorkshire,KDT_HUD
106219248,criminal-damage-arson,2022-11,53.633313,-1.771157,On or near Wood Lane,Investigation complete; no suspect identified,west-yorkshire,KDT_HUD
106210345,criminal-damage-arson,2022-11,53.643761,-1.785590,On or near ,Local resolution,west-yorkshire,KDT_HUD
106215836,drugs,2022-11,53.644449,-1.757453,On or near Lister Street,Local resolution,west-yorkshire,KDT_HUD
106215816,drugs,2022-11,53.649852,-1.781249,On or near ,Local resolution,west-yorkshire,KDT_HUD
106215844,drugs,2022-11,53.635463,-1.745436,On or near Farfield Road,Local resolution,west-yorkshire,KDT_HUD
106221717,drugs,2022-11,53.641716,-1.785436,On or near Dale Street,Local resolution,west-yorkshire,KDT_HUD
106201839,drugs,2022-11,53.641716,-1.785436,On or near Dale Street,Action to be taken by another organisation,west-yorkshire,KDT_HUD
106207681,drugs,2022-11,53.643761,-1.785590,On or near ,Local resolution,west-yorkshire,KDT_HUD
106198752,drugs,2022-11,53.646628,-1.783005,On or near Chancery Close,Court result unavailable,west-yorkshire,KDT_HUD
106218490,drugs,2022-11,53.644033,-1.784577,On or near ,Local resolution,west-yorkshire,KDT_HUD
106208491,drugs,2022-11,53.648534,-1.782965,On or near John William Street,Status update unavailable,west-yorkshire,KDT_HUD
106210178,drugs,2022-11,53.642489,-1.785311,On or near ,Unable to prosecute suspect,west-yorkshire,KDT_HUD
106212384,drugs,2022-11,53.636126,-1.767396,On or near ,Further investigation is not in the public interest,west-yorkshire,KDT_HUD
106215829,drugs,2022-11,53.643761,-1.785590,On or near ,Local resolution,west-yorkshire,KDT_HUD
106201815,drugs,2022-11,53.643761,-1.785590,On or near ,Status update unavailable,west-yorkshire,KDT_HUD
106204942,drugs,2022-11,53.643761,-1.785590,On or near ,Formal action is not in the public interest,west-yorkshire,KDT_HUD
106207113,drugs,2022-11,53.643761,-1.785590,On or near ,Local resolution,west-yorkshire,KDT_HUD
106216680,drugs,2022-11,53.643761,-1.785590,On or near ,Offender given a caution,west-yorkshire,KDT_HUD
106216693,drugs,2022-11,53.643761,-1.785590,On or near ,Offender given a caution,west-yorkshire,KDT_HUD
106221718,drugs,2022-11,53.652875,-1.750838,On or near Brock Bank,Court result unavailable,west-yorkshire,KDT_HUD
106211514,drugs,2022-11,53.643761,-1.785590,On or near ,Unable to prosecute suspect,west-yorkshire,KDT_HUD
106212042,drugs,2022-11,53.643761,-1.785590,On or near ,Local resolution,west-yorkshire,KDT_HUD
106213739,drugs,2022-11,53.647004,-1.772354,On or near Lincoln Street,Action to be taken by another organisation,west-yorkshire,KDT_HUD
106213771,drugs,2022-11,53.647004,-1.772354,On or near Lincoln Street,Action to be taken by another organisation,west-yorkshire,KDT_HUD
106214535,drugs,2022-11,53.650841,-1.781441,On or near Unna Way,Court result unavailable,west-yorkshire,KDT_HUD
106209357,drugs,2022-11,53.642778,-1.766961,On or near Poplar Street,Court result unavailable,west-yorkshire,KDT_HUD
106209925,drugs,2022-11,53.641615,-1.743417,On or near Fernside Crescent,Court result unavailable,west-yorkshire,KDT_HUD
106215768,drugs,2022-11,53.643761,-1.785590,On or near ,Court result unavailable,west-yorkshire,KDT_HUD
106204447,drugs,2022-11,53.656749,-1.768473,On or near Bradley Mills Lane,Offender given a caution,west-yorkshire,KDT_HUD
106211302,drugs,2022-11,53.643761,-1.785590,On or near ,Local resolution,west-yorkshire,KDT_HUD
106226377,other-theft,2022-11,53.639306,-1.779640,On or near King's Bridge Road,Investigation complete; no suspect identified,west-yorkshire,KDT_HUD
106203533,other-theft,2022-11,53.645802,-1.778532,On or near ,Investigation complete; no suspect identified,west-yorkshire,KDT_HUD
106222482,other-theft,2022-11,53.645340,-1.786642,On or near ,Investigation complete; no suspect identified,west-yorkshire,KDT_HUD
106212703,other-theft,2022-11,53.648333,-1.745041,On or near Myers Croft,Unable to prosecute suspect,west-yorkshire,KDT_HUD
106199771,other-theft,2022-11,53.646644,-1.782083,On or near Market Place,Investigation complete; no suspect identified,west-yorkshire,KDT_HUD
106201902,other-theft,2022-11,53.649551,-1.760071,On or near Longfield Close,Investigation complete; no suspect identified,west-yorkshire,KDT_HUD
106202427,other-theft,2022-11,53.641102,-1.784183,On or near ,Investigation complete; no suspect identified,west-yorkshire,KDT_HUD
106219212,other-theft,2022-11,53.648672,-1.780196,On or near Primitive Street,Investigation complete; no suspect identified,west-yorkshire,KDT_HUD
106205674,other-theft,2022-11,53.646201,-1.780663,On or near Cross Church Street,Investigation complete; no suspect identified,west-yorkshire,KDT_HUD
106204662,other-theft,2022-11,53.656402,-1.757051,On or near Nether Crescent,Investigation complete; no suspect identified,west-yorkshire,KDT_HUD
106199923,other-theft,2022-11,53.648333,-1.745041,On or near Myers Croft,Unable to prosecute suspect,west-yorkshire,KDT_HUD
106199929,other-theft,2022-11,53.646159,-1.779032,On or near ,Investigation complete; no suspect identified,west-yorkshire,KDT_HUD
106210160,other-theft,2022-11,53.647525,-1.782018,On or near Church Street,Investigation complete; no suspect identified,west-yorkshire,KDT_HUD
106205076,other-theft,2022-11,53.646201,-1.780663,On or near Cross Church Street,Investigation complete; no suspect identified,west-yorkshire,KDT_HUD
106202299,other-theft,2022-11,53.646644,-1.782083,On or near Market Place,Investigation complete; no suspect identified,west-yorkshire,KDT_HUD
106222351,other-theft,2022-11,53.643183,-1.762573,On or near Eastwood Street,Court result unavailable,west-yorkshire,KDT_HUD
106200368,other-theft,2022-11,53.646201,-1.780663,On or near Cross Church Street,Investigation complete; no suspect identified,west-yorkshire,KDT_HUD
106221167,other-theft,2022-11,53.646644,-1.782083,On or near Market Place,Investigation complete; no suspect identified,west-yorkshire,KDT_HUD
106205865,other-theft,2022-11,53.646201,-1.780663,On or near Cross Church Street,Investigation complete; no suspect identified,west-yorkshire,KDT_HUD
106204484,other-theft,2022-11,53.639306,-1.779640,On or near King's Bridge Road,Unable to prosecute suspect,west-yorkshire,KDT_HUD
106207340,other-theft,2022-11,53.656749,-1.768473,On or near Bradley Mills Lane,Investigation complete; no suspect identified,west-yorkshire,KDT_HUD
106206334,other-theft,2022-11,53.650654,-1.782395,On or near ,Investigation complete; no suspect identified,west-yorkshire,KDT_HUD
106218752,other-theft,2022-11,53.646665,-1.788784,On or near Back Greenhead Road,Local resolution,west-yorkshire,KDT_HUD
106206429,other-theft,2022-11,53.646201,-1.780663,On or near Cross Church Street,Investigation complete; no suspect identified,west-yorkshire,KDT_HUD
106202197,other-theft,2022-11,53.633295,-1.776405,On or near Tunnacliffe Road,Unable to prosecute suspect,west-yorkshire,KDT_HUD
106200733,other-theft,2022-11,53.644390,-1.783138,On or near Ramsden Street,Investigation complete; no suspect identified,west-yorkshire,KDT_HUD
106208234,other-theft,2022-11,53.655659,-1.769982,On or near ,Unable to prosecute suspect,west-yorkshire,KDT_HUD
106225953,other-theft,2022-11,53.651986,-1.764490,On or near Heathergrove Fold,Unable to prosecute suspect,west-yorkshire,KDT_HUD
106201518,other-theft,2022-11,53.656749,-1.768473,On or near Bradley Mills Lane,Investigation complete; no suspect identified,west-yorkshire,KDT_HUD
106199921,other-theft,2022-11,53.643899,-1.775184,On or near Sand Street,Investigation complete; no suspect identified,west-yorkshire,KDT_HUD
106211788,other-theft,2022-11,53.642778,-1.766961,On or near Poplar Street,Investigation complete; no suspect identified,west-yorkshire,KDT_HUD
106220219,other-theft,2022-11,53.643745,-1.783898,On or near ,Investigation complete; no suspect identified,west-yorkshire,KDT_HUD
106199933,other-theft,2022-11,53.646556,-1.777580,On or near ,Investigation complete; no suspect identified,west-yorkshire,KDT_HUD
106212355,other-theft,2022-11,53.649205,-1.762599,On or near Buttermere Drive,Investigation complete; no suspect identified,west-yorkshire,KDT_HUD
106205153,possession-of-weapons,2022-11,53.641716,-1.785436,On or near Dale Street,Unable to prosecute suspect,west-yorkshire,KDT_HUD
106218022,possession-of-weapons,2022-11,53.633329,-1.747823,On or near Northgate,Court result unavailable,west-yorkshire,KDT_HUD
106203803,possession-of-weapons,2022-11,53.639516,-1.786430,On or near Folly Hall,Status update unavailable,west-yorkshire,KDT_HUD
106208289,possession-of-weapons,2022-11,53.642778,-1.766961,On or near Poplar Street,Court result unavailable,west-yorkshire,KDT_HUD
106200624,public-order,2022-11,53.644531,-1.772127,On or near ,Unable to prosecute suspect,west-yorkshire,KDT_HUD
106203407,public-order,2022-11,53.636519,-1.784222,On or near Armitage Street,Unable to prosecute suspect,west-yorkshire,KDT_HUD
106207389,public-order,2022-11,53.646201,-1.780663,On or near Cross Church Street,Investigation complete; no suspect identified,west-yorkshire,KDT_HUD
106201803,public-order,2022-11,53.646571,-1.786455,On or near Henry Street,Unable to prosecute suspect,west-yorkshire,KDT_HUD
106215752,public-order,2022-11,53.646644,-1.782083,On or near Market Place,Investigation complete; no suspect identified,west-yorkshire,KDT_HUD
124240789,public-order,2022-11,53.647649,-1.785073,Huddersfield (station),Status update unavailable,west-yorkshire,KDT_HUD
106207654,public-order,2022-11,53.647525,-1.782018,On or near Church Street,Court result unavailable,west-yorkshire,KDT_HUD
106207884,public-order,2022-11,53.645340,-1.786642,On or near ,Investigation complete; no suspect identified,west-yorkshire,KDT_HUD
106217284,public-order,2022-11,53.656749,-1.768473,On or near Bradley Mills Lane,Investigation complete; no suspect identified,west-yorkshire,KDT_HUD
106224079,public-order,2022-11,53.651071,-1.784753,On or near ,Investigation complete; no suspect identified,west-yorkshire,KDT_HUD
106222416,public-order,2022-11,53.644390,-1.783138,On or near Ramsden Street,Court result unavailable,west-yorkshire,KDT_HUD
106208144,public-order,2022-11,53.648854,-1.781042,On or near Northumberland Street,Court result unavailable,west-yorkshire,KDT_HUD
106224231,public-order,2022-11,53.642489,-1.785311,On or near ,Unable to prosecute suspect,west-yorkshire,KDT_HUD
106216474,public-order,2022-11,53.646644,-1.782083,On or near Market Place,Local resolution,west-yorkshire,KDT_HUD
106210027,public-order,2022-11,53.648854,-1.781042,On or near Northumberland Street,Investigation complete; no suspect identified,west-yorkshire,KDT_HUD
106214422,public-order,2022-11,53.634913,-1.749008,On or near Brickbank,Investigation complete; no suspect identified,west-yorkshire,KDT_HUD
106217996,public-order,2022-11,53.645340,-1.786642,On or near ,Unable to prosecute suspect,west-yorkshire,KDT_HUD
106214111,public-order,2022-11,53.640110,-1.745408,On or near Fernside Avenue,Unable to prosecute suspect,west-yorkshire,KDT_HUD
106199412,public-order,2022-11,53.654373,-1.753764,On or near St James Way,Investigation complete; no suspect identified,west-yorkshire,KDT_HUD
106224428,public-order,2022-11,53.644390,-1.783138,On or near Ramsden Street,Unable to prosecute suspect,west-yorkshire,KDT_HUD
106209971,public-order,2022-11,53.635154,-1.748160,On or near Hudroyd,Unable to prosecute suspect,west-yorkshire,KDT_HUD
106199249,public-order,2022-11,53.645886,-1.785218,On or near ,Unable to prosecute suspect,west-yorkshire,KDT_HUD
106205756,public-order,2022-11,53.646644,-1.782083,On or near Market Place,Investigation complete; no suspect identified,west-yorkshire,KDT_HUD
106221321,public-order,2022-11,53.646531,-1.784019,On or near Brooks Yard,Unable to prosecute suspect,west-yorkshire,KDT_HUD
106201562,public-order,2022-11,53.646644,-1.782083,On or near Market Place,Unable to prosecute suspect,west-yorkshire,KDT_HUD
106211083,public-order,2022-11,53.629832,-1.770314,On or near Fanny Moor Crescent,Unable to prosecute suspect,west-yorkshire,KDT_HUD
106213690,public-order,2022-11,53.646628,-1.783005,On or near Chancery Close,Investigation complete; no suspect identified,west-yorkshire,KDT_HUD
106205538,public-order,2022-11,53.644814,-1.779036,On or near Zetland Street,Investigation complete; no suspect identified,west-yorkshire,KDT_HUD
106208992,public-order,2022-11,53.644390,-1.783138,On or near Ramsden Street,Investigation complete; no suspect identified,west-yorkshire,KDT_HUD
106216446,public-order,2022-11,53.645499,-1.784630,On or near Market Street,Investigation complete; no suspect identified,west-yorkshire,KDT_HUD
106217444,public-order,2022-11,53.651003,-1.762861,On or near Dalton Fold Road,Unable to prosecute suspect,west-yorkshire,KDT_HUD
106213362,public-order,2022-11,53.645467,-1.786823,On or near Huddersfield Bus Station,Court result unavailable,west-yorkshire,KDT_HUD
106201289,public-order,2022-11,53.657069,-1.762041,On or near Bradley Mills Road,Unable to prosecute suspect,west-yorkshire,KDT_HUD
106217867,public-order,2022-11,53.645340,-1.786642,On or near ,Unable to prosecute suspect,west-yorkshire,KDT_HUD
106217471,public-order,2022-11,53.648123,-1.779412,On or near Tomlinson's Yard,Unable to prosecute suspect,west-yorkshire,KDT_HUD
106205343,public-order,2022-11,53.641982,-1.783165,On or near Chapel Street,Investigation complete; no suspect identified,west-yorkshire,KDT_HUD
106225970,public-order,2022-11,53.646665,-1.788784,On or near Back Greenhead Road,Unable to prosecute suspect,west-yorkshire,KDT_HUD
106211934,public-order,2022-11,53.640541,-1.758609,On or near Bancroft Avenue,Unable to prosecute suspect,west-yorkshire,KDT_HUD
106200126,public-order,2022-11,53.645340,-1.786642,On or near ,Investigation complete; no suspect identified,west-yorkshire,KDT_HUD
106213258,public-order,2022-11,53.651744,-1.755928,On or near Dalton Clowes,Unable to prosecute suspect,west-yorkshire,KDT_HUD
106216877,public-order,2022-11,53.644814,-1.779036,On or near Zetland Street,Investigation complete; no suspect identified,west-yorkshire,KDT_HUD
106206559,public-order,2022-11,53.647525,-1.782018,On or near Church Street,Unable to prosecute suspect,west-yorkshire,KDT_HUD
106219352,public-order,2022-11,53.639516,-1.786430,On or near Folly Hall,Unable to prosecute suspect,west-yorkshire,KDT_HUD
106204052,public-order,2022-11,53.645340,-1.786642,On or near ,Unable to prosecute suspect,west-yorkshire,KDT_HUD
106203048,public-order,2022-11,53.644995,-1.751792,On or near Wakefield Road,Unable to prosecute suspect,west-yorkshire,KDT_HUD
106201163,public-order,2022-11,53.645340,-1.786642,On or near ,Investigation complete; no suspect identified,west-yorkshire,KDT_HUD
106220589,public-order,2022-11,53.649855,-1.746272,On or near Tolson Crescent,Investigation complete; no suspect identified,west-yorkshire,KDT_HUD
106202782,public-order,2022-11,53.656742,-1.755899,On or near Nether Close,Unable to prosecute suspect,west-yorkshire,KDT_HUD
106203366,public-order,2022-11,53.646571,-1.786455,On or near Henry Street,Investigation complete; no suspect identified,west-yorkshire,KDT_HUD
106199094,public-order,2022-11,53.648545,-1.784448,On or near Huddersfield,Investigation complete; no suspect identified,west-yorkshire,KDT_HUD
106203395,public-order,2022-11,53.647359,-1.751839,On or near Grosvenor Road,Investigation complete; no suspect identified,west-yorkshire,KDT_HUD
106203860,public-order,2022-11,53.651071,-1.784753,On or near ,Court result unavailable,west-yorkshire,KDT_HUD
106208887,public-order,2022-11,53.646644,-1.782083,On or near Market Place,Unable to prosecute suspect,west-yorkshire,KDT_HUD
106204899,public-order,2022-11,53.641966,-1.751901,On or near Hallas Grove,Investigation complete; no suspect identified,west-yorkshire,KDT_HUD
106205062,public-order,2022-11,53.646628,-1.783005,On or near Chancery Close,Investigation complete; no suspect identified,west-yorkshire,KDT_HUD
106209684,public-order,2022-11,53.648534,-1.782965,On or near John William Street,Investigation complete; no suspect identified,west-yorkshire,KDT_HUD
106201932,public-order,2022-11,53.649253,-1.755216,On or near Dalton Grove,Investigation complete; no suspect identified,west-yorkshire,KDT_HUD
106200269,public-order,2022-11,53.651737,-1.756715,On or near Ridgeway Close,Investigation complete; no suspect identified,west-yorkshire,KDT_HUD
106222594,public-order,2022-11,53.643586,-1.757518,On or near Belton Street,Status update unavailable,west-yorkshire,KDT_HUD
106206684,public-order,2022-11,53.648534,-1.782965,On or near John William Street,Unable to prosecute suspect,west-yorkshire,KDT_HUD
106206704,public-order,2022-11,53.649855,-1.746272,On or near Tolson Crescent,Investigation complete; no suspect identified,west-yorkshire,KDT_HUD
106207112,public-order,2022-11,53.648854,-1.781042,On or near Northumberland Street,Investigation complete; no suspect identified,west-yorkshire,KDT_HUD
106203560,public-order,2022-11,53.637261,-1.758794,On or near Foxglove Road,Investigation complete; no suspect identified,west-yorkshire,KDT_HUD
106217625,public-order,2022-11,53.646644,-1.782083,On or near Market Place,Unable to prosecute suspect,west-yorkshire,KDT_HUD
106224823,public-order,2022-11,53.643761,-1.785590,On or near ,Unable to prosecute suspect,west-yorkshire,KDT_HUD
106208906,public-order,2022-11,53.644390,-1.783138,On or near Ramsden Street,Unable to prosecute suspect,west-yorkshire,KDT_HUD
106217787,public-order,2022-11,53.643267,-1.773796,On or near Colne Street,Unable to prosecute suspect,west-yorkshire,KDT_HUD
106204895,public-order,2022-11,53.645518,-1.766220,On or near Hampshire Street,Investigation complete; no suspect identified,west-yorkshire,KDT_HUD
106218884,public-order,2022-11,53.634688,-1.748873,On or near ,Unable to prosecute suspect,west-yorkshire,KDT_HUD
106199882,public-order,2022-11,53.646722,-1.785138,On or near Half Moon Street,Investigation complete; no suspect identified,west-yorkshire,KDT_HUD
106207024,public-order,2022-11,53.633401,-1.774998,On or near Ashenhurst Road,Unable to prosecute suspect,west-yorkshire,KDT_HUD
106207215,public-order,2022-11,53.641949,-1.748316,On or near Coach House Drive,Investigation complete; no suspect identified,west-yorkshire,KDT_HUD
106225718,public-order,2022-11,53.656742,-1.755899,On or near Nether Close,Unable to prosecute suspect,west-yorkshire,KDT_HUD
106208988,robbery,2022-11,53.643745,-1.783898,On or near ,Court result unavailable,west-yorkshire,KDT_HUD
106208804,robbery,2022-11,53.645973,-1.764281,On or near Church Lane,Investigation complete; no suspect identified,west-yorkshire,KDT_HUD
106211192,robbery,2022-11,53.643070,-1.746781,On or near Oaklands Drive,Investigation complete; no suspect identified,west-yorkshire,KDT_HUD
106219711,robbery,2022-11,53.646644,-1.782083,On or near Market Place,Unable to prosecute suspect,west-yorkshire,KDT_HUD
106221094,shoplifting,2022-11,53.645886,-1.785218,On or near ,Court result unavailable,west-yorkshire,KDT_HUD
106222890,shoplifting,2022-11,53.650294,-1.782442,On or near ,Court result unavailable,west-yorkshire,KDT_HUD
106217877,shoplifting,2022-11,53.645575,-1.762968,On or near Batley Street,Court result unavailable,west-yorkshire,KDT_HUD
106211262,shoplifting,2022-11,53.656749,-1.768473,On or near Bradley Mills Lane,Investigation complete; no suspect identified,west-yorkshire,KDT_HUD
106224574,shoplifting,2022-11,53.634688,-1.748873,On or near Supermarket,Unable to prosecute suspect,west-yorkshire,KDT_HUD
106205733,shoplifting,2022-11,53.646644,-1.782083,On or near Market Place,Investigation complete; no suspect identified,west-yorkshire,KDT_HUD
106205757,shoplifting,2022-11,53.646644,-1.782083,On or near Market Place,Investigation complete; no suspect identified,west-yorkshire,KDT_HUD
106222364,shoplifting,2022-11,53.646201,-1.780663,On or near Cross Church Street,Unable to prosecute suspect,west-yorkshire,KDT_HUD
106210488,shoplifting,2022-11,53.650654,-1.782395,On or near ,Unable to prosecute suspect,west-yorkshire,KDT_HUD
106209089,shoplifting,2022-11,53.646644,-1.782083,On or near Market Place,Court result unavailable,west-yorkshire,KDT_HUD
106208972,shoplifting,2022-11,53.643853,-1.784048,On or near ,Unable to prosecute suspect,west-yorkshire,KDT_HUD
106207083,shoplifting,2022-11,53.656749,-1.768473,On or near Bradley Mills Lane,Investigation complete; no suspect identified,west-yorkshire,KDT_HUD
106220846,shoplifting,2022-11,53.645802,-1.778532,On or near ,Status update unavailable,west-yorkshire,KDT_HUD
106199065,shoplifting,2022-11,53.650294,-1.782442,On or near ,Unable to prosecute suspect,west-yorkshire,KDT_HUD
106202547,shoplifting,2022-11,53.656749,-1.768473,On or near Bradley Mills Lane,Investigation complete; no suspect identified,west-yorkshire,KDT_HUD
106210636,shoplifting,2022-11,53.651540,-1.775779,On or near Gasworks Street,Unable to prosecute suspect,west-yorkshire,KDT_HUD
106215906,shoplifting,2022-11,53.650294,-1.782442,On or near ,Unable to prosecute suspect,west-yorkshire,KDT_HUD
106224157,shoplifting,2022-11,53.642489,-1.785311,On or near ,Unable to prosecute suspect,west-yorkshire,KDT_HUD
106208598,shoplifting,2022-11,53.646722,-1.785138,On or near Half Moon Street,Local resolution,west-yorkshire,KDT_HUD
106208086,shoplifting,2022-11,53.634688,-1.748873,On or near ,Court result unavailable,west-yorkshire,KDT_HUD
106211656,shoplifting,2022-11,53.645725,-1.759645,On or near ,Investigation complete; no suspect identified,west-yorkshire,KDT_HUD
106214738,shoplifting,2022-11,53.645802,-1.778532,On or near ,Investigation complete; no suspect identified,west-yorkshire,KDT_HUD
106201699,shoplifting,2022-11,53.652428,-1.779405,On or near Great Northern Street,Court result unavailable,west-yorkshire,KDT_HUD
106215153,shoplifting,2022-11,53.634688,-1.748873,On or near ,Investigation complete; no suspect identified,west-yorkshire,KDT_HUD
106221559,shoplifting,2022-11,53.653350,-1.778090,On or near ,Investigation complete; no suspect identified,west-yorkshire,KDT_HUD
106215708,shoplifting,2022-11,53.656749,-1.768473,On or near Bradley Mills Lane,Unable to prosecute suspect,west-yorkshire,KDT_HUD
106205408,shoplifting,2022-11,53.656749,-1.768473,On or near Bradley Mills Lane,Court result unavailable,west-yorkshire,KDT_HUD
106198868,shoplifting,2022-11,53.646644,-1.782083,On or near Market Place,Court result unavailable,west-yorkshire,KDT_HUD
106200047,shoplifting,2022-11,53.651258,-1.778851,On or near Lower Fitzwilliam Street,Investigation complete; no suspect identified,west-yorkshire,KDT_HUD
106200637,shoplifting,2022-11,53.656749,-1.768473,On or near Bradley Mills Lane,Investigation complete; no suspect identified,west-yorkshire,KDT_HUD
106203510,shoplifting,2022-11,53.646201,-1.780663,On or near Cross Church Street,Local resolution,west-yorkshire,KDT_HUD
106208743,shoplifting,2022-11,53.656749,-1.768473,On or near Bradley Mills Lane,Court result unavailable,west-yorkshire,KDT_HUD
106204976,shoplifting,2022-11,53.656749,-1.768473,On or near Bradley Mills Lane,Court result unavailable,west-yorkshire,KDT_HUD
106205159,shoplifting,2022-11,53.653350,-1.778090,On or near ,Investigation complete; no suspect identified,west-yorkshire,KDT_HUD
106212290,shoplifting,2022-11,53.643260,-1.784339,On or near ,Court result unavailable,west-yorkshire,KDT_HUD
106212882,shoplifting,2022-11,53.645886,-1.785218,On or near ,Unable to prosecute suspect,west-yorkshire,KDT_HUD
106213159,shoplifting,2022-11,53.656749,-1.768473,On or near Bradley Mills Lane,Investigation complete; no suspect identified,west-yorkshire,KDT_HUD
106214059,shoplifting,2022-11,53.650294,-1.782442,On or near ,Court result unavailable,west-yorkshire,KDT_HUD
106214246,shoplifting,2022-11,53.650294,-1.782442,On or near ,Investigation complete; no suspect identified,west-yorkshire,KDT_HUD
106198995,shoplifting,2022-11,53.650089,-1.746770,On or near Nursery Lodge Court,Investigation complete; no suspect identified,west-yorkshire,KDT_HUD
106202537,shoplifting,2022-11,53.645725,-1.759645,On or near ,Investigation complete; no suspect identified,west-yorkshire,KDT_HUD
106214892,shoplifting,2022-11,53.653350,-1.778090,On or near ,Unable to prosecute suspect,west-yorkshire,KDT_HUD
106215704,theft-from-the-person,2022-11,53.645802,-1.778532,On or near ,Investigation complete; no suspect identified,west-yorkshire,KDT_HUD
106218890,theft-from-the-person,2022-11,53.647525,-1.782018,On or near Church Street,Investigation complete; no suspect identified,west-yorkshire,KDT_HUD
106220121,theft-from-the-person,2022-11,53.644539,-1.785603,On or near ,Investigation complete; no suspect identified,west-yorkshire,KDT_HUD
106199911,theft-from-the-person,2022-11,53.646201,-1.780663,On or near Cross Church Street,Investigation complete; no suspect identified,west-yorkshire,KDT_HUD
106202759,theft-from-the-person,2022-11,53.646201,-1.780663,On or near Cross Church Street,Investigation complete; no suspect identified,west-yorkshire,KDT_HUD
106199406,theft-from-the-person,2022-11,53.643260,-1.784339,On or near ,Investigation complete; no suspect identified,west-yorkshire,KDT_HUD
106199896,theft-from-the-person,2022-11,53.646644,-1.782083,On or near Market Place,Investigation complete; no suspect identified,west-yorkshire,KDT_HUD
106199519,theft-from-the-person,2022-11,53.643853,-1.784048,On or near ,Investigation complete; no suspect identified,west-yorkshire,KDT_HUD
106220925,theft-from-the-person,2022-11,53.646201,-1.780663,On or near Cross Church Street,Investigation complete; no suspect identified,west-yorkshire,KDT_HUD
106208948,theft-from-the-person,2022-11,53.648545,-1.784448,On or near Huddersfield,Investigation complete; no suspect identified,west-yorkshire,KDT_HUD
106218020,theft-from-the-person,2022-11,53.646556,-1.777580,On or near ,Investigation complete; no suspect identified,west-yorkshire,KDT_HUD
106222521,theft-from-the-person,2022-11,53.636632,-1.782558,On or near Primrose Street,Investigation complete; no suspect identified,west-yorkshire,KDT_HUD
106212207,theft-from-the-person,2022-11,53.648545,-1.784448,On or near Huddersfield,Investigation complete; no suspect identified,west-yorkshire,KDT_HUD
106205659,theft-from-the-person,2022-11,53.643260,-1.784339,On or near ,Investigation complete; no suspect identified,west-yorkshire,KDT_HUD
106203375,theft-from-the-person,2022-11,53.646159,-1.779032,On or near ,Investigation complete; no suspect identified,west-yorkshire,KDT_HUD
106217645,theft-from-the-person,2022-11,53.646954,-1.779403,On or near ,Unable to prosecute suspect,west-yorkshire,KDT_HUD
106221037,theft-from-the-person,2022-11,53.643853,-1.784048,On or near ,Investigation complete; no suspect identified,west-yorkshire,KDT_HUD
106210349,vehicle-crime,2022-11,53.640440,-1.775596,On or near Kings Mill Lane,Investigation complete; no suspect identified,west-yorkshire,KDT_HUD
106199212,vehicle-crime,2022-11,53.644390,-1.783138,On or near Ramsden Street,Investigation complete; no suspect identified,west-yorkshire,KDT_HUD
106201364,vehicle-crime,2022-11,53.649228,-1.756170,On or near Long Grove Avenue,Investigation complete; no suspect identified,west-yorkshire,KDT_HUD
106199036,vehicle-crime,2022-11,53.643260,-1.784339,On or near ,Investigation complete; no suspect identified,west-yorkshire,KDT_HUD
106208501,vehicle-crime,2022-11,53.629735,-1.766277,On or near Longley Lane,Unable to prosecute suspect,west-yorkshire,KDT_HUD
106204262,vehicle-crime,2022-11,53.652862,-1.757389,On or near Rawthorpe Lane,Investigation complete; no suspect identified,west-yorkshire,KDT_HUD
106205306,vehicle-crime,2022-11,53.646159,-1.779032,On or near ,Investigation complete; no suspect identified,west-yorkshire,KDT_HUD
106215209,vehicle-crime,2022-11,53.637192,-1.784007,On or near Orchard Street,Investigation complete; no suspect identified,west-yorkshire,KDT_HUD
106210115,vehicle-crime,2022-11,53.635847,-1.752995,On or near Waste Lane,Investigation complete; no suspect identified,west-yorkshire,KDT_HUD
106216599,vehicle-crime,2022-11,53.637397,-1.777880,On or near Moss Street,Investigation complete; no suspect identified,west-yorkshire,KDT_HUD
106201893,vehicle-crime,2022-11,53.651560,-1.745339,On or near Alton Avenue,Investigation complete; no suspect identified,west-yorkshire,KDT_HUD
106209002,vehicle-crime,2022-11,53.640616,-1.778453,On or near Commercial Street,Investigation complete; no suspect identified,west-yorkshire,KDT_HUD
106225858,vehicle-crime,2022-11,53.641615,-1.743417,On or near Fernside Crescent,Unable to prosecute suspect,west-yorkshire,KDT_HUD
106200443,vehicle-crime,2022-11,53.648329,-1.760305,On or near West Grove Avenue,Investigation complete; no suspect identified,west-yorkshire,KDT_HUD
106219156,vehicle-crime,2022-11,53.637465,-1.785820,On or near Queens Mill Road,Status update unavailable,west-yorkshire,KDT_HUD
106207619,vehicle-crime,2022-11,53.646531,-1.784019,On or near Brooks Yard,Unable to prosecute suspect,west-yorkshire,KDT_HUD
106213699,vehicle-crime,2022-11,53.639516,-1.786430,On or near Folly Hall,Investigation complete; no suspect identified,west-yorkshire,KDT_HUD
106203289,vehicle-crime,2022-11,53.643663,-1.778729,On or near ,Investigation complete; no suspect identified,west-yorkshire,KDT_HUD
106204704,vehicle-crime,2022-11,53.644571,-1.778614,On or near Rice Street,Investigation complete; no suspect identified,west-yorkshire,KDT_HUD
106217278,vehicle-crime,2022-11,53.645174,-1.764982,On or near Redwood Grove,Investigation complete; no suspect identified,west-yorkshire,KDT_HUD
106214122,vehicle-crime,2022-11,53.640110,-1.745408,On or near Fernside Avenue,Unable to prosecute suspect,west-yorkshire,KDT_HUD
106223009,violent-crime,2022-11,53.653350,-1.778090,On or near ,Unable to prosecute suspect,west-yorkshire,KDT_HUD
106217043,violent-crime,2022-11,53.636746,-1.744369,On or near Hulbert Croft,Unable to prosecute suspect,west-yorkshire,KDT_HUD
106222199,violent-crime,2022-11,53.635451,-1.757020,On or near Benomley Crescent,Unable to prosecute suspect,west-yorkshire,KDT_HUD
106217780,violent-crime,2022-11,53.651560,-1.745339,On or near Alton Avenue,Unable to prosecute suspect,west-yorkshire,KDT_HUD
106218578,violent-crime,2022-11,53.629832,-1.770314,On or near Fanny Moor Crescent,Unable to prosecute suspect,west-yorkshire,KDT_HUD
106218659,violent-crime,2022-11,53.651737,-1.756715,On or near Ridgeway Close,Unable to prosecute suspect,west-yorkshire,KDT_HUD
106223889,violent-crime,2022-11,53.648123,-1.779412,On or near Tomlinson's Yard,Unable to prosecute suspect,west-yorkshire,KDT_HUD
106216565,violent-crime,2022-11,53.651560,-1.745339,On or near Alton Avenue,Unable to prosecute suspect,west-yorkshire,KDT_HUD
106212373,violent-crime,2022-11,53.648068,-1.755949,On or near Dyson Street,Unable to prosecute suspect,west-yorkshire,KDT_HUD
106219560,violent-crime,2022-11,53.653046,-1.764091,On or near Edge Hill Close,Unable to prosecute suspect,west-yorkshire,KDT_HUD
106203883,violent-crime,2022-11,53.653350,-1.778090,On or near ,Investigation complete; no suspect identified,west-yorkshire,KDT_HUD
106202453,violent-crime,2022-11,53.656749,-1.768473,On or near Bradley Mills Lane,Unable to prosecute suspect,west-yorkshire,KDT_HUD
106202986,violent-crime,2022-11,53.651003,-1.762861,On or near Dalton Fold Road,Investigation complete; no suspect identified,west-yorkshire,KDT_HUD
106206819,violent-crime,2022-11,53.645575,-1.762968,On or near Batley Street,Investigation complete; no suspect identified,west-yorkshire,KDT_HUD
106207412,violent-crime,2022-11,53.655170,-1.760856,On or near Brown Royd Avenue,Unable to prosecute suspect,west-yorkshire,KDT_HUD
106219290,violent-crime,2022-11,53.651744,-1.755928,On or near Dalton Clowes,Unable to prosecute suspect,west-yorkshire,KDT_HUD
106221045,violent-crime,2022-11,53.645340,-1.786642,On or near ,Unable to prosecute suspect,west-yorkshire,KDT_HUD
106211137,violent-crime,2022-11,53.635684,-1.785012,On or near Perseverance Street,Unable to prosecute suspect,west-yorkshire,KDT_HUD
106217436,violent-crime,2022-11,53.643761,-1.785590,On or near Police Station,Court result unavailable,west-yorkshire,KDT_HUD
106218236,violent-crime,2022-11,53.629735,-1.766277,On or near Longley Lane,Unable to prosecute suspect,west-yorkshire,KDT_HUD
106222385,violent-crime,2022-11,53.646201,-1.780663,On or near Cross Church Street,Unable to prosecute suspect,west-yorkshire,KDT_HUD
106222512,violent-crime,2022-11,53.654370,-1.774690,On or near Thistle Street,Unable to prosecute suspect,west-yorkshire,KDT_HUD
106222703,violent-crime,2022-11,53.647373,-1.783114,On or near ,Court result unavailable,west-yorkshire,KDT_HUD
106221898,violent-crime,2022-11,53.632382,-1.773521,On or near Ashenhurst Avenue,Court result unavailable,west-yorkshire,KDT_HUD
106224816,violent-crime,2022-11,53.640616,-1.778453,On or near Commercial Street,Unable to prosecute suspect,west-yorkshire,KDT_HUD
106200523,violent-crime,2022-11,53.648109,-1.781697,On or near Byram Street,Unable to prosecute suspect,west-yorkshire,KDT_HUD
106215049,violent-crime,2022-11,53.651737,-1.756715,On or near Ridgeway Close,Unable to prosecute suspect,west-yorkshire,KDT_HUD
106220926,violent-crime,2022-11,53.646717,-1.750360,On or near Marlow Close,Unable to prosecute suspect,west-yorkshire,KDT_HUD
106220970,violent-crime,2022-11,53.636842,-1.751628,On or near Lisa Head Way,Unable to prosecute suspect,west-yorkshire,KDT_HUD
106221330,violent-crime,2022-11,53.635463,-1.745436,On or near Farfield Road,Unable to prosecute suspect,west-yorkshire,KDT_HUD
106221339,violent-crime,2022-11,53.656402,-1.757051,On or near Nether Crescent,Unable to prosecute suspect,west-yorkshire,KDT_HUD
106221432,violent-crime,2022-11,53.632384,-1.774640,On or near Roger Lane,Unable to prosecute suspect,west-yorkshire,KDT_HUD
106208428,violent-crime,2022-11,53.635684,-1.785012,On or near Perseverance Street,Unable to prosecute suspect,west-yorkshire,KDT_HUD
106203621,violent-crime,2022-11,53.648068,-1.783709,On or near St George's Square,Status update unavailable,west-yorkshire,KDT_HUD
106203622,violent-crime,2022-11,53.636746,-1.744369,On or near Hulbert Croft,Unable to prosecute suspect,west-yorkshire,KDT_HUD
106203641,violent-crime,2022-11,53.653669,-1.752135,On or near Cross Fields,Unable to prosecute suspect,west-yorkshire,KDT_HUD
106203952,violent-crime,2022-11,53.653818,-1.754797,On or near Heys View,Unable to prosecute suspect,west-yorkshire,KDT_HUD
106201308,violent-crime,2022-11,53.641716,-1.785436,On or near Dale Street,Unable to prosecute suspect,west-yorkshire,KDT_HUD
106201323,violent-crime,2022-11,53.638099,-1.747664,On or near ,Investigation complete; no suspect identified,west-yorkshire,KDT_HUD
106201802,violent-crime,2022-11,53.650328,-1.762245,On or near Haighs Square,Investigation complete; no suspect identified,west-yorkshire,KDT_HUD
106213993,violent-crime,2022-11,53.645886,-1.785218,On or near ,Unable to prosecute suspect,west-yorkshire,KDT_HUD
106202664,violent-crime,2022-11,53.629481,-1.769787,On or near Fanny Moor Lane,Unable to prosecute suspect,west-yorkshire,KDT_HUD
106198884,violent-crime,2022-11,53.643745,-1.783898,On or near ,Court result unavailable,west-yorkshire,KDT_HUD
106204629,violent-crime,2022-11,53.642577,-1.774556,On or near Day Street,Investigation complete; no suspect identified,west-yorkshire,KDT_HUD
106204888,violent-crime,2022-11,53.635154,-1.748160,On or near Hudroyd,Unable to prosecute suspect,west-yorkshire,KDT_HUD
106205091,violent-crime,2022-11,53.645886,-1.785218,On or near ,Investigation complete; no suspect identified,west-yorkshire,KDT_HUD
106206340,violent-crime,2022-11,53.651986,-1.764490,On or near Heathergrove Fold,Investigation complete; no suspect identified,west-yorkshire,KDT_HUD
106206569,violent-crime,2022-11,53.647428,-1.782941,On or near ,Investigation complete; no suspect identified,west-yorkshire,KDT_HUD
106206573,violent-crime,2022-11,53.647428,-1.782941,On or near ,Investigation complete; no suspect identified,west-yorkshire,KDT_HUD
106206578,violent-crime,2022-11,53.651071,-1.784753,On or near ,Investigation complete; no suspect identified,west-yorkshire,KDT_HUD
106220326,violent-crime,2022-11,53.656402,-1.757051,On or near Nether Crescent,Unable to prosecute suspect,west-yorkshire,KDT_HUD
106207221,violent-crime,2022-11,53.649473,-1.780797,On or near Friendly Street,Unable to prosecute suspect,west-yorkshire,KDT_HUD
106207410,violent-crime,2022-11,53.655170,-1.760856,On or near Brown Royd Avenue,Unable to prosecute suspect,west-yorkshire,KDT_HUD
106222010,violent-crime,2022-11,53.639516,-1.786430,On or near Folly Hall,Unable to prosecute suspect,west-yorkshire,KDT_HUD
106207988,violent-crime,2022-11,53.645340,-1.786642,On or near ,Unable to prosecute suspect,west-yorkshire,KDT_HUD
106208321,violent-crime,2022-11,53.641716,-1.785436,On or near Dale Street,Unable to prosecute suspect,west-yorkshire,KDT_HUD
106226312,violent-crime,2022-11,53.645499,-1.784630,On or near Market Street,Unable to prosecute suspect,west-yorkshire,KDT_HUD
106218557,violent-crime,2022-11,53.629832,-1.770314,On or near Fanny Moor Crescent,Unable to prosecute suspect,west-yorkshire,KDT_HUD
106219849,violent-crime,2022-11,53.633295,-1.776405,On or near Tunnacliffe Road,Status update unavailable,west-yorkshire,KDT_HUD
106219881,violent-crime,2022-11,53.646644,-1.782083,On or near Market Place,Unable to prosecute suspect,west-yorkshire,KDT_HUD
106220223,violent-crime,2022-11,53.647097,-1.774123,On or near ,Unable to prosecute suspect,west-yorkshire,KDT_HUD
106220283,violent-crime,2022-11,53.645499,-1.784630,On or near Market Street,Investigation complete; no suspect identified,west-yorkshire,KDT_HUD
106216058,violent-crime,2022-11,53.651737,-1.756715,On or near Ridgeway Close,Local resolution,west-yorkshire,KDT_HUD
106216128,violent-crime,2022-11,53.646201,-1.780663,On or near Cross Church Street,Unable to prosecute suspect,west-yorkshire,KDT_HUD
106216664,violent-crime,2022-11,53.656090,-1.771911,On or near Town Place,Unable to prosecute suspect,west-yorkshire,KDT_HUD
106221683,violent-crime,2022-11,53.645176,-1.775555,On or near Aspley Place,Investigation complete; no suspect identified,west-yorkshire,KDT_HUD
106214421,violent-crime,2022-11,53.646644,-1.782083,On or near Market Place,Unable to prosecute suspect,west-yorkshire,KDT_HUD
106208643,violent-crime,2022-11,53.646628,-1.783005,On or near Chancery Close,Unable to prosecute suspect,west-yorkshire,KDT_HUD
106218213,violent-crime,2022-11,53.647964,-1.753272,On or near Walton Croft,Unable to prosecute suspect,west-yorkshire,KDT_HUD
106211876,violent-crime,2022-11,53.649129,-1.751859,On or near Standiforth Lane,Status update unavailable,west-yorkshire,KDT_HUD
106223932,violent-crime,2022-11,53.646201,-1.780663,On or near Cross Church Street,Offender given a caution,west-yorkshire,KDT_HUD
106212645,violent-crime,2022-11,53.632854,-1.748567,On or near Wormald Street,Status update unavailable,west-yorkshire,KDT_HUD
106213007,violent-crime,2022-11,53.641615,-1.743417,On or near Fernside Crescent,Unable to prosecute suspect,west-yorkshire,KDT_HUD
106213584,violent-crime,2022-11,53.638503,-1.778162,On or near Permain Court,Unable to prosecute suspect,west-yorkshire,KDT_HUD
106213664,violent-crime,2022-11,53.634135,-1.764166,On or near Hey Lane,Unable to prosecute suspect,west-yorkshire,KDT_HUD
106213691,violent-crime,2022-11,53.637055,-1.763469,On or near Longley Road,Status update unavailable,west-yorkshire,KDT_HUD
106213710,violent-crime,2022-11,53.637055,-1.763469,On or near Longley Road,Status update unavailable,west-yorkshire,KDT_HUD
106214047,violent-crime,2022-11,53.651003,-1.762861,On or near Dalton Fold Road,Unable to prosecute suspect,west-yorkshire,KDT_HUD
106214123,violent-crime,2022-11,53.632384,-1.774640,On or near Roger Lane,Unable to prosecute suspect,west-yorkshire,KDT_HUD
106214702,violent-crime,2022-11,53.644571,-1.778614,On or near Rice Street,Unable to prosecute suspect,west-yorkshire,KDT_HUD
106214876,violent-crime,2022-11,53.644760,-1.759962,On or near Green Mount Close,Investigation complete; no suspect identified,west-yorkshire,KDT_HUD
106218688,violent-crime,2022-11,53.646717,-1.750360,On or near Marlow Close,Unable to prosecute suspect,west-yorkshire,KDT_HUD
106209563,violent-crime,2022-11,53.650294,-1.782442,On or near ,Unable to prosecute suspect,west-yorkshire,KDT_HUD
106209644,violent-crime,2022-11,53.640291,-1.768155,On or near Dog Kennel Bank,Unable to prosecute suspect,west-yorkshire,KDT_HUD
106209798,violent-crime,2022-11,53.651003,-1.762861,On or near Dalton Fold Road,Unable to prosecute suspect,west-yorkshire,KDT_HUD
106211993,violent-crime,2022-11,53.657008,-1.772693,On or near Fieldhouse Road,Unable to prosecute suspect,west-yorkshire,KDT_HUD
106211020,violent-crime,2022-11,53.648621,-1.753707,On or near Sunbury Grove,Unable to prosecute suspect,west-yorkshire,KDT_HUD
106217211,violent-crime,2022-11,53.643761,-1.785590,On or near ,Court result unavailable,west-yorkshire,KDT_HUD
106217265,violent-crime,2022-11,53.649852,-1.781249,On or near ,Investigation complete; no suspect identified,west-yorkshire,KDT_HUD
106217271,violent-crime,2022-11,53.652753,-1.752533,On or near Harpe Inge,Unable to prosecute suspect,west-yorkshire,KDT_HUD
106217441,violent-crime,2022-11,53.646201,-1.780663,On or near Cross Church Street,Status update unavailable,west-yorkshire,KDT_HUD
106217463,violent-crime,2022-11,53.644390,-1.783138,On or near Ramsden Street,Unable to prosecute suspect,west-yorkshire,KDT_HUD
106217538,violent-crime,2022-11,53.646859,-1.753869,On or near Henley Croft,Unable to prosecute suspect,west-yorkshire,KDT_HUD
106217571,violent-crime,2022-11,53.646201,-1.780663,On or near Cross Church Street,Unable to prosecute suspect,west-yorkshire,KDT_HUD
106217753,violent-crime,2022-11,53.643267,-1.773796,On or near Colne Street,Offender given a caution,west-yorkshire,KDT_HUD
106217854,violent-crime,2022-11,53.646201,-1.780663,On or near Cross Church Street,Investigation complete; no suspect identified,west-yorkshire,KDT_HUD
106218100,violent-crime,2022-11,53.649129,-1.751859,On or near Standiforth Lane,Unable to prosecute suspect,west-yorkshire,KDT_HUD
106225038,violent-crime,2022-11,53.643609,-1.788542,On or near ,Unable to prosecute suspect,west-yorkshire,KDT_HUD
106225280,violent-crime,2022-11,53.633799,-1.771517,On or near Longley Court,Unable to prosecute suspect,west-yorkshire,KDT_HUD
106225378,violent-crime,2022-11,53.654209,-1.768548,On or near Sports/recreation Area,Offender given a caution,west-yorkshire,KDT_HUD
106226056,violent-crime,2022-11,53.646717,-1.750360,On or near Marlow Close,Unable to prosecute suspect,west-yorkshire,KDT_HUD
106221968,violent-crime,2022-11,53.639516,-1.786430,On or near Folly Hall,Unable to prosecute suspect,west-yorkshire,KDT_HUD
106222002,violent-crime,2022-11,53.646954,-1.779403,On or near ,Court result unavailable,west-yorkshire,KDT_HUD
106222076,violent-crime,2022-11,53.637055,-1.763469,On or near Longley Road,Court result unavailable,west-yorkshire,KDT_HUD
106222247,violent-crime,2022-11,53.648621,-1.753707,On or near Sunbury Grove,Unable to prosecute suspect,west-yorkshire,KDT_HUD
106222478,violent-crime,2022-11,53.651744,-1.755928,On or near Dalton Clowes,Unable to prosecute suspect,west-yorkshire,KDT_HUD
106222543,violent-crime,2022-11,53.646998,-1.751553,On or near Eton Avenue,Unable to prosecute suspect,west-yorkshire,KDT_HUD
106222805,violent-crime,2022-11,53.637055,-1.763469,On or near Longley Road,Court result unavailable,west-yorkshire,KDT_HUD
106216022,violent-crime,2022-11,53.645886,-1.785218,On or near ,Investigation complete; no suspect identified,west-yorkshire,KDT_HUD
106223337,violent-crime,2022-11,53.646201,-1.780663,On or near Cross Church Street,Investigation complete; no suspect identified,west-yorkshire,KDT_HUD
106223374,violent-crime,2022-11,53.639306,-1.779640,On or near King's Bridge Road,Local resolution,west-yorkshire,KDT_HUD
106208958,violent-crime,2022-11,53.644390,-1.783138,On or near Ramsden Street,Investigation complete; no suspect identified,west-yorkshire,KDT_HUD
106206378,violent-crime,2022-11,53.646954,-1.779403,On or near ,Investigation complete; no suspect identified,west-yorkshire,KDT_HUD
106203900,violent-crime,2022-11,53.646159,-1.779032,On or near ,Investigation complete; no suspect identified,west-yorkshire,KDT_HUD
106203608,violent-crime,2022-11,53.648068,-1.783709,On or near St George's Square,Status update unavailable,west-yorkshire,KDT_HUD
106203069,violent-crime,2022-11,53.648854,-1.781042,On or near Northumberland Street,Investigation complete; no suspect identified,west-yorkshire,KDT_HUD
106202521,violent-crime,2022-11,53.629481,-1.769787,On or near Fanny Moor Lane,Unable to prosecute suspect,west-yorkshire,KDT_HUD
106200693,violent-crime,2022-11,53.639516,-1.786430,On or near Folly Hall,Unable to prosecute suspect,west-yorkshire,KDT_HUD
124240790,violent-crime,2022-11,53.647649,-1.785073,Huddersfield (station),Status update unavailable,west-yorkshire,KDT_HUD
106216317,violent-crime,2022-11,53.648672,-1.780196,On or near Primitive Street,Investigation complete; no suspect identified,west-yorkshire,KDT_HUD
106219933,violent-crime,2022-11,53.633295,-1.776405,On or near Tunnacliffe Road,Unable to prosecute suspect,west-yorkshire,KDT_HUD
106221186,violent-crime,2022-11,53.646159,-1.779032,On or near ,Unable to prosecute suspect,west-yorkshire,KDT_HUD
106221357,violent-crime,2022-11,53.654209,-1.768548,On or near ,Unable to prosecute suspect,west-yorkshire,KDT_HUD
106210337,violent-crime,2022-11,53.646954,-1.779403,On or near ,Unable to prosecute suspect,west-yorkshire,KDT_HUD
106214841,violent-crime,2022-11,53.654373,-1.753764,On or near St James Way,Unable to prosecute suspect,west-yorkshire,KDT_HUD
106200373,violent-crime,2022-11,53.645340,-1.786642,On or near ,Unable to prosecute suspect,west-yorkshire,KDT_HUD
106204844,violent-crime,2022-11,53.646627,-1.750300,On or near Teddington Avenue,Unable to prosecute suspect,west-yorkshire,KDT_HUD
106206312,violent-crime,2022-11,53.633928,-1.750950,On or near Highlands Avenue,Unable to prosecute suspect,west-yorkshire,KDT_HUD
106207057,violent-crime,2022-11,53.653350,-1.778090,On or near ,Investigation complete; no suspect identified,west-yorkshire,KDT_HUD
106211097,violent-crime,2022-11,53.629481,-1.769787,On or near Fanny Moor Lane,Investigation complete; no suspect identified,west-yorkshire,KDT_HUD
106212510,violent-crime,2022-11,53.646998,-1.751553,On or near Eton Avenue,Unable to prosecute suspect,west-yorkshire,KDT_HUD
106213628,violent-crime,2022-11,53.643761,-1.785590,On or near ,Unable to prosecute suspect,west-yorkshire,KDT_HUD
106214802,violent-crime,2022-11,53.647359,-1.751839,On or near Grosvenor Road,Unable to prosecute suspect,west-yorkshire,KDT_HUD
106217357,violent-crime,2022-11,53.643988,-1.789296,On or near Spring Grove Street,Unable to prosecute suspect,west-yorkshire,KDT_HUD
106217863,violent-crime,2022-11,53.637192,-1.784007,On or near Orchard Street,Unable to prosecute suspect,west-yorkshire,KDT_HUD
106218384,violent-crime,2022-11,53.656402,-1.757051,On or near Nether Crescent,Local resolution,west-yorkshire,KDT_HUD
106215270,violent-crime,2022-11,53.631910,-1.775550,On or near Ashenhurst Rise,Unable to prosecute suspect,west-yorkshire,KDT_HUD
106215292,violent-crime,2022-11,53.645886,-1.785218,On or near ,Local resolution,west-yorkshire,KDT_HUD
106215342,violent-crime,2022-11,53.643761,-1.785590,On or near ,Status update unavailable,west-yorkshire,KDT_HUD
106216563,violent-crime,2022-11,53.652753,-1.752533,On or near Harpe Inge,Offender given a caution,west-yorkshire,KDT_HUD
106215565,violent-crime,2022-11,53.636519,-1.784222,On or near Armitage Street,Unable to prosecute suspect,west-yorkshire,KDT_HUD
106215692,violent-crime,2022-11,53.645940,-1.761619,On or near Broad Lane,Investigation complete; no suspect identified,west-yorkshire,KDT_HUD
106198650,violent-crime,2022-11,53.639516,-1.786430,On or near Folly Hall,Unable to prosecute suspect,west-yorkshire,KDT_HUD
106199422,violent-crime,2022-11,53.647324,-1.785210,On or near St Georges Street,Investigation complete; no suspect identified,west-yorkshire,KDT_HUD
106218870,violent-crime,2022-11,53.646644,-1.782083,On or near Market Place,Unable to prosecute suspect,west-yorkshire,KDT_HUD
106201036,violent-crime,2022-11,53.639306,-1.779640,On or near King's Bridge Road,Investigation complete; no suspect identified,west-yorkshire,KDT_HUD
106217474,violent-crime,2022-11,53.644644,-1.774378,On or near ,Investigation complete; no suspect identified,west-yorkshire,KDT_HUD
106203881,violent-crime,2022-11,53.655170,-1.760856,On or near Brown Royd Avenue,Unable to prosecute suspect,west-yorkshire,KDT_HUD
106204448,violent-crime,2022-11,53.646201,-1.780663,On or near Cross Church Street,Investigation complete; no suspect identified,west-yorkshire,KDT_HUD
106205384,violent-crime,2022-11,53.641615,-1.743417,On or near Fernside Crescent,Unable to prosecute suspect,west-yorkshire,KDT_HUD
106205523,violent-crime,2022-11,53.646644,-1.782083,On or near Market Place,Investigation complete; no suspect identified,west-yorkshire,KDT_HUD
106207367,violent-crime,2022-11,53.649551,-1.760071,On or near Longfield Close,Investigation complete; no suspect identified,west-yorkshire,KDT_HUD
106207394,violent-crime,2022-11,53.640110,-1.745408,On or near Fernside Avenue,Unable to prosecute suspect,west-yorkshire,KDT_HUD
106223178,violent-crime,2022-11,53.642577,-1.774556,On or near Day Street,Unable to prosecute suspect,west-yorkshire,KDT_HUD
106223400,violent-crime,2022-11,53.639306,-1.779640,On or near King's Bridge Road,Unable to prosecute suspect,west-yorkshire,KDT_HUD
106224545,violent-crime,2022-11,53.639187,-1.759903,On or near Somerset Road,Unable to prosecute suspect,west-yorkshire,KDT_HUD
106198887,violent-crime,2022-11,53.646201,-1.780663,On or near Cross Church Street,Court result unavailable,west-yorkshire,KDT_HUD
106206365,violent-crime,2022-11,53.646954,-1.779403,On or near ,Investigation complete; no suspect identified,west-yorkshire,KDT_HUD
106212547,violent-crime,2022-11,53.641615,-1.743417,On or near Fernside Crescent,Unable to prosecute suspect,west-yorkshire,KDT_HUD
106215142,violent-crime,2022-11,53.651177,-1.746551,On or near First Avenue,Investigation complete; no suspect identified,west-yorkshire,KDT_HUD
106215202,violent-crime,2022-11,53.651177,-1.746551,On or near First Avenue,Investigation complete; no suspect identified,west-yorkshire,KDT_HUD
106215480,violent-crime,2022-11,53.656749,-1.768473,On or near Bradley Mills Lane,Unable to prosecute suspect,west-yorkshire,KDT_HUD
106222546,violent-crime,2022-11,53.641716,-1.785436,On or near Dale Street,Unable to prosecute suspect,west-yorkshire,KDT_HUD
106216016,violent-crime,2022-11,53.648268,-1.744058,On or near Melrose Close,Unable to prosecute suspect,west-yorkshire,KDT_HUD
106209687,other-crime,2022-11,53.640291,-1.768155,On or near Dog Kennel Bank,Unable to prosecute suspect,west-yorkshire,KDT_HUD
106208258,other-crime,2022-11,53.641982,-1.783165,On or near Chapel Street,Unable to prosecute suspect,west-yorkshire,KDT_HUD
106199930,other-crime,2022-11,53.646954,-1.779403,On or near ,Investigation complete; no suspect identified,west-yorkshire,KDT_HUD
106216017,other-crime,2022-11,53.642743,-1.749824,On or near Greenhead Avenue,Unable to prosecute suspect,west-yorkshire,KDT_HUD
106220632,other-crime,2022-11,53.646201,-1.780663,On or near Cross Church Street,Unable to prosecute suspect,west-yorkshire,KDT_HUD
106204493,other-crime,2022-11,53.651678,-1.782102,On or near Oxford Street,Offender given a caution,west-yorkshire,KDT_HUD
106206728,other-crime,2022-11,53.646555,-1.787075,On or near ,Investigation complete; no suspect identified,west-yorkshire,KDT_HUD
106221737,other-crime,2022-11,53.643609,-1.788542,On or near ,Unable to prosecute suspect,west-yorkshire,KDT_HUD
106209192,other-crime,2022-11,53.643183,-1.762573,On or near Eastwood Street,Unable to prosecute suspect,west-yorkshire,KDT_HUD
106216173,other-crime,2022-11,53.648329,-1.760305,On or near West Grove Avenue,Unable to prosecute suspect,west-yorkshire,KDT_HUD
106209809,other-crime,2022-11,53.652753,-1.752533,On or near Harpe Inge,Unable to prosecute suspect,west-yorkshire,KDT_HUD
106211209,other-crime,2022-11,53.649129,-1.751859,On or near Standiforth Lane,Unable to prosecute suspect,west-yorkshire,KDT_HUD
106222062,other-crime,2022-11,53.645364,-1.785009,On or near Threadneedle Street,Status update unavailable,west-yorkshire,KDT_HUD
106210325,other-crime,2022-11,53.644325,-1.741192,On or near Industrial Terrace,Unable to prosecute suspect,west-yorkshire,KDT_HUD
106219824,other-crime,2022-11,53.656402,-1.757051,On or near Nether Crescent,Further investigation is not in the public interest,west-yorkshire,KDT_HUD
106228422,anti-social-behaviour,2022-11,53.623726,-1.718004,On or near Dogley Villa Court,,west-yorkshire,KDT_RUR
106229869,anti-social-behaviour,2022-11,53.610235,-1.729883,On or near ,,west-yorkshire,KDT_RUR
106225150,burglary,2022-11,53.617104,-1.711790,On or near Redland Drive,Investigation complete; no suspect identified,west-yorkshire,KDT_RUR
106203792,burglary,2022-11,53.623726,-1.718004,On or near Dogley Villa Court,Investigation complete; no suspect identified,west-yorkshire,KDT_RUR
106206322,criminal-damage-arson,2022-11,53.613036,-1.712997,On or near The Park,Investigation complete; no suspect identified,west-yorkshire,KDT_RUR
106202382,criminal-damage-arson,2022-11,53.617056,-1.710415,On or near Lee Way,Investigation complete; no suspect identified,west-yorkshire,KDT_RUR
106204071,other-theft,2022-11,53.610235,-1.729883,On or near ,Investigation complete; no suspect identified,west-yorkshire,KDT_RUR
106201989,public-order,2022-11,53.612769,-1.746207,On or near Toft Lane,Investigation complete; no suspect identified,west-yorkshire,KDT_RUR
106222925,violent-crime,2022-11,53.628721,-1.740955,On or near St Helen's Gate,Unable to prosecute suspect,west-yorkshire,KDT_RUR
106220665,violent-crime,2022-11,53.617327,-1.714751,On or near Garner Lane,Unable to prosecute suspect,west-yorkshire,KDT_RUR
106203526,violent-crime,2022-11,53.611209,-1.727610,On or near ,Unable to prosecute suspect,west-yorkshire,KDT_RUR
106211395,violent-crime,2022-11,53.611209,-1.727610,On or near ,Court result unavailable,west-yorkshire,KDT_RUR
106220178,violent-crime,2022-11,53.616557,-1.715724,On or near Storthes Hall Lane,Unable to prosecute suspect,west-yorkshire,KDT_RUR
106213328,other-crime,2022-11,53.616557,-1.715724,On or near Storthes Hall Lane,Further investigation is not in the public interest,west-yorkshire,KDT_RUR
106228619,anti-social-behaviour,2022-11,53.796294,-1.532609,On or near Brussels Street,,west-yorkshire,LDT_CITY
106228924,anti-social-behaviour,2022-11,53.802720,-1.541739,On or near Brunswick Terrace,,west-yorkshire,LDT_CITY
106228921,anti-social-behaviour,2022-11,53.798363,-1.544671,On or near ,,west-yorkshire,LDT_CITY
106227815,anti-social-behaviour,2022-11,53.795195,-1.548334,On or near ,,west-yorkshire,LDT_CITY
106230098,anti-social-behaviour,2022-11,53.797581,-1.544831,On or near ,,west-yorkshire,LDT_CITY
106230094,anti-social-behaviour,2022-11,53.798896,-1.543208,On or near ,,west-yorkshire,LDT_CITY
106230711,anti-social-behaviour,2022-11,53.800026,-1.554309,On or near A58,,west-yorkshire,LDT_CITY
106230412,anti-social-behaviour,2022-11,53.796525,-1.541290,On or near Central Road,,west-yorkshire,LDT_CITY
106230091,anti-social-behaviour,2022-11,53.796139,-1.541279,On or near ,,west-yorkshire,LDT_CITY
106229960,anti-social-behaviour,2022-11,53.797762,-1.537998,On or near George Street,,west-yorkshire,LDT_CITY
106230410,anti-social-behaviour,2022-11,53.796033,-1.541964,On or near Duncan Street,,west-yorkshire,LDT_CITY
106229949,anti-social-behaviour,2022-11,53.796001,-1.533508,On or near Duke Street,,west-yorkshire,LDT_CITY
106230236,anti-social-behaviour,2022-11,53.794244,-1.534818,On or near The Chandlers,,west-yorkshire,LDT_CITY
106229944,anti-social-behaviour,2022-11,53.804002,-1.531643,On or near ,,west-yorkshire,LDT_CITY
106230230,anti-social-behaviour,2022-11,53.810826,-1.555911,On or near Moorfield Street,,west-yorkshire,LDT_CITY
106229977,anti-social-behaviour,2022-11,53.799686,-1.538098,On or near ,,west-yorkshire,LDT_CITY
106229763,anti-social-behaviour,2022-11,53.798265,-1.545097,On or near Albion Street,,west-yorkshire,LDT_CITY
106229301,anti-social-behaviour,2022-11,53.806692,-1.539266,On or near Oatland Court,,west-yorkshire,LDT_CITY
106229756,anti-social-behaviour,2022-11,53.806008,-1.565574,On or near Rosebank Road,,west-yorkshire,LDT_CITY
106229754,anti-social-behaviour,2022-11,53.807533,-1.564784,On or near St John's Close,,west-yorkshire,LDT_CITY
106229547,anti-social-behaviour,2022-11,53.793777,-1.541776,On or near Bridge End,,west-yorkshire,LDT_CITY
106228630,anti-social-behaviour,2022-11,53.794694,-1.534874,On or near Cross Maude Street,,west-yorkshire,LDT_CITY
106227065,anti-social-behaviour,2022-11,53.803709,-1.525800,On or near Lindsey Gardens,,west-yorkshire,LDT_CITY
106229255,anti-social-behaviour,2022-11,53.795337,-1.545615,On or near Mill Hill,,west-yorkshire,LDT_CITY
106228933,anti-social-behaviour,2022-11,53.795048,-1.531120,On or near Cotton Street,,west-yorkshire,LDT_CITY
106228916,anti-social-behaviour,2022-11,53.803497,-1.538162,On or near Grafton Street,,west-yorkshire,LDT_CITY
106227319,anti-social-behaviour,2022-11,53.795991,-1.540218,On or near ,,west-yorkshire,LDT_CITY
106227324,anti-social-behaviour,2022-11,53.793675,-1.545769,On or near Pitt Row,,west-yorkshire,LDT_CITY
106227327,anti-social-behaviour,2022-11,53.800859,-1.553587,On or near Leighton Place,,west-yorkshire,LDT_CITY
106227382,anti-social-behaviour,2022-11,53.798173,-1.539724,On or near Sidney Street,,west-yorkshire,LDT_CITY
106227795,anti-social-behaviour,2022-11,53.797581,-1.544831,On or near ,,west-yorkshire,LDT_CITY
106227870,anti-social-behaviour,2022-11,53.802041,-1.542885,On or near ,,west-yorkshire,LDT_CITY
106228033,anti-social-behaviour,2022-11,53.810303,-1.555279,On or near Spenceley Street,,west-yorkshire,LDT_CITY
106228087,anti-social-behaviour,2022-11,53.802887,-1.562554,On or near Victoria Terrace,,west-yorkshire,LDT_CITY
106228092,anti-social-behaviour,2022-11,53.807035,-1.558942,On or near Cromer Place,,west-yorkshire,LDT_CITY
106228095,anti-social-behaviour,2022-11,53.812778,-1.556240,On or near Holborn View,,west-yorkshire,LDT_CITY
106228103,anti-social-behaviour,2022-11,53.807382,-1.550632,On or near Blandford Gardens,,west-yorkshire,LDT_CITY
106228218,anti-social-behaviour,2022-11,53.796964,-1.550334,On or near King Street,,west-yorkshire,LDT_CITY
106228591,anti-social-behaviour,2022-11,53.802980,-1.541846,On or near ,,west-yorkshire,LDT_CITY
106228614,anti-social-behaviour,2022-11,53.802041,-1.542885,On or near ,,west-yorkshire,LDT_CITY
106228627,anti-social-behaviour,2022-11,53.794244,-1.534818,On or near The Chandlers,,west-yorkshire,LDT_CITY
106228722,anti-social-behaviour,2022-11,53.793701,-1.543052,On or near Concordia Street,,west-yorkshire,LDT_CITY
106228911,anti-social-behaviour,2022-11,53.806446,-1.562320,On or near Back Kelso Road,,west-yorkshire,LDT_CITY
106228919,anti-social-behaviour,2022-11,53.796525,-1.541290,On or near Central Road,,west-yorkshire,LDT_CITY
106230729,anti-social-behaviour,2022-11,53.796033,-1.541964,On or near Duncan Street,,west-yorkshire,LDT_CITY
106230727,anti-social-behaviour,2022-11,53.798090,-1.534411,On or near ,,west-yorkshire,LDT_CITY
106230725,anti-social-behaviour,2022-11,53.798363,-1.544671,On or near ,,west-yorkshire,LDT_CITY
106230713,anti-social-behaviour,2022-11,53.803936,-1.544899,On or near Providence Place,,west-yorkshire,LDT_CITY
106230260,anti-social-behaviour,2022-11,53.802041,-1.542885,On or near ,,west-yorkshire,LDT_CITY
106230234,anti-social-behaviour,2022-11,53.797581,-1.544831,On or near ,,west-yorkshire,LDT_CITY
106230232,anti-social-behaviour,2022-11,53.797326,-1.539050,On or near ,,west-yorkshire,LDT_CITY
106230722,anti-social-behaviour,2022-11,53.798275,-1.554753,On or near Little Queen Street,,west-yorkshire,LDT_CITY
106229880,anti-social-behaviour,2022-11,53.798896,-1.543208,On or near ,,west-yorkshire,LDT_CITY
106227824,anti-social-behaviour,2022-11,53.796033,-1.541964,On or near Duncan Street,,west-yorkshire,LDT_CITY
106227811,anti-social-behaviour,2022-11,53.790434,-1.530489,On or near ,,west-yorkshire,LDT_CITY
106227818,anti-social-behaviour,2022-11,53.800584,-1.561880,On or near Rutland Mount,,west-yorkshire,LDT_CITY
106227813,anti-social-behaviour,2022-11,53.795195,-1.548334,On or near ,,west-yorkshire,LDT_CITY
106229878,anti-social-behaviour,2022-11,53.796792,-1.552552,On or near Britannia Street,,west-yorkshire,LDT_CITY
106227807,anti-social-behaviour,2022-11,53.798896,-1.543208,On or near ,,west-yorkshire,LDT_CITY
106229790,anti-social-behaviour,2022-11,53.797762,-1.537998,On or near George Street,,west-yorkshire,LDT_CITY
106227337,anti-social-behaviour,2022-11,53.797762,-1.537998,On or near George Street,,west-yorkshire,LDT_CITY
106229788,anti-social-behaviour,2022-11,53.796033,-1.541964,On or near Duncan Street,,west-yorkshire,LDT_CITY
106230421,anti-social-behaviour,2022-11,53.794080,-1.544009,On or near ,,west-yorkshire,LDT_CITY
106227238,anti-social-behaviour,2022-11,53.811601,-1.549129,On or near North West Road,,west-yorkshire,LDT_CITY
106230720,anti-social-behaviour,2022-11,53.797762,-1.537998,On or near George Street,,west-yorkshire,LDT_CITY
106229785,anti-social-behaviour,2022-11,53.796033,-1.541964,On or near Duncan Street,,west-yorkshire,LDT_CITY
106230089,anti-social-behaviour,2022-11,53.794244,-1.534818,On or near The Chandlers,,west-yorkshire,LDT_CITY
106229356,anti-social-behaviour,2022-11,53.802725,-1.559899,On or near Kendal Lane,,west-yorkshire,LDT_CITY
106230419,anti-social-behaviour,2022-11,53.794964,-1.537330,On or near High Court Lane,,west-yorkshire,LDT_CITY
106230718,anti-social-behaviour,2022-11,53.796834,-1.535886,On or near ,,west-yorkshire,LDT_CITY
106230417,anti-social-behaviour,2022-11,53.796834,-1.535886,On or near ,,west-yorkshire,LDT_CITY
106229101,anti-social-behaviour,2022-11,53.796033,-1.541964,On or near Duncan Street,,west-yorkshire,LDT_CITY
106228974,anti-social-behaviour,2022-11,53.806187,-1.560409,On or near Clarendon Road,,west-yorkshire,LDT_CITY
106228703,anti-social-behaviour,2022-11,53.796834,-1.535886,On or near ,,west-yorkshire,LDT_CITY
106228701,anti-social-behaviour,2022-11,53.796792,-1.552552,On or near Britannia Street,,west-yorkshire,LDT_CITY
106230087,anti-social-behaviour,2022-11,53.798710,-1.536894,On or near Eastgate,,west-yorkshire,LDT_CITY
106230414,anti-social-behaviour,2022-11,53.792600,-1.542077,On or near ,,west-yorkshire,LDT_CITY
106230085,anti-social-behaviour,2022-11,53.796964,-1.550334,On or near King Street,,west-yorkshire,LDT_CITY
106228694,anti-social-behaviour,2022-11,53.796834,-1.535886,On or near ,,west-yorkshire,LDT_CITY
106230083,anti-social-behaviour,2022-11,53.797326,-1.539050,On or near ,,west-yorkshire,LDT_CITY
106230175,anti-social-behaviour,2022-11,53.796697,-1.546359,On or near Lower Basinghall Street,,west-yorkshire,LDT_CITY
106228649,anti-social-behaviour,2022-11,53.802493,-1.543579,On or near Merrion Way,,west-yorkshire,LDT_CITY
106228488,anti-social-behaviour,2022-11,53.803013,-1.526977,On or near Lincoln Green Court,,west-yorkshire,LDT_CITY
106230169,anti-social-behaviour,2022-11,53.796834,-1.535886,On or near ,,west-yorkshire,LDT_CITY
106228064,anti-social-behaviour,2022-11,53.808878,-1.549310,On or near Back Winfield Grove,,west-yorkshire,LDT_CITY
106228062,anti-social-behaviour,2022-11,53.806999,-1.566232,On or near Woodsley Road,,west-yorkshire,LDT_CITY
106228050,anti-social-behaviour,2022-11,53.808514,-1.567613,On or near Hill Top Place,,west-yorkshire,LDT_CITY
106229792,anti-social-behaviour,2022-11,53.796697,-1.546359,On or near Lower Basinghall Street,,west-yorkshire,LDT_CITY
106203542,bicycle-theft,2022-11,53.807483,-1.568429,On or near Hill Top Road,Investigation complete; no suspect identified,west-yorkshire,LDT_CITY
106222006,bicycle-theft,2022-11,53.807988,-1.551704,On or near Marlborough Gardens,Court result unavailable,west-yorkshire,LDT_CITY
106216739,bicycle-theft,2022-11,53.796033,-1.541964,On or near Duncan Street,Investigation complete; no suspect identified,west-yorkshire,LDT_CITY
106205269,bicycle-theft,2022-11,53.797762,-1.537998,On or near George Street,Investigation complete; no suspect identified,west-yorkshire,LDT_CITY
106207465,bicycle-theft,2022-11,53.808519,-1.551896,On or near Cross Woodstock Street,Investigation complete; no suspect identified,west-yorkshire,LDT_CITY
106206709,bicycle-theft,2022-11,53.789940,-1.549316,On or near Manor Road,Investigation complete; no suspect identified,west-yorkshire,LDT_CITY
106205826,bicycle-theft,2022-11,53.807988,-1.551704,On or near Marlborough Gardens,Investigation complete; no suspect identified,west-yorkshire,LDT_CITY
106199753,bicycle-theft,2022-11,53.798816,-1.543376,On or near Lands Lane,Investigation complete; no suspect identified,west-yorkshire,LDT_CITY
106210746,bicycle-theft,2022-11,53.794939,-1.542628,On or near ,Investigation complete; no suspect identified,west-yorkshire,LDT_CITY
106203509,bicycle-theft,2022-11,53.796033,-1.541964,On or near Duncan Street,Investigation complete; no suspect identified,west-yorkshire,LDT_CITY
106206205,bicycle-theft,2022-11,53.801657,-1.562825,On or near Kendal Walk,Investigation complete; no suspect identified,west-yorkshire,LDT_CITY
106218554,bicycle-theft,2022-11,53.801753,-1.564479,On or near Burley Access Road,Investigation complete; no suspect identified,west-yorkshire,LDT_CITY
106214722,bicycle-theft,2022-11,53.793591,-1.540214,On or near Dock Street,Investigation complete; no suspect identified,west-yorkshire,LDT_CITY
106201754,bicycle-theft,2022-11,53.798265,-1.545097,On or near Albion Street,Investigation complete; no suspect identified,west-yorkshire,LDT_CITY
106221517,bicycle-theft,2022-11,53.796033,-1.541964,On or near Duncan Street,Investigation complete; no suspect identified,west-yorkshire,LDT_CITY
106202665,bicycle-theft,2022-11,53.807080,-1.549269,On or near Churchill Gardens,Investigation complete; no suspect identified,west-yorkshire,LDT_CITY
106209117,bicycle-theft,2022-11,53.802225,-1.532225,On or near Millwright Street,Investigation complete; no suspect identified,west-yorkshire,LDT_CITY
106211166,bicycle-theft,2022-11,53.797581,-1.544831,On or near ,Investigation complete; no suspect identified,west-yorkshire,LDT_CITY
106198608,bicycle-theft,2022-11,53.802954,-1.525718,On or near Lindsey Court,Investigation complete; no suspect identified,west-yorkshire,LDT_CITY
106204533,bicycle-theft,2022-11,53.807988,-1.551704,On or near Marlborough Gardens,Investigation complete; no suspect identified,west-yorkshire,LDT_CITY
106210228,bicycle-theft,2022-11,53.804993,-1.539270,On or near Lovell Park Road,Investigation complete; no suspect identified,west-yorkshire,LDT_CITY
106203198,bicycle-theft,2022-11,53.789259,-1.549718,On or near Ingram Street,Investigation complete; no suspect identified,west-yorkshire,LDT_CITY
106199668,bicycle-theft,2022-11,53.799916,-1.539583,On or near North Court,Investigation complete; no suspect identified,west-yorkshire,LDT_CITY
106200923,bicycle-theft,2022-11,53.796278,-1.537756,On or near Harper Street,Investigation complete; no suspect identified,west-yorkshire,LDT_CITY
106199855,bicycle-theft,2022-11,53.804002,-1.531643,On or near ,Investigation complete; no suspect identified,west-yorkshire,LDT_CITY
106199849,bicycle-theft,2022-11,53.804002,-1.531643,On or near ,Investigation complete; no suspect identified,west-yorkshire,LDT_CITY
106201585,bicycle-theft,2022-11,53.802493,-1.543579,On or near Merrion Way,Investigation complete; no suspect identified,west-yorkshire,LDT_CITY
106221957,bicycle-theft,2022-11,53.797993,-1.541897,On or near Shopping Area,Court result unavailable,west-yorkshire,LDT_CITY
106199953,bicycle-theft,2022-11,53.804007,-1.548570,On or near ,Investigation complete; no suspect identified,west-yorkshire,LDT_CITY
106203551,bicycle-theft,2022-11,53.804368,-1.552138,On or near Willow Terrace Road,Investigation complete; no suspect identified,west-yorkshire,LDT_CITY
106215236,bicycle-theft,2022-11,53.807988,-1.551704,On or near Marlborough Gardens,Investigation complete; no suspect identified,west-yorkshire,LDT_CITY
106203536,bicycle-theft,2022-11,53.810009,-1.565836,On or near Hyde Park Road,Investigation complete; no suspect identified,west-yorkshire,LDT_CITY
106222295,bicycle-theft,2022-11,53.798775,-1.544378,On or near King Charles Street,Investigation complete; no suspect identified,west-yorkshire,LDT_CITY
106216921,bicycle-theft,2022-11,53.798668,-1.561444,On or near West Street,Investigation complete; no suspect identified,west-yorkshire,LDT_CITY
106209426,bicycle-theft,2022-11,53.804368,-1.552138,On or near Willow Terrace Road,Investigation complete; no suspect identified,west-yorkshire,LDT_CITY
106209176,bicycle-theft,2022-11,53.804368,-1.552138,On or near Willow Terrace Road,Court result unavailable,west-yorkshire,LDT_CITY
106207111,bicycle-theft,2022-11,53.798265,-1.545097,On or near Albion Street,Investigation complete; no suspect identified,west-yorkshire,LDT_CITY
106199965,bicycle-theft,2022-11,53.801255,-1.541755,On or near Belgrave Street,Investigation complete; no suspect identified,west-yorkshire,LDT_CITY
106214907,bicycle-theft,2022-11,53.807988,-1.551704,On or near Marlborough Gardens,Investigation complete; no suspect identified,west-yorkshire,LDT_CITY
106201511,bicycle-theft,2022-11,53.802485,-1.534423,On or near Byron Street,Investigation complete; no suspect identified,west-yorkshire,LDT_CITY
106202404,bicycle-theft,2022-11,53.793028,-1.531765,On or near Neptune Street,Investigation complete; no suspect identified,west-yorkshire,LDT_CITY
106210327,bicycle-theft,2022-11,53.808008,-1.549639,On or near Archery Terrace,Investigation complete; no suspect identified,west-yorkshire,LDT_CITY
106206662,bicycle-theft,2022-11,53.800938,-1.543535,On or near ,Investigation complete; no suspect identified,west-yorkshire,LDT_CITY
106216284,burglary,2022-11,53.802493,-1.543579,On or near Merrion Way,Court result unavailable,west-yorkshire,LDT_CITY
106200609,burglary,2022-11,53.797052,-1.557043,On or near Grove Street,Investigation complete; no suspect identified,west-yorkshire,LDT_CITY
106201060,burglary,2022-11,53.802720,-1.541739,On or near Brunswick Terrace,Investigation complete; no suspect identified,west-yorkshire,LDT_CITY
106207234,burglary,2022-11,53.789128,-1.548308,On or near Ingram Row,Investigation complete; no suspect identified,west-yorkshire,LDT_CITY
106204610,burglary,2022-11,53.808805,-1.551407,On or near Further/higher Educational Building,Investigation complete; no suspect identified,west-yorkshire,LDT_CITY
106203927,burglary,2022-11,53.795506,-1.528899,On or near The Garth,Investigation complete; no suspect identified,west-yorkshire,LDT_CITY
106209093,burglary,2022-11,53.794635,-1.528954,On or near The Lane,Investigation complete; no suspect identified,west-yorkshire,LDT_CITY
106208636,burglary,2022-11,53.803840,-1.560069,On or near Back Hyde Terrace,Investigation complete; no suspect identified,west-yorkshire,LDT_CITY
106214079,burglary,2022-11,53.803405,-1.535354,On or near Concord Street,Investigation complete; no suspect identified,west-yorkshire,LDT_CITY
106216774,burglary,2022-11,53.798699,-1.547962,On or near Bedford Street,Investigation complete; no suspect identified,west-yorkshire,LDT_CITY
106216712,burglary,2022-11,53.794367,-1.555235,On or near ,Investigation complete; no suspect identified,west-yorkshire,LDT_CITY
106216706,burglary,2022-11,53.804002,-1.531643,On or near ,Investigation complete; no suspect identified,west-yorkshire,LDT_CITY
106217162,burglary,2022-11,53.797326,-1.539050,On or near ,Suspect charged as part of another case,west-yorkshire,LDT_CITY
106219635,burglary,2022-11,53.803405,-1.535354,On or near Concord Street,Investigation complete; no suspect identified,west-yorkshire,LDT_CITY
106210680,burglary,2022-11,53.797326,-1.539050,On or near ,Suspect charged as part of another case,west-yorkshire,LDT_CITY
106219763,burglary,2022-11,53.797326,-1.539050,On or near Shopping Area,Court result unavailable,west-yorkshire,LDT_CITY
106211009,burglary,2022-11,53.797326,-1.539050,On or near ,Suspect charged as part of another case,west-yorkshire,LDT_CITY
106218815,burglary,2022-11,53.803405,-1.535354,On or near Concord Street,Investigation complete; no suspect identified,west-yorkshire,LDT_CITY
106206863,burglary,2022-11,53.797326,-1.539050,On or near ,Suspect charged as part of another case,west-yorkshire,LDT_CITY
106225781,burglary,2022-11,53.798950,-1.533840,On or near Playhouse Square,Court result unavailable,west-yorkshire,LDT_CITY
106207484,burglary,2022-11,53.797326,-1.539050,On or near ,Suspect charged as part of another case,west-yorkshire,LDT_CITY
106206858,burglary,2022-11,53.797326,-1.539050,On or near ,Suspect charged as part of another case,west-yorkshire,LDT_CITY
106203313,burglary,2022-11,53.797326,-1.539050,On or near ,Suspect charged as part of another case,west-yorkshire,LDT_CITY
106198965,burglary,2022-11,53.801562,-1.537394,On or near ,Investigation complete; no suspect identified,west-yorkshire,LDT_CITY
106207079,burglary,2022-11,53.793575,-1.547714,On or near Little Neville Street,Investigation complete; no suspect identified,west-yorkshire,LDT_CITY
106203255,burglary,2022-11,53.797326,-1.539050,On or near ,Suspect charged as part of another case,west-yorkshire,LDT_CITY
106201261,burglary,2022-11,53.795195,-1.548334,On or near ,Investigation complete; no suspect identified,west-yorkshire,LDT_CITY
106211721,burglary,2022-11,53.797778,-1.532866,On or near St Cecilia Street,Investigation complete; no suspect identified,west-yorkshire,LDT_CITY
106215902,burglary,2022-11,53.798534,-1.551957,On or near Park Square South,Status update unavailable,west-yorkshire,LDT_CITY
106220383,burglary,2022-11,53.796169,-1.558859,On or near ,Investigation complete; no suspect identified,west-yorkshire,LDT_CITY
106211537,burglary,2022-11,53.798144,-1.539284,On or near Harewood Street,Investigation complete; no suspect identified,west-yorkshire,LDT_CITY
106211994,burglary,2022-11,53.804993,-1.539270,On or near Lovell Park Road,Investigation complete; no suspect identified,west-yorkshire,LDT_CITY
106200050,burglary,2022-11,53.797326,-1.539050,On or near ,Suspect charged as part of another case,west-yorkshire,LDT_CITY
106215259,burglary,2022-11,53.797326,-1.539050,On or near ,Investigation complete; no suspect identified,west-yorkshire,LDT_CITY
106206864,burglary,2022-11,53.797326,-1.539050,On or near ,Suspect charged as part of another case,west-yorkshire,LDT_CITY
106200633,burglary,2022-11,53.798043,-1.567569,On or near Holts Crest Way,Investigation complete; no suspect identified,west-yorkshire,LDT_CITY
106200524,burglary,2022-11,53.788745,-1.542165,On or near Kidacre Street,Investigation complete; no suspect identified,west-yorkshire,LDT_CITY
106202084,burglary,2022-11,53.797326,-1.539050,On or near ,Suspect charged as part of another case,west-yorkshire,LDT_CITY
106211912,burglary,2022-11,53.801753,-1.564479,On or near Burley Access Road,Investigation complete; no suspect identified,west-yorkshire,LDT_CITY
106220209,burglary,2022-11,53.797326,-1.539050,On or near ,Suspect charged as part of another case,west-yorkshire,LDT_CITY
106220728,burglary,2022-11,53.800298,-1.560030,On or near Back Burley Street,Investigation complete; no suspect identified,west-yorkshire,LDT_CITY
106201550,burglary,2022-11,53.797326,-1.539050,On or near ,Suspect charged as part of another case,west-yorkshire,LDT_CITY
106206012,burglary,2022-11,53.807533,-1.564784,On or near St John's Close,Investigation complete; no suspect identified,west-yorkshire,LDT_CITY
106224369,burglary,2022-11,53.803405,-1.535354,On or near Concord Street,Investigation complete; no suspect identified,west-yorkshire,LDT_CITY
106206993,burglary,2022-11,53.795297,-1.528279,On or near The Close,Investigation complete; no suspect identified,west-yorkshire,LDT_CITY
106223807,burglary,2022-11,53.788971,-1.540219,On or near Parking Area,Unable to prosecute suspect,west-yorkshire,LDT_CITY
106215267,burglary,2022-11,53.797762,-1.537998,On or near George Street,Investigation complete; no suspect identified,west-yorkshire,LDT_CITY
106200076,burglary,2022-11,53.789259,-1.549718,On or near Ingram Street,Investigation complete; no suspect identified,west-yorkshire,LDT_CITY
106211677,burglary,2022-11,53.803405,-1.535354,On or near Concord Street,Investigation complete; no suspect identified,west-yorkshire,LDT_CITY
106219666,burglary,2022-11,53.800712,-1.540865,On or near Cross Belgrave Street,Court result unavailable,west-yorkshire,LDT_CITY
106219698,burglary,2022-11,53.794939,-1.542628,On or near ,Investigation complete; no suspect identified,west-yorkshire,LDT_CITY
106211090,burglary,2022-11,53.807229,-1.541052,On or near Carlton Carr,Investigation complete; no suspect identified,west-yorkshire,LDT_CITY
106214757,burglary,2022-11,53.806088,-1.529479,On or near ,Further investigation is not in the public interest,west-yorkshire,LDT_CITY
106211890,burglary,2022-11,53.801753,-1.564479,On or near Burley Access Road,Investigation complete; no suspect identified,west-yorkshire,LDT_CITY
106216845,burglary,2022-11,53.799435,-1.562393,On or near Bingley Street,Unable to prosecute suspect,west-yorkshire,LDT_CITY
106222109,burglary,2022-11,53.789128,-1.548308,On or near Ingram Row,Court result unavailable,west-yorkshire,LDT_CITY
106202070,burglary,2022-11,53.797326,-1.539050,On or near ,Court result unavailable,west-yorkshire,LDT_CITY
106199139,burglary,2022-11,53.802100,-1.537085,On or near St Thomas Row,Investigation complete; no suspect identified,west-yorkshire,LDT_CITY
106204337,burglary,2022-11,53.796792,-1.552552,On or near Britannia Street,Investigation complete; no suspect identified,west-yorkshire,LDT_CITY
106202805,burglary,2022-11,53.801865,-1.558344,On or near Claremont Grove,Investigation complete; no suspect identified,west-yorkshire,LDT_CITY
106219882,burglary,2022-11,53.808352,-1.543257,On or near Carlton Grove,Unable to prosecute suspect,west-yorkshire,LDT_CITY
106201898,burglary,2022-11,53.798668,-1.561444,On or near West Street,Investigation complete; no suspect identified,west-yorkshire,LDT_CITY
106208176,criminal-damage-arson,2022-11,53.789259,-1.549718,On or near Ingram Street,Unable to prosecute suspect,west-yorkshire,LDT_CITY
106199259,criminal-damage-arson,2022-11,53.787393,-1.550800,On or near Bowling Green Terrace,Investigation complete; no suspect identified,west-yorkshire,LDT_CITY
106199265,criminal-damage-arson,2022-11,53.795751,-1.541949,On or near ,Investigation complete; no suspect identified,west-yorkshire,LDT_CITY
106213043,criminal-damage-arson,2022-11,53.787999,-1.546817,On or near Meadow Road,Investigation complete; no suspect identified,west-yorkshire,LDT_CITY
106207501,criminal-damage-arson,2022-11,53.794939,-1.542628,On or near ,Unable to prosecute suspect,west-yorkshire,LDT_CITY
106215173,criminal-damage-arson,2022-11,53.802731,-1.547220,On or near Portland Crescent,Investigation complete; no suspect identified,west-yorkshire,LDT_CITY
106200701,criminal-damage-arson,2022-11,53.800472,-1.548566,On or near Alexander Street,Investigation complete; no suspect identified,west-yorkshire,LDT_CITY
106209434,criminal-damage-arson,2022-11,53.807370,-1.544908,On or near Well Close Rise,Investigation complete; no suspect identified,west-yorkshire,LDT_CITY
106214307,criminal-damage-arson,2022-11,53.810009,-1.565836,On or near Hyde Park Road,Investigation complete; no suspect identified,west-yorkshire,LDT_CITY
106211522,criminal-damage-arson,2022-11,53.805993,-1.561322,On or near Cross Kelso Road,Investigation complete; no suspect identified,west-yorkshire,LDT_CITY
106210602,criminal-damage-arson,2022-11,53.789259,-1.549718,On or near Ingram Street,Formal action is not in the public interest,west-yorkshire,LDT_CITY
106199430,criminal-damage-arson,2022-11,53.799425,-1.545100,On or near The Headrow,Investigation complete; no suspect identified,west-yorkshire,LDT_CITY
106202995,criminal-damage-arson,2022-11,53.801662,-1.542449,On or near Wade Lane,Investigation complete; no suspect identified,west-yorkshire,LDT_CITY
106210874,criminal-damage-arson,2022-11,53.795751,-1.541949,On or near ,Investigation complete; no suspect identified,west-yorkshire,LDT_CITY
106217041,criminal-damage-arson,2022-11,53.796697,-1.546359,On or near Lower Basinghall Street,Status update unavailable,west-yorkshire,LDT_CITY
106203301,criminal-damage-arson,2022-11,53.800938,-1.543535,On or near ,Investigation complete; no suspect identified,west-yorkshire,LDT_CITY
106209009,criminal-damage-arson,2022-11,53.801987,-1.557295,On or near Back Claremont Avenue,Investigation complete; no suspect identified,west-yorkshire,LDT_CITY
106204053,criminal-damage-arson,2022-11,53.807112,-1.538791,On or near Oatland Drive,Investigation complete; no suspect identified,west-yorkshire,LDT_CITY
106217933,criminal-damage-arson,2022-11,53.803709,-1.525800,On or near Lindsey Gardens,Court result unavailable,west-yorkshire,LDT_CITY
106207403,criminal-damage-arson,2022-11,53.804801,-1.540821,On or near Elmwood Lane,Investigation complete; no suspect identified,west-yorkshire,LDT_CITY
106202251,criminal-damage-arson,2022-11,53.804566,-1.537968,On or near Lovell Park Hill,Investigation complete; no suspect identified,west-yorkshire,LDT_CITY
106206221,criminal-damage-arson,2022-11,53.803224,-1.528205,On or near Cherry Place,Unable to prosecute suspect,west-yorkshire,LDT_CITY
106206125,criminal-damage-arson,2022-11,53.796779,-1.537067,On or near ,Investigation complete; no suspect identified,west-yorkshire,LDT_CITY
106205337,criminal-damage-arson,2022-11,53.807225,-1.569023,On or near Alexandra Grove,Investigation complete; no suspect identified,west-yorkshire,LDT_CITY
106201291,criminal-damage-arson,2022-11,53.804002,-1.531643,On or near ,Investigation complete; no suspect identified,west-yorkshire,LDT_CITY
106217832,criminal-damage-arson,2022-11,53.808878,-1.549310,On or near Back Winfield Grove,Investigation complete; no suspect identified,west-yorkshire,LDT_CITY
106204630,criminal-damage-arson,2022-11,53.790434,-1.530489,On or near ,Investigation complete; no suspect identified,west-yorkshire,LDT_CITY
106219797,criminal-damage-arson,2022-11,53.797762,-1.537998,On or near George Street,Investigation complete; no suspect identified,west-yorkshire,LDT_CITY
106207171,criminal-damage-arson,2022-11,53.801500,-1.537683,On or near Brunswick Row,Investigation complete; no suspect identified,west-yorkshire,LDT_CITY
106218056,criminal-damage-arson,2022-11,53.799686,-1.538098,On or near ,Investigation complete; no suspect identified,west-yorkshire,LDT_CITY
106209594,criminal-damage-arson,2022-11,53.796964,-1.550334,On or near King Street,Unable to prosecute suspect,west-yorkshire,LDT_CITY
106215054,criminal-damage-arson,2022-11,53.801753,-1.564479,On or near Burley Access Road,Court result unavailable,west-yorkshire,LDT_CITY
106219989,criminal-damage-arson,2022-11,53.794263,-1.556465,On or near Riverside Way,Investigation complete; no suspect identified,west-yorkshire,LDT_CITY
106205432,criminal-damage-arson,2022-11,53.803709,-1.525800,On or near Lindsey Gardens,Investigation complete; no suspect identified,west-yorkshire,LDT_CITY
106203391,criminal-damage-arson,2022-11,53.807784,-1.537994,On or near Oatland Gardens,Investigation complete; no suspect identified,west-yorkshire,LDT_CITY
106202668,criminal-damage-arson,2022-11,53.795401,-1.541029,On or near Call Lane,Investigation complete; no suspect identified,west-yorkshire,LDT_CITY
106222787,criminal-damage-arson,2022-11,53.797326,-1.539050,On or near ,Local resolution,west-yorkshire,LDT_CITY
106206370,criminal-damage-arson,2022-11,53.807784,-1.537994,On or near Oatland Gardens,Status update unavailable,west-yorkshire,LDT_CITY
106218169,criminal-damage-arson,2022-11,53.795568,-1.552064,On or near Further/higher Educational Building,Unable to prosecute suspect,west-yorkshire,LDT_CITY
106218102,criminal-damage-arson,2022-11,53.796525,-1.541290,On or near Central Road,Status update unavailable,west-yorkshire,LDT_CITY
106219267,criminal-damage-arson,2022-11,53.796278,-1.537756,On or near Harper Street,Investigation complete; no suspect identified,west-yorkshire,LDT_CITY
106217160,criminal-damage-arson,2022-11,53.805034,-1.569547,On or near Back Boundary Terrace,Investigation complete; no suspect identified,west-yorkshire,LDT_CITY
106219999,criminal-damage-arson,2022-11,53.799916,-1.539583,On or near North Court,Court result unavailable,west-yorkshire,LDT_CITY
106205801,criminal-damage-arson,2022-11,53.799588,-1.540619,On or near Harrison Street,Unable to prosecute suspect,west-yorkshire,LDT_CITY
106216302,criminal-damage-arson,2022-11,53.799414,-1.556563,On or near Fountain Street,Unable to prosecute suspect,west-yorkshire,LDT_CITY
106213335,criminal-damage-arson,2022-11,53.798896,-1.543208,On or near ,Local resolution,west-yorkshire,LDT_CITY
106202729,criminal-damage-arson,2022-11,53.788270,-1.544796,On or near Holmes Street,Investigation complete; no suspect identified,west-yorkshire,LDT_CITY
106203180,criminal-damage-arson,2022-11,53.812306,-1.550185,On or near Holborn Court,Investigation complete; no suspect identified,west-yorkshire,LDT_CITY
106210231,criminal-damage-arson,2022-11,53.802427,-1.557062,On or near Little Woodhouse Street,Investigation complete; no suspect identified,west-yorkshire,LDT_CITY
106202359,criminal-damage-arson,2022-11,53.798668,-1.561444,On or near West Street,Investigation complete; no suspect identified,west-yorkshire,LDT_CITY
106215058,criminal-damage-arson,2022-11,53.811385,-1.556285,On or near Crossfield Street,Unable to prosecute suspect,west-yorkshire,LDT_CITY
106210324,criminal-damage-arson,2022-11,53.804590,-1.568519,On or near Westfield Terrace,Investigation complete; no suspect identified,west-yorkshire,LDT_CITY
106202348,criminal-damage-arson,2022-11,53.802041,-1.542885,On or near ,Investigation complete; no suspect identified,west-yorkshire,LDT_CITY
106200702,criminal-damage-arson,2022-11,53.801189,-1.548148,On or near ,Investigation complete; no suspect identified,west-yorkshire,LDT_CITY
106201788,criminal-damage-arson,2022-11,53.799916,-1.539583,On or near North Court,Investigation complete; no suspect identified,west-yorkshire,LDT_CITY
106200088,criminal-damage-arson,2022-11,53.789940,-1.549316,On or near Manor Road,Investigation complete; no suspect identified,west-yorkshire,LDT_CITY
106211146,criminal-damage-arson,2022-11,53.790287,-1.555460,On or near Bath Road,Unable to prosecute suspect,west-yorkshire,LDT_CITY
106208461,criminal-damage-arson,2022-11,53.789259,-1.549718,On or near Ingram Street,Investigation complete; no suspect identified,west-yorkshire,LDT_CITY
106199952,criminal-damage-arson,2022-11,53.794460,-1.541951,On or near Pitfall Street,Investigation complete; no suspect identified,west-yorkshire,LDT_CITY
106208678,criminal-damage-arson,2022-11,53.807533,-1.564784,On or near St John's Close,Investigation complete; no suspect identified,west-yorkshire,LDT_CITY
106211596,criminal-damage-arson,2022-11,53.789087,-1.533069,On or near Chadwick Street South,Investigation complete; no suspect identified,west-yorkshire,LDT_CITY
106211119,criminal-damage-arson,2022-11,53.797762,-1.537998,On or near George Street,Investigation complete; no suspect identified,west-yorkshire,LDT_CITY
106210803,criminal-damage-arson,2022-11,53.803440,-1.566253,On or near Westfield Road,Status update unavailable,west-yorkshire,LDT_CITY
106200779,criminal-damage-arson,2022-11,53.795401,-1.541029,On or near Call Lane,Investigation complete; no suspect identified,west-yorkshire,LDT_CITY
106199040,criminal-damage-arson,2022-11,53.792054,-1.544952,On or near ,Investigation complete; no suspect identified,west-yorkshire,LDT_CITY
106214788,criminal-damage-arson,2022-11,53.795506,-1.528899,On or near The Garth,Investigation complete; no suspect identified,west-yorkshire,LDT_CITY
106201762,criminal-damage-arson,2022-11,53.794635,-1.528954,On or near The Lane,Investigation complete; no suspect identified,west-yorkshire,LDT_CITY
106210942,criminal-damage-arson,2022-11,53.808025,-1.563989,On or near St John's Avenue,Investigation complete; no suspect identified,west-yorkshire,LDT_CITY
106214882,criminal-damage-arson,2022-11,53.797326,-1.539050,On or near ,Unable to prosecute suspect,west-yorkshire,LDT_CITY
106222845,criminal-damage-arson,2022-11,53.804558,-1.564632,On or near Consort View,Unable to prosecute suspect,west-yorkshire,LDT_CITY
106220618,drugs,2022-11,53.804993,-1.539270,On or near Lovell Park Road,Investigation complete; no suspect identified,west-yorkshire,LDT_CITY
106209678,drugs,2022-11,53.798173,-1.539724,On or near Sidney Street,Status update unavailable,west-yorkshire,LDT_CITY
106213955,drugs,2022-11,53.802731,-1.547220,On or near Portland Crescent,Local resolution,west-yorkshire,LDT_CITY
106205842,drugs,2022-11,53.796033,-1.541964,On or near Duncan Street,Local resolution,west-yorkshire,LDT_CITY
106208956,drugs,2022-11,53.796033,-1.541964,On or near Duncan Street,Local resolution,west-yorkshire,LDT_CITY
106198873,drugs,2022-11,53.796139,-1.541279,On or near ,Offender given a caution,west-yorkshire,LDT_CITY
106218054,drugs,2022-11,53.799734,-1.562997,On or near Abbey Street,Court result unavailable,west-yorkshire,LDT_CITY
106224784,drugs,2022-11,53.805947,-1.570980,On or near Back Burley Lodge Road,Court result unavailable,west-yorkshire,LDT_CITY
106211407,drugs,2022-11,53.794939,-1.542628,On or near ,Unable to prosecute suspect,west-yorkshire,LDT_CITY
106211988,drugs,2022-11,53.795751,-1.541949,On or near ,Local resolution,west-yorkshire,LDT_CITY
106217327,drugs,2022-11,53.801445,-1.551744,On or near Hospital,Court result unavailable,west-yorkshire,LDT_CITY
106225731,drugs,2022-11,53.795153,-1.542125,On or near ,Court result unavailable,west-yorkshire,LDT_CITY
106216611,drugs,2022-11,53.799069,-1.550903,On or near Park Square East,Unable to prosecute suspect,west-yorkshire,LDT_CITY
106205149,drugs,2022-11,53.798063,-1.527655,On or near ,Court result unavailable,west-yorkshire,LDT_CITY
106203698,drugs,2022-11,53.801445,-1.551744,On or near ,Court result unavailable,west-yorkshire,LDT_CITY
106223617,drugs,2022-11,53.805034,-1.569547,On or near Back Boundary Terrace,Local resolution,west-yorkshire,LDT_CITY
106208037,drugs,2022-11,53.796033,-1.541964,On or near Duncan Street,Court result unavailable,west-yorkshire,LDT_CITY
106220205,drugs,2022-11,53.808831,-1.530055,On or near Enfield Terrace,Local resolution,west-yorkshire,LDT_CITY
106211152,drugs,2022-11,53.794796,-1.538030,On or near The Calls,Local resolution,west-yorkshire,LDT_CITY
106216241,drugs,2022-11,53.804007,-1.548570,On or near ,Formal action is not in the public interest,west-yorkshire,LDT_CITY
106217590,drugs,2022-11,53.794460,-1.541951,On or near Pitfall Street,Offender given a caution,west-yorkshire,LDT_CITY
106200611,drugs,2022-11,53.798173,-1.539724,On or near Sidney Street,Local resolution,west-yorkshire,LDT_CITY
106208017,drugs,2022-11,53.796033,-1.541964,On or near Duncan Street,Court result unavailable,west-yorkshire,LDT_CITY
106223371,drugs,2022-11,53.796033,-1.541964,On or near Duncan Street,Unable to prosecute suspect,west-yorkshire,LDT_CITY
106203548,drugs,2022-11,53.798173,-1.539724,On or near Sidney Street,Status update unavailable,west-yorkshire,LDT_CITY
106225834,drugs,2022-11,53.796033,-1.541964,On or near Duncan Street,Court result unavailable,west-yorkshire,LDT_CITY
106211292,drugs,2022-11,53.797743,-1.547061,On or near Park Row,Local resolution,west-yorkshire,LDT_CITY
106211245,drugs,2022-11,53.796033,-1.541964,On or near Duncan Street,Local resolution,west-yorkshire,LDT_CITY
106216349,drugs,2022-11,53.800358,-1.533095,On or near Cross Bell Street,Status update unavailable,west-yorkshire,LDT_CITY
106215921,drugs,2022-11,53.808352,-1.543257,On or near Carlton Grove,Formal action is not in the public interest,west-yorkshire,LDT_CITY
106219781,drugs,2022-11,53.803388,-1.549658,On or near Hospital,Court result unavailable,west-yorkshire,LDT_CITY
106218686,drugs,2022-11,53.801432,-1.538884,On or near Hartley Hill,Awaiting court outcome,west-yorkshire,LDT_CITY
106219846,drugs,2022-11,53.798173,-1.539724,On or near Sidney Street,Local resolution,west-yorkshire,LDT_CITY
106219503,drugs,2022-11,53.801662,-1.542449,On or near Wade Lane,Local resolution,west-yorkshire,LDT_CITY
106220864,drugs,2022-11,53.809057,-1.549126,On or near Winfield Terrace,Investigation complete; no suspect identified,west-yorkshire,LDT_CITY
106215922,drugs,2022-11,53.795751,-1.541949,On or near ,Status update unavailable,west-yorkshire,LDT_CITY
106198835,drugs,2022-11,53.795048,-1.531120,On or near Cotton Street,Court result unavailable,west-yorkshire,LDT_CITY
106213268,drugs,2022-11,53.795153,-1.542125,On or near ,Court result unavailable,west-yorkshire,LDT_CITY
106202726,drugs,2022-11,53.795337,-1.545615,On or near Mill Hill,Further investigation is not in the public interest,west-yorkshire,LDT_CITY
106201529,drugs,2022-11,53.793701,-1.543052,On or near Concordia Street,Court result unavailable,west-yorkshire,LDT_CITY
106215530,other-theft,2022-11,53.797052,-1.557043,On or near Grove Street,Investigation complete; no suspect identified,west-yorkshire,LDT_CITY
106202062,other-theft,2022-11,53.798173,-1.539724,On or near Sidney Street,Investigation complete; no suspect identified,west-yorkshire,LDT_CITY
106199607,other-theft,2022-11,53.796033,-1.541964,On or near Duncan Street,Status update unavailable,west-yorkshire,LDT_CITY
106212385,other-theft,2022-11,53.798775,-1.544378,On or near King Charles Street,Investigation complete; no suspect identified,west-yorkshire,LDT_CITY
106212318,other-theft,2022-11,53.792147,-1.540913,On or near Salem Place,Investigation complete; no suspect identified,west-yorkshire,LDT_CITY
106199258,other-theft,2022-11,53.800938,-1.543535,On or near ,Investigation complete; no suspect identified,west-yorkshire,LDT_CITY
106218464,other-theft,2022-11,53.795401,-1.541029,On or near Call Lane,Status update unavailable,west-yorkshire,LDT_CITY
106199405,other-theft,2022-11,53.790070,-1.533756,On or near Chadwick Street,Investigation complete; no suspect identified,west-yorkshire,LDT_CITY
106218514,other-theft,2022-11,53.802863,-1.541525,On or near Jacob Street,Investigation complete; no suspect identified,west-yorkshire,LDT_CITY
106219683,other-theft,2022-11,53.803388,-1.549658,On or near ,Investigation complete; no suspect identified,west-yorkshire,LDT_CITY
106199900,other-theft,2022-11,53.795924,-1.558330,On or near ,Investigation complete; no suspect identified,west-yorkshire,LDT_CITY
106199910,other-theft,2022-11,53.797581,-1.544831,On or near ,Investigation complete; no suspect identified,west-yorkshire,LDT_CITY
106210181,other-theft,2022-11,53.796139,-1.541279,On or near ,Investigation complete; no suspect identified,west-yorkshire,LDT_CITY
106215459,other-theft,2022-11,53.795337,-1.545615,On or near Mill Hill,Court result unavailable,west-yorkshire,LDT_CITY
106207204,other-theft,2022-11,53.790070,-1.533756,On or near Chadwick Street,Investigation complete; no suspect identified,west-yorkshire,LDT_CITY
106205475,other-theft,2022-11,53.804368,-1.552138,On or near Willow Terrace Road,Investigation complete; no suspect identified,west-yorkshire,LDT_CITY
106198992,other-theft,2022-11,53.789259,-1.549718,On or near Ingram Street,Investigation complete; no suspect identified,west-yorkshire,LDT_CITY
106209323,other-theft,2022-11,53.801445,-1.551744,On or near ,Court result unavailable,west-yorkshire,LDT_CITY
106208677,other-theft,2022-11,53.805947,-1.570980,On or near Back Burley Lodge Road,Unable to prosecute suspect,west-yorkshire,LDT_CITY
106201870,other-theft,2022-11,53.801877,-1.554305,On or near A58(m),Investigation complete; no suspect identified,west-yorkshire,LDT_CITY
106222180,other-theft,2022-11,53.800047,-1.545670,On or near ,Unable to prosecute suspect,west-yorkshire,LDT_CITY
106211735,other-theft,2022-11,53.799635,-1.558064,On or near Marlborough Towers,Investigation complete; no suspect identified,west-yorkshire,LDT_CITY
106211529,other-theft,2022-11,53.795401,-1.541029,On or near Call Lane,Investigation complete; no suspect identified,west-yorkshire,LDT_CITY
106199998,other-theft,2022-11,53.795401,-1.541029,On or near Call Lane,Investigation complete; no suspect identified,west-yorkshire,LDT_CITY
106200057,other-theft,2022-11,53.794460,-1.541951,On or near Pitfall Street,Investigation complete; no suspect identified,west-yorkshire,LDT_CITY
106207007,other-theft,2022-11,53.795433,-1.526334,On or near Dolphin Street,Investigation complete; no suspect identified,west-yorkshire,LDT_CITY
106225495,other-theft,2022-11,53.797762,-1.537998,On or near George Street,Investigation complete; no suspect identified,west-yorkshire,LDT_CITY
106206995,other-theft,2022-11,53.802731,-1.547220,On or near Portland Crescent,Investigation complete; no suspect identified,west-yorkshire,LDT_CITY
106200512,other-theft,2022-11,53.801189,-1.548148,On or near ,Investigation complete; no suspect identified,west-yorkshire,LDT_CITY
106215282,other-theft,2022-11,53.795401,-1.541029,On or near Call Lane,Investigation complete; no suspect identified,west-yorkshire,LDT_CITY
106206938,other-theft,2022-11,53.801463,-1.528225,On or near Thealby Lawn,Status update unavailable,west-yorkshire,LDT_CITY
106211826,other-theft,2022-11,53.798218,-1.549091,On or near ,Investigation complete; no suspect identified,west-yorkshire,LDT_CITY
106203559,other-theft,2022-11,53.804007,-1.548570,On or near ,Investigation complete; no suspect identified,west-yorkshire,LDT_CITY
106216084,other-theft,2022-11,53.796033,-1.541964,On or near Duncan Street,Investigation complete; no suspect identified,west-yorkshire,LDT_CITY
106202076,other-theft,2022-11,53.802282,-1.547268,On or near ,Investigation complete; no suspect identified,west-yorkshire,LDT_CITY
106209521,other-theft,2022-11,53.804002,-1.531643,On or near ,Investigation complete; no suspect identified,west-yorkshire,LDT_CITY
106203984,other-theft,2022-11,53.794964,-1.537330,On or near High Court Lane,Investigation complete; no suspect identified,west-yorkshire,LDT_CITY
106200656,other-theft,2022-11,53.802493,-1.543579,On or near Merrion Way,Investigation complete; no suspect identified,west-yorkshire,LDT_CITY
106206307,other-theft,2022-11,53.798896,-1.543208,On or near ,Investigation complete; no suspect identified,west-yorkshire,LDT_CITY
106206033,other-theft,2022-11,53.797762,-1.537998,On or near George Street,Investigation complete; no suspect identified,west-yorkshire,LDT_CITY
106202640,other-theft,2022-11,53.800938,-1.543535,On or near ,Investigation complete; no suspect identified,west-yorkshire,LDT_CITY
106205828,other-theft,2022-11,53.800047,-1.545670,On or near ,Investigation complete; no suspect identified,west-yorkshire,LDT_CITY
106198998,other-theft,2022-11,53.797581,-1.544831,On or near ,Investigation complete; no suspect identified,west-yorkshire,LDT_CITY
106200173,other-theft,2022-11,53.798265,-1.545097,On or near Albion Street,Investigation complete; no suspect identified,west-yorkshire,LDT_CITY
106207845,other-theft,2022-11,53.795195,-1.548334,On or near ,Status update unavailable,west-yorkshire,LDT_CITY
106220171,other-theft,2022-11,53.802493,-1.543579,On or near Merrion Way,Investigation complete; no suspect identified,west-yorkshire,LDT_CITY
106204634,other-theft,2022-11,53.795401,-1.541029,On or near Call Lane,Investigation complete; no suspect identified,west-yorkshire,LDT_CITY
106217365,other-theft,2022-11,53.802493,-1.543579,On or near Merrion Way,Investigation complete; no suspect identified,west-yorkshire,LDT_CITY
106200535,other-theft,2022-11,53.797864,-1.545800,On or near ,Investigation complete; no suspect identified,west-yorkshire,LDT_CITY
106205107,other-theft,2022-11,53.807661,-1.545922,On or near Blenheim Grove,Investigation complete; no suspect identified,west-yorkshire,LDT_CITY
106201006,other-theft,2022-11,53.796697,-1.546359,On or near Lower Basinghall Street,Investigation complete; no suspect identified,west-yorkshire,LDT_CITY
106211625,other-theft,2022-11,53.803405,-1.535354,On or near Concord Street,Investigation complete; no suspect identified,west-yorkshire,LDT_CITY
106201738,other-theft,2022-11,53.789087,-1.533069,On or near Chadwick Street South,Investigation complete; no suspect identified,west-yorkshire,LDT_CITY
106200833,other-theft,2022-11,53.797092,-1.532190,On or near ,Investigation complete; no suspect identified,west-yorkshire,LDT_CITY
106205425,other-theft,2022-11,53.791419,-1.553034,On or near Butcher Street,Investigation complete; no suspect identified,west-yorkshire,LDT_CITY
106204480,other-theft,2022-11,53.803337,-1.545604,On or near Queen Square,Status update unavailable,west-yorkshire,LDT_CITY
106205704,other-theft,2022-11,53.803405,-1.535354,On or near Concord Street,Investigation complete; no suspect identified,west-yorkshire,LDT_CITY
106213707,other-theft,2022-11,53.796033,-1.541964,On or near Duncan Street,Investigation complete; no suspect identified,west-yorkshire,LDT_CITY
106212072,other-theft,2022-11,53.797144,-1.536183,On or near Leeds Coach Station,Investigation complete; no suspect identified,west-yorkshire,LDT_CITY
106211731,other-theft,2022-11,53.795401,-1.541029,On or near Call Lane,Investigation complete; no suspect identified,west-yorkshire,LDT_CITY
106202765,other-theft,2022-11,53.798394,-1.548163,On or near Greek Street,Investigation complete; no suspect identified,west-yorkshire,LDT_CITY
106210868,other-theft,2022-11,53.792740,-1.529248,On or near East King Street,Investigation complete; no suspect identified,west-yorkshire,LDT_CITY
106202012,other-theft,2022-11,53.801877,-1.554305,On or near A58(m),Investigation complete; no suspect identified,west-yorkshire,LDT_CITY
106209337,other-theft,2022-11,53.791419,-1.553034,On or near Butcher Street,Investigation complete; no suspect identified,west-yorkshire,LDT_CITY
106214232,other-theft,2022-11,53.800922,-1.536946,On or near Trafalgar Street,Investigation complete; no suspect identified,west-yorkshire,LDT_CITY
106209663,other-theft,2022-11,53.796218,-1.557599,On or near Wellington Place,Investigation complete; no suspect identified,west-yorkshire,LDT_CITY
106209506,other-theft,2022-11,53.804667,-1.538529,On or near Lovell Park Gate,Investigation complete; no suspect identified,west-yorkshire,LDT_CITY
106209645,other-theft,2022-11,53.802493,-1.543579,On or near Merrion Way,Unable to prosecute suspect,west-yorkshire,LDT_CITY
106209720,other-theft,2022-11,53.794644,-1.526813,On or near Richmond Green Street,Investigation complete; no suspect identified,west-yorkshire,LDT_CITY
106209898,other-theft,2022-11,53.797581,-1.544831,On or near ,Investigation complete; no suspect identified,west-yorkshire,LDT_CITY
106210819,other-theft,2022-11,53.800938,-1.543535,On or near ,Investigation complete; no suspect identified,west-yorkshire,LDT_CITY
106222181,other-theft,2022-11,53.797144,-1.536183,On or near Leeds Coach Station,Investigation complete; no suspect identified,west-yorkshire,LDT_CITY
106210851,other-theft,2022-11,53.802731,-1.547220,On or near Portland Crescent,Investigation complete; no suspect identified,west-yorkshire,LDT_CITY
106210913,other-theft,2022-11,53.795177,-1.541305,On or near Queens's Court,Investigation complete; no suspect identified,west-yorkshire,LDT_CITY
106218721,other-theft,2022-11,53.795337,-1.545615,On or near Mill Hill,Investigation complete; no suspect identified,west-yorkshire,LDT_CITY
106217608,other-theft,2022-11,53.796697,-1.546359,On or near Lower Basinghall Street,Investigation complete; no suspect identified,west-yorkshire,LDT_CITY
106217739,other-theft,2022-11,53.797581,-1.544831,On or near ,Investigation complete; no suspect identified,west-yorkshire,LDT_CITY
106204427,other-theft,2022-11,53.810178,-1.545956,On or near Duxbury Rise,Unable to prosecute suspect,west-yorkshire,LDT_CITY
106202094,other-theft,2022-11,53.795751,-1.541949,On or near ,Investigation complete; no suspect identified,west-yorkshire,LDT_CITY
106202129,other-theft,2022-11,53.799069,-1.550903,On or near Park Square East,Investigation complete; no suspect identified,west-yorkshire,LDT_CITY
106204076,other-theft,2022-11,53.800922,-1.536946,On or near Trafalgar Street,Investigation complete; no suspect identified,west-yorkshire,LDT_CITY
106208463,other-theft,2022-11,53.801445,-1.551744,On or near ,Investigation complete; no suspect identified,west-yorkshire,LDT_CITY
106209473,other-theft,2022-11,53.803936,-1.544899,On or near Providence Place,Investigation complete; no suspect identified,west-yorkshire,LDT_CITY
106202962,other-theft,2022-11,53.801877,-1.554305,On or near A58(m),Investigation complete; no suspect identified,west-yorkshire,LDT_CITY
106211503,other-theft,2022-11,53.798394,-1.548163,On or near Greek Street,Investigation complete; no suspect identified,west-yorkshire,LDT_CITY
106213193,other-theft,2022-11,53.795989,-1.530563,On or near Foundry Street,Investigation complete; no suspect identified,west-yorkshire,LDT_CITY
106213804,other-theft,2022-11,53.795297,-1.528279,On or near The Close,Investigation complete; no suspect identified,west-yorkshire,LDT_CITY
106213886,other-theft,2022-11,53.789087,-1.533069,On or near Chadwick Street South,Investigation complete; no suspect identified,west-yorkshire,LDT_CITY
106215073,other-theft,2022-11,53.796033,-1.541964,On or near Duncan Street,Investigation complete; no suspect identified,west-yorkshire,LDT_CITY
106199071,other-theft,2022-11,53.790287,-1.555460,On or near Bath Road,Investigation complete; no suspect identified,west-yorkshire,LDT_CITY
106201923,other-theft,2022-11,53.795576,-1.539889,On or near Crown Street,Investigation complete; no suspect identified,west-yorkshire,LDT_CITY
106202589,other-theft,2022-11,53.796697,-1.546359,On or near Lower Basinghall Street,Investigation complete; no suspect identified,west-yorkshire,LDT_CITY
106202742,other-theft,2022-11,53.810414,-1.541989,On or near Oatland Place,Investigation complete; no suspect identified,west-yorkshire,LDT_CITY
106203933,other-theft,2022-11,53.797550,-1.536202,On or near ,Investigation complete; no suspect identified,west-yorkshire,LDT_CITY
106204565,other-theft,2022-11,53.800733,-1.551053,On or near Oxford Row,Investigation complete; no suspect identified,west-yorkshire,LDT_CITY
106216910,other-theft,2022-11,53.809057,-1.549126,On or near Winfield Terrace,Investigation complete; no suspect identified,west-yorkshire,LDT_CITY
106211709,other-theft,2022-11,53.795177,-1.541305,On or near Queens's Court,Investigation complete; no suspect identified,west-yorkshire,LDT_CITY
106205033,other-theft,2022-11,53.811735,-1.546577,On or near Servia Road,Investigation complete; no suspect identified,west-yorkshire,LDT_CITY
106217244,other-theft,2022-11,53.807370,-1.544908,On or near Well Close Rise,Investigation complete; no suspect identified,west-yorkshire,LDT_CITY
106205350,other-theft,2022-11,53.801877,-1.554305,On or near A58(m),Investigation complete; no suspect identified,west-yorkshire,LDT_CITY
106204617,other-theft,2022-11,53.797581,-1.544831,On or near ,Investigation complete; no suspect identified,west-yorkshire,LDT_CITY
106206004,other-theft,2022-11,53.795751,-1.541949,On or near ,Investigation complete; no suspect identified,west-yorkshire,LDT_CITY
106218141,other-theft,2022-11,53.801873,-1.553257,On or near St George's Road,Investigation complete; no suspect identified,west-yorkshire,LDT_CITY
106206836,other-theft,2022-11,53.792740,-1.529248,On or near East King Street,Investigation complete; no suspect identified,west-yorkshire,LDT_CITY
106218555,other-theft,2022-11,53.801657,-1.562825,On or near Kendal Walk,Investigation complete; no suspect identified,west-yorkshire,LDT_CITY
106222700,other-theft,2022-11,53.800336,-1.553198,On or near ,Unable to prosecute suspect,west-yorkshire,LDT_CITY
106223168,other-theft,2022-11,53.798173,-1.539724,On or near Sidney Street,Investigation complete; no suspect identified,west-yorkshire,LDT_CITY
106211483,other-theft,2022-11,53.802493,-1.543579,On or near Merrion Way,Investigation complete; no suspect identified,west-yorkshire,LDT_CITY
106212025,other-theft,2022-11,53.806285,-1.557736,On or near Cromer Terrace,Investigation complete; no suspect identified,west-yorkshire,LDT_CITY
106214443,other-theft,2022-11,53.802041,-1.542885,On or near ,Investigation complete; no suspect identified,west-yorkshire,LDT_CITY
106199289,other-theft,2022-11,53.787393,-1.550800,On or near Bowling Green Terrace,Investigation complete; no suspect identified,west-yorkshire,LDT_CITY
106199496,other-theft,2022-11,53.804850,-1.558495,On or near Springfield Mount,Investigation complete; no suspect identified,west-yorkshire,LDT_CITY
106199723,other-theft,2022-11,53.799069,-1.550903,On or near Park Square East,Investigation complete; no suspect identified,west-yorkshire,LDT_CITY
106199724,other-theft,2022-11,53.797144,-1.536183,On or near Leeds Coach Station,Investigation complete; no suspect identified,west-yorkshire,LDT_CITY
106200210,other-theft,2022-11,53.807988,-1.551704,On or near Marlborough Gardens,Investigation complete; no suspect identified,west-yorkshire,LDT_CITY
106211003,other-theft,2022-11,53.796525,-1.541290,On or near Central Road,Status update unavailable,west-yorkshire,LDT_CITY
106200427,other-theft,2022-11,53.795401,-1.541029,On or near Call Lane,Investigation complete; no suspect identified,west-yorkshire,LDT_CITY
106200584,other-theft,2022-11,53.800047,-1.545670,On or near ,Investigation complete; no suspect identified,west-yorkshire,LDT_CITY
106214541,other-theft,2022-11,53.793535,-1.546803,On or near Neville Street,Investigation complete; no suspect identified,west-yorkshire,LDT_CITY
106215493,other-theft,2022-11,53.806157,-1.557205,On or near Cromer Road,Investigation complete; no suspect identified,west-yorkshire,LDT_CITY
106199444,other-theft,2022-11,53.796697,-1.546359,On or near Lower Basinghall Street,Investigation complete; no suspect identified,west-yorkshire,LDT_CITY
106199714,other-theft,2022-11,53.794939,-1.542628,On or near ,Investigation complete; no suspect identified,west-yorkshire,LDT_CITY
106203520,other-theft,2022-11,53.798193,-1.552127,On or near St Paul's Place,Investigation complete; no suspect identified,west-yorkshire,LDT_CITY
106199905,other-theft,2022-11,53.795153,-1.542125,On or near ,Investigation complete; no suspect identified,west-yorkshire,LDT_CITY
106203974,other-theft,2022-11,53.791258,-1.555586,On or near Silver Street,Investigation complete; no suspect identified,west-yorkshire,LDT_CITY
106201593,other-theft,2022-11,53.800047,-1.545670,On or near ,Investigation complete; no suspect identified,west-yorkshire,LDT_CITY
106202346,other-theft,2022-11,53.800938,-1.543535,On or near ,Investigation complete; no suspect identified,west-yorkshire,LDT_CITY
106199029,other-theft,2022-11,53.793575,-1.547714,On or near Little Neville Street,Investigation complete; no suspect identified,west-yorkshire,LDT_CITY
106204532,other-theft,2022-11,53.803405,-1.535354,On or near Concord Street,Investigation complete; no suspect identified,west-yorkshire,LDT_CITY
106205406,other-theft,2022-11,53.795337,-1.545615,On or near Mill Hill,Investigation complete; no suspect identified,west-yorkshire,LDT_CITY
106205884,other-theft,2022-11,53.802493,-1.543579,On or near Merrion Way,Investigation complete; no suspect identified,west-yorkshire,LDT_CITY
106202554,other-theft,2022-11,53.801753,-1.564479,On or near Burley Access Road,Investigation complete; no suspect identified,west-yorkshire,LDT_CITY
106207290,other-theft,2022-11,53.806692,-1.539266,On or near Oatland Court,Investigation complete; no suspect identified,west-yorkshire,LDT_CITY
106207570,other-theft,2022-11,53.797581,-1.544831,On or near ,Investigation complete; no suspect identified,west-yorkshire,LDT_CITY
106207690,other-theft,2022-11,53.800938,-1.543535,On or near ,Investigation complete; no suspect identified,west-yorkshire,LDT_CITY
106207827,other-theft,2022-11,53.795506,-1.528899,On or near The Garth,Investigation complete; no suspect identified,west-yorkshire,LDT_CITY
106207960,other-theft,2022-11,53.789087,-1.533069,On or near Chadwick Street South,Investigation complete; no suspect identified,west-yorkshire,LDT_CITY
106199224,other-theft,2022-11,53.805318,-1.568663,On or near Rillbank Lane,Investigation complete; no suspect identified,west-yorkshire,LDT_CITY
106205419,other-theft,2022-11,53.795153,-1.542125,On or near ,Investigation complete; no suspect identified,west-yorkshire,LDT_CITY
106205426,other-theft,2022-11,53.791419,-1.553034,On or near Butcher Street,Investigation complete; no suspect identified,west-yorkshire,LDT_CITY
106206368,other-theft,2022-11,53.804455,-1.556267,On or near Seminary Street,Investigation complete; no suspect identified,west-yorkshire,LDT_CITY
106206926,other-theft,2022-11,53.794644,-1.526813,On or near Richmond Green Street,Investigation complete; no suspect identified,west-yorkshire,LDT_CITY
106216796,other-theft,2022-11,53.796033,-1.541964,On or near Duncan Street,Unable to prosecute suspect,west-yorkshire,LDT_CITY
106209212,other-theft,2022-11,53.808881,-1.564587,On or near Moorland Avenue,Investigation complete; no suspect identified,west-yorkshire,LDT_CITY
106211255,other-theft,2022-11,53.796159,-1.537089,On or near Cross York Street,Investigation complete; no suspect identified,west-yorkshire,LDT_CITY
106211555,other-theft,2022-11,53.798747,-1.553609,On or near Somers Place,Investigation complete; no suspect identified,west-yorkshire,LDT_CITY
106203418,other-theft,2022-11,53.791419,-1.553034,On or near Butcher Street,Investigation complete; no suspect identified,west-yorkshire,LDT_CITY
106211669,other-theft,2022-11,53.803464,-1.542220,On or near ,Investigation complete; no suspect identified,west-yorkshire,LDT_CITY
106211710,other-theft,2022-11,53.800938,-1.543535,On or near ,Investigation complete; no suspect identified,west-yorkshire,LDT_CITY
106211795,other-theft,2022-11,53.795401,-1.541029,On or near Call Lane,Investigation complete; no suspect identified,west-yorkshire,LDT_CITY
106212777,other-theft,2022-11,53.798896,-1.543208,On or near ,Investigation complete; no suspect identified,west-yorkshire,LDT_CITY
106212959,other-theft,2022-11,53.804406,-1.526855,On or near Lincoln Road,Investigation complete; no suspect identified,west-yorkshire,LDT_CITY
106205602,other-theft,2022-11,53.800938,-1.543535,On or near ,Investigation complete; no suspect identified,west-yorkshire,LDT_CITY
106218740,other-theft,2022-11,53.796033,-1.541964,On or near Duncan Street,Investigation complete; no suspect identified,west-yorkshire,LDT_CITY
106214974,other-theft,2022-11,53.803405,-1.535354,On or near Concord Street,Investigation complete; no suspect identified,west-yorkshire,LDT_CITY
106209338,other-theft,2022-11,53.791419,-1.553034,On or near Butcher Street,Investigation complete; no suspect identified,west-yorkshire,LDT_CITY
106212162,possession-of-weapons,2022-11,53.801662,-1.542449,On or near Wade Lane,Court result unavailable,west-yorkshire,LDT_CITY
106222629,possession-of-weapons,2022-11,53.798230,-1.537628,On or near Shopping Area,Unable to prosecute suspect,west-yorkshire,LDT_CITY
106221302,possession-of-weapons,2022-11,53.796525,-1.541290,On or near Central Road,Unable to prosecute suspect,west-yorkshire,LDT_CITY
106200674,possession-of-weapons,2022-11,53.802863,-1.541525,On or near Jacob Street,Investigation complete; no suspect identified,west-yorkshire,LDT_CITY
106209456,possession-of-weapons,2022-11,53.808651,-1.541568,On or near Oatland Lane,Investigation complete; no suspect identified,west-yorkshire,LDT_CITY
106210779,possession-of-weapons,2022-11,53.806999,-1.566232,On or near Woodsley Road,Court result unavailable,west-yorkshire,LDT_CITY
106198848,possession-of-weapons,2022-11,53.795991,-1.540218,On or near Shopping Area,Court result unavailable,west-yorkshire,LDT_CITY
106213072,possession-of-weapons,2022-11,53.790070,-1.533756,On or near Chadwick Street,Investigation complete; no suspect identified,west-yorkshire,LDT_CITY
106216076,possession-of-weapons,2022-11,53.795991,-1.540218,On or near Shopping Area,Court result unavailable,west-yorkshire,LDT_CITY
106200176,possession-of-weapons,2022-11,53.806628,-1.562986,On or near Kelso Place,Unable to prosecute suspect,west-yorkshire,LDT_CITY
106226252,public-order,2022-11,53.801445,-1.551744,On or near Hospital,Court result unavailable,west-yorkshire,LDT_CITY
106216631,public-order,2022-11,53.798870,-1.547991,On or near ,Investigation complete; no suspect identified,west-yorkshire,LDT_CITY
106216812,public-order,2022-11,53.798634,-1.546665,On or near ,Investigation complete; no suspect identified,west-yorkshire,LDT_CITY
106217363,public-order,2022-11,53.798896,-1.543208,On or near ,Investigation complete; no suspect identified,west-yorkshire,LDT_CITY
106210003,public-order,2022-11,53.798816,-1.543376,On or near Lands Lane,Investigation complete; no suspect identified,west-yorkshire,LDT_CITY
106210108,public-order,2022-11,53.797581,-1.544831,On or near ,Unable to prosecute suspect,west-yorkshire,LDT_CITY
106210525,public-order,2022-11,53.798230,-1.537628,On or near ,Status update unavailable,west-yorkshire,LDT_CITY
106210332,public-order,2022-11,53.802493,-1.543579,On or near Merrion Way,Investigation complete; no suspect identified,west-yorkshire,LDT_CITY
106210350,public-order,2022-11,53.799069,-1.550903,On or near Park Square East,Investigation complete; no suspect identified,west-yorkshire,LDT_CITY
106210712,public-order,2022-11,53.797993,-1.541897,On or near ,Investigation complete; no suspect identified,west-yorkshire,LDT_CITY
106211088,public-order,2022-11,53.794263,-1.556465,On or near Riverside Way,Unable to prosecute suspect,west-yorkshire,LDT_CITY
106212292,public-order,2022-11,53.800472,-1.548566,On or near Alexander Street,Investigation complete; no suspect identified,west-yorkshire,LDT_CITY
106200365,public-order,2022-11,53.788971,-1.540219,On or near ,Investigation complete; no suspect identified,west-yorkshire,LDT_CITY
106223910,public-order,2022-11,53.800336,-1.553198,On or near ,Unable to prosecute suspect,west-yorkshire,LDT_CITY
106224569,public-order,2022-11,53.796033,-1.541964,On or near Duncan Street,Unable to prosecute suspect,west-yorkshire,LDT_CITY
106225235,public-order,2022-11,53.799785,-1.526771,On or near Burmantofts Street,Unable to prosecute suspect,west-yorkshire,LDT_CITY
106201778,public-order,2022-11,53.807869,-1.541637,On or near Carlton Gardens,Investigation complete; no suspect identified,west-yorkshire,LDT_CITY
106202812,public-order,2022-11,53.802282,-1.547268,On or near ,Investigation complete; no suspect identified,west-yorkshire,LDT_CITY
106209577,public-order,2022-11,53.801445,-1.551744,On or near ,Unable to prosecute suspect,west-yorkshire,LDT_CITY
106219888,public-order,2022-11,53.798173,-1.539724,On or near Sidney Street,Court result unavailable,west-yorkshire,LDT_CITY
106203921,public-order,2022-11,53.794367,-1.555235,On or near ,Investigation complete; no suspect identified,west-yorkshire,LDT_CITY
106221198,public-order,2022-11,53.802725,-1.559899,On or near Kendal Lane,Unable to prosecute suspect,west-yorkshire,LDT_CITY
106221189,public-order,2022-11,53.801445,-1.551744,On or near ,Unable to prosecute suspect,west-yorkshire,LDT_CITY
106213738,public-order,2022-11,53.800938,-1.543535,On or near ,Investigation complete; no suspect identified,west-yorkshire,LDT_CITY
106213963,public-order,2022-11,53.796834,-1.535886,On or near ,Local resolution,west-yorkshire,LDT_CITY
106215217,public-order,2022-11,53.797864,-1.545800,On or near ,Investigation complete; no suspect identified,west-yorkshire,LDT_CITY
106215601,public-order,2022-11,53.796033,-1.541964,On or near Duncan Street,Unable to prosecute suspect,west-yorkshire,LDT_CITY
106215744,public-order,2022-11,53.798173,-1.539724,On or near Sidney Street,Investigation complete; no suspect identified,west-yorkshire,LDT_CITY
106215912,public-order,2022-11,53.800938,-1.543535,On or near Nightclub,Court result unavailable,west-yorkshire,LDT_CITY
106215641,public-order,2022-11,53.803337,-1.545604,On or near Queen Square,Court result unavailable,west-yorkshire,LDT_CITY
106199170,public-order,2022-11,53.799425,-1.545100,On or near The Headrow,Investigation complete; no suspect identified,west-yorkshire,LDT_CITY
106199580,public-order,2022-11,53.795048,-1.531120,On or near Cotton Street,Further investigation is not in the public interest,west-yorkshire,LDT_CITY
106199609,public-order,2022-11,53.796033,-1.541964,On or near Duncan Street,Investigation complete; no suspect identified,west-yorkshire,LDT_CITY
106201941,public-order,2022-11,53.801445,-1.551744,On or near ,Formal action is not in the public interest,west-yorkshire,LDT_CITY
106224294,public-order,2022-11,53.796033,-1.541964,On or near Duncan Street,Investigation complete; no suspect identified,west-yorkshire,LDT_CITY
106204383,public-order,2022-11,53.805450,-1.536486,On or near Lovell Park View,Investigation complete; no suspect identified,west-yorkshire,LDT_CITY
106205422,public-order,2022-11,53.808352,-1.543257,On or near Carlton Grove,Investigation complete; no suspect identified,west-yorkshire,LDT_CITY
106211312,public-order,2022-11,53.796033,-1.541964,On or near Duncan Street,Local resolution,west-yorkshire,LDT_CITY
106217423,public-order,2022-11,53.795991,-1.540218,On or near ,Court result unavailable,west-yorkshire,LDT_CITY
106200452,public-order,2022-11,53.803013,-1.526977,On or near Lincoln Green Court,Unable to prosecute suspect,west-yorkshire,LDT_CITY
106220514,public-order,2022-11,53.800938,-1.543535,On or near ,Unable to prosecute suspect,west-yorkshire,LDT_CITY
106224050,public-order,2022-11,53.800336,-1.553198,On or near ,Unable to prosecute suspect,west-yorkshire,LDT_CITY
106202125,public-order,2022-11,53.799588,-1.540619,On or near Harrison Street,Investigation complete; no suspect identified,west-yorkshire,LDT_CITY
106202310,public-order,2022-11,53.798896,-1.543208,On or near ,Investigation complete; no suspect identified,west-yorkshire,LDT_CITY
106202424,public-order,2022-11,53.807988,-1.551704,On or near Marlborough Gardens,Investigation complete; no suspect identified,west-yorkshire,LDT_CITY
106202993,public-order,2022-11,53.811051,-1.536910,On or near Sheepscar Street North,Investigation complete; no suspect identified,west-yorkshire,LDT_CITY
106219518,public-order,2022-11,53.796294,-1.532609,On or near Brussels Street,Investigation complete; no suspect identified,west-yorkshire,LDT_CITY
106205509,public-order,2022-11,53.798173,-1.539724,On or near Sidney Street,Investigation complete; no suspect identified,west-yorkshire,LDT_CITY
106206479,public-order,2022-11,53.807885,-1.550445,On or near Blenheim Walk,Investigation complete; no suspect identified,west-yorkshire,LDT_CITY
106210806,public-order,2022-11,53.803497,-1.538162,On or near Grafton Street,Unable to prosecute suspect,west-yorkshire,LDT_CITY
106206721,public-order,2022-11,53.803048,-1.529215,On or near ,Investigation complete; no suspect identified,west-yorkshire,LDT_CITY
106220177,public-order,2022-11,53.794367,-1.555235,On or near ,Investigation complete; no suspect identified,west-yorkshire,LDT_CITY
106206929,public-order,2022-11,53.795751,-1.541949,On or near ,Investigation complete; no suspect identified,west-yorkshire,LDT_CITY
106213146,public-order,2022-11,53.800938,-1.543535,On or near ,Court result unavailable,west-yorkshire,LDT_CITY
106207235,public-order,2022-11,53.796033,-1.541964,On or near Duncan Street,Investigation complete; no suspect identified,west-yorkshire,LDT_CITY
106207769,public-order,2022-11,53.789176,-1.540536,On or near ,Investigation complete; no suspect identified,west-yorkshire,LDT_CITY
106208094,public-order,2022-11,53.801873,-1.553257,On or near St George's Road,Unable to prosecute suspect,west-yorkshire,LDT_CITY
106218407,public-order,2022-11,53.801445,-1.551744,On or near ,Unable to prosecute suspect,west-yorkshire,LDT_CITY
106219238,public-order,2022-11,53.795506,-1.528899,On or near The Garth,Unable to prosecute suspect,west-yorkshire,LDT_CITY
106219443,public-order,2022-11,53.809171,-1.553210,On or near Kingston Terrace,Investigation complete; no suspect identified,west-yorkshire,LDT_CITY
106204907,public-order,2022-11,53.797144,-1.536183,On or near Leeds Coach Station,Investigation complete; no suspect identified,west-yorkshire,LDT_CITY
106216399,public-order,2022-11,53.798173,-1.539724,On or near Sidney Street,Investigation complete; no suspect identified,west-yorkshire,LDT_CITY
106216528,public-order,2022-11,53.800472,-1.548566,On or near Alexander Street,Investigation complete; no suspect identified,west-yorkshire,LDT_CITY
106211647,public-order,2022-11,53.796792,-1.552552,On or near Britannia Street,Investigation complete; no suspect identified,west-yorkshire,LDT_CITY
106219211,public-order,2022-11,53.795991,-1.540218,On or near ,Unable to prosecute suspect,west-yorkshire,LDT_CITY
106208834,public-order,2022-11,53.799196,-1.537041,On or near Lydia Street,Unable to prosecute suspect,west-yorkshire,LDT_CITY
106212692,public-order,2022-11,53.809171,-1.553210,On or near Kingston Terrace,Unable to prosecute suspect,west-yorkshire,LDT_CITY
106212261,public-order,2022-11,53.796697,-1.546359,On or near Lower Basinghall Street,Local resolution,west-yorkshire,LDT_CITY
106202046,public-order,2022-11,53.797864,-1.545800,On or near ,Investigation complete; no suspect identified,west-yorkshire,LDT_CITY
106213283,public-order,2022-11,53.794964,-1.537330,On or near High Court Lane,Unable to prosecute suspect,west-yorkshire,LDT_CITY
106209380,public-order,2022-11,53.797550,-1.536202,On or near ,Unable to prosecute suspect,west-yorkshire,LDT_CITY
106214124,public-order,2022-11,53.797581,-1.544831,On or near ,Investigation complete; no suspect identified,west-yorkshire,LDT_CITY
106216819,public-order,2022-11,53.799916,-1.539583,On or near North Court,Investigation complete; no suspect identified,west-yorkshire,LDT_CITY
106204312,public-order,2022-11,53.793575,-1.547714,On or near Little Neville Street,Investigation complete; no suspect identified,west-yorkshire,LDT_CITY
106210445,public-order,2022-11,53.799069,-1.550903,On or near Park Square East,Investigation complete; no suspect identified,west-yorkshire,LDT_CITY
106201988,public-order,2022-11,53.795751,-1.541949,On or near ,Investigation complete; no suspect identified,west-yorkshire,LDT_CITY
106204968,public-order,2022-11,53.804590,-1.568519,On or near Westfield Terrace,Unable to prosecute suspect,west-yorkshire,LDT_CITY
106215071,public-order,2022-11,53.802720,-1.541739,On or near Brunswick Terrace,Investigation complete; no suspect identified,west-yorkshire,LDT_CITY
106210804,public-order,2022-11,53.798816,-1.543376,On or near Lands Lane,Court result unavailable,west-yorkshire,LDT_CITY
106211363,public-order,2022-11,53.796033,-1.541964,On or near Duncan Street,Unable to prosecute suspect,west-yorkshire,LDT_CITY
106217831,public-order,2022-11,53.796964,-1.550334,On or near King Street,Unable to prosecute suspect,west-yorkshire,LDT_CITY
106221278,public-order,2022-11,53.796355,-1.536859,On or near Supermarket,Unable to prosecute suspect,west-yorkshire,LDT_CITY
106214084,public-order,2022-11,53.788192,-1.538619,On or near Butterley Street,Unable to prosecute suspect,west-yorkshire,LDT_CITY
106207214,public-order,2022-11,53.796697,-1.546359,On or near Lower Basinghall Street,Investigation complete; no suspect identified,west-yorkshire,LDT_CITY
106212126,public-order,2022-11,53.799860,-1.540776,On or near ,Investigation complete; no suspect identified,west-yorkshire,LDT_CITY
106209711,public-order,2022-11,53.797993,-1.541897,On or near ,Local resolution,west-yorkshire,LDT_CITY
106200261,public-order,2022-11,53.809538,-1.555074,On or near ,Investigation complete; no suspect identified,west-yorkshire,LDT_CITY
106217944,public-order,2022-11,53.803709,-1.525800,On or near Lindsey Gardens,Court result unavailable,west-yorkshire,LDT_CITY
106200337,public-order,2022-11,53.802731,-1.547220,On or near Portland Crescent,Investigation complete; no suspect identified,west-yorkshire,LDT_CITY
106219196,public-order,2022-11,53.787999,-1.546817,On or near Meadow Road,Unable to prosecute suspect,west-yorkshire,LDT_CITY
106212375,public-order,2022-11,53.796525,-1.541290,On or near Central Road,Investigation complete; no suspect identified,west-yorkshire,LDT_CITY
106201587,public-order,2022-11,53.800938,-1.543535,On or near ,Investigation complete; no suspect identified,west-yorkshire,LDT_CITY
106200709,public-order,2022-11,53.801947,-1.556157,On or near Chorley Lane,Unable to prosecute suspect,west-yorkshire,LDT_CITY
106217099,public-order,2022-11,53.803224,-1.528205,On or near Cherry Place,Investigation complete; no suspect identified,west-yorkshire,LDT_CITY
106214465,public-order,2022-11,53.796834,-1.535886,On or near ,Investigation complete; no suspect identified,west-yorkshire,LDT_CITY
106220694,public-order,2022-11,53.793701,-1.543052,On or near Concordia Street,Unable to prosecute suspect,west-yorkshire,LDT_CITY
106215545,public-order,2022-11,53.796697,-1.546359,On or near Lower Basinghall Street,Court result unavailable,west-yorkshire,LDT_CITY
106215550,public-order,2022-11,53.793118,-1.570246,On or near Bruce Lawn,Investigation complete; no suspect identified,west-yorkshire,LDT_CITY
106215698,public-order,2022-11,53.798816,-1.543376,On or near Lands Lane,Unable to prosecute suspect,west-yorkshire,LDT_CITY
106219866,public-order,2022-11,53.800047,-1.545670,On or near ,Investigation complete; no suspect identified,west-yorkshire,LDT_CITY
106203790,public-order,2022-11,53.794939,-1.542628,On or near ,Unable to prosecute suspect,west-yorkshire,LDT_CITY
106211111,public-order,2022-11,53.800736,-1.566600,On or near Cavendish Street,Investigation complete; no suspect identified,west-yorkshire,LDT_CITY
106200907,public-order,2022-11,53.798816,-1.543376,On or near Lands Lane,Investigation complete; no suspect identified,west-yorkshire,LDT_CITY
106212160,public-order,2022-11,53.797581,-1.544831,On or near ,Unable to prosecute suspect,west-yorkshire,LDT_CITY
106208697,public-order,2022-11,53.798173,-1.539724,On or near Sidney Street,Unable to prosecute suspect,west-yorkshire,LDT_CITY
106201215,public-order,2022-11,53.797993,-1.541897,On or near ,Unable to prosecute suspect,west-yorkshire,LDT_CITY
106210304,public-order,2022-11,53.797975,-1.561133,On or near ,Court result unavailable,west-yorkshire,LDT_CITY
106216201,public-order,2022-11,53.798896,-1.543208,On or near ,Investigation complete; no suspect identified,west-yorkshire,LDT_CITY
106217217,public-order,2022-11,53.798896,-1.543208,On or near ,Investigation complete; no suspect identified,west-yorkshire,LDT_CITY
106209914,public-order,2022-11,53.797501,-1.549721,On or near Croft's Court,Unable to prosecute suspect,west-yorkshire,LDT_CITY
106209378,public-order,2022-11,53.807661,-1.543675,On or near Carlton Hill,Unable to prosecute suspect,west-yorkshire,LDT_CITY
106204443,public-order,2022-11,53.795195,-1.548334,On or near ,Investigation complete; no suspect identified,west-yorkshire,LDT_CITY
106212829,public-order,2022-11,53.796033,-1.541964,On or near Duncan Street,Investigation complete; no suspect identified,west-yorkshire,LDT_CITY
106215782,public-order,2022-11,53.795337,-1.545615,On or near Mill Hill,Court result unavailable,west-yorkshire,LDT_CITY
106204943,public-order,2022-11,53.796033,-1.541964,On or near Duncan Street,Status update unavailable,west-yorkshire,LDT_CITY
106199712,public-order,2022-11,53.794939,-1.542628,On or near ,Unable to prosecute suspect,west-yorkshire,LDT_CITY
106209343,public-order,2022-11,53.806285,-1.557736,On or near Cromer Terrace,Investigation complete; no suspect identified,west-yorkshire,LDT_CITY
106223088,public-order,2022-11,53.796033,-1.541964,On or near Duncan Street,Offender given a caution,west-yorkshire,LDT_CITY
106222715,public-order,2022-11,53.796525,-1.541290,On or near Central Road,Status update unavailable,west-yorkshire,LDT_CITY
106211896,public-order,2022-11,53.795751,-1.541949,On or near ,Unable to prosecute suspect,west-yorkshire,LDT_CITY
106222408,public-order,2022-11,53.803464,-1.542220,On or near ,Unable to prosecute suspect,west-yorkshire,LDT_CITY
106213041,public-order,2022-11,53.787999,-1.546817,On or near Meadow Road,Investigation complete; no suspect identified,west-yorkshire,LDT_CITY
106221987,public-order,2022-11,53.802725,-1.559899,On or near Kendal Lane,Local resolution,west-yorkshire,LDT_CITY
106226415,public-order,2022-11,53.802720,-1.541739,On or near Brunswick Terrace,Investigation complete; no suspect identified,west-yorkshire,LDT_CITY
106226202,public-order,2022-11,53.802323,-1.553268,On or near Blundell Street,Court result unavailable,west-yorkshire,LDT_CITY
106206768,public-order,2022-11,53.798173,-1.539724,On or near Sidney Street,Unable to prosecute suspect,west-yorkshire,LDT_CITY
106199824,public-order,2022-11,53.802717,-1.527148,On or near Lincoln Green Road,Investigation complete; no suspect identified,west-yorkshire,LDT_CITY
106215725,public-order,2022-11,53.796033,-1.541964,On or near Duncan Street,Unable to prosecute suspect,west-yorkshire,LDT_CITY
106206967,public-order,2022-11,53.795991,-1.540218,On or near ,Investigation complete; no suspect identified,west-yorkshire,LDT_CITY
106218744,public-order,2022-11,53.805318,-1.568663,On or near Rillbank Lane,Investigation complete; no suspect identified,west-yorkshire,LDT_CITY
106207386,public-order,2022-11,53.800683,-1.542763,On or near Merrion Street,Investigation complete; no suspect identified,west-yorkshire,LDT_CITY
106207756,public-order,2022-11,53.790287,-1.555460,On or near Bath Road,Investigation complete; no suspect identified,west-yorkshire,LDT_CITY
106209723,public-order,2022-11,53.800859,-1.553587,On or near Leighton Place,Investigation complete; no suspect identified,west-yorkshire,LDT_CITY
106199185,public-order,2022-11,53.796033,-1.541964,On or near Duncan Street,Investigation complete; no suspect identified,west-yorkshire,LDT_CITY
106223011,public-order,2022-11,53.793028,-1.531765,On or near Neptune Street,Investigation complete; no suspect identified,west-yorkshire,LDT_CITY
106221815,public-order,2022-11,53.797550,-1.536202,On or near ,Investigation complete; no suspect identified,west-yorkshire,LDT_CITY
106217819,public-order,2022-11,53.796964,-1.550334,On or near King Street,Unable to prosecute suspect,west-yorkshire,LDT_CITY
106199223,public-order,2022-11,53.799069,-1.550903,On or near Park Square East,Unable to prosecute suspect,west-yorkshire,LDT_CITY
106199275,public-order,2022-11,53.789176,-1.540536,On or near ,Investigation complete; no suspect identified,west-yorkshire,LDT_CITY
106222915,public-order,2022-11,53.798747,-1.553609,On or near Somers Place,Investigation complete; no suspect identified,west-yorkshire,LDT_CITY
106219045,public-order,2022-11,53.803388,-1.549658,On or near Hospital,Court result unavailable,west-yorkshire,LDT_CITY
106202322,public-order,2022-11,53.795363,-1.564727,On or near Canal Place,Investigation complete; no suspect identified,west-yorkshire,LDT_CITY
106204813,public-order,2022-11,53.797581,-1.544831,On or near ,Unable to prosecute suspect,west-yorkshire,LDT_CITY
106211007,public-order,2022-11,53.794244,-1.534818,On or near The Chandlers,Investigation complete; no suspect identified,west-yorkshire,LDT_CITY
106213933,public-order,2022-11,53.796834,-1.535886,On or near ,Investigation complete; no suspect identified,west-yorkshire,LDT_CITY
106211900,public-order,2022-11,53.798747,-1.553609,On or near Somers Place,Unable to prosecute suspect,west-yorkshire,LDT_CITY
106223195,public-order,2022-11,53.798173,-1.539724,On or near Sidney Street,Local resolution,west-yorkshire,LDT_CITY
106216442,public-order,2022-11,53.798173,-1.539724,On or near Sidney Street,Court result unavailable,west-yorkshire,LDT_CITY
106210898,public-order,2022-11,53.800047,-1.545670,On or near ,Unable to prosecute suspect,west-yorkshire,LDT_CITY
106210889,public-order,2022-11,53.796525,-1.541290,On or near Central Road,Investigation complete; no suspect identified,west-yorkshire,LDT_CITY
106206147,public-order,2022-11,53.795337,-1.545615,On or near Mill Hill,Local resolution,west-yorkshire,LDT_CITY
106211257,public-order,2022-11,53.797515,-1.558359,On or near Skinner Street,Investigation complete; no suspect identified,west-yorkshire,LDT_CITY
106210813,public-order,2022-11,53.803224,-1.528205,On or near Cherry Place,Investigation complete; no suspect identified,west-yorkshire,LDT_CITY
106210811,public-order,2022-11,53.798896,-1.543208,On or near ,Investigation complete; no suspect identified,west-yorkshire,LDT_CITY
106211256,public-order,2022-11,53.800938,-1.543535,On or near ,Unable to prosecute suspect,west-yorkshire,LDT_CITY
106215167,public-order,2022-11,53.802493,-1.543579,On or near Merrion Way,Unable to prosecute suspect,west-yorkshire,LDT_CITY
106202788,public-order,2022-11,53.799425,-1.545100,On or near The Headrow,Investigation complete; no suspect identified,west-yorkshire,LDT_CITY
106203659,public-order,2022-11,53.796294,-1.532609,On or near Brussels Street,Unable to prosecute suspect,west-yorkshire,LDT_CITY
106202739,public-order,2022-11,53.794939,-1.542628,On or near ,Investigation complete; no suspect identified,west-yorkshire,LDT_CITY
106215592,robbery,2022-11,53.796001,-1.533508,On or near Duke Street,Investigation complete; no suspect identified,west-yorkshire,LDT_CITY
106206271,robbery,2022-11,53.799069,-1.550903,On or near Park Square East,Investigation complete; no suspect identified,west-yorkshire,LDT_CITY
106216635,robbery,2022-11,53.795221,-1.562725,On or near Gotts Road,Investigation complete; no suspect identified,west-yorkshire,LDT_CITY
106214155,robbery,2022-11,53.807647,-1.559103,On or near Lyddon Terrace,Investigation complete; no suspect identified,west-yorkshire,LDT_CITY
106209726,robbery,2022-11,53.797581,-1.544831,On or near ,Investigation complete; no suspect identified,west-yorkshire,LDT_CITY
106216658,robbery,2022-11,53.802639,-1.532448,On or near ,Investigation complete; no suspect identified,west-yorkshire,LDT_CITY
106224675,robbery,2022-11,53.807661,-1.545922,On or near Blenheim Grove,Unable to prosecute suspect,west-yorkshire,LDT_CITY
106206374,robbery,2022-11,53.796033,-1.541964,On or near Duncan Street,Investigation complete; no suspect identified,west-yorkshire,LDT_CITY
106218302,robbery,2022-11,53.806692,-1.539266,On or near Oatland Court,Investigation complete; no suspect identified,west-yorkshire,LDT_CITY
106216949,robbery,2022-11,53.807112,-1.538791,On or near Oatland Drive,Court result unavailable,west-yorkshire,LDT_CITY
106210834,robbery,2022-11,53.798896,-1.543208,On or near ,Investigation complete; no suspect identified,west-yorkshire,LDT_CITY
106219583,robbery,2022-11,53.802282,-1.547268,On or near ,Court result unavailable,west-yorkshire,LDT_CITY
106218664,robbery,2022-11,53.796235,-1.531335,On or near Marsh Lane,Investigation complete; no suspect identified,west-yorkshire,LDT_CITY
106212902,robbery,2022-11,53.797581,-1.544831,On or near ,Unable to prosecute suspect,west-yorkshire,LDT_CITY
106202854,robbery,2022-11,53.807647,-1.559103,On or near Lyddon Terrace,Unable to prosecute suspect,west-yorkshire,LDT_CITY
106210677,robbery,2022-11,53.800683,-1.542763,On or near Merrion Street,Investigation complete; no suspect identified,west-yorkshire,LDT_CITY
106203527,robbery,2022-11,53.794939,-1.542628,On or near ,Court result unavailable,west-yorkshire,LDT_CITY
106199442,robbery,2022-11,53.795337,-1.545615,On or near Mill Hill,Investigation complete; no suspect identified,west-yorkshire,LDT_CITY
106201694,robbery,2022-11,53.796525,-1.541290,On or near Central Road,Investigation complete; no suspect identified,west-yorkshire,LDT_CITY
106200721,robbery,2022-11,53.813070,-1.557391,On or near Cathcart Street,Investigation complete; no suspect identified,west-yorkshire,LDT_CITY
106210714,robbery,2022-11,53.798265,-1.545097,On or near Albion Street,Unable to prosecute suspect,west-yorkshire,LDT_CITY
106226046,robbery,2022-11,53.797581,-1.544831,On or near ,Unable to prosecute suspect,west-yorkshire,LDT_CITY
106219068,robbery,2022-11,53.804667,-1.538529,On or near Lovell Park Gate,Investigation complete; no suspect identified,west-yorkshire,LDT_CITY
106201687,robbery,2022-11,53.797864,-1.545800,On or near ,Investigation complete; no suspect identified,west-yorkshire,LDT_CITY
106210394,robbery,2022-11,53.807229,-1.541052,On or near Carlton Carr,Status update unavailable,west-yorkshire,LDT_CITY
106219071,robbery,2022-11,53.804667,-1.538529,On or near Lovell Park Gate,Investigation complete; no suspect identified,west-yorkshire,LDT_CITY
106223476,robbery,2022-11,53.794979,-1.534339,On or near ,Court result unavailable,west-yorkshire,LDT_CITY
106213279,shoplifting,2022-11,53.796697,-1.546359,On or near Lower Basinghall Street,Investigation complete; no suspect identified,west-yorkshire,LDT_CITY
106216065,shoplifting,2022-11,53.798230,-1.537628,On or near ,Investigation complete; no suspect identified,west-yorkshire,LDT_CITY
106210330,shoplifting,2022-11,53.802493,-1.543579,On or near Merrion Way,Investigation complete; no suspect identified,west-yorkshire,LDT_CITY
106200407,shoplifting,2022-11,53.799588,-1.540619,On or near Harrison Street,Investigation complete; no suspect identified,west-yorkshire,LDT_CITY
106216311,shoplifting,2022-11,53.796792,-1.552552,On or near Britannia Street,Unable to prosecute suspect,west-yorkshire,LDT_CITY
106207747,shoplifting,2022-11,53.795337,-1.545615,On or near Mill Hill,Court result unavailable,west-yorkshire,LDT_CITY
106209627,shoplifting,2022-11,53.800938,-1.543535,On or near ,Investigation complete; no suspect identified,west-yorkshire,LDT_CITY
106216410,shoplifting,2022-11,53.798230,-1.537628,On or near ,Investigation complete; no suspect identified,west-yorkshire,LDT_CITY
106215790,shoplifting,2022-11,53.798230,-1.537628,On or near ,Unable to prosecute suspect,west-yorkshire,LDT_CITY
106223210,shoplifting,2022-11,53.800938,-1.543535,On or near ,Formal action is not in the public interest,west-yorkshire,LDT_CITY
106203592,shoplifting,2022-11,53.798775,-1.544378,On or near King Charles Street,Investigation complete; no suspect identified,west-yorkshire,LDT_CITY
106199658,shoplifting,2022-11,53.788971,-1.540219,On or near ,Investigation complete; no suspect identified,west-yorkshire,LDT_CITY
106200606,shoplifting,2022-11,53.798896,-1.543208,On or near ,Investigation complete; no suspect identified,west-yorkshire,LDT_CITY
106216745,shoplifting,2022-11,53.804002,-1.531643,On or near ,Investigation complete; no suspect identified,west-yorkshire,LDT_CITY
106215712,shoplifting,2022-11,53.798230,-1.537628,On or near ,Court result unavailable,west-yorkshire,LDT_CITY
106211815,shoplifting,2022-11,53.798230,-1.537628,On or near ,Investigation complete; no suspect identified,west-yorkshire,LDT_CITY
106210828,shoplifting,2022-11,53.798896,-1.543208,On or near ,Investigation complete; no suspect identified,west-yorkshire,LDT_CITY
106224204,shoplifting,2022-11,53.798775,-1.544378,On or near King Charles Street,Court result unavailable,west-yorkshire,LDT_CITY
106203855,shoplifting,2022-11,53.798230,-1.537628,On or near ,Investigation complete; no suspect identified,west-yorkshire,LDT_CITY
106212274,shoplifting,2022-11,53.798816,-1.543376,On or near Lands Lane,Unable to prosecute suspect,west-yorkshire,LDT_CITY
106225981,shoplifting,2022-11,53.803388,-1.549658,On or near ,Unable to prosecute suspect,west-yorkshire,LDT_CITY
106211734,shoplifting,2022-11,53.800047,-1.545670,On or near ,Investigation complete; no suspect identified,west-yorkshire,LDT_CITY
106226019,shoplifting,2022-11,53.793468,-1.538500,On or near Kendell Street,Court result unavailable,west-yorkshire,LDT_CITY
106215714,shoplifting,2022-11,53.798230,-1.537628,On or near ,Investigation complete; no suspect identified,west-yorkshire,LDT_CITY
106200858,shoplifting,2022-11,53.802493,-1.543579,On or near Merrion Way,Investigation complete; no suspect identified,west-yorkshire,LDT_CITY
106212419,shoplifting,2022-11,53.798230,-1.537628,On or near ,Investigation complete; no suspect identified,west-yorkshire,LDT_CITY
106205124,shoplifting,2022-11,53.797864,-1.545800,On or near ,Investigation complete; no suspect identified,west-yorkshire,LDT_CITY
106200363,shoplifting,2022-11,53.788971,-1.540219,On or near ,Investigation complete; no suspect identified,west-yorkshire,LDT_CITY
106217727,shoplifting,2022-11,53.788192,-1.538619,On or near Butterley Street,Investigation complete; no suspect identified,west-yorkshire,LDT_CITY
106199749,shoplifting,2022-11,53.796697,-1.546359,On or near Lower Basinghall Street,Local resolution,west-yorkshire,LDT_CITY
106204607,shoplifting,2022-11,53.800938,-1.543535,On or near ,Investigation complete; no suspect identified,west-yorkshire,LDT_CITY
106210833,shoplifting,2022-11,53.798896,-1.543208,On or near ,Investigation complete; no suspect identified,west-yorkshire,LDT_CITY
106199002,shoplifting,2022-11,53.796697,-1.546359,On or near Lower Basinghall Street,Investigation complete; no suspect identified,west-yorkshire,LDT_CITY
106207094,shoplifting,2022-11,53.796525,-1.541290,On or near Central Road,Investigation complete; no suspect identified,west-yorkshire,LDT_CITY
106209080,shoplifting,2022-11,53.790990,-1.563376,On or near Springwell Street,Court result unavailable,west-yorkshire,LDT_CITY
106216400,shoplifting,2022-11,53.798230,-1.537628,On or near ,Investigation complete; no suspect identified,west-yorkshire,LDT_CITY
106205347,shoplifting,2022-11,53.796697,-1.546359,On or near Lower Basinghall Street,Investigation complete; no suspect identified,west-yorkshire,LDT_CITY
106209638,shoplifting,2022-11,53.798173,-1.539724,On or near Sidney Street,Investigation complete; no suspect identified,west-yorkshire,LDT_CITY
106199296,shoplifting,2022-11,53.794367,-1.555235,On or near ,Investigation complete; no suspect identified,west-yorkshire,LDT_CITY
106207497,shoplifting,2022-11,53.795337,-1.545615,On or near Mill Hill,Investigation complete; no suspect identified,west-yorkshire,LDT_CITY
106215688,shoplifting,2022-11,53.798230,-1.537628,On or near ,Court result unavailable,west-yorkshire,LDT_CITY
106207665,shoplifting,2022-11,53.794080,-1.544009,On or near ,Investigation complete; no suspect identified,west-yorkshire,LDT_CITY
106207819,shoplifting,2022-11,53.797581,-1.544831,On or near ,Investigation complete; no suspect identified,west-yorkshire,LDT_CITY
106215693,shoplifting,2022-11,53.798230,-1.537628,On or near ,Court result unavailable,west-yorkshire,LDT_CITY
106207922,shoplifting,2022-11,53.797864,-1.545800,On or near ,Investigation complete; no suspect identified,west-yorkshire,LDT_CITY
106215356,shoplifting,2022-11,53.798230,-1.537628,On or near ,Investigation complete; no suspect identified,west-yorkshire,LDT_CITY
106198976,shoplifting,2022-11,53.804002,-1.531643,On or near ,Investigation complete; no suspect identified,west-yorkshire,LDT_CITY
106220785,shoplifting,2022-11,53.797993,-1.541897,On or near ,Unable to prosecute suspect,west-yorkshire,LDT_CITY
106225554,shoplifting,2022-11,53.795337,-1.545615,On or near Mill Hill,Court result unavailable,west-yorkshire,LDT_CITY
106215269,shoplifting,2022-11,53.798230,-1.537628,On or near Shopping Area,Court result unavailable,west-yorkshire,LDT_CITY
106219907,shoplifting,2022-11,53.797581,-1.544831,On or near ,Local resolution,west-yorkshire,LDT_CITY
106208257,shoplifting,2022-11,53.798775,-1.544378,On or near King Charles Street,Further investigation is not in the public interest,west-yorkshire,LDT_CITY
106219493,shoplifting,2022-11,53.796697,-1.546359,On or near Lower Basinghall Street,Unable to prosecute suspect,west-yorkshire,LDT_CITY
106211467,shoplifting,2022-11,53.798896,-1.543208,On or near ,Investigation complete; no suspect identified,west-yorkshire,LDT_CITY
106217684,shoplifting,2022-11,53.800584,-1.561880,On or near Rutland Mount,Court result unavailable,west-yorkshire,LDT_CITY
106204653,shoplifting,2022-11,53.796525,-1.541290,On or near Central Road,Unable to prosecute suspect,west-yorkshire,LDT_CITY
106216697,shoplifting,2022-11,53.804002,-1.531643,On or near ,Investigation complete; no suspect identified,west-yorkshire,LDT_CITY
106200667,shoplifting,2022-11,53.797864,-1.545800,On or near ,Investigation complete; no suspect identified,west-yorkshire,LDT_CITY
106216147,shoplifting,2022-11,53.796697,-1.546359,On or near Lower Basinghall Street,Unable to prosecute suspect,west-yorkshire,LDT_CITY
106214873,shoplifting,2022-11,53.798230,-1.537628,On or near ,Investigation complete; no suspect identified,west-yorkshire,LDT_CITY
106219974,shoplifting,2022-11,53.796697,-1.546359,On or near Lower Basinghall Street,Court result unavailable,west-yorkshire,LDT_CITY
106221116,shoplifting,2022-11,53.789999,-1.540967,On or near Junction Street,Court result unavailable,west-yorkshire,LDT_CITY
106213030,shoplifting,2022-11,53.798144,-1.539284,On or near Harewood Street,Investigation complete; no suspect identified,west-yorkshire,LDT_CITY
106209753,shoplifting,2022-11,53.796792,-1.552552,On or near Britannia Street,Unable to prosecute suspect,west-yorkshire,LDT_CITY
106219242,shoplifting,2022-11,53.796697,-1.546359,On or near Lower Basinghall Street,Court result unavailable,west-yorkshire,LDT_CITY
106213205,shoplifting,2022-11,53.802493,-1.543579,On or near Merrion Way,Investigation complete; no suspect identified,west-yorkshire,LDT_CITY
106211351,shoplifting,2022-11,53.800938,-1.543535,On or near ,Investigation complete; no suspect identified,west-yorkshire,LDT_CITY
106210203,shoplifting,2022-11,53.803388,-1.549658,On or near ,Investigation complete; no suspect identified,west-yorkshire,LDT_CITY
106206488,shoplifting,2022-11,53.798775,-1.544378,On or near King Charles Street,Investigation complete; no suspect identified,west-yorkshire,LDT_CITY
106211287,shoplifting,2022-11,53.798775,-1.544378,On or near King Charles Street,Unable to prosecute suspect,west-yorkshire,LDT_CITY
106220467,shoplifting,2022-11,53.798896,-1.543208,On or near ,Investigation complete; no suspect identified,west-yorkshire,LDT_CITY
106199743,shoplifting,2022-11,53.796697,-1.546359,On or near Lower Basinghall Street,Investigation complete; no suspect identified,west-yorkshire,LDT_CITY
106222272,shoplifting,2022-11,53.798230,-1.537628,On or near ,Investigation complete; no suspect identified,west-yorkshire,LDT_CITY
106219912,shoplifting,2022-11,53.796697,-1.546359,On or near Lower Basinghall Street,Court result unavailable,west-yorkshire,LDT_CITY
106222655,shoplifting,2022-11,53.795337,-1.545615,On or near Mill Hill,Court result unavailable,west-yorkshire,LDT_CITY
106203905,shoplifting,2022-11,53.788192,-1.538619,On or near Butterley Street,Investigation complete; no suspect identified,west-yorkshire,LDT_CITY
106221755,shoplifting,2022-11,53.798762,-1.545654,On or near Butts Court,Investigation complete; no suspect identified,west-yorkshire,LDT_CITY
106208692,shoplifting,2022-11,53.798230,-1.537628,On or near ,Unable to prosecute suspect,west-yorkshire,LDT_CITY
106209913,shoplifting,2022-11,53.802493,-1.543579,On or near Merrion Way,Investigation complete; no suspect identified,west-yorkshire,LDT_CITY
106200043,shoplifting,2022-11,53.798230,-1.537628,On or near ,Investigation complete; no suspect identified,west-yorkshire,LDT_CITY
106217690,shoplifting,2022-11,53.800584,-1.561880,On or near Rutland Mount,Court result unavailable,west-yorkshire,LDT_CITY
106219614,shoplifting,2022-11,53.798230,-1.537628,On or near Shopping Area,Unable to prosecute suspect,west-yorkshire,LDT_CITY
106220364,shoplifting,2022-11,53.796033,-1.541964,On or near Duncan Street,Court result unavailable,west-yorkshire,LDT_CITY
106207278,shoplifting,2022-11,53.798363,-1.544671,On or near ,Unable to prosecute suspect,west-yorkshire,LDT_CITY
106219870,shoplifting,2022-11,53.788745,-1.542165,On or near Kidacre Street,Investigation complete; no suspect identified,west-yorkshire,LDT_CITY
106201698,shoplifting,2022-11,53.800938,-1.543535,On or near Nightclub,Court result unavailable,west-yorkshire,LDT_CITY
106206066,shoplifting,2022-11,53.797993,-1.541897,On or near ,Investigation complete; no suspect identified,west-yorkshire,LDT_CITY
106213215,shoplifting,2022-11,53.802493,-1.543579,On or near Merrion Way,Investigation complete; no suspect identified,west-yorkshire,LDT_CITY
106201325,shoplifting,2022-11,53.788745,-1.542165,On or near Kidacre Street,Investigation complete; no suspect identified,west-yorkshire,LDT_CITY
106201478,shoplifting,2022-11,53.794367,-1.555235,On or near ,Investigation complete; no suspect identified,west-yorkshire,LDT_CITY
106220775,shoplifting,2022-11,53.796697,-1.546359,On or near Lower Basinghall Street,Unable to prosecute suspect,west-yorkshire,LDT_CITY
106221903,shoplifting,2022-11,53.798230,-1.537628,On or near ,Court result unavailable,west-yorkshire,LDT_CITY
106201653,shoplifting,2022-11,53.800938,-1.543535,On or near ,Investigation complete; no suspect identified,west-yorkshire,LDT_CITY
106208546,shoplifting,2022-11,53.804002,-1.531643,On or near ,Investigation complete; no suspect identified,west-yorkshire,LDT_CITY
106208542,shoplifting,2022-11,53.804002,-1.531643,On or near ,Investigation complete; no suspect identified,west-yorkshire,LDT_CITY
106209030,shoplifting,2022-11,53.797581,-1.544831,On or near ,Court result unavailable,west-yorkshire,LDT_CITY
106202202,shoplifting,2022-11,53.796697,-1.546359,On or near Lower Basinghall Street,Investigation complete; no suspect identified,west-yorkshire,LDT_CITY
106209667,shoplifting,2022-11,53.800938,-1.543535,On or near ,Investigation complete; no suspect identified,west-yorkshire,LDT_CITY
106205409,shoplifting,2022-11,53.797993,-1.541897,On or near ,Investigation complete; no suspect identified,west-yorkshire,LDT_CITY
106202400,shoplifting,2022-11,53.797501,-1.549721,On or near Croft's Court,Investigation complete; no suspect identified,west-yorkshire,LDT_CITY
106202464,shoplifting,2022-11,53.793468,-1.538500,On or near Kendell Street,Investigation complete; no suspect identified,west-yorkshire,LDT_CITY
106208283,shoplifting,2022-11,53.798775,-1.544378,On or near King Charles Street,Unable to prosecute suspect,west-yorkshire,LDT_CITY
106217932,shoplifting,2022-11,53.796697,-1.546359,On or near Lower Basinghall Street,Court result unavailable,west-yorkshire,LDT_CITY
106225374,shoplifting,2022-11,53.798230,-1.537628,On or near ,Court result unavailable,west-yorkshire,LDT_CITY
106207858,shoplifting,2022-11,53.795337,-1.545615,On or near Mill Hill,Court result unavailable,west-yorkshire,LDT_CITY
106209213,shoplifting,2022-11,53.798230,-1.537628,On or near ,Investigation complete; no suspect identified,west-yorkshire,LDT_CITY
106215642,shoplifting,2022-11,53.796697,-1.546359,On or near Lower Basinghall Street,Court result unavailable,west-yorkshire,LDT_CITY
106207119,shoplifting,2022-11,53.789176,-1.540536,On or near ,Investigation complete; no suspect identified,west-yorkshire,LDT_CITY
106205622,shoplifting,2022-11,53.797993,-1.541897,On or near ,Investigation complete; no suspect identified,west-yorkshire,LDT_CITY
106208682,shoplifting,2022-11,53.798230,-1.537628,On or near ,Unable to prosecute suspect,west-yorkshire,LDT_CITY
106206496,shoplifting,2022-11,53.796033,-1.541964,On or near Duncan Street,Investigation complete; no suspect identified,west-yorkshire,LDT_CITY
106224964,shoplifting,2022-11,53.797581,-1.544831,On or near ,Court result unavailable,west-yorkshire,LDT_CITY
106211594,shoplifting,2022-11,53.798775,-1.544378,On or near King Charles Street,Court result unavailable,west-yorkshire,LDT_CITY
106201310,shoplifting,2022-11,53.802493,-1.543579,On or near Merrion Way,Investigation complete; no suspect identified,west-yorkshire,LDT_CITY
106201026,shoplifting,2022-11,53.800938,-1.543535,On or near ,Investigation complete; no suspect identified,west-yorkshire,LDT_CITY
106201014,shoplifting,2022-11,53.799588,-1.540619,On or near Harrison Street,Investigation complete; no suspect identified,west-yorkshire,LDT_CITY
106210917,shoplifting,2022-11,53.798230,-1.537628,On or near ,Unable to prosecute suspect,west-yorkshire,LDT_CITY
106210963,shoplifting,2022-11,53.797501,-1.549721,On or near Croft's Court,Investigation complete; no suspect identified,west-yorkshire,LDT_CITY
106209812,shoplifting,2022-11,53.810826,-1.555911,On or near Moorfield Street,Investigation complete; no suspect identified,west-yorkshire,LDT_CITY
106219007,shoplifting,2022-11,53.798230,-1.537628,On or near ,Court result unavailable,west-yorkshire,LDT_CITY
106211652,shoplifting,2022-11,53.796525,-1.541290,On or near Central Road,Local resolution,west-yorkshire,LDT_CITY
106208969,shoplifting,2022-11,53.796697,-1.546359,On or near Lower Basinghall Street,Court result unavailable,west-yorkshire,LDT_CITY
106207441,shoplifting,2022-11,53.796697,-1.546359,On or near Lower Basinghall Street,Local resolution,west-yorkshire,LDT_CITY
106200226,shoplifting,2022-11,53.797581,-1.544831,On or near ,Investigation complete; no suspect identified,west-yorkshire,LDT_CITY
106212149,shoplifting,2022-11,53.796792,-1.552552,On or near Britannia Street,Court result unavailable,west-yorkshire,LDT_CITY
106207605,shoplifting,2022-11,53.797581,-1.544831,On or near ,Investigation complete; no suspect identified,west-yorkshire,LDT_CITY
106200628,shoplifting,2022-11,53.796697,-1.546359,On or near Lower Basinghall Street,Investigation complete; no suspect identified,west-yorkshire,LDT_CITY
106216426,shoplifting,2022-11,53.798230,-1.537628,On or near ,Investigation complete; no suspect identified,west-yorkshire,LDT_CITY
106219868,shoplifting,2022-11,53.798173,-1.539724,On or near Sidney Street,Investigation complete; no suspect identified,west-yorkshire,LDT_CITY
106207744,shoplifting,2022-11,53.797181,-1.538976,On or near ,Local resolution,west-yorkshire,LDT_CITY
106213708,shoplifting,2022-11,53.795337,-1.545615,On or near Mill Hill,Court result unavailable,west-yorkshire,LDT_CITY
106211297,shoplifting,2022-11,53.796697,-1.546359,On or near Lower Basinghall Street,Court result unavailable,west-yorkshire,LDT_CITY
106215695,shoplifting,2022-11,53.798230,-1.537628,On or near ,Investigation complete; no suspect identified,west-yorkshire,LDT_CITY
106216436,shoplifting,2022-11,53.798230,-1.537628,On or near ,Unable to prosecute suspect,west-yorkshire,LDT_CITY
106202861,shoplifting,2022-11,53.796697,-1.546359,On or near Lower Basinghall Street,Local resolution,west-yorkshire,LDT_CITY
106207872,shoplifting,2022-11,53.796697,-1.546359,On or near Lower Basinghall Street,Investigation complete; no suspect identified,west-yorkshire,LDT_CITY
106223321,shoplifting,2022-11,53.798230,-1.537628,On or near ,Court result unavailable,west-yorkshire,LDT_CITY
106212426,shoplifting,2022-11,53.798230,-1.537628,On or near ,Investigation complete; no suspect identified,west-yorkshire,LDT_CITY
106203530,shoplifting,2022-11,53.796792,-1.552552,On or near Britannia Street,Investigation complete; no suspect identified,west-yorkshire,LDT_CITY
106205344,shoplifting,2022-11,53.796697,-1.546359,On or near Lower Basinghall Street,Investigation complete; no suspect identified,west-yorkshire,LDT_CITY
106221642,shoplifting,2022-11,53.798230,-1.537628,On or near ,Court result unavailable,west-yorkshire,LDT_CITY
106202100,shoplifting,2022-11,53.797864,-1.545800,On or near ,Investigation complete; no suspect identified,west-yorkshire,LDT_CITY
106209759,shoplifting,2022-11,53.798230,-1.537628,On or near ,Court result unavailable,west-yorkshire,LDT_CITY
106215706,shoplifting,2022-11,53.798230,-1.537628,On or near ,Court result unavailable,west-yorkshire,LDT_CITY
106216590,shoplifting,2022-11,53.804002,-1.531643,On or near ,Investigation complete; no suspect identified,west-yorkshire,LDT_CITY
106216384,shoplifting,2022-11,53.798230,-1.537628,On or near ,Unable to prosecute suspect,west-yorkshire,LDT_CITY
106210812,shoplifting,2022-11,53.798896,-1.543208,On or near ,Investigation complete; no suspect identified,west-yorkshire,LDT_CITY
106203936,shoplifting,2022-11,53.794367,-1.555235,On or near ,Investigation complete; no suspect identified,west-yorkshire,LDT_CITY
106222390,shoplifting,2022-11,53.796697,-1.546359,On or near Lower Basinghall Street,Court result unavailable,west-yorkshire,LDT_CITY
106222161,shoplifting,2022-11,53.802493,-1.543579,On or near Merrion Way,Unable to prosecute suspect,west-yorkshire,LDT_CITY
106220828,shoplifting,2022-11,53.797581,-1.544831,On or near ,Investigation complete; no suspect identified,west-yorkshire,LDT_CITY
106206657,shoplifting,2022-11,53.796697,-1.546359,On or near Lower Basinghall Street,Local resolution,west-yorkshire,LDT_CITY
106200131,shoplifting,2022-11,53.789999,-1.540967,On or near Junction Street,Investigation complete; no suspect identified,west-yorkshire,LDT_CITY
106208544,shoplifting,2022-11,53.804002,-1.531643,On or near ,Investigation complete; no suspect identified,west-yorkshire,LDT_CITY
106225922,shoplifting,2022-11,53.788192,-1.538619,On or near Butterley Street,Unable to prosecute suspect,west-yorkshire,LDT_CITY
106213926,shoplifting,2022-11,53.789999,-1.540967,On or near Junction Street,Investigation complete; no suspect identified,west-yorkshire,LDT_CITY
106220933,shoplifting,2022-11,53.798173,-1.539724,On or near Sidney Street,Court result unavailable,west-yorkshire,LDT_CITY
106210820,shoplifting,2022-11,53.798896,-1.543208,On or near ,Investigation complete; no suspect identified,west-yorkshire,LDT_CITY
106224899,shoplifting,2022-11,53.797581,-1.544831,On or near Shopping Area,Investigation complete; no suspect identified,west-yorkshire,LDT_CITY
106207070,shoplifting,2022-11,53.798230,-1.537628,On or near ,Investigation complete; no suspect identified,west-yorkshire,LDT_CITY
106205329,shoplifting,2022-11,53.796525,-1.541290,On or near Central Road,Investigation complete; no suspect identified,west-yorkshire,LDT_CITY
106205354,shoplifting,2022-11,53.796697,-1.546359,On or near Lower Basinghall Street,Investigation complete; no suspect identified,west-yorkshire,LDT_CITY
106211308,shoplifting,2022-11,53.794367,-1.555235,On or near ,Investigation complete; no suspect identified,west-yorkshire,LDT_CITY
106224863,shoplifting,2022-11,53.798230,-1.537628,On or near ,Court result unavailable,west-yorkshire,LDT_CITY
106205440,shoplifting,2022-11,53.796697,-1.546359,On or near Lower Basinghall Street,Local resolution,west-yorkshire,LDT_CITY
106217480,theft-from-the-person,2022-11,53.803337,-1.545604,On or near Queen Square,Investigation complete; no suspect identified,west-yorkshire,LDT_CITY
106221590,theft-from-the-person,2022-11,53.796085,-1.536619,On or near Back York Street,Unable to prosecute suspect,west-yorkshire,LDT_CITY
106207899,theft-from-the-person,2022-11,53.804007,-1.548570,On or near ,Investigation complete; no suspect identified,west-yorkshire,LDT_CITY
106220439,theft-from-the-person,2022-11,53.800938,-1.543535,On or near ,Investigation complete; no suspect identified,west-yorkshire,LDT_CITY
106200632,theft-from-the-person,2022-11,53.796033,-1.541964,On or near Duncan Street,Investigation complete; no suspect identified,west-yorkshire,LDT_CITY
106207025,theft-from-the-person,2022-11,53.798747,-1.553609,On or near Somers Place,Status update unavailable,west-yorkshire,LDT_CITY
106199718,theft-from-the-person,2022-11,53.796697,-1.546359,On or near Lower Basinghall Street,Investigation complete; no suspect identified,west-yorkshire,LDT_CITY
106202945,theft-from-the-person,2022-11,53.796033,-1.541964,On or near Duncan Street,Investigation complete; no suspect identified,west-yorkshire,LDT_CITY
106207223,theft-from-the-person,2022-11,53.800729,-1.535946,On or near Bridge Street,Investigation complete; no suspect identified,west-yorkshire,LDT_CITY
106207264,theft-from-the-person,2022-11,53.796697,-1.546359,On or near Lower Basinghall Street,Investigation complete; no suspect identified,west-yorkshire,LDT_CITY
106206669,theft-from-the-person,2022-11,53.796033,-1.541964,On or near Duncan Street,Investigation complete; no suspect identified,west-yorkshire,LDT_CITY
106202704,theft-from-the-person,2022-11,53.802282,-1.547268,On or near ,Investigation complete; no suspect identified,west-yorkshire,LDT_CITY
106202054,theft-from-the-person,2022-11,53.797181,-1.538976,On or near ,Investigation complete; no suspect identified,west-yorkshire,LDT_CITY
106210926,theft-from-the-person,2022-11,53.796033,-1.541964,On or near Duncan Street,Investigation complete; no suspect identified,west-yorkshire,LDT_CITY
106206384,theft-from-the-person,2022-11,53.797581,-1.544831,On or near ,Investigation complete; no suspect identified,west-yorkshire,LDT_CITY
106219692,theft-from-the-person,2022-11,53.790990,-1.563376,On or near Springwell Street,Investigation complete; no suspect identified,west-yorkshire,LDT_CITY
106202859,theft-from-the-person,2022-11,53.796033,-1.541964,On or near Duncan Street,Investigation complete; no suspect identified,west-yorkshire,LDT_CITY
106211310,theft-from-the-person,2022-11,53.795401,-1.541029,On or near Call Lane,Investigation complete; no suspect identified,west-yorkshire,LDT_CITY
106200792,theft-from-the-person,2022-11,53.794939,-1.542628,On or near ,Investigation complete; no suspect identified,west-yorkshire,LDT_CITY
106211621,theft-from-the-person,2022-11,53.806157,-1.557205,On or near Cromer Road,Status update unavailable,west-yorkshire,LDT_CITY
106207074,theft-from-the-person,2022-11,53.801879,-1.547518,On or near ,Investigation complete; no suspect identified,west-yorkshire,LDT_CITY
106201693,theft-from-the-person,2022-11,53.800712,-1.540865,On or near Cross Belgrave Street,Investigation complete; no suspect identified,west-yorkshire,LDT_CITY
106211466,theft-from-the-person,2022-11,53.795401,-1.541029,On or near Call Lane,Investigation complete; no suspect identified,west-yorkshire,LDT_CITY
106206927,theft-from-the-person,2022-11,53.800938,-1.543535,On or near ,Investigation complete; no suspect identified,west-yorkshire,LDT_CITY
106210309,theft-from-the-person,2022-11,53.797181,-1.538976,On or near ,Investigation complete; no suspect identified,west-yorkshire,LDT_CITY
106211481,theft-from-the-person,2022-11,53.796525,-1.541290,On or near Central Road,Investigation complete; no suspect identified,west-yorkshire,LDT_CITY
106202096,theft-from-the-person,2022-11,53.794964,-1.537330,On or near High Court Lane,Investigation complete; no suspect identified,west-yorkshire,LDT_CITY
106202190,theft-from-the-person,2022-11,53.803388,-1.549658,On or near ,Investigation complete; no suspect identified,west-yorkshire,LDT_CITY
106215362,theft-from-the-person,2022-11,53.800938,-1.543535,On or near ,Investigation complete; no suspect identified,west-yorkshire,LDT_CITY
106202430,theft-from-the-person,2022-11,53.797144,-1.536183,On or near Leeds Coach Station,Investigation complete; no suspect identified,west-yorkshire,LDT_CITY
106211665,theft-from-the-person,2022-11,53.800938,-1.543535,On or near ,Investigation complete; no suspect identified,west-yorkshire,LDT_CITY
106220277,theft-from-the-person,2022-11,53.798896,-1.543208,On or near ,Investigation complete; no suspect identified,west-yorkshire,LDT_CITY
106210692,theft-from-the-person,2022-11,53.795751,-1.541949,On or near ,Investigation complete; no suspect identified,west-yorkshire,LDT_CITY
106211845,theft-from-the-person,2022-11,53.800938,-1.543535,On or near ,Investigation complete; no suspect identified,west-yorkshire,LDT_CITY
106206487,theft-from-the-person,2022-11,53.794939,-1.542628,On or near ,Investigation complete; no suspect identified,west-yorkshire,LDT_CITY
106215180,theft-from-the-person,2022-11,53.799734,-1.562997,On or near Abbey Street,Investigation complete; no suspect identified,west-yorkshire,LDT_CITY
106200875,theft-from-the-person,2022-11,53.794167,-1.547586,On or near ,Status update unavailable,west-yorkshire,LDT_CITY
106207217,theft-from-the-person,2022-11,53.796033,-1.541964,On or near Duncan Street,Investigation complete; no suspect identified,west-yorkshire,LDT_CITY
106202179,theft-from-the-person,2022-11,53.802282,-1.547268,On or near ,Investigation complete; no suspect identified,west-yorkshire,LDT_CITY
106209084,theft-from-the-person,2022-11,53.806157,-1.557205,On or near Cromer Road,Investigation complete; no suspect identified,west-yorkshire,LDT_CITY
106208190,theft-from-the-person,2022-11,53.797581,-1.544831,On or near ,Investigation complete; no suspect identified,west-yorkshire,LDT_CITY
106205791,theft-from-the-person,2022-11,53.809068,-1.542444,On or near Carlton Place,Unable to prosecute suspect,west-yorkshire,LDT_CITY
106205780,theft-from-the-person,2022-11,53.795153,-1.542125,On or near ,Investigation complete; no suspect identified,west-yorkshire,LDT_CITY
106204346,theft-from-the-person,2022-11,53.794080,-1.544009,On or near ,Investigation complete; no suspect identified,west-yorkshire,LDT_CITY
106205679,theft-from-the-person,2022-11,53.795751,-1.541949,On or near ,Investigation complete; no suspect identified,west-yorkshire,LDT_CITY
106205002,theft-from-the-person,2022-11,53.807080,-1.549269,On or near Churchill Gardens,Investigation complete; no suspect identified,west-yorkshire,LDT_CITY
106204201,theft-from-the-person,2022-11,53.795153,-1.542125,On or near ,Investigation complete; no suspect identified,west-yorkshire,LDT_CITY
106206424,theft-from-the-person,2022-11,53.797581,-1.544831,On or near ,Investigation complete; no suspect identified,west-yorkshire,LDT_CITY
106200657,theft-from-the-person,2022-11,53.795751,-1.541949,On or near ,Investigation complete; no suspect identified,west-yorkshire,LDT_CITY
106207053,theft-from-the-person,2022-11,53.797144,-1.536183,On or near Leeds Coach Station,Investigation complete; no suspect identified,west-yorkshire,LDT_CITY
106210273,theft-from-the-person,2022-11,53.794460,-1.541951,On or near Pitfall Street,Investigation complete; no suspect identified,west-yorkshire,LDT_CITY
106202337,theft-from-the-person,2022-11,53.800938,-1.543535,On or near ,Investigation complete; no suspect identified,west-yorkshire,LDT_CITY
106199425,theft-from-the-person,2022-11,53.800472,-1.548566,On or near Alexander Street,Investigation complete; no suspect identified,west-yorkshire,LDT_CITY
106209308,theft-from-the-person,2022-11,53.800938,-1.543535,On or near ,Investigation complete; no suspect identified,west-yorkshire,LDT_CITY
106219879,theft-from-the-person,2022-11,53.804002,-1.531643,On or near ,Investigation complete; no suspect identified,west-yorkshire,LDT_CITY
106207976,theft-from-the-person,2022-11,53.797144,-1.536183,On or near Leeds Coach Station,Investigation complete; no suspect identified,west-yorkshire,LDT_CITY
106208090,theft-from-the-person,2022-11,53.810009,-1.565836,On or near Hyde Park Road,Investigation complete; no suspect identified,west-yorkshire,LDT_CITY
106214904,theft-from-the-person,2022-11,53.796525,-1.541290,On or near Central Road,Investigation complete; no suspect identified,west-yorkshire,LDT_CITY
106206298,theft-from-the-person,2022-11,53.796697,-1.546359,On or near Lower Basinghall Street,Investigation complete; no suspect identified,west-yorkshire,LDT_CITY
106199683,theft-from-the-person,2022-11,53.795991,-1.540218,On or near ,Investigation complete; no suspect identified,west-yorkshire,LDT_CITY
106224829,theft-from-the-person,2022-11,53.787393,-1.550800,On or near Bowling Green Terrace,Investigation complete; no suspect identified,west-yorkshire,LDT_CITY
106216171,theft-from-the-person,2022-11,53.800938,-1.543535,On or near ,Court result unavailable,west-yorkshire,LDT_CITY
106216422,theft-from-the-person,2022-11,53.802731,-1.547220,On or near Portland Crescent,Status update unavailable,west-yorkshire,LDT_CITY
106199156,theft-from-the-person,2022-11,53.802282,-1.547268,On or near ,Investigation complete; no suspect identified,west-yorkshire,LDT_CITY
106220253,theft-from-the-person,2022-11,53.800938,-1.543535,On or near ,Investigation complete; no suspect identified,west-yorkshire,LDT_CITY
106204039,theft-from-the-person,2022-11,53.800938,-1.543535,On or near ,Investigation complete; no suspect identified,west-yorkshire,LDT_CITY
106203360,theft-from-the-person,2022-11,53.798634,-1.546665,On or near ,Investigation complete; no suspect identified,west-yorkshire,LDT_CITY
106215179,theft-from-the-person,2022-11,53.797581,-1.544831,On or near ,Investigation complete; no suspect identified,west-yorkshire,LDT_CITY
106200599,theft-from-the-person,2022-11,53.802282,-1.547268,On or near ,Investigation complete; no suspect identified,west-yorkshire,LDT_CITY
106211736,theft-from-the-person,2022-11,53.795401,-1.541029,On or near Call Lane,Investigation complete; no suspect identified,west-yorkshire,LDT_CITY
106211235,theft-from-the-person,2022-11,53.795153,-1.542125,On or near ,Investigation complete; no suspect identified,west-yorkshire,LDT_CITY
106200113,theft-from-the-person,2022-11,53.797581,-1.544831,On or near ,Investigation complete; no suspect identified,west-yorkshire,LDT_CITY
106199873,theft-from-the-person,2022-11,53.797581,-1.544831,On or near ,Investigation complete; no suspect identified,west-yorkshire,LDT_CITY
106200252,theft-from-the-person,2022-11,53.797581,-1.544831,On or near ,Investigation complete; no suspect identified,west-yorkshire,LDT_CITY
106203138,theft-from-the-person,2022-11,53.795401,-1.541029,On or near Call Lane,Investigation complete; no suspect identified,west-yorkshire,LDT_CITY
106211879,theft-from-the-person,2022-11,53.800938,-1.543535,On or near ,Investigation complete; no suspect identified,west-yorkshire,LDT_CITY
106206592,theft-from-the-person,2022-11,53.798265,-1.545097,On or near Albion Street,Investigation complete; no suspect identified,west-yorkshire,LDT_CITY
106213358,theft-from-the-person,2022-11,53.795401,-1.541029,On or near Call Lane,Investigation complete; no suspect identified,west-yorkshire,LDT_CITY
106199166,vehicle-crime,2022-11,53.807600,-1.548838,On or near Back Archery Road,Investigation complete; no suspect identified,west-yorkshire,LDT_CITY
106203242,vehicle-crime,2022-11,53.797975,-1.561133,On or near ,Investigation complete; no suspect identified,west-yorkshire,LDT_CITY
106212957,vehicle-crime,2022-11,53.798156,-1.556713,On or near ,Investigation complete; no suspect identified,west-yorkshire,LDT_CITY
106206741,vehicle-crime,2022-11,53.796033,-1.541964,On or near Duncan Street,Investigation complete; no suspect identified,west-yorkshire,LDT_CITY
106199506,vehicle-crime,2022-11,53.798363,-1.544671,On or near ,Investigation complete; no suspect identified,west-yorkshire,LDT_CITY
106206785,vehicle-crime,2022-11,53.798363,-1.544671,On or near ,Investigation complete; no suspect identified,west-yorkshire,LDT_CITY
106204410,vehicle-crime,2022-11,53.797975,-1.561133,On or near ,Investigation complete; no suspect identified,west-yorkshire,LDT_CITY
106200874,vehicle-crime,2022-11,53.804869,-1.546909,On or near ,Investigation complete; no suspect identified,west-yorkshire,LDT_CITY
106222065,vehicle-crime,2022-11,53.789087,-1.533069,On or near Chadwick Street South,Court result unavailable,west-yorkshire,LDT_CITY
106206739,vehicle-crime,2022-11,53.798762,-1.545654,On or near Butts Court,Investigation complete; no suspect identified,west-yorkshire,LDT_CITY
106213826,vehicle-crime,2022-11,53.790990,-1.563376,On or near Springwell Street,Investigation complete; no suspect identified,west-yorkshire,LDT_CITY
106203262,vehicle-crime,2022-11,53.797975,-1.561133,On or near ,Investigation complete; no suspect identified,west-yorkshire,LDT_CITY
106203996,vehicle-crime,2022-11,53.800000,-1.561931,On or near Rutland Terrace,Investigation complete; no suspect identified,west-yorkshire,LDT_CITY
106199263,vehicle-crime,2022-11,53.807694,-1.558743,On or near ,Investigation complete; no suspect identified,west-yorkshire,LDT_CITY
106225498,vehicle-crime,2022-11,53.789087,-1.533069,On or near Chadwick Street South,Court result unavailable,west-yorkshire,LDT_CITY
106201247,vehicle-crime,2022-11,53.793037,-1.560319,On or near Whitehall,Investigation complete; no suspect identified,west-yorkshire,LDT_CITY
106202791,vehicle-crime,2022-11,53.804002,-1.531643,On or near ,Investigation complete; no suspect identified,west-yorkshire,LDT_CITY
106204512,vehicle-crime,2022-11,53.798668,-1.561444,On or near West Street,Investigation complete; no suspect identified,west-yorkshire,LDT_CITY
106204988,vehicle-crime,2022-11,53.790283,-1.551893,On or near Leodis Court,Investigation complete; no suspect identified,west-yorkshire,LDT_CITY
106201731,vehicle-crime,2022-11,53.792888,-1.539660,On or near Waterloo Street,Investigation complete; no suspect identified,west-yorkshire,LDT_CITY
106215229,vehicle-crime,2022-11,53.803224,-1.528205,On or near Cherry Place,Investigation complete; no suspect identified,west-yorkshire,LDT_CITY
106212614,vehicle-crime,2022-11,53.797975,-1.561133,On or near ,Investigation complete; no suspect identified,west-yorkshire,LDT_CITY
106205272,vehicle-crime,2022-11,53.800736,-1.566600,On or near Cavendish Street,Investigation complete; no suspect identified,west-yorkshire,LDT_CITY
106202214,vehicle-crime,2022-11,53.789177,-1.547032,On or near City Walk,Investigation complete; no suspect identified,west-yorkshire,LDT_CITY
106210334,vehicle-crime,2022-11,53.806088,-1.529479,On or near ,Investigation complete; no suspect identified,west-yorkshire,LDT_CITY
106216428,vehicle-crime,2022-11,53.797052,-1.557043,On or near Grove Street,Investigation complete; no suspect identified,west-yorkshire,LDT_CITY
106208520,vehicle-crime,2022-11,53.798156,-1.556713,On or near ,Status update unavailable,west-yorkshire,LDT_CITY
106208702,vehicle-crime,2022-11,53.799435,-1.562393,On or near Bingley Street,Investigation complete; no suspect identified,west-yorkshire,LDT_CITY
106206309,vehicle-crime,2022-11,53.803405,-1.535354,On or near Concord Street,Investigation complete; no suspect identified,west-yorkshire,LDT_CITY
106200168,vehicle-crime,2022-11,53.804007,-1.548570,On or near ,Investigation complete; no suspect identified,west-yorkshire,LDT_CITY
106208701,vehicle-crime,2022-11,53.803405,-1.535354,On or near Concord Street,Investigation complete; no suspect identified,west-yorkshire,LDT_CITY
106220064,vehicle-crime,2022-11,53.797762,-1.537998,On or near George Street,Court result unavailable,west-yorkshire,LDT_CITY
106219842,vehicle-crime,2022-11,53.794263,-1.556465,On or near Riverside Way,Investigation complete; no suspect identified,west-yorkshire,LDT_CITY
106222777,vehicle-crime,2022-11,53.799196,-1.537041,On or near Lydia Street,Investigation complete; no suspect identified,west-yorkshire,LDT_CITY
106212769,vehicle-crime,2022-11,53.797975,-1.561133,On or near ,Investigation complete; no suspect identified,west-yorkshire,LDT_CITY
106208457,vehicle-crime,2022-11,53.788325,-1.549986,On or near Sweet Street,Investigation complete; no suspect identified,west-yorkshire,LDT_CITY
106211679,vehicle-crime,2022-11,53.794979,-1.534339,On or near ,Investigation complete; no suspect identified,west-yorkshire,LDT_CITY
106216253,vehicle-crime,2022-11,53.797052,-1.557043,On or near Grove Street,Investigation complete; no suspect identified,west-yorkshire,LDT_CITY
106215993,vehicle-crime,2022-11,53.797975,-1.561133,On or near ,Investigation complete; no suspect identified,west-yorkshire,LDT_CITY
106208790,vehicle-crime,2022-11,53.804667,-1.538529,On or near Lovell Park Gate,Investigation complete; no suspect identified,west-yorkshire,LDT_CITY
106212191,vehicle-crime,2022-11,53.798063,-1.527655,On or near ,Investigation complete; no suspect identified,west-yorkshire,LDT_CITY
106212977,vehicle-crime,2022-11,53.797975,-1.561133,On or near ,Investigation complete; no suspect identified,west-yorkshire,LDT_CITY
106214596,vehicle-crime,2022-11,53.806088,-1.529479,On or near ,Investigation complete; no suspect identified,west-yorkshire,LDT_CITY
106199320,vehicle-crime,2022-11,53.788270,-1.544796,On or near Holmes Street,Investigation complete; no suspect identified,west-yorkshire,LDT_CITY
106222098,vehicle-crime,2022-11,53.797537,-1.557053,On or near Lisbon Street,Unable to prosecute suspect,west-yorkshire,LDT_CITY
106215364,vehicle-crime,2022-11,53.807112,-1.538791,On or near Oatland Drive,Investigation complete; no suspect identified,west-yorkshire,LDT_CITY
106202413,vehicle-crime,2022-11,53.799936,-1.537655,On or near Templar Street,Investigation complete; no suspect identified,west-yorkshire,LDT_CITY
106200568,vehicle-crime,2022-11,53.794635,-1.528954,On or near The Lane,Investigation complete; no suspect identified,west-yorkshire,LDT_CITY
106217145,vehicle-crime,2022-11,53.799435,-1.562393,On or near Bingley Street,Investigation complete; no suspect identified,west-yorkshire,LDT_CITY
106210062,vehicle-crime,2022-11,53.789259,-1.549718,On or near Ingram Street,Investigation complete; no suspect identified,west-yorkshire,LDT_CITY
106212387,vehicle-crime,2022-11,53.793694,-1.529663,On or near Richmond Street,Investigation complete; no suspect identified,west-yorkshire,LDT_CITY
106203484,vehicle-crime,2022-11,53.808881,-1.564587,On or near Moorland Avenue,Investigation complete; no suspect identified,west-yorkshire,LDT_CITY
106217223,vehicle-crime,2022-11,53.795363,-1.564727,On or near Canal Place,Unable to prosecute suspect,west-yorkshire,LDT_CITY
106203797,vehicle-crime,2022-11,53.796792,-1.552552,On or near Britannia Street,Investigation complete; no suspect identified,west-yorkshire,LDT_CITY
106203867,vehicle-crime,2022-11,53.798668,-1.561444,On or near West Street,Investigation complete; no suspect identified,west-yorkshire,LDT_CITY
106214203,vehicle-crime,2022-11,53.790418,-1.537820,On or near Sheaf Street,Investigation complete; no suspect identified,west-yorkshire,LDT_CITY
106212529,vehicle-crime,2022-11,53.797975,-1.561133,On or near ,Investigation complete; no suspect identified,west-yorkshire,LDT_CITY
106200946,vehicle-crime,2022-11,53.797975,-1.561133,On or near ,Investigation complete; no suspect identified,west-yorkshire,LDT_CITY
106200993,vehicle-crime,2022-11,53.810150,-1.540929,On or near Oatland Close,Investigation complete; no suspect identified,west-yorkshire,LDT_CITY
106201106,vehicle-crime,2022-11,53.807146,-1.566959,On or near Woodsley Green,Investigation complete; no suspect identified,west-yorkshire,LDT_CITY
106212530,vehicle-crime,2022-11,53.797975,-1.561133,On or near ,Investigation complete; no suspect identified,west-yorkshire,LDT_CITY
106217228,vehicle-crime,2022-11,53.794263,-1.556465,On or near Riverside Way,Investigation complete; no suspect identified,west-yorkshire,LDT_CITY
106203018,vehicle-crime,2022-11,53.795750,-1.550104,On or near Aire Street,Investigation complete; no suspect identified,west-yorkshire,LDT_CITY
106203086,vehicle-crime,2022-11,53.789177,-1.547032,On or near City Walk,Investigation complete; no suspect identified,west-yorkshire,LDT_CITY
106203175,vehicle-crime,2022-11,53.795363,-1.564727,On or near Canal Place,Investigation complete; no suspect identified,west-yorkshire,LDT_CITY
106204587,vehicle-crime,2022-11,53.805574,-1.562405,On or near Kelso Street,Investigation complete; no suspect identified,west-yorkshire,LDT_CITY
106204761,vehicle-crime,2022-11,53.796169,-1.558859,On or near ,Investigation complete; no suspect identified,west-yorkshire,LDT_CITY
106204764,vehicle-crime,2022-11,53.801533,-1.570949,On or near Washington Street,Investigation complete; no suspect identified,west-yorkshire,LDT_CITY
106199555,vehicle-crime,2022-11,53.794367,-1.555235,On or near ,Investigation complete; no suspect identified,west-yorkshire,LDT_CITY
106225479,vehicle-crime,2022-11,53.797537,-1.557053,On or near Lisbon Street,Unable to prosecute suspect,west-yorkshire,LDT_CITY
106206133,vehicle-crime,2022-11,53.806157,-1.557205,On or near Cromer Road,Investigation complete; no suspect identified,west-yorkshire,LDT_CITY
106206770,vehicle-crime,2022-11,53.804382,-1.537044,On or near Lovell Park Close,Investigation complete; no suspect identified,west-yorkshire,LDT_CITY
106217556,vehicle-crime,2022-11,53.798668,-1.561444,On or near West Street,Unable to prosecute suspect,west-yorkshire,LDT_CITY
106225274,vehicle-crime,2022-11,53.805221,-1.530764,On or near Firth Street,Investigation complete; no suspect identified,west-yorkshire,LDT_CITY
106207466,vehicle-crime,2022-11,53.797847,-1.532061,On or near ,Investigation complete; no suspect identified,west-yorkshire,LDT_CITY
106213298,vehicle-crime,2022-11,53.804869,-1.546909,On or near ,Investigation complete; no suspect identified,west-yorkshire,LDT_CITY
106218152,vehicle-crime,2022-11,53.803405,-1.535354,On or near Concord Street,Investigation complete; no suspect identified,west-yorkshire,LDT_CITY
106219181,vehicle-crime,2022-11,53.804176,-1.563588,On or near St John's Road,Investigation complete; no suspect identified,west-yorkshire,LDT_CITY
106200905,vehicle-crime,2022-11,53.796779,-1.537067,On or near ,Investigation complete; no suspect identified,west-yorkshire,LDT_CITY
106219516,vehicle-crime,2022-11,53.790283,-1.551893,On or near Leodis Court,Investigation complete; no suspect identified,west-yorkshire,LDT_CITY
106204527,vehicle-crime,2022-11,53.798668,-1.561444,On or near West Street,Investigation complete; no suspect identified,west-yorkshire,LDT_CITY
106206317,vehicle-crime,2022-11,53.798265,-1.545097,On or near Albion Street,Investigation complete; no suspect identified,west-yorkshire,LDT_CITY
106210907,vehicle-crime,2022-11,53.800938,-1.543535,On or near ,Investigation complete; no suspect identified,west-yorkshire,LDT_CITY
106216828,vehicle-crime,2022-11,53.806446,-1.562320,On or near Back Kelso Road,Unable to prosecute suspect,west-yorkshire,LDT_CITY
106219517,vehicle-crime,2022-11,53.790283,-1.551893,On or near Leodis Court,Investigation complete; no suspect identified,west-yorkshire,LDT_CITY
106209520,vehicle-crime,2022-11,53.797410,-1.554352,On or near Queen Street,Investigation complete; no suspect identified,west-yorkshire,LDT_CITY
106211270,vehicle-crime,2022-11,53.798218,-1.549091,On or near ,Investigation complete; no suspect identified,west-yorkshire,LDT_CITY
106204421,vehicle-crime,2022-11,53.795750,-1.550104,On or near Aire Street,Investigation complete; no suspect identified,west-yorkshire,LDT_CITY
106205015,vehicle-crime,2022-11,53.801255,-1.541755,On or near Belgrave Street,Investigation complete; no suspect identified,west-yorkshire,LDT_CITY
106201510,vehicle-crime,2022-11,53.797975,-1.561133,On or near ,Investigation complete; no suspect identified,west-yorkshire,LDT_CITY
106205457,vehicle-crime,2022-11,53.806692,-1.539266,On or near Oatland Court,Investigation complete; no suspect identified,west-yorkshire,LDT_CITY
106205460,vehicle-crime,2022-11,53.790283,-1.551893,On or near Leodis Court,Investigation complete; no suspect identified,west-yorkshire,LDT_CITY
106200280,vehicle-crime,2022-11,53.789940,-1.549316,On or near Manor Road,Investigation complete; no suspect identified,west-yorkshire,LDT_CITY
106199938,vehicle-crime,2022-11,53.794460,-1.541951,On or near Pitfall Street,Investigation complete; no suspect identified,west-yorkshire,LDT_CITY
106201695,vehicle-crime,2022-11,53.794263,-1.556465,On or near Riverside Way,Investigation complete; no suspect identified,west-yorkshire,LDT_CITY
106218566,violent-crime,2022-11,53.796033,-1.541964,On or near Duncan Street,Court result unavailable,west-yorkshire,LDT_CITY
106214598,violent-crime,2022-11,53.796834,-1.535886,On or near ,Investigation complete; no suspect identified,west-yorkshire,LDT_CITY
106212120,violent-crime,2022-11,53.802263,-1.554058,On or near Inner Ring Road,Unable to prosecute suspect,west-yorkshire,LDT_CITY
106222627,violent-crime,2022-11,53.799916,-1.539583,On or near North Court,Unable to prosecute suspect,west-yorkshire,LDT_CITY
106208322,violent-crime,2022-11,53.801879,-1.547518,On or near ,Unable to prosecute suspect,west-yorkshire,LDT_CITY
106217297,violent-crime,2022-11,53.802282,-1.547268,On or near ,Investigation complete; no suspect identified,west-yorkshire,LDT_CITY
106221911,violent-crime,2022-11,53.795401,-1.541029,On or near Call Lane,Investigation complete; no suspect identified,west-yorkshire,LDT_CITY
106205929,violent-crime,2022-11,53.798668,-1.561444,On or near West Street,Investigation complete; no suspect identified,west-yorkshire,LDT_CITY
106198747,violent-crime,2022-11,53.795401,-1.541029,On or near Call Lane,Investigation complete; no suspect identified,west-yorkshire,LDT_CITY
106205465,violent-crime,2022-11,53.808385,-1.549498,On or near Archery Road,Unable to prosecute suspect,west-yorkshire,LDT_CITY
106215237,violent-crime,2022-11,53.793168,-1.530898,On or near East Street,Investigation complete; no suspect identified,west-yorkshire,LDT_CITY
106211899,violent-crime,2022-11,53.796033,-1.541964,On or near Duncan Street,Investigation complete; no suspect identified,west-yorkshire,LDT_CITY
106213571,violent-crime,2022-11,53.795048,-1.531120,On or near Cotton Street,Unable to prosecute suspect,west-yorkshire,LDT_CITY
106212596,violent-crime,2022-11,53.795006,-1.541307,On or near ,Investigation complete; no suspect identified,west-yorkshire,LDT_CITY
106200531,violent-crime,2022-11,53.790990,-1.563376,On or near Springwell Street,Investigation complete; no suspect identified,west-yorkshire,LDT_CITY
106211163,violent-crime,2022-11,53.811859,-1.550949,On or near Shay Street,Unable to prosecute suspect,west-yorkshire,LDT_CITY
106209204,violent-crime,2022-11,53.789176,-1.540536,On or near ,Unable to prosecute suspect,west-yorkshire,LDT_CITY
106221643,violent-crime,2022-11,53.802954,-1.525718,On or near Lindsey Court,Court result unavailable,west-yorkshire,LDT_CITY
106214947,violent-crime,2022-11,53.801753,-1.564479,On or near Burley Access Road,Court result unavailable,west-yorkshire,LDT_CITY
106435438,violent-crime,2022-11,53.797847,-1.532061,On or near ,Unable to prosecute suspect,west-yorkshire,LDT_CITY
106214593,violent-crime,2022-11,53.796834,-1.535886,On or near ,Investigation complete; no suspect identified,west-yorkshire,LDT_CITY
106203389,violent-crime,2022-11,53.797501,-1.549721,On or near Croft's Court,Offender given a caution,west-yorkshire,LDT_CITY
106200393,violent-crime,2022-11,53.793777,-1.541776,On or near Bridge End,Investigation complete; no suspect identified,west-yorkshire,LDT_CITY
106211086,violent-crime,2022-11,53.807694,-1.558743,On or near ,Unable to prosecute suspect,west-yorkshire,LDT_CITY
106222143,violent-crime,2022-11,53.802493,-1.543579,On or near Merrion Way,Unable to prosecute suspect,west-yorkshire,LDT_CITY
106220207,violent-crime,2022-11,53.799623,-1.535730,On or near Lady Beck Close,Investigation complete; no suspect identified,west-yorkshire,LDT_CITY
106220654,violent-crime,2022-11,53.796033,-1.541964,On or near Duncan Street,Unable to prosecute suspect,west-yorkshire,LDT_CITY
106213353,violent-crime,2022-11,53.796851,-1.551474,On or near Nightclub,Unable to prosecute suspect,west-yorkshire,LDT_CITY
106220485,violent-crime,2022-11,53.800358,-1.533095,On or near Cross Bell Street,Unable to prosecute suspect,west-yorkshire,LDT_CITY
106220493,violent-crime,2022-11,53.802100,-1.537085,On or near St Thomas Row,Court result unavailable,west-yorkshire,LDT_CITY
106200239,violent-crime,2022-11,53.804966,-1.568211,On or near Rosebank Gardens,Unable to prosecute suspect,west-yorkshire,LDT_CITY
106200515,violent-crime,2022-11,53.794460,-1.541951,On or near Pitfall Street,Unable to prosecute suspect,west-yorkshire,LDT_CITY
106200662,violent-crime,2022-11,53.801753,-1.564479,On or near Burley Access Road,Investigation complete; no suspect identified,west-yorkshire,LDT_CITY
106201604,violent-crime,2022-11,53.795401,-1.541029,On or near Call Lane,Unable to prosecute suspect,west-yorkshire,LDT_CITY
106201964,violent-crime,2022-11,53.802263,-1.554058,On or near Inner Ring Road,Investigation complete; no suspect identified,west-yorkshire,LDT_CITY
106202234,violent-crime,2022-11,53.795153,-1.542125,On or near ,Unable to prosecute suspect,west-yorkshire,LDT_CITY
106202733,violent-crime,2022-11,53.796834,-1.535886,On or near ,Unable to prosecute suspect,west-yorkshire,LDT_CITY
106203568,violent-crime,2022-11,53.794979,-1.534339,On or near ,Unable to prosecute suspect,west-yorkshire,LDT_CITY
106204295,violent-crime,2022-11,53.796085,-1.536619,On or near Back York Street,Unable to prosecute suspect,west-yorkshire,LDT_CITY
106206594,violent-crime,2022-11,53.795751,-1.541949,On or near ,Investigation complete; no suspect identified,west-yorkshire,LDT_CITY
106206641,violent-crime,2022-11,53.802263,-1.554058,On or near Inner Ring Road,Status update unavailable,west-yorkshire,LDT_CITY
106206900,violent-crime,2022-11,53.788270,-1.544796,On or near Holmes Street,Investigation complete; no suspect identified,west-yorkshire,LDT_CITY
106207826,violent-crime,2022-11,53.802282,-1.547268,On or near ,Unable to prosecute suspect,west-yorkshire,LDT_CITY
106208006,violent-crime,2022-11,53.795751,-1.541949,On or near ,Unable to prosecute suspect,west-yorkshire,LDT_CITY
106208186,violent-crime,2022-11,53.798173,-1.539724,On or near Sidney Street,Unable to prosecute suspect,west-yorkshire,LDT_CITY
106208329,violent-crime,2022-11,53.807784,-1.537994,On or near Oatland Gardens,Unable to prosecute suspect,west-yorkshire,LDT_CITY
106220212,violent-crime,2022-11,53.813465,-1.542852,On or near Penraevon Avenue,Unable to prosecute suspect,west-yorkshire,LDT_CITY
106220475,violent-crime,2022-11,53.798173,-1.539724,On or near Sidney Street,Court result unavailable,west-yorkshire,LDT_CITY
106208467,violent-crime,2022-11,53.795751,-1.541949,On or near ,Investigation complete; no suspect identified,west-yorkshire,LDT_CITY
106208507,violent-crime,2022-11,53.795751,-1.541949,On or near ,Investigation complete; no suspect identified,west-yorkshire,LDT_CITY
106208642,violent-crime,2022-11,53.798721,-1.549222,On or near East Parade,Investigation complete; no suspect identified,west-yorkshire,LDT_CITY
106208717,violent-crime,2022-11,53.800336,-1.553198,On or near ,Local resolution,west-yorkshire,LDT_CITY
106208912,violent-crime,2022-11,53.811601,-1.549129,On or near North West Road,Investigation complete; no suspect identified,west-yorkshire,LDT_CITY
106209068,violent-crime,2022-11,53.801453,-1.549071,On or near Calverley Street,Investigation complete; no suspect identified,west-yorkshire,LDT_CITY
106209166,violent-crime,2022-11,53.807370,-1.544908,On or near Well Close Rise,Unable to prosecute suspect,west-yorkshire,LDT_CITY
106209494,violent-crime,2022-11,53.795401,-1.541029,On or near Call Lane,Investigation complete; no suspect identified,west-yorkshire,LDT_CITY
106209554,violent-crime,2022-11,53.795048,-1.531120,On or near Cotton Street,Unable to prosecute suspect,west-yorkshire,LDT_CITY
106210180,violent-crime,2022-11,53.797993,-1.541897,On or near ,Investigation complete; no suspect identified,west-yorkshire,LDT_CITY
106210369,violent-crime,2022-11,53.796278,-1.537756,On or near Harper Street,Investigation complete; no suspect identified,west-yorkshire,LDT_CITY
106210486,violent-crime,2022-11,53.802954,-1.525718,On or near Lindsey Court,Unable to prosecute suspect,west-yorkshire,LDT_CITY
106210675,violent-crime,2022-11,53.800938,-1.543535,On or near ,Investigation complete; no suspect identified,west-yorkshire,LDT_CITY
106211368,violent-crime,2022-11,53.795433,-1.526334,On or near Dolphin Street,Unable to prosecute suspect,west-yorkshire,LDT_CITY
106211517,violent-crime,2022-11,53.789087,-1.533069,On or near Chadwick Street South,Investigation complete; no suspect identified,west-yorkshire,LDT_CITY
106211705,violent-crime,2022-11,53.803497,-1.538162,On or near Grafton Street,Unable to prosecute suspect,west-yorkshire,LDT_CITY
106211841,violent-crime,2022-11,53.799623,-1.535730,On or near Lady Beck Close,Unable to prosecute suspect,west-yorkshire,LDT_CITY
106212952,violent-crime,2022-11,53.804851,-1.530464,On or near Ruby Street,Status update unavailable,west-yorkshire,LDT_CITY
106214834,violent-crime,2022-11,53.794939,-1.542628,On or near ,Investigation complete; no suspect identified,west-yorkshire,LDT_CITY
106214973,violent-crime,2022-11,53.797743,-1.547061,On or near Park Row,Investigation complete; no suspect identified,west-yorkshire,LDT_CITY
106215805,violent-crime,2022-11,53.810826,-1.555911,On or near Moorfield Street,Unable to prosecute suspect,west-yorkshire,LDT_CITY
106215901,violent-crime,2022-11,53.795337,-1.545615,On or near Mill Hill,Investigation complete; no suspect identified,west-yorkshire,LDT_CITY
106216080,violent-crime,2022-11,53.807533,-1.564784,On or near St John's Close,Unable to prosecute suspect,west-yorkshire,LDT_CITY
106216553,violent-crime,2022-11,53.798699,-1.547962,On or near Bedford Street,Unable to prosecute suspect,west-yorkshire,LDT_CITY
106216867,violent-crime,2022-11,53.802493,-1.543579,On or near Merrion Way,Investigation complete; no suspect identified,west-yorkshire,LDT_CITY
106217193,violent-crime,2022-11,53.802282,-1.547268,On or near ,Local resolution,west-yorkshire,LDT_CITY
106224426,violent-crime,2022-11,53.795751,-1.541949,On or near Nightclub,Court result unavailable,west-yorkshire,LDT_CITY
106224780,violent-crime,2022-11,53.794688,-1.544559,On or near ,Status update unavailable,west-yorkshire,LDT_CITY
106225327,violent-crime,2022-11,53.800683,-1.542763,On or near Merrion Street,Investigation complete; no suspect identified,west-yorkshire,LDT_CITY
106225876,violent-crime,2022-11,53.789259,-1.549718,On or near Ingram Street,Unable to prosecute suspect,west-yorkshire,LDT_CITY
106222563,violent-crime,2022-11,53.794939,-1.542628,On or near ,Investigation complete; no suspect identified,west-yorkshire,LDT_CITY
106223250,violent-crime,2022-11,53.800047,-1.545670,On or near ,Unable to prosecute suspect,west-yorkshire,LDT_CITY
106202068,violent-crime,2022-11,53.796033,-1.541964,On or near Duncan Street,Investigation complete; no suspect identified,west-yorkshire,LDT_CITY
106212485,violent-crime,2022-11,53.796033,-1.541964,On or near Duncan Street,Unable to prosecute suspect,west-yorkshire,LDT_CITY
106214774,violent-crime,2022-11,53.803709,-1.525800,On or near Lindsey Gardens,Unable to prosecute suspect,west-yorkshire,LDT_CITY
106216039,violent-crime,2022-11,53.795048,-1.531120,On or near Cotton Street,Unable to prosecute suspect,west-yorkshire,LDT_CITY
106218649,violent-crime,2022-11,53.811507,-1.545577,On or near Servia Drive,Unable to prosecute suspect,west-yorkshire,LDT_CITY
106220355,violent-crime,2022-11,53.795401,-1.541029,On or near Call Lane,Unable to prosecute suspect,west-yorkshire,LDT_CITY
106221311,violent-crime,2022-11,53.797762,-1.537998,On or near George Street,Investigation complete; no suspect identified,west-yorkshire,LDT_CITY
106224866,violent-crime,2022-11,53.796033,-1.541964,On or near Duncan Street,Investigation complete; no suspect identified,west-yorkshire,LDT_CITY
106219787,violent-crime,2022-11,53.796697,-1.546359,On or near Lower Basinghall Street,Investigation complete; no suspect identified,west-yorkshire,LDT_CITY
106219891,violent-crime,2022-11,53.795337,-1.545615,On or near Mill Hill,Unable to prosecute suspect,west-yorkshire,LDT_CITY
106220997,violent-crime,2022-11,53.804122,-1.563513,On or near Consort Walk,Unable to prosecute suspect,west-yorkshire,LDT_CITY
106221960,violent-crime,2022-11,53.798896,-1.543208,On or near ,Unable to prosecute suspect,west-yorkshire,LDT_CITY
106222213,violent-crime,2022-11,53.794460,-1.541951,On or near Pitfall Street,Unable to prosecute suspect,west-yorkshire,LDT_CITY
106222370,violent-crime,2022-11,53.800938,-1.543535,On or near ,Investigation complete; no suspect identified,west-yorkshire,LDT_CITY
106222747,violent-crime,2022-11,53.793575,-1.547714,On or near Little Neville Street,Court result unavailable,west-yorkshire,LDT_CITY
106225765,violent-crime,2022-11,53.798816,-1.543376,On or near Lands Lane,Court result unavailable,west-yorkshire,LDT_CITY
106198762,violent-crime,2022-11,53.800712,-1.540865,On or near Cross Belgrave Street,Unable to prosecute suspect,west-yorkshire,LDT_CITY
106219129,violent-crime,2022-11,53.807949,-1.550718,On or near Marlborough Grove,Court result unavailable,west-yorkshire,LDT_CITY
106211740,violent-crime,2022-11,53.798265,-1.545097,On or near Albion Street,Investigation complete; no suspect identified,west-yorkshire,LDT_CITY
106214747,violent-crime,2022-11,53.796033,-1.541964,On or near Duncan Street,Unable to prosecute suspect,west-yorkshire,LDT_CITY
106215334,violent-crime,2022-11,53.796440,-1.569347,On or near Artist Street,Investigation complete; no suspect identified,west-yorkshire,LDT_CITY
106215359,violent-crime,2022-11,53.796440,-1.569347,On or near Artist Street,Investigation complete; no suspect identified,west-yorkshire,LDT_CITY
106216153,violent-crime,2022-11,53.810763,-1.543793,On or near Servia Gardens,Unable to prosecute suspect,west-yorkshire,LDT_CITY
106216285,violent-crime,2022-11,53.796033,-1.541964,On or near Duncan Street,Unable to prosecute suspect,west-yorkshire,LDT_CITY
106216559,violent-crime,2022-11,53.797743,-1.547061,On or near Park Row,Investigation complete; no suspect identified,west-yorkshire,LDT_CITY
106216586,violent-crime,2022-11,53.801873,-1.553257,On or near St George's Road,Unable to prosecute suspect,west-yorkshire,LDT_CITY
106217243,violent-crime,2022-11,53.799860,-1.540776,On or near ,Investigation complete; no suspect identified,west-yorkshire,LDT_CITY
106217563,violent-crime,2022-11,53.797410,-1.554352,On or near Queen Street,Unable to prosecute suspect,west-yorkshire,LDT_CITY
106217710,violent-crime,2022-11,53.808352,-1.543257,On or near Carlton Grove,Unable to prosecute suspect,west-yorkshire,LDT_CITY
106223937,violent-crime,2022-11,53.797581,-1.544831,On or near ,Investigation complete; no suspect identified,west-yorkshire,LDT_CITY
106220560,violent-crime,2022-11,53.798173,-1.539724,On or near Sidney Street,Court result unavailable,west-yorkshire,LDT_CITY
106198811,violent-crime,2022-11,53.793694,-1.529663,On or near Richmond Street,Court result unavailable,west-yorkshire,LDT_CITY
106200587,violent-crime,2022-11,53.798896,-1.543208,On or near ,Investigation complete; no suspect identified,west-yorkshire,LDT_CITY
106200707,violent-crime,2022-11,53.797864,-1.545800,On or near ,Investigation complete; no suspect identified,west-yorkshire,LDT_CITY
106219494,violent-crime,2022-11,53.810025,-1.543710,On or near Grosvenor Hill,Unable to prosecute suspect,west-yorkshire,LDT_CITY
106220328,violent-crime,2022-11,53.804558,-1.564632,On or near Consort View,Unable to prosecute suspect,west-yorkshire,LDT_CITY
106208738,violent-crime,2022-11,53.788745,-1.542165,On or near Kidacre Street,Investigation complete; no suspect identified,west-yorkshire,LDT_CITY
106217546,violent-crime,2022-11,53.810163,-1.551468,On or near Blenheim View,Unable to prosecute suspect,west-yorkshire,LDT_CITY
106221991,violent-crime,2022-11,53.794460,-1.541951,On or near Pitfall Street,Unable to prosecute suspect,west-yorkshire,LDT_CITY
106222631,violent-crime,2022-11,53.811507,-1.545577,On or near Servia Drive,Unable to prosecute suspect,west-yorkshire,LDT_CITY
106199344,violent-crime,2022-11,53.793168,-1.530898,On or near East Street,Investigation complete; no suspect identified,west-yorkshire,LDT_CITY
106199452,violent-crime,2022-11,53.799860,-1.540776,On or near ,Investigation complete; no suspect identified,west-yorkshire,LDT_CITY
106199529,violent-crime,2022-11,53.796033,-1.541964,On or near Duncan Street,Investigation complete; no suspect identified,west-yorkshire,LDT_CITY
106199728,violent-crime,2022-11,53.793575,-1.547714,On or near Little Neville Street,Investigation complete; no suspect identified,west-yorkshire,LDT_CITY
106200084,violent-crime,2022-11,53.798747,-1.553609,On or near Somers Place,Unable to prosecute suspect,west-yorkshire,LDT_CITY
106200271,violent-crime,2022-11,53.795298,-1.552006,On or near Whitehall Quay,Investigation complete; no suspect identified,west-yorkshire,LDT_CITY
106200414,violent-crime,2022-11,53.796033,-1.541964,On or near Duncan Street,Investigation complete; no suspect identified,west-yorkshire,LDT_CITY
106200416,violent-crime,2022-11,53.795337,-1.545615,On or near Mill Hill,Unable to prosecute suspect,west-yorkshire,LDT_CITY
106200426,violent-crime,2022-11,53.796033,-1.541964,On or near Duncan Street,Unable to prosecute suspect,west-yorkshire,LDT_CITY
106200509,violent-crime,2022-11,53.795991,-1.540218,On or near ,Unable to prosecute suspect,west-yorkshire,LDT_CITY
106200555,violent-crime,2022-11,53.790787,-1.547379,On or near Victoria Road,Investigation complete; no suspect identified,west-yorkshire,LDT_CITY
106200596,violent-crime,2022-11,53.794460,-1.541951,On or near Pitfall Street,Investigation complete; no suspect identified,west-yorkshire,LDT_CITY
106200784,violent-crime,2022-11,53.790070,-1.533756,On or near Chadwick Street,Unable to prosecute suspect,west-yorkshire,LDT_CITY
106200835,violent-crime,2022-11,53.795991,-1.540218,On or near ,Unable to prosecute suspect,west-yorkshire,LDT_CITY
106203311,violent-crime,2022-11,53.797501,-1.549721,On or near Croft's Court,Investigation complete; no suspect identified,west-yorkshire,LDT_CITY
106221011,violent-crime,2022-11,53.804122,-1.563513,On or near Consort Walk,Unable to prosecute suspect,west-yorkshire,LDT_CITY
106221122,violent-crime,2022-11,53.803840,-1.560069,On or near Back Hyde Terrace,Unable to prosecute suspect,west-yorkshire,LDT_CITY
106221377,violent-crime,2022-11,53.809171,-1.553210,On or near Kingston Terrace,Unable to prosecute suspect,west-yorkshire,LDT_CITY
106221523,violent-crime,2022-11,53.796033,-1.541964,On or near Duncan Street,Investigation complete; no suspect identified,west-yorkshire,LDT_CITY
106203519,violent-crime,2022-11,53.793575,-1.547714,On or near Little Neville Street,Investigation complete; no suspect identified,west-yorkshire,LDT_CITY
106203598,violent-crime,2022-11,53.802731,-1.547220,On or near Portland Crescent,Unable to prosecute suspect,west-yorkshire,LDT_CITY
106203820,violent-crime,2022-11,53.795991,-1.540218,On or near ,Investigation complete; no suspect identified,west-yorkshire,LDT_CITY
106203919,violent-crime,2022-11,53.792710,-1.549529,On or near Canal Wharf,Investigation complete; no suspect identified,west-yorkshire,LDT_CITY
106204062,violent-crime,2022-11,53.807112,-1.538791,On or near Oatland Drive,Investigation complete; no suspect identified,west-yorkshire,LDT_CITY
106201410,violent-crime,2022-11,53.800430,-1.532988,On or near Bell Street,Unable to prosecute suspect,west-yorkshire,LDT_CITY
106201482,violent-crime,2022-11,53.811859,-1.550949,On or near Shay Street,Unable to prosecute suspect,west-yorkshire,LDT_CITY
106201618,violent-crime,2022-11,53.795153,-1.542125,On or near ,Unable to prosecute suspect,west-yorkshire,LDT_CITY
106201727,violent-crime,2022-11,53.796033,-1.541964,On or near Duncan Street,Investigation complete; no suspect identified,west-yorkshire,LDT_CITY
106201800,violent-crime,2022-11,53.796033,-1.541964,On or near Duncan Street,Investigation complete; no suspect identified,west-yorkshire,LDT_CITY
106202250,violent-crime,2022-11,53.800358,-1.533095,On or near Cross Bell Street,Investigation complete; no suspect identified,west-yorkshire,LDT_CITY
106202507,violent-crime,2022-11,53.788325,-1.549986,On or near Sweet Street,Investigation complete; no suspect identified,west-yorkshire,LDT_CITY
106202780,violent-crime,2022-11,53.804667,-1.538529,On or near Lovell Park Gate,Unable to prosecute suspect,west-yorkshire,LDT_CITY
106204366,violent-crime,2022-11,53.803464,-1.542220,On or near ,Status update unavailable,west-yorkshire,LDT_CITY
106205548,violent-crime,2022-11,53.807539,-1.568929,On or near Hartwell Road,Unable to prosecute suspect,west-yorkshire,LDT_CITY
106205887,violent-crime,2022-11,53.793579,-1.532488,On or near Turlow Court,Unable to prosecute suspect,west-yorkshire,LDT_CITY
106206086,violent-crime,2022-11,53.793579,-1.532488,On or near Turlow Court,Unable to prosecute suspect,west-yorkshire,LDT_CITY
106206266,violent-crime,2022-11,53.807784,-1.537994,On or near Oatland Gardens,Investigation complete; no suspect identified,west-yorkshire,LDT_CITY
106206381,violent-crime,2022-11,53.803405,-1.535354,On or near Concord Street,Unable to prosecute suspect,west-yorkshire,LDT_CITY
106206455,violent-crime,2022-11,53.807784,-1.537994,On or near Oatland Gardens,Unable to prosecute suspect,west-yorkshire,LDT_CITY
106206564,violent-crime,2022-11,53.794460,-1.541951,On or near Pitfall Street,Investigation complete; no suspect identified,west-yorkshire,LDT_CITY
106206665,violent-crime,2022-11,53.800938,-1.543535,On or near ,Investigation complete; no suspect identified,west-yorkshire,LDT_CITY
106206747,violent-crime,2022-11,53.796697,-1.546359,On or near Lower Basinghall Street,Investigation complete; no suspect identified,west-yorkshire,LDT_CITY
106206818,violent-crime,2022-11,53.798634,-1.546665,On or near ,Investigation complete; no suspect identified,west-yorkshire,LDT_CITY
106206974,violent-crime,2022-11,53.800047,-1.545670,On or near ,Unable to prosecute suspect,west-yorkshire,LDT_CITY
106207176,violent-crime,2022-11,53.802282,-1.547268,On or near ,Status update unavailable,west-yorkshire,LDT_CITY
106207951,violent-crime,2022-11,53.797181,-1.538976,On or near ,Investigation complete; no suspect identified,west-yorkshire,LDT_CITY
106208126,violent-crime,2022-11,53.794939,-1.542628,On or near ,Investigation complete; no suspect identified,west-yorkshire,LDT_CITY
106198818,violent-crime,2022-11,53.811507,-1.545577,On or near Servia Drive,Unable to prosecute suspect,west-yorkshire,LDT_CITY
106199195,violent-crime,2022-11,53.799069,-1.550903,On or near Park Square East,Unable to prosecute suspect,west-yorkshire,LDT_CITY
106199225,violent-crime,2022-11,53.799069,-1.550903,On or near Park Square East,Unable to prosecute suspect,west-yorkshire,LDT_CITY
106218353,violent-crime,2022-11,53.794460,-1.541951,On or near Pitfall Street,Status update unavailable,west-yorkshire,LDT_CITY
106218355,violent-crime,2022-11,53.794964,-1.537330,On or near High Court Lane,Court result unavailable,west-yorkshire,LDT_CITY
106219198,violent-crime,2022-11,53.813070,-1.557391,On or near Cathcart Street,Investigation complete; no suspect identified,west-yorkshire,LDT_CITY
106219504,violent-crime,2022-11,53.796033,-1.541964,On or near Duncan Street,Unable to prosecute suspect,west-yorkshire,LDT_CITY
106219818,violent-crime,2022-11,53.803388,-1.549658,On or near ,Unable to prosecute suspect,west-yorkshire,LDT_CITY
106219926,violent-crime,2022-11,53.795405,-1.539876,On or near Assembly Street,Court result unavailable,west-yorkshire,LDT_CITY
106220134,violent-crime,2022-11,53.807080,-1.549269,On or near Churchill Gardens,Status update unavailable,west-yorkshire,LDT_CITY
106220195,violent-crime,2022-11,53.798816,-1.543376,On or near Lands Lane,Unable to prosecute suspect,west-yorkshire,LDT_CITY
106220455,violent-crime,2022-11,53.798721,-1.549222,On or near East Parade,Investigation complete; no suspect identified,west-yorkshire,LDT_CITY
106220547,violent-crime,2022-11,53.796001,-1.533508,On or near Duke Street,Unable to prosecute suspect,west-yorkshire,LDT_CITY
106220719,violent-crime,2022-11,53.801058,-1.532678,On or near Mabgate Green,Unable to prosecute suspect,west-yorkshire,LDT_CITY
106216105,violent-crime,2022-11,53.812483,-1.556592,On or near Raglan Road,Unable to prosecute suspect,west-yorkshire,LDT_CITY
106216309,violent-crime,2022-11,53.803405,-1.535354,On or near Concord Street,Unable to prosecute suspect,west-yorkshire,LDT_CITY
106216756,violent-crime,2022-11,53.796525,-1.541290,On or near Central Road,Unable to prosecute suspect,west-yorkshire,LDT_CITY
106208444,violent-crime,2022-11,53.794460,-1.541951,On or near Pitfall Street,Unable to prosecute suspect,west-yorkshire,LDT_CITY
106208652,violent-crime,2022-11,53.801987,-1.557295,On or near Back Claremont Avenue,Investigation complete; no suspect identified,west-yorkshire,LDT_CITY
106199090,violent-crime,2022-11,53.800938,-1.543535,On or near ,Investigation complete; no suspect identified,west-yorkshire,LDT_CITY
106211127,violent-crime,2022-11,53.805450,-1.536486,On or near Lovell Park View,Action to be taken by another organisation,west-yorkshire,LDT_CITY
106211214,violent-crime,2022-11,53.796355,-1.536859,On or near ,Investigation complete; no suspect identified,west-yorkshire,LDT_CITY
106211227,violent-crime,2022-11,53.798816,-1.543376,On or near Lands Lane,Investigation complete; no suspect identified,west-yorkshire,LDT_CITY
106211271,violent-crime,2022-11,53.800938,-1.543535,On or near ,Unable to prosecute suspect,west-yorkshire,LDT_CITY
106211317,violent-crime,2022-11,53.795751,-1.541949,On or near ,Investigation complete; no suspect identified,west-yorkshire,LDT_CITY
106211509,violent-crime,2022-11,53.806187,-1.560409,On or near Clarendon Road,Unable to prosecute suspect,west-yorkshire,LDT_CITY
106211595,violent-crime,2022-11,53.795991,-1.540218,On or near ,Unable to prosecute suspect,west-yorkshire,LDT_CITY
106211870,violent-crime,2022-11,53.796033,-1.541964,On or near Duncan Street,Investigation complete; no suspect identified,west-yorkshire,LDT_CITY
106211964,violent-crime,2022-11,53.795048,-1.531120,On or near Cotton Street,Investigation complete; no suspect identified,west-yorkshire,LDT_CITY
106212248,violent-crime,2022-11,53.800938,-1.543535,On or near Nightclub,Unable to prosecute suspect,west-yorkshire,LDT_CITY
106212287,violent-crime,2022-11,53.795751,-1.541949,On or near ,Investigation complete; no suspect identified,west-yorkshire,LDT_CITY
106212535,violent-crime,2022-11,53.801879,-1.547518,On or near ,Local resolution,west-yorkshire,LDT_CITY
106212659,violent-crime,2022-11,53.800047,-1.545670,On or near ,Unable to prosecute suspect,west-yorkshire,LDT_CITY
106213003,violent-crime,2022-11,53.808831,-1.530055,On or near Enfield Terrace,Investigation complete; no suspect identified,west-yorkshire,LDT_CITY
106213139,violent-crime,2022-11,53.811385,-1.556285,On or near Crossfield Street,Investigation complete; no suspect identified,west-yorkshire,LDT_CITY
106213320,violent-crime,2022-11,53.806187,-1.560409,On or near Clarendon Road,Unable to prosecute suspect,west-yorkshire,LDT_CITY
106213397,violent-crime,2022-11,53.801873,-1.553257,On or near St George's Road,Unable to prosecute suspect,west-yorkshire,LDT_CITY
106213809,violent-crime,2022-11,53.796697,-1.546359,On or near Lower Basinghall Street,Unable to prosecute suspect,west-yorkshire,LDT_CITY
106213849,violent-crime,2022-11,53.794460,-1.541951,On or near Pitfall Street,Investigation complete; no suspect identified,west-yorkshire,LDT_CITY
106214028,violent-crime,2022-11,53.801873,-1.553257,On or near St George's Road,Unable to prosecute suspect,west-yorkshire,LDT_CITY
106214398,violent-crime,2022-11,53.803224,-1.528205,On or near Cherry Place,Unable to prosecute suspect,west-yorkshire,LDT_CITY
106214458,violent-crime,2022-11,53.794939,-1.542628,On or near Nightclub,Court result unavailable,west-yorkshire,LDT_CITY
106209361,violent-crime,2022-11,53.798816,-1.543376,On or near Lands Lane,Unable to prosecute suspect,west-yorkshire,LDT_CITY
106209440,violent-crime,2022-11,53.798173,-1.539724,On or near Sidney Street,Unable to prosecute suspect,west-yorkshire,LDT_CITY
106210428,violent-crime,2022-11,53.807694,-1.558743,On or near ,Unable to prosecute suspect,west-yorkshire,LDT_CITY
106210542,violent-crime,2022-11,53.802237,-1.532999,On or near Regent Street,Investigation complete; no suspect identified,west-yorkshire,LDT_CITY
106210789,violent-crime,2022-11,53.800938,-1.543535,On or near ,Court result unavailable,west-yorkshire,LDT_CITY
106210835,violent-crime,2022-11,53.804558,-1.564632,On or near Consort View,Investigation complete; no suspect identified,west-yorkshire,LDT_CITY
106210837,violent-crime,2022-11,53.796139,-1.541279,On or near ,Investigation complete; no suspect identified,west-yorkshire,LDT_CITY
106211022,violent-crime,2022-11,53.794460,-1.541951,On or near Pitfall Street,Unable to prosecute suspect,west-yorkshire,LDT_CITY
106217485,violent-crime,2022-11,53.794939,-1.542628,On or near ,Investigation complete; no suspect identified,west-yorkshire,LDT_CITY
106217814,violent-crime,2022-11,53.798394,-1.548163,On or near Greek Street,Investigation complete; no suspect identified,west-yorkshire,LDT_CITY
106218016,violent-crime,2022-11,53.801445,-1.551744,On or near ,Unable to prosecute suspect,west-yorkshire,LDT_CITY
106223734,violent-crime,2022-11,53.800447,-1.559012,On or near ,Unable to prosecute suspect,west-yorkshire,LDT_CITY
106224218,violent-crime,2022-11,53.797581,-1.544831,On or near ,Investigation complete; no suspect identified,west-yorkshire,LDT_CITY
106224641,violent-crime,2022-11,53.800733,-1.551053,On or near Oxford Row,Status update unavailable,west-yorkshire,LDT_CITY
106225825,violent-crime,2022-11,53.789259,-1.549718,On or near Ingram Street,Unable to prosecute suspect,west-yorkshire,LDT_CITY
106226407,violent-crime,2022-11,53.795221,-1.562725,On or near Gotts Road,Court result unavailable,west-yorkshire,LDT_CITY
106222293,violent-crime,2022-11,53.803709,-1.525800,On or near Lindsey Gardens,Court result unavailable,west-yorkshire,LDT_CITY
106223297,violent-crime,2022-11,53.796085,-1.536619,On or near Back York Street,Investigation complete; no suspect identified,west-yorkshire,LDT_CITY
106203468,violent-crime,2022-11,53.797086,-1.535303,On or near Leeds City Bus Station,Investigation complete; no suspect identified,west-yorkshire,LDT_CITY
106200418,violent-crime,2022-11,53.790283,-1.551893,On or near Leodis Court,Investigation complete; no suspect identified,west-yorkshire,LDT_CITY
106201567,violent-crime,2022-11,53.807869,-1.541637,On or near Carlton Gardens,Investigation complete; no suspect identified,west-yorkshire,LDT_CITY
106206716,violent-crime,2022-11,53.792710,-1.549529,On or near Canal Wharf,Investigation complete; no suspect identified,west-yorkshire,LDT_CITY
106210293,violent-crime,2022-11,53.810025,-1.543710,On or near Grosvenor Hill,Unable to prosecute suspect,west-yorkshire,LDT_CITY
106212642,violent-crime,2022-11,53.798721,-1.549222,On or near East Parade,Investigation complete; no suspect identified,west-yorkshire,LDT_CITY
106215241,violent-crime,2022-11,53.801944,-1.529540,On or near Macaulay Street,Unable to prosecute suspect,west-yorkshire,LDT_CITY
106215810,violent-crime,2022-11,53.796792,-1.552552,On or near Britannia Street,Investigation complete; no suspect identified,west-yorkshire,LDT_CITY
106219408,violent-crime,2022-11,53.798896,-1.543208,On or near ,Investigation complete; no suspect identified,west-yorkshire,LDT_CITY
106215227,violent-crime,2022-11,53.802282,-1.547268,On or near ,Unable to prosecute suspect,west-yorkshire,LDT_CITY
106215319,violent-crime,2022-11,53.794460,-1.541951,On or near Pitfall Street,Investigation complete; no suspect identified,west-yorkshire,LDT_CITY
106215321,violent-crime,2022-11,53.807533,-1.564784,On or near St John's Close,Status update unavailable,west-yorkshire,LDT_CITY
106215427,violent-crime,2022-11,53.801463,-1.528225,On or near Thealby Lawn,Status update unavailable,west-yorkshire,LDT_CITY
106215728,violent-crime,2022-11,53.806446,-1.562320,On or near Back Kelso Road,Investigation complete; no suspect identified,west-yorkshire,LDT_CITY
106215740,violent-crime,2022-11,53.795401,-1.541029,On or near Call Lane,Unable to prosecute suspect,west-yorkshire,LDT_CITY
106215799,violent-crime,2022-11,53.810763,-1.543793,On or near Servia Gardens,Unable to prosecute suspect,west-yorkshire,LDT_CITY
106213048,violent-crime,2022-11,53.801445,-1.551744,On or near ,Unable to prosecute suspect,west-yorkshire,LDT_CITY
106199037,violent-crime,2022-11,53.795337,-1.545615,On or near Mill Hill,Investigation complete; no suspect identified,west-yorkshire,LDT_CITY
106199458,violent-crime,2022-11,53.800938,-1.543535,On or near ,Investigation complete; no suspect identified,west-yorkshire,LDT_CITY
106201417,violent-crime,2022-11,53.803013,-1.526977,On or near Lincoln Green Court,Unable to prosecute suspect,west-yorkshire,LDT_CITY
106201451,violent-crime,2022-11,53.794964,-1.537330,On or near High Court Lane,Investigation complete; no suspect identified,west-yorkshire,LDT_CITY
106201742,violent-crime,2022-11,53.797993,-1.541897,On or near ,Investigation complete; no suspect identified,west-yorkshire,LDT_CITY
106202007,violent-crime,2022-11,53.796033,-1.541964,On or near Duncan Street,Investigation complete; no suspect identified,west-yorkshire,LDT_CITY
106203675,violent-crime,2022-11,53.796033,-1.541964,On or near Duncan Street,Investigation complete; no suspect identified,west-yorkshire,LDT_CITY
106204675,violent-crime,2022-11,53.790525,-1.539883,On or near Hunslet Lane,Investigation complete; no suspect identified,west-yorkshire,LDT_CITY
106204850,violent-crime,2022-11,53.807949,-1.550718,On or near Marlborough Grove,Investigation complete; no suspect identified,west-yorkshire,LDT_CITY
106205013,violent-crime,2022-11,53.795405,-1.539876,On or near Assembly Street,Unable to prosecute suspect,west-yorkshire,LDT_CITY
106205299,violent-crime,2022-11,53.796525,-1.541290,On or near Central Road,Investigation complete; no suspect identified,west-yorkshire,LDT_CITY
106205377,violent-crime,2022-11,53.811051,-1.536910,On or near Sheepscar Street North,Investigation complete; no suspect identified,west-yorkshire,LDT_CITY
106205732,violent-crime,2022-11,53.798173,-1.539724,On or near Sidney Street,Unable to prosecute suspect,west-yorkshire,LDT_CITY
106205902,violent-crime,2022-11,53.795337,-1.545615,On or near Mill Hill,Local resolution,west-yorkshire,LDT_CITY
106206296,violent-crime,2022-11,53.800358,-1.533095,On or near Cross Bell Street,Unable to prosecute suspect,west-yorkshire,LDT_CITY
106209088,violent-crime,2022-11,53.793468,-1.538500,On or near Kendell Street,Investigation complete; no suspect identified,west-yorkshire,LDT_CITY
106209989,violent-crime,2022-11,53.806088,-1.529479,On or near ,Investigation complete; no suspect identified,west-yorkshire,LDT_CITY
106211113,violent-crime,2022-11,53.810025,-1.543710,On or near Grosvenor Hill,Investigation complete; no suspect identified,west-yorkshire,LDT_CITY
106211729,violent-crime,2022-11,53.811499,-1.550771,On or near Shay Court,Unable to prosecute suspect,west-yorkshire,LDT_CITY
106211889,violent-crime,2022-11,53.802282,-1.547268,On or near ,Investigation complete; no suspect identified,west-yorkshire,LDT_CITY
106214613,violent-crime,2022-11,53.806088,-1.529479,On or near ,Unable to prosecute suspect,west-yorkshire,LDT_CITY
106214950,violent-crime,2022-11,53.803337,-1.545604,On or near Queen Square,Unable to prosecute suspect,west-yorkshire,LDT_CITY
106215398,violent-crime,2022-11,53.803337,-1.545604,On or near Queen Square,Unable to prosecute suspect,west-yorkshire,LDT_CITY
106216568,violent-crime,2022-11,53.793701,-1.543052,On or near Concordia Street,Unable to prosecute suspect,west-yorkshire,LDT_CITY
106218412,violent-crime,2022-11,53.801445,-1.551744,On or near ,Unable to prosecute suspect,west-yorkshire,LDT_CITY
106219128,violent-crime,2022-11,53.807949,-1.550718,On or near Marlborough Grove,Unable to prosecute suspect,west-yorkshire,LDT_CITY
106219836,violent-crime,2022-11,53.807661,-1.545922,On or near Blenheim Grove,Unable to prosecute suspect,west-yorkshire,LDT_CITY
106221408,violent-crime,2022-11,53.809171,-1.553210,On or near Kingston Terrace,Unable to prosecute suspect,west-yorkshire,LDT_CITY
106221593,violent-crime,2022-11,53.796294,-1.532609,On or near Brussels Street,Investigation complete; no suspect identified,west-yorkshire,LDT_CITY
106222236,violent-crime,2022-11,53.808352,-1.543257,On or near Carlton Grove,Unable to prosecute suspect,west-yorkshire,LDT_CITY
106222841,violent-crime,2022-11,53.799635,-1.558064,On or near Marlborough Towers,Unable to prosecute suspect,west-yorkshire,LDT_CITY
106204832,violent-crime,2022-11,53.797144,-1.536183,On or near Leeds Coach Station,Investigation complete; no suspect identified,west-yorkshire,LDT_CITY
106211249,violent-crime,2022-11,53.801500,-1.537683,On or near Brunswick Row,Unable to prosecute suspect,west-yorkshire,LDT_CITY
106430467,violent-crime,2022-11,53.796697,-1.546359,On or near Lower Basinghall Street,Unable to prosecute suspect,west-yorkshire,LDT_CITY
106213040,violent-crime,2022-11,53.798173,-1.539724,On or near Sidney Street,Unable to prosecute suspect,west-yorkshire,LDT_CITY
106216237,violent-crime,2022-11,53.806187,-1.560409,On or near Clarendon Road,Investigation complete; no suspect identified,west-yorkshire,LDT_CITY
106208670,violent-crime,2022-11,53.801753,-1.564479,On or near Burley Access Road,Unable to prosecute suspect,west-yorkshire,LDT_CITY
106210457,violent-crime,2022-11,53.802980,-1.541846,On or near ,Court result unavailable,west-yorkshire,LDT_CITY
106221210,violent-crime,2022-11,53.803840,-1.560069,On or near Back Hyde Terrace,Unable to prosecute suspect,west-yorkshire,LDT_CITY
106222881,violent-crime,2022-11,53.798747,-1.553609,On or near Somers Place,Investigation complete; no suspect identified,west-yorkshire,LDT_CITY
106221170,violent-crime,2022-11,53.797847,-1.532061,On or near ,Investigation complete; no suspect identified,west-yorkshire,LDT_CITY
106220372,violent-crime,2022-11,53.807112,-1.538791,On or near Oatland Drive,Investigation complete; no suspect identified,west-yorkshire,LDT_CITY
106205993,violent-crime,2022-11,53.787999,-1.546817,On or near Meadow Road,Unable to prosecute suspect,west-yorkshire,LDT_CITY
106219183,violent-crime,2022-11,53.800716,-1.563594,On or near St Andrew's Street,Unable to prosecute suspect,west-yorkshire,LDT_CITY
106221490,violent-crime,2022-11,53.794939,-1.542628,On or near Nightclub,Court result unavailable,west-yorkshire,LDT_CITY
106201661,violent-crime,2022-11,53.797975,-1.561133,On or near ,Unable to prosecute suspect,west-yorkshire,LDT_CITY
106203929,violent-crime,2022-11,53.800472,-1.548566,On or near Alexander Street,Status update unavailable,west-yorkshire,LDT_CITY
106205244,violent-crime,2022-11,53.804002,-1.531643,On or near ,Status update unavailable,west-yorkshire,LDT_CITY
106206555,violent-crime,2022-11,53.794460,-1.541951,On or near Pitfall Street,Unable to prosecute suspect,west-yorkshire,LDT_CITY
106207237,violent-crime,2022-11,53.796033,-1.541964,On or near Duncan Street,Unable to prosecute suspect,west-yorkshire,LDT_CITY
106207705,violent-crime,2022-11,53.794460,-1.541951,On or near Pitfall Street,Unable to prosecute suspect,west-yorkshire,LDT_CITY
106207986,violent-crime,2022-11,53.796525,-1.541290,On or near Central Road,Unable to prosecute suspect,west-yorkshire,LDT_CITY
106198661,violent-crime,2022-11,53.799425,-1.545100,On or near The Headrow,Investigation complete; no suspect identified,west-yorkshire,LDT_CITY
106219652,violent-crime,2022-11,53.791309,-1.535792,On or near Black Bull Street,Status update unavailable,west-yorkshire,LDT_CITY
106220376,violent-crime,2022-11,53.795401,-1.541029,On or near Call Lane,Investigation complete; no suspect identified,west-yorkshire,LDT_CITY
106220740,violent-crime,2022-11,53.807352,-1.549737,On or near Blandford Grove,Action to be taken by another organisation,west-yorkshire,LDT_CITY
106221183,violent-crime,2022-11,53.789176,-1.540536,On or near ,Court result unavailable,west-yorkshire,LDT_CITY
106221394,violent-crime,2022-11,53.797864,-1.545800,On or near Parking Area,Court result unavailable,west-yorkshire,LDT_CITY
106221782,violent-crime,2022-11,53.807112,-1.538791,On or near Oatland Drive,Court result unavailable,west-yorkshire,LDT_CITY
106208483,violent-crime,2022-11,53.802541,-1.563621,On or near Consort Street,Investigation complete; no suspect identified,west-yorkshire,LDT_CITY
106208624,violent-crime,2022-11,53.800047,-1.545670,On or near ,Unable to prosecute suspect,west-yorkshire,LDT_CITY
106208913,violent-crime,2022-11,53.795751,-1.541949,On or near ,Investigation complete; no suspect identified,west-yorkshire,LDT_CITY
106209206,violent-crime,2022-11,53.789176,-1.540536,On or near ,Unable to prosecute suspect,west-yorkshire,LDT_CITY
106209367,violent-crime,2022-11,53.803224,-1.528205,On or near Cherry Place,Unable to prosecute suspect,west-yorkshire,LDT_CITY
106211135,violent-crime,2022-11,53.796697,-1.546359,On or near Lower Basinghall Street,Unable to prosecute suspect,west-yorkshire,LDT_CITY
106211848,violent-crime,2022-11,53.806187,-1.560409,On or near Clarendon Road,Unable to prosecute suspect,west-yorkshire,LDT_CITY
106212602,violent-crime,2022-11,53.801897,-1.562215,On or near Kendal Bank,Unable to prosecute suspect,west-yorkshire,LDT_CITY
106213633,violent-crime,2022-11,53.801255,-1.541755,On or near Belgrave Street,Unable to prosecute suspect,west-yorkshire,LDT_CITY
106214889,violent-crime,2022-11,53.796033,-1.541964,On or near Duncan Street,Unable to prosecute suspect,west-yorkshire,LDT_CITY
106215837,violent-crime,2022-11,53.797144,-1.536183,On or near Leeds Coach Station,Investigation complete; no suspect identified,west-yorkshire,LDT_CITY
106216020,violent-crime,2022-11,53.786686,-1.549214,On or near Parking Area,Unable to prosecute suspect,west-yorkshire,LDT_CITY
106216566,violent-crime,2022-11,53.787999,-1.546817,On or near Meadow Road,Investigation complete; no suspect identified,west-yorkshire,LDT_CITY
106217743,violent-crime,2022-11,53.796525,-1.541290,On or near Central Road,Status update unavailable,west-yorkshire,LDT_CITY
106217772,violent-crime,2022-11,53.803405,-1.535354,On or near Concord Street,Unable to prosecute suspect,west-yorkshire,LDT_CITY
106223170,violent-crime,2022-11,53.798775,-1.544378,On or near King Charles Street,Unable to prosecute suspect,west-yorkshire,LDT_CITY
106200534,violent-crime,2022-11,53.796834,-1.535886,On or near ,Investigation complete; no suspect identified,west-yorkshire,LDT_CITY
106208771,violent-crime,2022-11,53.800712,-1.540865,On or near Cross Belgrave Street,Investigation complete; no suspect identified,west-yorkshire,LDT_CITY
106204780,violent-crime,2022-11,53.796697,-1.546359,On or near Lower Basinghall Street,Investigation complete; no suspect identified,west-yorkshire,LDT_CITY
106209032,violent-crime,2022-11,53.795401,-1.541029,On or near Call Lane,Investigation complete; no suspect identified,west-yorkshire,LDT_CITY
106209436,violent-crime,2022-11,53.806088,-1.529479,On or near ,Investigation complete; no suspect identified,west-yorkshire,LDT_CITY
106209441,violent-crime,2022-11,53.796033,-1.541964,On or near Duncan Street,Investigation complete; no suspect identified,west-yorkshire,LDT_CITY
106210443,violent-crime,2022-11,53.807035,-1.558942,On or near Cromer Place,Investigation complete; no suspect identified,west-yorkshire,LDT_CITY
106216782,violent-crime,2022-11,53.797501,-1.549721,On or near Croft's Court,Unable to prosecute suspect,west-yorkshire,LDT_CITY
106219651,violent-crime,2022-11,53.801445,-1.551744,On or near ,Unable to prosecute suspect,west-yorkshire,LDT_CITY
106220567,violent-crime,2022-11,53.798896,-1.543208,On or near ,Investigation complete; no suspect identified,west-yorkshire,LDT_CITY
106221701,violent-crime,2022-11,53.797326,-1.539050,On or near ,Investigation complete; no suspect identified,west-yorkshire,LDT_CITY
106222790,violent-crime,2022-11,53.799208,-1.528417,On or near Rider Street,Investigation complete; no suspect identified,west-yorkshire,LDT_CITY
106224773,violent-crime,2022-11,53.803224,-1.528205,On or near Cherry Place,Unable to prosecute suspect,west-yorkshire,LDT_CITY
106224819,violent-crime,2022-11,53.807949,-1.550718,On or near Marlborough Grove,Court result unavailable,west-yorkshire,LDT_CITY
106225512,violent-crime,2022-11,53.794460,-1.541951,On or near Pitfall Street,Court result unavailable,west-yorkshire,LDT_CITY
106204468,violent-crime,2022-11,53.799623,-1.535730,On or near Lady Beck Close,Unable to prosecute suspect,west-yorkshire,LDT_CITY
106208340,violent-crime,2022-11,53.796033,-1.541964,On or near Duncan Street,Investigation complete; no suspect identified,west-yorkshire,LDT_CITY
106209995,violent-crime,2022-11,53.799938,-1.524431,On or near Rigton Mews,Unable to prosecute suspect,west-yorkshire,LDT_CITY
106210139,violent-crime,2022-11,53.796792,-1.552552,On or near Britannia Street,Unable to prosecute suspect,west-yorkshire,LDT_CITY
106211747,violent-crime,2022-11,53.798265,-1.545097,On or near Albion Street,Investigation complete; no suspect identified,west-yorkshire,LDT_CITY
106214252,violent-crime,2022-11,53.800047,-1.545670,On or near ,Investigation complete; no suspect identified,west-yorkshire,LDT_CITY
106214257,violent-crime,2022-11,53.798896,-1.543208,On or near ,Unable to prosecute suspect,west-yorkshire,LDT_CITY
106214501,violent-crime,2022-11,53.795337,-1.545615,On or near Mill Hill,Unable to prosecute suspect,west-yorkshire,LDT_CITY
106215380,violent-crime,2022-11,53.796440,-1.569347,On or near Artist Street,Investigation complete; no suspect identified,west-yorkshire,LDT_CITY
106215566,violent-crime,2022-11,53.795751,-1.541949,On or near ,Investigation complete; no suspect identified,west-yorkshire,LDT_CITY
106216313,violent-crime,2022-11,53.802602,-1.560705,On or near Kendal Grove,Investigation complete; no suspect identified,west-yorkshire,LDT_CITY
106216332,violent-crime,2022-11,53.794460,-1.541951,On or near Pitfall Street,Unable to prosecute suspect,west-yorkshire,LDT_CITY
106216412,violent-crime,2022-11,53.809487,-1.543807,On or near Carlton View,Unable to prosecute suspect,west-yorkshire,LDT_CITY
106217236,violent-crime,2022-11,53.798896,-1.543208,On or near ,Investigation complete; no suspect identified,west-yorkshire,LDT_CITY
106217698,violent-crime,2022-11,53.808352,-1.543257,On or near Carlton Grove,Unable to prosecute suspect,west-yorkshire,LDT_CITY
106217879,violent-crime,2022-11,53.799588,-1.540619,On or near Harrison Street,Investigation complete; no suspect identified,west-yorkshire,LDT_CITY
106218516,violent-crime,2022-11,53.800026,-1.554309,On or near A58,Investigation complete; no suspect identified,west-yorkshire,LDT_CITY
106224444,violent-crime,2022-11,53.800938,-1.543535,On or near ,Investigation complete; no suspect identified,west-yorkshire,LDT_CITY
106220292,violent-crime,2022-11,53.793468,-1.538500,On or near Kendell Street,Investigation complete; no suspect identified,west-yorkshire,LDT_CITY
106201549,violent-crime,2022-11,53.795337,-1.545615,On or near Mill Hill,Investigation complete; no suspect identified,west-yorkshire,LDT_CITY
106218444,violent-crime,2022-11,53.800358,-1.533095,On or near Cross Bell Street,Unable to prosecute suspect,west-yorkshire,LDT_CITY
106220409,violent-crime,2022-11,53.796525,-1.541290,On or near Central Road,Status update unavailable,west-yorkshire,LDT_CITY
106221793,violent-crime,2022-11,53.799860,-1.540776,On or near Theatre/concert Hall,Court result unavailable,west-yorkshire,LDT_CITY
106226380,violent-crime,2022-11,53.804667,-1.538529,On or near Lovell Park Gate,Unable to prosecute suspect,west-yorkshire,LDT_CITY
106222531,violent-crime,2022-11,53.793675,-1.545769,On or near Pitt Row,Unable to prosecute suspect,west-yorkshire,LDT_CITY
106210475,violent-crime,2022-11,53.795576,-1.539889,On or near Crown Street,Unable to prosecute suspect,west-yorkshire,LDT_CITY
106199355,violent-crime,2022-11,53.802282,-1.547268,On or near ,Investigation complete; no suspect identified,west-yorkshire,LDT_CITY
106199649,violent-crime,2022-11,53.788971,-1.540219,On or near ,Investigation complete; no suspect identified,west-yorkshire,LDT_CITY
106199740,violent-crime,2022-11,53.788192,-1.538619,On or near Butterley Street,Investigation complete; no suspect identified,west-yorkshire,LDT_CITY
106199747,violent-crime,2022-11,53.788192,-1.538619,On or near Butterley Street,Investigation complete; no suspect identified,west-yorkshire,LDT_CITY
106200010,violent-crime,2022-11,53.791309,-1.535792,On or near Black Bull Street,Unable to prosecute suspect,west-yorkshire,LDT_CITY
106200551,violent-crime,2022-11,53.795177,-1.541305,On or near Queens's Court,Investigation complete; no suspect identified,west-yorkshire,LDT_CITY
106200645,violent-crime,2022-11,53.804590,-1.568519,On or near Westfield Terrace,Unable to prosecute suspect,west-yorkshire,LDT_CITY
106200755,violent-crime,2022-11,53.790070,-1.533756,On or near Chadwick Street,Unable to prosecute suspect,west-yorkshire,LDT_CITY
106200865,violent-crime,2022-11,53.795153,-1.542125,On or near ,Investigation complete; no suspect identified,west-yorkshire,LDT_CITY
106221067,violent-crime,2022-11,53.804122,-1.563513,On or near Consort Walk,Unable to prosecute suspect,west-yorkshire,LDT_CITY
106221539,violent-crime,2022-11,53.801403,-1.535938,On or near Lower Brunswick Street,Unable to prosecute suspect,west-yorkshire,LDT_CITY
106203593,violent-crime,2022-11,53.799069,-1.550903,On or near Park Square East,Investigation complete; no suspect identified,west-yorkshire,LDT_CITY
106203651,violent-crime,2022-11,53.795751,-1.541949,On or near ,Investigation complete; no suspect identified,west-yorkshire,LDT_CITY
106203726,violent-crime,2022-11,53.802263,-1.554058,On or near Inner Ring Road,Unable to prosecute suspect,west-yorkshire,LDT_CITY
106204085,violent-crime,2022-11,53.802980,-1.541846,On or near ,Status update unavailable,west-yorkshire,LDT_CITY
106200983,violent-crime,2022-11,53.801753,-1.564479,On or near Burley Access Road,Investigation complete; no suspect identified,west-yorkshire,LDT_CITY
106201294,violent-crime,2022-11,53.796033,-1.541964,On or near Duncan Street,Investigation complete; no suspect identified,west-yorkshire,LDT_CITY
106201664,violent-crime,2022-11,53.797975,-1.561133,On or near ,Unable to prosecute suspect,west-yorkshire,LDT_CITY
106201832,violent-crime,2022-11,53.800447,-1.559012,On or near ,Investigation complete; no suspect identified,west-yorkshire,LDT_CITY
106201982,violent-crime,2022-11,53.795337,-1.545615,On or near Mill Hill,Unable to prosecute suspect,west-yorkshire,LDT_CITY
106202004,violent-crime,2022-11,53.795337,-1.545615,On or near Mill Hill,Investigation complete; no suspect identified,west-yorkshire,LDT_CITY
106202064,violent-crime,2022-11,53.796033,-1.541964,On or near Duncan Street,Investigation complete; no suspect identified,west-yorkshire,LDT_CITY
106202369,violent-crime,2022-11,53.800047,-1.545670,On or near ,Unable to prosecute suspect,west-yorkshire,LDT_CITY
106202500,violent-crime,2022-11,53.796525,-1.541290,On or near Central Road,Investigation complete; no suspect identified,west-yorkshire,LDT_CITY
106204547,violent-crime,2022-11,53.799037,-1.547108,On or near South Parade,Investigation complete; no suspect identified,west-yorkshire,LDT_CITY
106204787,violent-crime,2022-11,53.800909,-1.529172,On or near Thealby Place,Unable to prosecute suspect,west-yorkshire,LDT_CITY
106204845,violent-crime,2022-11,53.801877,-1.554305,On or near A58(m),Unable to prosecute suspect,west-yorkshire,LDT_CITY
106204919,violent-crime,2022-11,53.810444,-1.549795,On or near Devonshire Gardens,Investigation complete; no suspect identified,west-yorkshire,LDT_CITY
106205607,violent-crime,2022-11,53.800938,-1.543535,On or near ,Investigation complete; no suspect identified,west-yorkshire,LDT_CITY
106205616,violent-crime,2022-11,53.797993,-1.541897,On or near ,Investigation complete; no suspect identified,west-yorkshire,LDT_CITY
106205875,violent-crime,2022-11,53.800047,-1.545670,On or near ,Status update unavailable,west-yorkshire,LDT_CITY
106205870,violent-crime,2022-11,53.796033,-1.541964,On or near Duncan Street,Investigation complete; no suspect identified,west-yorkshire,LDT_CITY
106205940,violent-crime,2022-11,53.798816,-1.543376,On or near Lands Lane,Unable to prosecute suspect,west-yorkshire,LDT_CITY
106206638,violent-crime,2022-11,53.787999,-1.546817,On or near Meadow Road,Unable to prosecute suspect,west-yorkshire,LDT_CITY
106206699,violent-crime,2022-11,53.801432,-1.538884,On or near Hartley Hill,Unable to prosecute suspect,west-yorkshire,LDT_CITY
106206713,violent-crime,2022-11,53.795751,-1.541949,On or near ,Investigation complete; no suspect identified,west-yorkshire,LDT_CITY
106206779,violent-crime,2022-11,53.797550,-1.536202,On or near ,Unable to prosecute suspect,west-yorkshire,LDT_CITY
106206824,violent-crime,2022-11,53.796355,-1.536859,On or near ,Investigation complete; no suspect identified,west-yorkshire,LDT_CITY
106206857,violent-crime,2022-11,53.812627,-1.551913,On or near Holborn Terrace,Action to be taken by another organisation,west-yorkshire,LDT_CITY
106206851,violent-crime,2022-11,53.799623,-1.535730,On or near Lady Beck Close,Unable to prosecute suspect,west-yorkshire,LDT_CITY
106207051,violent-crime,2022-11,53.799916,-1.539583,On or near North Court,Investigation complete; no suspect identified,west-yorkshire,LDT_CITY
106207059,violent-crime,2022-11,53.803405,-1.535354,On or near Concord Street,Investigation complete; no suspect identified,west-yorkshire,LDT_CITY
106207062,violent-crime,2022-11,53.801058,-1.532678,On or near Mabgate Green,Unable to prosecute suspect,west-yorkshire,LDT_CITY
106207196,violent-crime,2022-11,53.796033,-1.541964,On or near Duncan Street,Investigation complete; no suspect identified,west-yorkshire,LDT_CITY
106207285,violent-crime,2022-11,53.796033,-1.541964,On or near Duncan Street,Investigation complete; no suspect identified,west-yorkshire,LDT_CITY
106207455,violent-crime,2022-11,53.797993,-1.541897,On or near ,Investigation complete; no suspect identified,west-yorkshire,LDT_CITY
106207868,violent-crime,2022-11,53.798265,-1.545097,On or near Albion Street,Status update unavailable,west-yorkshire,LDT_CITY
106207933,violent-crime,2022-11,53.795751,-1.541949,On or near ,Investigation complete; no suspect identified,west-yorkshire,LDT_CITY
106208174,violent-crime,2022-11,53.796355,-1.536859,On or near ,Investigation complete; no suspect identified,west-yorkshire,LDT_CITY
106198787,violent-crime,2022-11,53.806628,-1.562986,On or near Kelso Place,Action to be taken by another organisation,west-yorkshire,LDT_CITY
106218966,violent-crime,2022-11,53.798144,-1.539284,On or near Harewood Street,Unable to prosecute suspect,west-yorkshire,LDT_CITY
106219114,violent-crime,2022-11,53.795751,-1.541949,On or near ,Investigation complete; no suspect identified,west-yorkshire,LDT_CITY
106219127,violent-crime,2022-11,53.797144,-1.536183,On or near Leeds Coach Station,Unable to prosecute suspect,west-yorkshire,LDT_CITY
106219594,violent-crime,2022-11,53.791309,-1.535792,On or near Black Bull Street,Unable to prosecute suspect,west-yorkshire,LDT_CITY
106219745,violent-crime,2022-11,53.802980,-1.541846,On or near ,Unable to prosecute suspect,west-yorkshire,LDT_CITY
106219779,violent-crime,2022-11,53.803388,-1.549658,On or near ,Court result unavailable,west-yorkshire,LDT_CITY
106219834,violent-crime,2022-11,53.797550,-1.536202,On or near ,Court result unavailable,west-yorkshire,LDT_CITY
106220220,violent-crime,2022-11,53.805034,-1.569547,On or near Back Boundary Terrace,Court result unavailable,west-yorkshire,LDT_CITY
106220229,violent-crime,2022-11,53.798699,-1.547962,On or near Bedford Street,Unable to prosecute suspect,west-yorkshire,LDT_CITY
106220520,violent-crime,2022-11,53.800358,-1.533095,On or near Cross Bell Street,Unable to prosecute suspect,west-yorkshire,LDT_CITY
106216324,violent-crime,2022-11,53.795401,-1.541029,On or near Call Lane,Investigation complete; no suspect identified,west-yorkshire,LDT_CITY
106216388,violent-crime,2022-11,53.788192,-1.538619,On or near Butterley Street,Investigation complete; no suspect identified,west-yorkshire,LDT_CITY
106216696,violent-crime,2022-11,53.798699,-1.547962,On or near Bedford Street,Unable to prosecute suspect,west-yorkshire,LDT_CITY
106216734,violent-crime,2022-11,53.796355,-1.536859,On or near ,Unable to prosecute suspect,west-yorkshire,LDT_CITY
106208668,violent-crime,2022-11,53.799623,-1.535730,On or near Lady Beck Close,Unable to prosecute suspect,west-yorkshire,LDT_CITY
106211346,violent-crime,2022-11,53.806187,-1.560409,On or near Clarendon Road,Investigation complete; no suspect identified,west-yorkshire,LDT_CITY
106211358,violent-crime,2022-11,53.802282,-1.547268,On or near ,Investigation complete; no suspect identified,west-yorkshire,LDT_CITY
106211576,violent-crime,2022-11,53.797181,-1.538976,On or near ,Investigation complete; no suspect identified,west-yorkshire,LDT_CITY
106211958,violent-crime,2022-11,53.794939,-1.542628,On or near ,Investigation complete; no suspect identified,west-yorkshire,LDT_CITY
106212054,violent-crime,2022-11,53.801873,-1.553257,On or near St George's Road,Investigation complete; no suspect identified,west-yorkshire,LDT_CITY
106212066,violent-crime,2022-11,53.793118,-1.570246,On or near Bruce Lawn,Investigation complete; no suspect identified,west-yorkshire,LDT_CITY
106212075,violent-crime,2022-11,53.798173,-1.539724,On or near Sidney Street,Local resolution,west-yorkshire,LDT_CITY
106212439,violent-crime,2022-11,53.803464,-1.542220,On or near ,Unable to prosecute suspect,west-yorkshire,LDT_CITY
106212446,violent-crime,2022-11,53.805996,-1.562324,On or near Kelso Road,Unable to prosecute suspect,west-yorkshire,LDT_CITY
106212812,violent-crime,2022-11,53.797501,-1.549721,On or near Croft's Court,Unable to prosecute suspect,west-yorkshire,LDT_CITY
106213024,violent-crime,2022-11,53.799414,-1.556563,On or near Fountain Street,Unable to prosecute suspect,west-yorkshire,LDT_CITY
106213337,violent-crime,2022-11,53.800922,-1.536946,On or near Trafalgar Street,Unable to prosecute suspect,west-yorkshire,LDT_CITY
106213409,violent-crime,2022-11,53.789087,-1.533069,On or near Chadwick Street South,Unable to prosecute suspect,west-yorkshire,LDT_CITY
106214384,violent-crime,2022-11,53.799734,-1.562997,On or near Abbey Street,Investigation complete; no suspect identified,west-yorkshire,LDT_CITY
106214570,violent-crime,2022-11,53.802887,-1.562554,On or near Victoria Terrace,Unable to prosecute suspect,west-yorkshire,LDT_CITY
106214560,violent-crime,2022-11,53.794460,-1.541951,On or near Pitfall Street,Investigation complete; no suspect identified,west-yorkshire,LDT_CITY
106214629,violent-crime,2022-11,53.795177,-1.541305,On or near Queens's Court,Investigation complete; no suspect identified,west-yorkshire,LDT_CITY
106209071,violent-crime,2022-11,53.805434,-1.558397,On or near Mount Preston Street,Unable to prosecute suspect,west-yorkshire,LDT_CITY
106209200,violent-crime,2022-11,53.803405,-1.535354,On or near Concord Street,Unable to prosecute suspect,west-yorkshire,LDT_CITY
106209408,violent-crime,2022-11,53.807533,-1.564784,On or near St John's Close,Unable to prosecute suspect,west-yorkshire,LDT_CITY
106209435,violent-crime,2022-11,53.803497,-1.538162,On or near Grafton Street,Unable to prosecute suspect,west-yorkshire,LDT_CITY
106209926,violent-crime,2022-11,53.794460,-1.541951,On or near Pitfall Street,Court result unavailable,west-yorkshire,LDT_CITY
106209928,violent-crime,2022-11,53.802282,-1.547268,On or near ,Local resolution,west-yorkshire,LDT_CITY
106210176,violent-crime,2022-11,53.797864,-1.545800,On or near ,Investigation complete; no suspect identified,west-yorkshire,LDT_CITY
106210501,violent-crime,2022-11,53.798816,-1.543376,On or near Lands Lane,Investigation complete; no suspect identified,west-yorkshire,LDT_CITY
106210526,violent-crime,2022-11,53.798230,-1.537628,On or near Shopping Area,Awaiting court outcome,west-yorkshire,LDT_CITY
106210774,violent-crime,2022-11,53.802323,-1.553268,On or near Blundell Street,Court result unavailable,west-yorkshire,LDT_CITY
106210958,violent-crime,2022-11,53.803464,-1.542220,On or near ,Investigation complete; no suspect identified,west-yorkshire,LDT_CITY
106217259,violent-crime,2022-11,53.801879,-1.547518,On or near ,Local resolution,west-yorkshire,LDT_CITY
106217420,violent-crime,2022-11,53.794460,-1.541951,On or near Pitfall Street,Court result unavailable,west-yorkshire,LDT_CITY
106217520,violent-crime,2022-11,53.795401,-1.541029,On or near Call Lane,Investigation complete; no suspect identified,west-yorkshire,LDT_CITY
106217530,violent-crime,2022-11,53.800938,-1.543535,On or near ,Unable to prosecute suspect,west-yorkshire,LDT_CITY
106217857,violent-crime,2022-11,53.797581,-1.544831,On or near ,Court result unavailable,west-yorkshire,LDT_CITY
106218150,violent-crime,2022-11,53.789087,-1.533069,On or near Chadwick Street South,Court result unavailable,west-yorkshire,LDT_CITY
106223538,violent-crime,2022-11,53.803388,-1.549658,On or near ,Court result unavailable,west-yorkshire,LDT_CITY
106224736,violent-crime,2022-11,53.794080,-1.544009,On or near ,Investigation complete; no suspect identified,west-yorkshire,LDT_CITY
106225311,violent-crime,2022-11,53.789259,-1.549718,On or near Ingram Street,Status update unavailable,west-yorkshire,LDT_CITY
106225832,violent-crime,2022-11,53.799069,-1.550903,On or near Park Square East,Unable to prosecute suspect,west-yorkshire,LDT_CITY
106226354,violent-crime,2022-11,53.800938,-1.543535,On or near ,Unable to prosecute suspect,west-yorkshire,LDT_CITY
106226556,violent-crime,2022-11,53.795221,-1.562725,On or near Gotts Road,Court result unavailable,west-yorkshire,LDT_CITY
106222254,violent-crime,2022-11,53.800733,-1.551053,On or near Oxford Row,Unable to prosecute suspect,west-yorkshire,LDT_CITY
106222468,violent-crime,2022-11,53.791309,-1.535792,On or near Black Bull Street,Unable to prosecute suspect,west-yorkshire,LDT_CITY
106222863,violent-crime,2022-11,53.799438,-1.539164,On or near ,Court result unavailable,west-yorkshire,LDT_CITY
106207905,violent-crime,2022-11,53.803464,-1.542220,On or near ,Unable to prosecute suspect,west-yorkshire,LDT_CITY
106209549,violent-crime,2022-11,53.803405,-1.535354,On or near Concord Street,Investigation complete; no suspect identified,west-yorkshire,LDT_CITY
106210227,violent-crime,2022-11,53.807035,-1.558942,On or near Cromer Place,Investigation complete; no suspect identified,west-yorkshire,LDT_CITY
106212496,violent-crime,2022-11,53.806187,-1.560409,On or near Clarendon Road,Unable to prosecute suspect,west-yorkshire,LDT_CITY
106217531,violent-crime,2022-11,53.795401,-1.541029,On or near Call Lane,Unable to prosecute suspect,west-yorkshire,LDT_CITY
106218530,violent-crime,2022-11,53.809171,-1.553210,On or near Kingston Terrace,Investigation complete; no suspect identified,west-yorkshire,LDT_CITY
106218579,violent-crime,2022-11,53.795048,-1.531120,On or near Cotton Street,Unable to prosecute suspect,west-yorkshire,LDT_CITY
106222588,violent-crime,2022-11,53.794964,-1.537330,On or near High Court Lane,Investigation complete; no suspect identified,west-yorkshire,LDT_CITY
106226272,violent-crime,2022-11,53.795337,-1.545615,On or near Mill Hill,Investigation complete; no suspect identified,west-yorkshire,LDT_CITY
106215707,violent-crime,2022-11,53.798230,-1.537628,On or near ,Investigation complete; no suspect identified,west-yorkshire,LDT_CITY
106215770,violent-crime,2022-11,53.801432,-1.538884,On or near Hartley Hill,Unable to prosecute suspect,west-yorkshire,LDT_CITY
106215980,violent-crime,2022-11,53.801445,-1.551744,On or near ,Unable to prosecute suspect,west-yorkshire,LDT_CITY
106216018,violent-crime,2022-11,53.795401,-1.541029,On or near Call Lane,Investigation complete; no suspect identified,west-yorkshire,LDT_CITY
106219434,violent-crime,2022-11,53.800922,-1.536946,On or near Trafalgar Street,Unable to prosecute suspect,west-yorkshire,LDT_CITY
106199347,violent-crime,2022-11,53.793168,-1.530898,On or near East Street,Investigation complete; no suspect identified,west-yorkshire,LDT_CITY
106200092,violent-crime,2022-11,53.790283,-1.551893,On or near Leodis Court,Investigation complete; no suspect identified,west-yorkshire,LDT_CITY
106200308,violent-crime,2022-11,53.794460,-1.541951,On or near Pitfall Street,Investigation complete; no suspect identified,west-yorkshire,LDT_CITY
106202461,violent-crime,2022-11,53.795401,-1.541029,On or near Call Lane,Unable to prosecute suspect,west-yorkshire,LDT_CITY
106202621,violent-crime,2022-11,53.804667,-1.538529,On or near Lovell Park Gate,Unable to prosecute suspect,west-yorkshire,LDT_CITY
106202625,violent-crime,2022-11,53.798534,-1.551957,On or near Park Square South,Unable to prosecute suspect,west-yorkshire,LDT_CITY
106203169,violent-crime,2022-11,53.798816,-1.543376,On or near Lands Lane,Unable to prosecute suspect,west-yorkshire,LDT_CITY
106203363,violent-crime,2022-11,53.794460,-1.541951,On or near Pitfall Street,Investigation complete; no suspect identified,west-yorkshire,LDT_CITY
106206556,violent-crime,2022-11,53.792600,-1.542077,On or near ,Court result unavailable,west-yorkshire,LDT_CITY
106207343,violent-crime,2022-11,53.804851,-1.530464,On or near Ruby Street,Investigation complete; no suspect identified,west-yorkshire,LDT_CITY
106207807,violent-crime,2022-11,53.800683,-1.542763,On or near Merrion Street,Investigation complete; no suspect identified,west-yorkshire,LDT_CITY
106208108,violent-crime,2022-11,53.808514,-1.567613,On or near Hill Top Place,Investigation complete; no suspect identified,west-yorkshire,LDT_CITY
106208851,violent-crime,2022-11,53.801879,-1.547518,On or near ,Investigation complete; no suspect identified,west-yorkshire,LDT_CITY
106208893,violent-crime,2022-11,53.795751,-1.541949,On or near ,Investigation complete; no suspect identified,west-yorkshire,LDT_CITY
106208990,violent-crime,2022-11,53.798265,-1.545097,On or near Albion Street,Investigation complete; no suspect identified,west-yorkshire,LDT_CITY
106210783,violent-crime,2022-11,53.800938,-1.543535,On or near ,Court result unavailable,west-yorkshire,LDT_CITY
106210831,violent-crime,2022-11,53.795556,-1.525573,On or near Dolphin Court,Unable to prosecute suspect,west-yorkshire,LDT_CITY
106217735,violent-crime,2022-11,53.788192,-1.538619,On or near Butterley Street,Investigation complete; no suspect identified,west-yorkshire,LDT_CITY
106219085,violent-crime,2022-11,53.797370,-1.532036,On or near ,Investigation complete; no suspect identified,west-yorkshire,LDT_CITY
106219767,violent-crime,2022-11,53.803388,-1.549658,On or near ,Court result unavailable,west-yorkshire,LDT_CITY
106221262,violent-crime,2022-11,53.802725,-1.559899,On or near Kendal Lane,Investigation complete; no suspect identified,west-yorkshire,LDT_CITY
106202085,other-crime,2022-11,53.801432,-1.538884,On or near Hartley Hill,Investigation complete; no suspect identified,west-yorkshire,LDT_CITY
106224578,other-crime,2022-11,53.800336,-1.553198,On or near ,Unable to prosecute suspect,west-yorkshire,LDT_CITY
106209211,other-crime,2022-11,53.804455,-1.556267,On or near Seminary Street,Court result unavailable,west-yorkshire,LDT_CITY
106213403,other-crime,2022-11,53.789087,-1.533069,On or near Chadwick Street South,Unable to prosecute suspect,west-yorkshire,LDT_CITY
106220524,other-crime,2022-11,53.796033,-1.541964,On or near Duncan Street,Court result unavailable,west-yorkshire,LDT_CITY
106213405,other-crime,2022-11,53.789087,-1.533069,On or near Chadwick Street South,Unable to prosecute suspect,west-yorkshire,LDT_CITY
106201374,other-crime,2022-11,53.798816,-1.543376,On or near Lands Lane,Unable to prosecute suspect,west-yorkshire,LDT_CITY
106205599,other-crime,2022-11,53.800733,-1.551053,On or near Oxford Row,Unable to prosecute suspect,west-yorkshire,LDT_CITY
106204054,other-crime,2022-11,53.807112,-1.538791,On or near Oatland Drive,Investigation complete; no suspect identified,west-yorkshire,LDT_CITY
106221374,other-crime,2022-11,53.787529,-1.560695,On or near Balm Place,Unable to prosecute suspect,west-yorkshire,LDT_CITY
106206663,other-crime,2022-11,53.790525,-1.539883,On or near Hunslet Lane,Status update unavailable,west-yorkshire,LDT_CITY
106222874,other-crime,2022-11,53.789087,-1.533069,On or near Chadwick Street South,Unable to prosecute suspect,west-yorkshire,LDT_CITY
106220448,other-crime,2022-11,53.801453,-1.549071,On or near Calverley Street,Status update unavailable,west-yorkshire,LDT_CITY
106211116,other-crime,2022-11,53.795401,-1.541029,On or near Call Lane,Investigation complete; no suspect identified,west-yorkshire,LDT_CITY
106219427,other-crime,2022-11,53.787529,-1.560695,On or near Balm Place,Unable to prosecute suspect,west-yorkshire,LDT_CITY
106217346,other-crime,2022-11,53.788745,-1.542165,On or near Kidacre Street,Court result unavailable,west-yorkshire,LDT_CITY
106214772,other-crime,2022-11,53.796159,-1.537089,On or near Cross York Street,Court result unavailable,west-yorkshire,LDT_CITY
106213100,other-crime,2022-11,53.791258,-1.555586,On or near Silver Street,Court result unavailable,west-yorkshire,LDT_CITY
106219703,other-crime,2022-11,53.787529,-1.560695,On or near Balm Place,Unable to prosecute suspect,west-yorkshire,LDT_CITY
106216108,other-crime,2022-11,53.800859,-1.553587,On or near Leighton Place,Unable to prosecute suspect,west-yorkshire,LDT_CITY
106219186,other-crime,2022-11,53.787529,-1.560695,On or near Balm Place,Offender given a caution,west-yorkshire,LDT_CITY
106229515,anti-social-behaviour,2022-11,53.787451,-1.403207,On or near Springbank,,west-yorkshire,LDT_E
106226822,anti-social-behaviour,2022-11,53.767120,-1.415996,On or near Preston View,,west-yorkshire,LDT_E
106205588,burglary,2022-11,53.771745,-1.420863,On or near Neville Grove,Investigation complete; no suspect identified,west-yorkshire,LDT_E
106200388,burglary,2022-11,53.770780,-1.420148,On or near Whitecliffe Rise,Investigation complete; no suspect identified,west-yorkshire,LDT_E
106198704,burglary,2022-11,53.771745,-1.420863,On or near Neville Grove,Unable to prosecute suspect,west-yorkshire,LDT_E
106207415,burglary,2022-11,53.776807,-1.376226,On or near Calvert Close,Investigation complete; no suspect identified,west-yorkshire,LDT_E
106205489,criminal-damage-arson,2022-11,53.787451,-1.403207,On or near Springbank,Investigation complete; no suspect identified,west-yorkshire,LDT_E
106202290,criminal-damage-arson,2022-11,53.779888,-1.422633,On or near Swillington Lane,Investigation complete; no suspect identified,west-yorkshire,LDT_E
106217171,criminal-damage-arson,2022-11,53.784238,-1.377573,On or near Shaw Close,Investigation complete; no suspect identified,west-yorkshire,LDT_E
106213252,criminal-damage-arson,2022-11,53.773808,-1.376893,On or near Birch Grove,Unable to prosecute suspect,west-yorkshire,LDT_E
106202823,other-theft,2022-11,53.779888,-1.422633,On or near Swillington Lane,Investigation complete; no suspect identified,west-yorkshire,LDT_E
106220949,other-theft,2022-11,53.787451,-1.403207,On or near Springbank,Investigation complete; no suspect identified,west-yorkshire,LDT_E
106210593,public-order,2022-11,53.787451,-1.403207,On or near Springbank,Investigation complete; no suspect identified,west-yorkshire,LDT_E
106203100,vehicle-crime,2022-11,53.786930,-1.399602,On or near Selby Road,Investigation complete; no suspect identified,west-yorkshire,LDT_E
106205351,vehicle-crime,2022-11,53.790032,-1.394428,On or near Kings Croft,Investigation complete; no suspect identified,west-yorkshire,LDT_E
106202937,vehicle-crime,2022-11,53.770780,-1.420148,On or near Whitecliffe Rise,Investigation complete; no suspect identified,west-yorkshire,LDT_E
106218524,violent-crime,2022-11,53.768784,-1.416307,On or near Church Crescent,Court result unavailable,west-yorkshire,LDT_E
106221211,violent-crime,2022-11,53.773593,-1.378656,On or near Valley Road,Unable to prosecute suspect,west-yorkshire,LDT_E
106211195,violent-crime,2022-11,53.769430,-1.410487,On or near The Grove,Unable to prosecute suspect,west-yorkshire,LDT_E
106220859,violent-crime,2022-11,53.786299,-1.392144,On or near Scholars Gate,Unable to prosecute suspect,west-yorkshire,LDT_E
106216750,violent-crime,2022-11,53.787451,-1.403207,On or near Springbank,Unable to prosecute suspect,west-yorkshire,LDT_E
106222712,violent-crime,2022-11,53.786299,-1.392144,On or near Scholars Gate,Action to be taken by another organisation,west-yorkshire,LDT_E
106217432,violent-crime,2022-11,53.774874,-1.381354,On or near Willow Grove,Unable to prosecute suspect,west-yorkshire,LDT_E
106222142,other-crime,2022-11,53.786299,-1.392144,On or near Scholars Gate,Investigation complete; no suspect identified,west-yorkshire,LDT_E
106204605,public-order,2022-11,53.883920,-1.444508,On or near Castle Grove,Investigation complete; no suspect identified,west-yorkshire,LDT_NE
106201680,violent-crime,2022-11,53.872024,-1.451190,On or near Moss Syke,Unable to prosecute suspect,west-yorkshire,LDT_NE
106202594,violent-crime,2022-11,53.871360,-1.445587,On or near Stonefield,Action to be taken by another organisation,west-yorkshire,LDT_NE
106202934,violent-crime,2022-11,53.871360,-1.445587,On or near Stonefield,Action to be taken by another organisation,west-yorkshire,LDT_NE
106205762,violent-crime,2022-11,53.860888,-1.416897,On or near Kirkfield Crescent,Unable to prosecute suspect,west-yorkshire,LDT_NE
106210098,violent-crime,2022-11,53.867242,-1.447314,On or near Manor Park,Unable to prosecute suspect,west-yorkshire,LDT_NE
106202734,violent-crime,2022-11,53.872024,-1.451190,On or near Moss Syke,Unable to prosecute suspect,west-yorkshire,LDT_NE
106210745,violent-crime,2022-11,53.885553,-1.437975,On or near Wood Lane,Unable to prosecute suspect,west-yorkshire,LDT_NE
106215431,violent-crime,2022-11,53.885553,-1.437975,On or near Wood Lane,Unable to prosecute suspect,west-yorkshire,LDT_NE
106222518,bicycle-theft,2022-11,53.862746,-1.672382,On or near Moorlands Drive,Investigation complete; no suspect identified,west-yorkshire,LDT_NW
106201654,burglary,2022-11,53.867697,-1.668526,On or near Victoria Avenue,Investigation complete; no suspect identified,west-yorkshire,LDT_NW
106205683,burglary,2022-11,53.864482,-1.672535,On or near Moorfield Close,Investigation complete; no suspect identified,west-yorkshire,LDT_NW
106224160,other-theft,2022-11,53.867697,-1.668526,On or near Victoria Avenue,Status update unavailable,west-yorkshire,LDT_NW
106216609,possession-of-weapons,2022-11,53.867697,-1.668526,On or near Victoria Avenue,Further investigation is not in the public interest,west-yorkshire,LDT_NW
106200404,public-order,2022-11,53.879818,-1.648169,On or near Otley Old Road,Investigation complete; no suspect identified,west-yorkshire,LDT_NW
106222808,public-order,2022-11,53.853677,-1.643797,On or near Lanark Drive,Court result unavailable,west-yorkshire,LDT_NW
106199018,public-order,2022-11,53.867343,-1.670506,On or near Glenmere Mount,Investigation complete; no suspect identified,west-yorkshire,LDT_NW
106204209,vehicle-crime,2022-11,53.864482,-1.672535,On or near Moorfield Close,Investigation complete; no suspect identified,west-yorkshire,LDT_NW
106207712,vehicle-crime,2022-11,53.867697,-1.668526,On or near Victoria Avenue,Investigation complete; no suspect identified,west-yorkshire,LDT_NW
106216299,violent-crime,2022-11,53.867697,-1.668526,On or near Victoria Avenue,Investigation complete; no suspect identified,west-yorkshire,LDT_NW
106221017,violent-crime,2022-11,53.867697,-1.668526,On or near Victoria Avenue,Local resolution,west-yorkshire,LDT_NW
106208989,violent-crime,2022-11,53.867697,-1.668526,On or near Victoria Avenue,Court result unavailable,west-yorkshire,LDT_NW
106198628,violent-crime,2022-11,53.863830,-1.671081,On or near Balmoral Way,Local resolution,west-yorkshire,LDT_NW
106204402,violent-crime,2022-11,53.862950,-1.671316,On or near Bayton Lane,Unable to prosecute suspect,west-yorkshire,LDT_NW
106198688,violent-crime,2022-11,53.863830,-1.671081,On or near Balmoral Way,Local resolution,west-yorkshire,LDT_NW
106209417,violent-crime,2022-11,53.867697,-1.668526,On or near Victoria Avenue,Unable to prosecute suspect,west-yorkshire,LDT_NW
106199387,violent-crime,2022-11,53.853021,-1.640777,On or near Argyll Close,Unable to prosecute suspect,west-yorkshire,LDT_NW
106212810,violent-crime,2022-11,53.864482,-1.672535,On or near Moorfield Close,Local resolution,west-yorkshire,LDT_NW
106199554,other-crime,2022-11,53.867631,-1.648545,On or near ,Investigation complete; no suspect identified,west-yorkshire,LDT_NW
106209880,other-crime,2022-11,53.863442,-1.665899,On or near Park/open Space,Offender given a caution,west-yorkshire,LDT_NW
106229534,anti-social-behaviour,2022-11,53.748342,-1.602122,On or near Troy Hill,,west-yorkshire,LDT_S
106228691,anti-social-behaviour,2022-11,53.748342,-1.602122,On or near Troy Hill,,west-yorkshire,LDT_S
106228406,anti-social-behaviour,2022-11,53.746329,-1.591739,On or near Clough Street,,west-yorkshire,LDT_S
106227394,anti-social-behaviour,2022-11,53.751975,-1.561612,On or near Helston Walk,,west-yorkshire,LDT_S
106227272,anti-social-behaviour,2022-11,53.751975,-1.561612,On or near Helston Walk,,west-yorkshire,LDT_S
106227090,anti-social-behaviour,2022-11,53.738902,-1.598831,On or near Quarry Lane,,west-yorkshire,LDT_S
106226628,anti-social-behaviour,2022-11,53.745895,-1.604162,On or near Queensway,,west-yorkshire,LDT_S
106230433,anti-social-behaviour,2022-11,53.745064,-1.574314,On or near Leyburn Drive,,west-yorkshire,LDT_S
106227349,anti-social-behaviour,2022-11,53.751975,-1.561612,On or near Helston Walk,,west-yorkshire,LDT_S
106230446,anti-social-behaviour,2022-11,53.746805,-1.588960,On or near Denshaw Drive,,west-yorkshire,LDT_S
106230632,anti-social-behaviour,2022-11,53.745751,-1.601555,On or near Albion Street,,west-yorkshire,LDT_S
106230145,anti-social-behaviour,2022-11,53.744805,-1.600852,On or near Henry Place,,west-yorkshire,LDT_S
106228720,anti-social-behaviour,2022-11,53.748868,-1.587681,On or near Bradley View,,west-yorkshire,LDT_S
106229719,anti-social-behaviour,2022-11,53.742917,-1.598034,On or near B6123,,west-yorkshire,LDT_S
106230704,anti-social-behaviour,2022-11,53.746469,-1.601079,On or near ,,west-yorkshire,LDT_S
106230702,anti-social-behaviour,2022-11,53.745934,-1.602524,On or near Wellington Street,,west-yorkshire,LDT_S
106202133,bicycle-theft,2022-11,53.748773,-1.581025,On or near Albert Drive,Investigation complete; no suspect identified,west-yorkshire,LDT_S
106211150,burglary,2022-11,53.753033,-1.593919,On or near King George Avenue,Investigation complete; no suspect identified,west-yorkshire,LDT_S
106203115,burglary,2022-11,53.730378,-1.579404,On or near Dawson Street,Investigation complete; no suspect identified,west-yorkshire,LDT_S
106206736,burglary,2022-11,53.738652,-1.601971,On or near ,Unable to prosecute suspect,west-yorkshire,LDT_S
106207115,burglary,2022-11,53.743197,-1.595606,On or near Gillroyd Place,Investigation complete; no suspect identified,west-yorkshire,LDT_S
106220433,burglary,2022-11,53.746805,-1.588960,On or near Denshaw Drive,Investigation complete; no suspect identified,west-yorkshire,LDT_S
106207077,burglary,2022-11,53.742544,-1.596567,On or near Rods Mills Lane,Investigation complete; no suspect identified,west-yorkshire,LDT_S
106204683,burglary,2022-11,53.743924,-1.595356,On or near South Street,Investigation complete; no suspect identified,west-yorkshire,LDT_S
106203534,burglary,2022-11,53.748377,-1.593858,On or near Rock Terrace,Investigation complete; no suspect identified,west-yorkshire,LDT_S
106200665,burglary,2022-11,53.733685,-1.585868,On or near ,Investigation complete; no suspect identified,west-yorkshire,LDT_S
106218029,burglary,2022-11,53.751860,-1.595325,On or near Croft House Avenue,Status update unavailable,west-yorkshire,LDT_S
106217248,burglary,2022-11,53.747035,-1.601073,On or near ,Investigation complete; no suspect identified,west-yorkshire,LDT_S
106209019,burglary,2022-11,53.750313,-1.579296,On or near Siegen Way,Investigation complete; no suspect identified,west-yorkshire,LDT_S
106214669,burglary,2022-11,53.748773,-1.581025,On or near Albert Drive,Investigation complete; no suspect identified,west-yorkshire,LDT_S
106216067,burglary,2022-11,53.743997,-1.582483,On or near Partridge Close,Investigation complete; no suspect identified,west-yorkshire,LDT_S
106200098,criminal-damage-arson,2022-11,53.751296,-1.593147,On or near Croft House Mews,Unable to prosecute suspect,west-yorkshire,LDT_S
106199575,criminal-damage-arson,2022-11,53.741307,-1.597625,On or near Harrwood Mews,Investigation complete; no suspect identified,west-yorkshire,LDT_S
106202763,criminal-damage-arson,2022-11,53.751975,-1.561612,On or near Helston Walk,Investigation complete; no suspect identified,west-yorkshire,LDT_S
106220012,criminal-damage-arson,2022-11,53.747026,-1.593173,On or near Charles Street,Investigation complete; no suspect identified,west-yorkshire,LDT_S
106198710,criminal-damage-arson,2022-11,53.744701,-1.588814,On or near Middleton Terrace,Unable to prosecute suspect,west-yorkshire,LDT_S
106198589,criminal-damage-arson,2022-11,53.744701,-1.588814,On or near Middleton Terrace,Court result unavailable,west-yorkshire,LDT_S
106210931,criminal-damage-arson,2022-11,53.743893,-1.604878,On or near Kirkness Court,Investigation complete; no suspect identified,west-yorkshire,LDT_S
106211856,criminal-damage-arson,2022-11,53.744515,-1.592015,On or near Middleton Road,Unable to prosecute suspect,west-yorkshire,LDT_S
106208481,criminal-damage-arson,2022-11,53.749806,-1.580787,On or near Scatcherd Court,Investigation complete; no suspect identified,west-yorkshire,LDT_S
106207417,criminal-damage-arson,2022-11,53.748623,-1.559266,On or near Bodmin Road,Investigation complete; no suspect identified,west-yorkshire,LDT_S
106207416,criminal-damage-arson,2022-11,53.748623,-1.559266,On or near Bodmin Road,Local resolution,west-yorkshire,LDT_S
106206253,criminal-damage-arson,2022-11,53.744618,-1.598609,On or near ,Investigation complete; no suspect identified,west-yorkshire,LDT_S
106205515,criminal-damage-arson,2022-11,53.743948,-1.591960,On or near Middleton Close,Investigation complete; no suspect identified,west-yorkshire,LDT_S
106204801,criminal-damage-arson,2022-11,53.749360,-1.581823,On or near Rydal Drive,Unable to prosecute suspect,west-yorkshire,LDT_S
106202599,criminal-damage-arson,2022-11,53.747035,-1.601073,On or near ,Investigation complete; no suspect identified,west-yorkshire,LDT_S
106207791,drugs,2022-11,53.748998,-1.578627,On or near Rotary Drive,Local resolution,west-yorkshire,LDT_S
106219072,drugs,2022-11,53.738652,-1.601971,On or near ,Court result unavailable,west-yorkshire,LDT_S
106211585,drugs,2022-11,53.745685,-1.576916,On or near Topcliffe Garth,Local resolution,west-yorkshire,LDT_S
106222473,drugs,2022-11,53.748178,-1.588264,On or near Wellington Row,Court result unavailable,west-yorkshire,LDT_S
106201915,other-theft,2022-11,53.752192,-1.601476,On or near ,Investigation complete; no suspect identified,west-yorkshire,LDT_S
106207815,other-theft,2022-11,53.746482,-1.602519,On or near Queenscourt,Unable to prosecute suspect,west-yorkshire,LDT_S
106215176,other-theft,2022-11,53.748623,-1.559266,On or near Bodmin Road,Investigation complete; no suspect identified,west-yorkshire,LDT_S
106200079,other-theft,2022-11,53.736950,-1.598228,On or near Marshall Crescent,Investigation complete; no suspect identified,west-yorkshire,LDT_S
106206931,other-theft,2022-11,53.745751,-1.601555,On or near Albion Street,Investigation complete; no suspect identified,west-yorkshire,LDT_S
106212424,other-theft,2022-11,53.748342,-1.602122,On or near Troy Hill,Investigation complete; no suspect identified,west-yorkshire,LDT_S
106202104,other-theft,2022-11,53.745603,-1.603013,On or near ,Investigation complete; no suspect identified,west-yorkshire,LDT_S
106208718,other-theft,2022-11,53.743353,-1.588736,On or near Brambling Mews,Investigation complete; no suspect identified,west-yorkshire,LDT_S
106214211,other-theft,2022-11,53.749399,-1.601096,On or near Chapel Hill,Investigation complete; no suspect identified,west-yorkshire,LDT_S
106697766,other-theft,2022-11,53.745603,-1.603013,On or near ,Court result unavailable,west-yorkshire,LDT_S
106203164,other-theft,2022-11,53.750355,-1.580964,On or near Scratcherd Mews,Unable to prosecute suspect,west-yorkshire,LDT_S
106209936,other-theft,2022-11,53.742342,-1.600784,On or near Hunger Hill,Investigation complete; no suspect identified,west-yorkshire,LDT_S
106211581,other-theft,2022-11,53.745688,-1.604270,On or near ,Investigation complete; no suspect identified,west-yorkshire,LDT_S
106210821,possession-of-weapons,2022-11,53.740822,-1.605923,On or near Baker Street,Local resolution,west-yorkshire,LDT_S
106224438,possession-of-weapons,2022-11,53.742174,-1.598891,On or near South Queen Street,Court result unavailable,west-yorkshire,LDT_S
106212534,public-order,2022-11,53.748342,-1.602122,On or near Troy Hill,Unable to prosecute suspect,west-yorkshire,LDT_S
106212289,public-order,2022-11,53.745340,-1.586366,On or near The Gills,Further investigation is not in the public interest,west-yorkshire,LDT_S
106219167,public-order,2022-11,53.735485,-1.577458,On or near Sterling Way,Investigation complete; no suspect identified,west-yorkshire,LDT_S
106210995,public-order,2022-11,53.745560,-1.598130,On or near Annie Street,Investigation complete; no suspect identified,west-yorkshire,LDT_S
106210016,public-order,2022-11,53.747428,-1.576899,On or near Newlands Crescent,Unable to prosecute suspect,west-yorkshire,LDT_S
106202173,public-order,2022-11,53.748342,-1.602122,On or near Troy Hill,Unable to prosecute suspect,west-yorkshire,LDT_S
106205903,public-order,2022-11,53.735374,-1.597303,On or near Harrop Avenue,Unable to prosecute suspect,west-yorkshire,LDT_S
106219386,public-order,2022-11,53.745064,-1.574314,On or near Leyburn Drive,Unable to prosecute suspect,west-yorkshire,LDT_S
106200018,public-order,2022-11,53.745064,-1.574314,On or near Leyburn Drive,Investigation complete; no suspect identified,west-yorkshire,LDT_S
106210283,public-order,2022-11,53.749983,-1.595829,On or near New Bank Street,Unable to prosecute suspect,west-yorkshire,LDT_S
106208059,public-order,2022-11,53.746469,-1.601079,On or near ,Investigation complete; no suspect identified,west-yorkshire,LDT_S
106219245,public-order,2022-11,53.737563,-1.601618,On or near Dartmouth Avenue,Unable to prosecute suspect,west-yorkshire,LDT_S
106220503,public-order,2022-11,53.745480,-1.598556,On or near ,Investigation complete; no suspect identified,west-yorkshire,LDT_S
106222720,public-order,2022-11,53.749497,-1.579956,On or near Scatcherd Garth,Investigation complete; no suspect identified,west-yorkshire,LDT_S
106204826,public-order,2022-11,53.747356,-1.595020,On or near Cambridge Court,Unable to prosecute suspect,west-yorkshire,LDT_S
106219464,public-order,2022-11,53.744618,-1.598609,On or near ,Unable to prosecute suspect,west-yorkshire,LDT_S
106205702,public-order,2022-11,53.745688,-1.604270,On or near ,Investigation complete; no suspect identified,west-yorkshire,LDT_S
106203721,public-order,2022-11,53.745018,-1.599985,On or near ,Unable to prosecute suspect,west-yorkshire,LDT_S
106206589,public-order,2022-11,53.742342,-1.600784,On or near Hunger Hill,Unable to prosecute suspect,west-yorkshire,LDT_S
106200999,public-order,2022-11,53.742174,-1.598891,On or near South Queen Street,Unable to prosecute suspect,west-yorkshire,LDT_S
106202556,public-order,2022-11,53.747035,-1.601073,On or near Shopping Area,Court result unavailable,west-yorkshire,LDT_S
106207318,public-order,2022-11,53.746482,-1.602519,On or near Queenscourt,Investigation complete; no suspect identified,west-yorkshire,LDT_S
106217479,public-order,2022-11,53.742917,-1.598034,On or near B6123,Court result unavailable,west-yorkshire,LDT_S
106203193,public-order,2022-11,53.730378,-1.579404,On or near Dawson Street,Investigation complete; no suspect identified,west-yorkshire,LDT_S
106211883,public-order,2022-11,53.733685,-1.585868,On or near ,Investigation complete; no suspect identified,west-yorkshire,LDT_S
106213507,public-order,2022-11,53.743170,-1.593028,On or near Hartley Place,Court result unavailable,west-yorkshire,LDT_S
106201773,shoplifting,2022-11,53.740296,-1.601895,On or near Trafalgar Gardens,Investigation complete; no suspect identified,west-yorkshire,LDT_S
106202571,shoplifting,2022-11,53.740296,-1.601895,On or near Trafalgar Gardens,Investigation complete; no suspect identified,west-yorkshire,LDT_S
106217744,shoplifting,2022-11,53.745603,-1.603013,On or near Supermarket,Court result unavailable,west-yorkshire,LDT_S
106202705,shoplifting,2022-11,53.752192,-1.601476,On or near ,Investigation complete; no suspect identified,west-yorkshire,LDT_S
106202849,shoplifting,2022-11,53.745603,-1.603013,On or near ,Investigation complete; no suspect identified,west-yorkshire,LDT_S
106201774,shoplifting,2022-11,53.740296,-1.601895,On or near Trafalgar Gardens,Investigation complete; no suspect identified,west-yorkshire,LDT_S
106198988,shoplifting,2022-11,53.744618,-1.598609,On or near ,Investigation complete; no suspect identified,west-yorkshire,LDT_S
106200170,shoplifting,2022-11,53.740296,-1.601895,On or near Trafalgar Gardens,Investigation complete; no suspect identified,west-yorkshire,LDT_S
106201787,shoplifting,2022-11,53.740296,-1.601895,On or near Trafalgar Gardens,Investigation complete; no suspect identified,west-yorkshire,LDT_S
106204129,shoplifting,2022-11,53.752192,-1.601476,On or near ,Investigation complete; no suspect identified,west-yorkshire,LDT_S
106205697,theft-from-the-person,2022-11,53.745018,-1.599985,On or near ,Investigation complete; no suspect identified,west-yorkshire,LDT_S
106201572,vehicle-crime,2022-11,53.738394,-1.592150,On or near Beacon Avenue,Investigation complete; no suspect identified,west-yorkshire,LDT_S
106206043,vehicle-crime,2022-11,53.731051,-1.589492,On or near Rein Road,Investigation complete; no suspect identified,west-yorkshire,LDT_S
106206155,vehicle-crime,2022-11,53.742242,-1.605849,On or near Fountain Street,Investigation complete; no suspect identified,west-yorkshire,LDT_S
106201997,vehicle-crime,2022-11,53.742242,-1.605849,On or near Fountain Street,Investigation complete; no suspect identified,west-yorkshire,LDT_S
106206679,vehicle-crime,2022-11,53.750028,-1.580042,On or near Scatcherd Drive,Investigation complete; no suspect identified,west-yorkshire,LDT_S
106198712,vehicle-crime,2022-11,53.744515,-1.592015,On or near Middleton Road,Investigation complete; no suspect identified,west-yorkshire,LDT_S
106207142,vehicle-crime,2022-11,53.748432,-1.599635,On or near Troy Road,Investigation complete; no suspect identified,west-yorkshire,LDT_S
106214219,vehicle-crime,2022-11,53.749450,-1.603128,On or near Bank Street,Investigation complete; no suspect identified,west-yorkshire,LDT_S
106214622,vehicle-crime,2022-11,53.745560,-1.598130,On or near Annie Street,Investigation complete; no suspect identified,west-yorkshire,LDT_S
106210384,vehicle-crime,2022-11,53.746186,-1.594410,On or near Peel Street,Investigation complete; no suspect identified,west-yorkshire,LDT_S
106217827,vehicle-crime,2022-11,53.741566,-1.599942,On or near West Street,Investigation complete; no suspect identified,west-yorkshire,LDT_S
106209867,violent-crime,2022-11,53.744161,-1.599190,On or near Queen's Place,Investigation complete; no suspect identified,west-yorkshire,LDT_S
106222807,violent-crime,2022-11,53.745751,-1.601555,On or near Albion Street,Unable to prosecute suspect,west-yorkshire,LDT_S
106203614,violent-crime,2022-11,53.738394,-1.592150,On or near Beacon Avenue,Unable to prosecute suspect,west-yorkshire,LDT_S
106209744,violent-crime,2022-11,53.758044,-1.587515,On or near Harwill Rise,Court result unavailable,west-yorkshire,LDT_S
106209124,violent-crime,2022-11,53.750355,-1.580964,On or near Scratcherd Mews,Court result unavailable,west-yorkshire,LDT_S
106209123,violent-crime,2022-11,53.750355,-1.580964,On or near Scratcherd Mews,Court result unavailable,west-yorkshire,LDT_S
106220931,violent-crime,2022-11,53.736460,-1.596823,On or near Cross Birch Street,Unable to prosecute suspect,west-yorkshire,LDT_S
106220897,violent-crime,2022-11,53.736197,-1.598796,On or near Harrop Terrace,Unable to prosecute suspect,west-yorkshire,LDT_S
106220128,violent-crime,2022-11,53.749806,-1.580787,On or near Scatcherd Court,Court result unavailable,west-yorkshire,LDT_S
106198925,violent-crime,2022-11,53.740822,-1.605923,On or near Baker Street,Court result unavailable,west-yorkshire,LDT_S
106203163,violent-crime,2022-11,53.738394,-1.592150,On or near Beacon Avenue,Unable to prosecute suspect,west-yorkshire,LDT_S
106202456,violent-crime,2022-11,53.742917,-1.598034,On or near B6123,Investigation complete; no suspect identified,west-yorkshire,LDT_S
106199337,violent-crime,2022-11,53.746993,-1.578389,On or near Newlands Drive,Unable to prosecute suspect,west-yorkshire,LDT_S
106200827,violent-crime,2022-11,53.739426,-1.599523,On or near Elmfield Court,Unable to prosecute suspect,west-yorkshire,LDT_S
106215733,violent-crime,2022-11,53.742342,-1.600784,On or near Hunger Hill,Unable to prosecute suspect,west-yorkshire,LDT_S
106220517,violent-crime,2022-11,53.742917,-1.598034,On or near B6123,Investigation complete; no suspect identified,west-yorkshire,LDT_S
106201874,violent-crime,2022-11,53.733685,-1.585868,On or near Park/open Space,Unable to prosecute suspect,west-yorkshire,LDT_S
106215842,violent-crime,2022-11,53.751431,-1.590568,On or near Daisy Hill Mews,Status update unavailable,west-yorkshire,LDT_S
106199914,violent-crime,2022-11,53.735466,-1.595483,On or near Askey Crescent,Unable to prosecute suspect,west-yorkshire,LDT_S
106200424,violent-crime,2022-11,53.747630,-1.578064,On or near Peter Lane,Unable to prosecute suspect,west-yorkshire,LDT_S
106201624,violent-crime,2022-11,53.752372,-1.595199,On or near Croft House Walk,Unable to prosecute suspect,west-yorkshire,LDT_S
106220900,violent-crime,2022-11,53.736197,-1.598796,On or near Harrop Terrace,Unable to prosecute suspect,west-yorkshire,LDT_S
106201303,violent-crime,2022-11,53.745149,-1.577892,On or near Topcliffe Avenue,Unable to prosecute suspect,west-yorkshire,LDT_S
106222442,violent-crime,2022-11,53.742917,-1.598034,On or near B6123,Investigation complete; no suspect identified,west-yorkshire,LDT_S
106199783,violent-crime,2022-11,53.747938,-1.578819,On or near Rydal Crescent,Unable to prosecute suspect,west-yorkshire,LDT_S
106212998,violent-crime,2022-11,53.744161,-1.599190,On or near Queen's Place,Investigation complete; no suspect identified,west-yorkshire,LDT_S
106205663,violent-crime,2022-11,53.738324,-1.589998,On or near Arncliffe Crescent,Further investigation is not in the public interest,west-yorkshire,LDT_S
106212546,violent-crime,2022-11,53.747938,-1.578819,On or near Rydal Crescent,Status update unavailable,west-yorkshire,LDT_S
106212647,violent-crime,2022-11,53.744161,-1.599190,On or near Queen's Place,Investigation complete; no suspect identified,west-yorkshire,LDT_S
106200255,violent-crime,2022-11,53.739365,-1.597356,On or near Bridge Court,Unable to prosecute suspect,west-yorkshire,LDT_S
106200408,violent-crime,2022-11,53.747630,-1.578064,On or near Peter Lane,Unable to prosecute suspect,west-yorkshire,LDT_S
106221140,violent-crime,2022-11,53.749983,-1.595829,On or near New Bank Street,Unable to prosecute suspect,west-yorkshire,LDT_S
106221596,violent-crime,2022-11,53.737563,-1.601618,On or near Dartmouth Avenue,Status update unavailable,west-yorkshire,LDT_S
106201220,violent-crime,2022-11,53.743989,-1.604104,On or near Haydn Close,Unable to prosecute suspect,west-yorkshire,LDT_S
106201750,violent-crime,2022-11,53.740035,-1.593589,On or near Oak Avenue,Unable to prosecute suspect,west-yorkshire,LDT_S
106203104,violent-crime,2022-11,53.750028,-1.580042,On or near Scatcherd Drive,Unable to prosecute suspect,west-yorkshire,LDT_S
106204489,violent-crime,2022-11,53.751860,-1.595325,On or near Croft House Avenue,Unable to prosecute suspect,west-yorkshire,LDT_S
106204643,violent-crime,2022-11,53.749450,-1.603128,On or near Bank Street,Unable to prosecute suspect,west-yorkshire,LDT_S
106204952,violent-crime,2022-11,53.747035,-1.601073,On or near ,Investigation complete; no suspect identified,west-yorkshire,LDT_S
106205110,violent-crime,2022-11,53.734222,-1.599648,On or near Shire Grove,Investigation complete; no suspect identified,west-yorkshire,LDT_S
106205109,violent-crime,2022-11,53.746482,-1.602519,On or near Queenscourt,Unable to prosecute suspect,west-yorkshire,LDT_S
106204069,violent-crime,2022-11,53.749360,-1.581823,On or near Rydal Drive,Unable to prosecute suspect,west-yorkshire,LDT_S
106205806,violent-crime,2022-11,53.744161,-1.599190,On or near Queen's Place,Unable to prosecute suspect,west-yorkshire,LDT_S
106224314,violent-crime,2022-11,53.752192,-1.601476,On or near ,Investigation complete; no suspect identified,west-yorkshire,LDT_S
106222714,violent-crime,2022-11,53.731890,-1.572356,On or near Tingley Avenue,Unable to prosecute suspect,west-yorkshire,LDT_S
106214198,violent-crime,2022-11,53.742917,-1.598034,On or near B6123,Unable to prosecute suspect,west-yorkshire,LDT_S
106219300,violent-crime,2022-11,53.745018,-1.599985,On or near ,Unable to prosecute suspect,west-yorkshire,LDT_S
106207358,violent-crime,2022-11,53.744701,-1.588814,On or near Middleton Terrace,Unable to prosecute suspect,west-yorkshire,LDT_S
106207360,violent-crime,2022-11,53.739426,-1.599523,On or near Elmfield Court,Investigation complete; no suspect identified,west-yorkshire,LDT_S
106198634,violent-crime,2022-11,53.744701,-1.588814,On or near Middleton Terrace,Unable to prosecute suspect,west-yorkshire,LDT_S
106210263,violent-crime,2022-11,53.744515,-1.592015,On or near Middleton Road,Unable to prosecute suspect,west-yorkshire,LDT_S
106198678,violent-crime,2022-11,53.745688,-1.604270,On or near ,Unable to prosecute suspect,west-yorkshire,LDT_S
106198705,violent-crime,2022-11,53.744701,-1.588814,On or near Middleton Terrace,Unable to prosecute suspect,west-yorkshire,LDT_S
106199176,violent-crime,2022-11,53.736460,-1.596823,On or near Cross Birch Street,Investigation complete; no suspect identified,west-yorkshire,LDT_S
106218449,violent-crime,2022-11,53.745751,-1.601555,On or near Albion Street,Unable to prosecute suspect,west-yorkshire,LDT_S
106218538,violent-crime,2022-11,53.745356,-1.575403,On or near Bedale Court,Investigation complete; no suspect identified,west-yorkshire,LDT_S
106218670,violent-crime,2022-11,53.731890,-1.572356,On or near Tingley Avenue,Unable to prosecute suspect,west-yorkshire,LDT_S
106209405,violent-crime,2022-11,53.742342,-1.600784,On or near Hunger Hill,Unable to prosecute suspect,west-yorkshire,LDT_S
106220369,violent-crime,2022-11,53.734222,-1.599648,On or near Shire Grove,Status update unavailable,west-yorkshire,LDT_S
106220468,violent-crime,2022-11,53.747428,-1.576899,On or near Newlands Crescent,Unable to prosecute suspect,west-yorkshire,LDT_S
106220615,violent-crime,2022-11,53.748998,-1.578627,On or near Rotary Drive,Unable to prosecute suspect,west-yorkshire,LDT_S
106221773,violent-crime,2022-11,53.731890,-1.572356,On or near Tingley Avenue,Unable to prosecute suspect,west-yorkshire,LDT_S
106211272,violent-crime,2022-11,53.738604,-1.603821,On or near Barnet Grove,Unable to prosecute suspect,west-yorkshire,LDT_S
106211402,violent-crime,2022-11,53.749646,-1.599623,On or near Bank Terrace,Unable to prosecute suspect,west-yorkshire,LDT_S
106211435,violent-crime,2022-11,53.744118,-1.594399,On or near South Parade,Investigation complete; no suspect identified,west-yorkshire,LDT_S
106212187,violent-crime,2022-11,53.747612,-1.590832,On or near Harold Gardens,Court result unavailable,west-yorkshire,LDT_S
106212342,violent-crime,2022-11,53.738652,-1.601971,On or near ,Unable to prosecute suspect,west-yorkshire,LDT_S
106212622,violent-crime,2022-11,53.747938,-1.578819,On or near Rydal Crescent,Unable to prosecute suspect,west-yorkshire,LDT_S
106213500,violent-crime,2022-11,53.742917,-1.598034,On or near B6123,Unable to prosecute suspect,west-yorkshire,LDT_S
106214334,violent-crime,2022-11,53.745149,-1.577892,On or near Topcliffe Avenue,Unable to prosecute suspect,west-yorkshire,LDT_S
106213678,violent-crime,2022-11,53.745603,-1.603013,On or near ,Investigation complete; no suspect identified,west-yorkshire,LDT_S
106209182,violent-crime,2022-11,53.738897,-1.594646,On or near Glen Mount,Unable to prosecute suspect,west-yorkshire,LDT_S
106209443,violent-crime,2022-11,53.745751,-1.601555,On or near Albion Street,Unable to prosecute suspect,west-yorkshire,LDT_S
106209455,violent-crime,2022-11,53.750153,-1.592779,On or near King George Croft,Unable to prosecute suspect,west-yorkshire,LDT_S
106210242,violent-crime,2022-11,53.744515,-1.592015,On or near Middleton Road,Unable to prosecute suspect,west-yorkshire,LDT_S
106210096,violent-crime,2022-11,53.738324,-1.589998,On or near Arncliffe Crescent,Unable to prosecute suspect,west-yorkshire,LDT_S
106222132,violent-crime,2022-11,53.748998,-1.578627,On or near Rotary Drive,Unable to prosecute suspect,west-yorkshire,LDT_S
106216255,violent-crime,2022-11,53.744161,-1.599190,On or near Queen's Place,Investigation complete; no suspect identified,west-yorkshire,LDT_S
106218104,violent-crime,2022-11,53.736460,-1.596823,On or near Cross Birch Street,Unable to prosecute suspect,west-yorkshire,LDT_S
106218772,violent-crime,2022-11,53.748619,-1.560525,On or near Padstow Gardens,Unable to prosecute suspect,west-yorkshire,LDT_S
106201553,violent-crime,2022-11,53.741307,-1.597625,On or near Harrwood Mews,Unable to prosecute suspect,west-yorkshire,LDT_S
106218748,violent-crime,2022-11,53.749450,-1.603128,On or near Bank Street,Unable to prosecute suspect,west-yorkshire,LDT_S
106208728,violent-crime,2022-11,53.746186,-1.594410,On or near Peel Street,Unable to prosecute suspect,west-yorkshire,LDT_S
106215871,violent-crime,2022-11,53.740444,-1.587157,On or near Sandpiper Approach,Unable to prosecute suspect,west-yorkshire,LDT_S
106207266,violent-crime,2022-11,53.741449,-1.591756,On or near Owl Ridge,Investigation complete; no suspect identified,west-yorkshire,LDT_S
106220238,violent-crime,2022-11,53.745603,-1.603013,On or near Supermarket,Court result unavailable,west-yorkshire,LDT_S
106216508,violent-crime,2022-11,53.748603,-1.586380,On or near Sandringham Close,Unable to prosecute suspect,west-yorkshire,LDT_S
106221328,other-crime,2022-11,53.747428,-1.576899,On or near Newlands Crescent,Further investigation is not in the public interest,west-yorkshire,LDT_S
106203594,other-crime,2022-11,53.744144,-1.602026,On or near Wesley Street,Status update unavailable,west-yorkshire,LDT_S
106215449,other-crime,2022-11,53.746147,-1.601794,On or near Queen Street,Status update unavailable,west-yorkshire,LDT_S
106207284,other-crime,2022-11,53.751975,-1.561612,On or near Helston Walk,Investigation complete; no suspect identified,west-yorkshire,LDT_S
106208902,other-crime,2022-11,53.731051,-1.589492,On or near Rein Road,Unable to prosecute suspect,west-yorkshire,LDT_S
106204110,other-crime,2022-11,53.735466,-1.595483,On or near Askey Crescent,Unable to prosecute suspect,west-yorkshire,LDT_S
106216894,other-crime,2022-11,53.745688,-1.604270,On or near ,Status update unavailable,west-yorkshire,LDT_S
106227918,anti-social-behaviour,2022-11,53.792627,-1.664291,On or near Radcliffe Gardens,,west-yorkshire,LDT_W
106229874,anti-social-behaviour,2022-11,53.794648,-1.666977,On or near Parkfield Mount,,west-yorkshire,LDT_W
106229419,anti-social-behaviour,2022-11,53.792627,-1.664291,On or near Radcliffe Gardens,,west-yorkshire,LDT_W
106229020,anti-social-behaviour,2022-11,53.795664,-1.663765,On or near ,,west-yorkshire,LDT_W
106228404,anti-social-behaviour,2022-11,53.788221,-1.638765,On or near Troydale Park,,west-yorkshire,LDT_W
106229532,anti-social-behaviour,2022-11,53.796071,-1.664703,On or near Tofts House Close,,west-yorkshire,LDT_W
106228071,anti-social-behaviour,2022-11,53.800245,-1.662954,On or near Oakroyd Terrace,,west-yorkshire,LDT_W
106227888,anti-social-behaviour,2022-11,53.792627,-1.664291,On or near Radcliffe Gardens,,west-yorkshire,LDT_W
106226891,anti-social-behaviour,2022-11,53.795779,-1.663142,On or near ,,west-yorkshire,LDT_W
106226886,anti-social-behaviour,2022-11,53.795779,-1.663142,On or near ,,west-yorkshire,LDT_W
106226858,anti-social-behaviour,2022-11,53.794915,-1.666048,On or near Northrop's Yard,,west-yorkshire,LDT_W
106226804,anti-social-behaviour,2022-11,53.791358,-1.660400,On or near Sharp Row,,west-yorkshire,LDT_W
106229929,anti-social-behaviour,2022-11,53.792627,-1.664291,On or near Radcliffe Gardens,,west-yorkshire,LDT_W
106230188,anti-social-behaviour,2022-11,53.796185,-1.663700,On or near B6154,,west-yorkshire,LDT_W
106205223,burglary,2022-11,53.803553,-1.659846,On or near Richardshaw Road,Investigation complete; no suspect identified,west-yorkshire,LDT_W
106211386,burglary,2022-11,53.784527,-1.647979,On or near Roker Lane,Investigation complete; no suspect identified,west-yorkshire,LDT_W
106201841,burglary,2022-11,53.803553,-1.659846,On or near Richardshaw Road,Investigation complete; no suspect identified,west-yorkshire,LDT_W
106218208,burglary,2022-11,53.798041,-1.665416,On or near Back Somerset Road,Investigation complete; no suspect identified,west-yorkshire,LDT_W
106216849,burglary,2022-11,53.807088,-1.651541,On or near Jordan Road,Investigation complete; no suspect identified,west-yorkshire,LDT_W
106210199,burglary,2022-11,53.784527,-1.647979,On or near Roker Lane,Investigation complete; no suspect identified,west-yorkshire,LDT_W
106214979,burglary,2022-11,53.794641,-1.627962,On or near Woodside Lawn,Court result unavailable,west-yorkshire,LDT_W
106209782,criminal-damage-arson,2022-11,53.796146,-1.626401,On or near Post Hill Court,Investigation complete; no suspect identified,west-yorkshire,LDT_W
106207159,criminal-damage-arson,2022-11,53.793599,-1.667911,On or near St Lawrence Close,Investigation complete; no suspect identified,west-yorkshire,LDT_W
106201872,criminal-damage-arson,2022-11,53.795754,-1.654368,On or near Greenwood Row,Investigation complete; no suspect identified,west-yorkshire,LDT_W
106200500,criminal-damage-arson,2022-11,53.795842,-1.663278,On or near Pudsey Bus Station,Investigation complete; no suspect identified,west-yorkshire,LDT_W
106199625,criminal-damage-arson,2022-11,53.795842,-1.663278,On or near Pudsey Bus Station,Investigation complete; no suspect identified,west-yorkshire,LDT_W
106199399,criminal-damage-arson,2022-11,53.797795,-1.627525,On or near Pudsey Road,Investigation complete; no suspect identified,west-yorkshire,LDT_W
106199203,criminal-damage-arson,2022-11,53.802556,-1.641512,On or near Wellstone Green,Investigation complete; no suspect identified,west-yorkshire,LDT_W
106202260,criminal-damage-arson,2022-11,53.804160,-1.643032,On or near Rycroft Green,Investigation complete; no suspect identified,west-yorkshire,LDT_W
106216909,criminal-damage-arson,2022-11,53.797667,-1.663294,On or near Wesley Row,Investigation complete; no suspect identified,west-yorkshire,LDT_W
106219843,criminal-damage-arson,2022-11,53.795842,-1.663278,On or near Pudsey Bus Station,Local resolution,west-yorkshire,LDT_W
106200205,criminal-damage-arson,2022-11,53.795193,-1.659458,On or near Robin Chase,Investigation complete; no suspect identified,west-yorkshire,LDT_W
106216649,criminal-damage-arson,2022-11,53.786599,-1.662168,On or near Southroyd Rise,Unable to prosecute suspect,west-yorkshire,LDT_W
106207940,criminal-damage-arson,2022-11,53.798488,-1.658201,On or near Rosemont Drive,Investigation complete; no suspect identified,west-yorkshire,LDT_W
106209544,criminal-damage-arson,2022-11,53.795842,-1.663278,On or near Pudsey Bus Station,Investigation complete; no suspect identified,west-yorkshire,LDT_W
106215007,criminal-damage-arson,2022-11,53.798942,-1.669387,On or near Westdale Gardens,Investigation complete; no suspect identified,west-yorkshire,LDT_W
106214511,criminal-damage-arson,2022-11,53.800172,-1.653193,On or near Priestley Gardens,Unable to prosecute suspect,west-yorkshire,LDT_W
106214354,criminal-damage-arson,2022-11,53.795842,-1.663278,On or near Pudsey Bus Station,Investigation complete; no suspect identified,west-yorkshire,LDT_W
106211985,drugs,2022-11,53.780188,-1.639593,On or near Tong Road,Court result unavailable,west-yorkshire,LDT_W
106224768,drugs,2022-11,53.797790,-1.656082,On or near Crown Place,Unable to prosecute suspect,west-yorkshire,LDT_W
106206157,drugs,2022-11,53.797864,-1.653819,On or near Swinnow Road,Court result unavailable,west-yorkshire,LDT_W
106212701,other-theft,2022-11,53.803848,-1.634972,On or near Spring Valley Croft,Investigation complete; no suspect identified,west-yorkshire,LDT_W
106210871,other-theft,2022-11,53.803848,-1.634972,On or near Spring Valley Croft,Investigation complete; no suspect identified,west-yorkshire,LDT_W
106208640,other-theft,2022-11,53.803848,-1.634972,On or near Spring Valley Croft,Investigation complete; no suspect identified,west-yorkshire,LDT_W
106207101,other-theft,2022-11,53.801225,-1.641250,On or near Wellstone Rise,Investigation complete; no suspect identified,west-yorkshire,LDT_W
106204948,other-theft,2022-11,53.799273,-1.646915,On or near Harley Green,Unable to prosecute suspect,west-yorkshire,LDT_W
106206101,other-theft,2022-11,53.797213,-1.661764,On or near Studley Terrace,Investigation complete; no suspect identified,west-yorkshire,LDT_W
106213854,other-theft,2022-11,53.804160,-1.643032,On or near Rycroft Green,Investigation complete; no suspect identified,west-yorkshire,LDT_W
106225565,other-theft,2022-11,53.804281,-1.638248,On or near ,Investigation complete; no suspect identified,west-yorkshire,LDT_W
106205386,other-theft,2022-11,53.806160,-1.647737,On or near Stanningley Field Close,Investigation complete; no suspect identified,west-yorkshire,LDT_W
106216614,other-theft,2022-11,53.797489,-1.648508,On or near Lowell Place,Unable to prosecute suspect,west-yorkshire,LDT_W
106216612,other-theft,2022-11,53.796326,-1.662971,On or near Waver Green,Unable to prosecute suspect,west-yorkshire,LDT_W
106199312,other-theft,2022-11,53.807102,-1.656370,On or near Norwood Croft,Investigation complete; no suspect identified,west-yorkshire,LDT_W
106207993,other-theft,2022-11,53.803848,-1.634972,On or near Spring Valley Croft,Investigation complete; no suspect identified,west-yorkshire,LDT_W
106212757,other-theft,2022-11,53.790023,-1.665010,On or near New Street Grove,Unable to prosecute suspect,west-yorkshire,LDT_W
106219033,other-theft,2022-11,53.787126,-1.661026,On or near Littlemoor Crescent,Unable to prosecute suspect,west-yorkshire,LDT_W
106206626,other-theft,2022-11,53.803848,-1.634972,On or near Spring Valley Croft,Investigation complete; no suspect identified,west-yorkshire,LDT_W
106203155,possession-of-weapons,2022-11,53.795664,-1.663765,On or near ,Investigation complete; no suspect identified,west-yorkshire,LDT_W
106203299,possession-of-weapons,2022-11,53.792486,-1.668345,On or near ,Court result unavailable,west-yorkshire,LDT_W
106217747,public-order,2022-11,53.803848,-1.634972,On or near Spring Valley Croft,Investigation complete; no suspect identified,west-yorkshire,LDT_W
106213674,public-order,2022-11,53.796146,-1.626401,On or near Post Hill Court,Unable to prosecute suspect,west-yorkshire,LDT_W
106206752,public-order,2022-11,53.796146,-1.626401,On or near Post Hill Court,Unable to prosecute suspect,west-yorkshire,LDT_W
106212620,public-order,2022-11,53.798099,-1.660588,On or near Clifton Road,Unable to prosecute suspect,west-yorkshire,LDT_W
106206883,public-order,2022-11,53.803682,-1.645329,On or near Rycroft Towers,Unable to prosecute suspect,west-yorkshire,LDT_W
106225272,public-order,2022-11,53.802350,-1.647830,On or near Swinnow Avenue,Court result unavailable,west-yorkshire,LDT_W
106207602,public-order,2022-11,53.801445,-1.655034,On or near Priestley Walk,Status update unavailable,west-yorkshire,LDT_W
106217552,public-order,2022-11,53.795664,-1.663765,On or near ,Unable to prosecute suspect,west-yorkshire,LDT_W
106225228,public-order,2022-11,53.802350,-1.647830,On or near Swinnow Avenue,Court result unavailable,west-yorkshire,LDT_W
106209981,public-order,2022-11,53.796185,-1.663700,On or near B6154,Investigation complete; no suspect identified,west-yorkshire,LDT_W
106218426,public-order,2022-11,53.795842,-1.663278,On or near Pudsey Bus Station,Unable to prosecute suspect,west-yorkshire,LDT_W
106226447,public-order,2022-11,53.804160,-1.643032,On or near Rycroft Green,Unable to prosecute suspect,west-yorkshire,LDT_W
106199501,public-order,2022-11,53.786423,-1.632862,On or near Green Lane,Investigation complete; no suspect identified,west-yorkshire,LDT_W
106199657,public-order,2022-11,53.796326,-1.662971,On or near Waver Green,Unable to prosecute suspect,west-yorkshire,LDT_W
106200069,public-order,2022-11,53.793437,-1.651943,On or near Kent Drive,Unable to prosecute suspect,west-yorkshire,LDT_W
106221425,public-order,2022-11,53.796584,-1.662027,On or near Manor House Street,Investigation complete; no suspect identified,west-yorkshire,LDT_W
106203897,public-order,2022-11,53.794902,-1.664789,On or near Park View,Investigation complete; no suspect identified,west-yorkshire,LDT_W
106202960,public-order,2022-11,53.800267,-1.639497,On or near Wellstone Road,Unable to prosecute suspect,west-yorkshire,LDT_W
106204216,public-order,2022-11,53.794641,-1.627962,On or near Woodside Lawn,Unable to prosecute suspect,west-yorkshire,LDT_W
106205580,public-order,2022-11,53.797578,-1.663856,On or near Wesley Terrace,Unable to prosecute suspect,west-yorkshire,LDT_W
106207075,public-order,2022-11,53.795664,-1.663765,On or near ,Unable to prosecute suspect,west-yorkshire,LDT_W
106198689,public-order,2022-11,53.795175,-1.665743,On or near Lower Tofts Road,Unable to prosecute suspect,west-yorkshire,LDT_W
106218838,public-order,2022-11,53.795842,-1.663278,On or near Pudsey Bus Station,Unable to prosecute suspect,west-yorkshire,LDT_W
106218913,public-order,2022-11,53.794038,-1.627694,On or near Gamble Lane,Unable to prosecute suspect,west-yorkshire,LDT_W
106218915,public-order,2022-11,53.794038,-1.627694,On or near Gamble Lane,Investigation complete; no suspect identified,west-yorkshire,LDT_W
106208949,public-order,2022-11,53.794902,-1.664789,On or near Park View,Investigation complete; no suspect identified,west-yorkshire,LDT_W
106211943,public-order,2022-11,53.794038,-1.627694,On or near Gamble Lane,Unable to prosecute suspect,west-yorkshire,LDT_W
106212491,public-order,2022-11,53.794838,-1.667506,On or near Parkfield Close,Investigation complete; no suspect identified,west-yorkshire,LDT_W
106213741,public-order,2022-11,53.797667,-1.663294,On or near Wesley Row,Unable to prosecute suspect,west-yorkshire,LDT_W
106209702,public-order,2022-11,53.801508,-1.664645,On or near Richardshaw Lane,Investigation complete; no suspect identified,west-yorkshire,LDT_W
106217923,public-order,2022-11,53.795664,-1.663765,On or near ,Unable to prosecute suspect,west-yorkshire,LDT_W
106226549,public-order,2022-11,53.804160,-1.643032,On or near Rycroft Green,Unable to prosecute suspect,west-yorkshire,LDT_W
106222768,public-order,2022-11,53.800267,-1.639497,On or near Wellstone Road,Unable to prosecute suspect,west-yorkshire,LDT_W
106199664,public-order,2022-11,53.796326,-1.662971,On or near Waver Green,Unable to prosecute suspect,west-yorkshire,LDT_W
106215515,public-order,2022-11,53.795842,-1.663278,On or near Pudsey Bus Station,Local resolution,west-yorkshire,LDT_W
106215769,public-order,2022-11,53.790153,-1.663627,On or near Oakwood Gardens,Unable to prosecute suspect,west-yorkshire,LDT_W
106215710,public-order,2022-11,53.807574,-1.651780,On or near Magdalin Drive,Investigation complete; no suspect identified,west-yorkshire,LDT_W
106205277,public-order,2022-11,53.800700,-1.646189,On or near Harley Close,Investigation complete; no suspect identified,west-yorkshire,LDT_W
106213598,public-order,2022-11,53.792627,-1.664291,On or near Radcliffe Gardens,Unable to prosecute suspect,west-yorkshire,LDT_W
106214469,public-order,2022-11,53.791556,-1.648118,On or near Acres Hall Avenue,Unable to prosecute suspect,west-yorkshire,LDT_W
106210743,shoplifting,2022-11,53.800700,-1.646189,On or near Harley Close,Investigation complete; no suspect identified,west-yorkshire,LDT_W
106205275,shoplifting,2022-11,53.800700,-1.646189,On or near Harley Close,Investigation complete; no suspect identified,west-yorkshire,LDT_W
106213140,shoplifting,2022-11,53.800700,-1.646189,On or near Harley Close,Investigation complete; no suspect identified,west-yorkshire,LDT_W
106205265,shoplifting,2022-11,53.800700,-1.646189,On or near Harley Close,Investigation complete; no suspect identified,west-yorkshire,LDT_W
106205284,shoplifting,2022-11,53.800700,-1.646189,On or near Harley Close,Investigation complete; no suspect identified,west-yorkshire,LDT_W
106198972,shoplifting,2022-11,53.800700,-1.646189,On or near Harley Close,Investigation complete; no suspect identified,west-yorkshire,LDT_W
106202706,shoplifting,2022-11,53.797009,-1.659701,On or near Claremont Grove,Investigation complete; no suspect identified,west-yorkshire,LDT_W
106214327,shoplifting,2022-11,53.800700,-1.646189,On or near Harley Close,Investigation complete; no suspect identified,west-yorkshire,LDT_W
106215555,shoplifting,2022-11,53.796071,-1.664703,On or near Tofts House Close,Formal action is not in the public interest,west-yorkshire,LDT_W
106205851,shoplifting,2022-11,53.792486,-1.668345,On or near ,Investigation complete; no suspect identified,west-yorkshire,LDT_W
106215131,shoplifting,2022-11,53.796071,-1.664703,On or near Tofts House Close,Investigation complete; no suspect identified,west-yorkshire,LDT_W
106204592,shoplifting,2022-11,53.797009,-1.659701,On or near Claremont Grove,Investigation complete; no suspect identified,west-yorkshire,LDT_W
106206517,shoplifting,2022-11,53.792486,-1.668345,On or near ,Investigation complete; no suspect identified,west-yorkshire,LDT_W
106208012,theft-from-the-person,2022-11,53.796146,-1.626401,On or near Post Hill Court,Investigation complete; no suspect identified,west-yorkshire,LDT_W
106205508,theft-from-the-person,2022-11,53.797213,-1.661764,On or near Studley Terrace,Investigation complete; no suspect identified,west-yorkshire,LDT_W
106210441,vehicle-crime,2022-11,53.790124,-1.659651,On or near Littlemoor Court,Investigation complete; no suspect identified,west-yorkshire,LDT_W
106203911,vehicle-crime,2022-11,53.804281,-1.638248,On or near ,Investigation complete; no suspect identified,west-yorkshire,LDT_W
106198892,vehicle-crime,2022-11,53.803193,-1.644057,On or near Rycroft Close,Court result unavailable,west-yorkshire,LDT_W
106216443,vehicle-crime,2022-11,53.790029,-1.654703,On or near Valley Road,Investigation complete; no suspect identified,west-yorkshire,LDT_W
106226300,vehicle-crime,2022-11,53.800700,-1.646189,On or near Harley Close,Court result unavailable,west-yorkshire,LDT_W
106221797,vehicle-crime,2022-11,53.786423,-1.632862,On or near Green Lane,Unable to prosecute suspect,west-yorkshire,LDT_W
106214012,vehicle-crime,2022-11,53.790809,-1.653771,On or near Chaucer Grove,Investigation complete; no suspect identified,west-yorkshire,LDT_W
106216514,vehicle-crime,2022-11,53.795664,-1.663765,On or near ,Unable to prosecute suspect,west-yorkshire,LDT_W
106226302,vehicle-crime,2022-11,53.802612,-1.645307,On or near Swinnow Grove,Court result unavailable,west-yorkshire,LDT_W
106206527,vehicle-crime,2022-11,53.797905,-1.652300,On or near Intake Road,Investigation complete; no suspect identified,west-yorkshire,LDT_W
106199346,vehicle-crime,2022-11,53.792375,-1.667526,On or near South Parade Close,Investigation complete; no suspect identified,west-yorkshire,LDT_W
106198905,vehicle-crime,2022-11,53.803193,-1.644057,On or near Rycroft Close,Court result unavailable,west-yorkshire,LDT_W
106199594,vehicle-crime,2022-11,53.786423,-1.632862,On or near Green Lane,Investigation complete; no suspect identified,west-yorkshire,LDT_W
106216150,vehicle-crime,2022-11,53.798041,-1.665416,On or near Back Somerset Road,Investigation complete; no suspect identified,west-yorkshire,LDT_W
106206439,vehicle-crime,2022-11,53.803379,-1.643236,On or near Rycroft Drive,Investigation complete; no suspect identified,west-yorkshire,LDT_W
106199283,vehicle-crime,2022-11,53.797239,-1.671283,On or near William Lane,Investigation complete; no suspect identified,west-yorkshire,LDT_W
106202167,vehicle-crime,2022-11,53.803379,-1.643236,On or near Rycroft Drive,Investigation complete; no suspect identified,west-yorkshire,LDT_W
106226507,vehicle-crime,2022-11,53.800700,-1.646189,On or near Harley Close,Court result unavailable,west-yorkshire,LDT_W
106211179,vehicle-crime,2022-11,53.793437,-1.651943,On or near Kent Drive,Court result unavailable,west-yorkshire,LDT_W
106219344,vehicle-crime,2022-11,53.801225,-1.641250,On or near Wellstone Rise,Unable to prosecute suspect,west-yorkshire,LDT_W
106202785,vehicle-crime,2022-11,53.797165,-1.670388,On or near Edward Close,Investigation complete; no suspect identified,west-yorkshire,LDT_W
106226566,vehicle-crime,2022-11,53.803193,-1.644057,On or near Rycroft Close,Court result unavailable,west-yorkshire,LDT_W
106201126,vehicle-crime,2022-11,53.797466,-1.634769,On or near Ridge View,Investigation complete; no suspect identified,west-yorkshire,LDT_W
106221494,vehicle-crime,2022-11,53.803612,-1.634093,On or near Spring Valley Avenue,Court result unavailable,west-yorkshire,LDT_W
106213588,vehicle-crime,2022-11,53.798739,-1.630537,On or near Hough Tree Terrace,Investigation complete; no suspect identified,west-yorkshire,LDT_W
106200791,vehicle-crime,2022-11,53.799817,-1.654683,On or near Priestley Gardens,Investigation complete; no suspect identified,west-yorkshire,LDT_W
106199951,vehicle-crime,2022-11,53.797905,-1.652300,On or near Intake Road,Investigation complete; no suspect identified,west-yorkshire,LDT_W
106199677,vehicle-crime,2022-11,53.792375,-1.667526,On or near South Parade Close,Investigation complete; no suspect identified,west-yorkshire,LDT_W
106219182,vehicle-crime,2022-11,53.799499,-1.653380,On or near Lane End,Court result unavailable,west-yorkshire,LDT_W
106201671,vehicle-crime,2022-11,53.797466,-1.634769,On or near Ridge View,Investigation complete; no suspect identified,west-yorkshire,LDT_W
106213980,violent-crime,2022-11,53.800092,-1.644084,On or near Harley Terrace,Investigation complete; no suspect identified,west-yorkshire,LDT_W
106213985,violent-crime,2022-11,53.801225,-1.641250,On or near Wellstone Rise,Unable to prosecute suspect,west-yorkshire,LDT_W
106214020,violent-crime,2022-11,53.801225,-1.641250,On or near Wellstone Rise,Unable to prosecute suspect,west-yorkshire,LDT_W
106214110,violent-crime,2022-11,53.789163,-1.669524,On or near Fartown Court,Unable to prosecute suspect,west-yorkshire,LDT_W
106217539,violent-crime,2022-11,53.795664,-1.663765,On or near ,Unable to prosecute suspect,west-yorkshire,LDT_W
106215987,violent-crime,2022-11,53.794915,-1.666048,On or near Northrop's Yard,Investigation complete; no suspect identified,west-yorkshire,LDT_W
106214093,violent-crime,2022-11,53.789163,-1.669524,On or near Fartown Court,Unable to prosecute suspect,west-yorkshire,LDT_W
106209305,violent-crime,2022-11,53.797489,-1.648508,On or near Lowell Place,Unable to prosecute suspect,west-yorkshire,LDT_W
106209472,violent-crime,2022-11,53.797489,-1.648508,On or near Lowell Place,Unable to prosecute suspect,west-yorkshire,LDT_W
106209478,violent-crime,2022-11,53.797790,-1.656082,On or near Crown Place,Unable to prosecute suspect,west-yorkshire,LDT_W
106210597,violent-crime,2022-11,53.786253,-1.663765,On or near Mill Hill,Unable to prosecute suspect,west-yorkshire,LDT_W
106210701,violent-crime,2022-11,53.791556,-1.648118,On or near Acres Hall Avenue,Unable to prosecute suspect,west-yorkshire,LDT_W
106210728,violent-crime,2022-11,53.794915,-1.666048,On or near Northrop's Yard,Local resolution,west-yorkshire,LDT_W
106212412,violent-crime,2022-11,53.798892,-1.664544,On or near Back Richardshaw Lane,Unable to prosecute suspect,west-yorkshire,LDT_W
106217638,violent-crime,2022-11,53.796389,-1.650127,On or near Cavendish Rise,Unable to prosecute suspect,west-yorkshire,LDT_W
106217920,violent-crime,2022-11,53.787313,-1.666701,On or near Hillthorpe Terrace,Unable to prosecute suspect,west-yorkshire,LDT_W
106211664,violent-crime,2022-11,53.791556,-1.648118,On or near Acres Hall Avenue,Unable to prosecute suspect,west-yorkshire,LDT_W
106208888,violent-crime,2022-11,53.792486,-1.668345,On or near ,Court result unavailable,west-yorkshire,LDT_W
106225048,violent-crime,2022-11,53.798226,-1.648502,On or near Lowell Grove,Unable to prosecute suspect,west-yorkshire,LDT_W
106225986,violent-crime,2022-11,53.791556,-1.648118,On or near Acres Hall Avenue,Unable to prosecute suspect,west-yorkshire,LDT_W
106211700,violent-crime,2022-11,53.795598,-1.659728,On or near Longfield Mount,Investigation complete; no suspect identified,west-yorkshire,LDT_W
106219323,violent-crime,2022-11,53.799896,-1.666631,On or near Thorpe Road,Unable to prosecute suspect,west-yorkshire,LDT_W
106203406,violent-crime,2022-11,53.796584,-1.662027,On or near Manor House Street,Unable to prosecute suspect,west-yorkshire,LDT_W
106220384,violent-crime,2022-11,53.796146,-1.626401,On or near Post Hill Court,Unable to prosecute suspect,west-yorkshire,LDT_W
106219697,violent-crime,2022-11,53.792768,-1.663409,On or near Radcliffe Lane,Unable to prosecute suspect,west-yorkshire,LDT_W
106219044,violent-crime,2022-11,53.787126,-1.661026,On or near Littlemoor Crescent,Unable to prosecute suspect,west-yorkshire,LDT_W
106200201,violent-crime,2022-11,53.804160,-1.643032,On or near Rycroft Green,Investigation complete; no suspect identified,west-yorkshire,LDT_W
106213998,violent-crime,2022-11,53.801225,-1.641250,On or near Wellstone Rise,Unable to prosecute suspect,west-yorkshire,LDT_W
106206606,violent-crime,2022-11,53.797213,-1.661764,On or near Studley Terrace,Unable to prosecute suspect,west-yorkshire,LDT_W
106221375,violent-crime,2022-11,53.797559,-1.650998,On or near Intake Road,Unable to prosecute suspect,west-yorkshire,LDT_W
106212610,violent-crime,2022-11,53.793948,-1.657904,On or near Hazelhurst Court,Unable to prosecute suspect,west-yorkshire,LDT_W
106201127,violent-crime,2022-11,53.795779,-1.663142,On or near ,Investigation complete; no suspect identified,west-yorkshire,LDT_W
106201490,violent-crime,2022-11,53.801918,-1.632544,On or near West Court,Unable to prosecute suspect,west-yorkshire,LDT_W
106215344,violent-crime,2022-11,53.803193,-1.644057,On or near Rycroft Close,Action to be taken by another organisation,west-yorkshire,LDT_W
106215585,violent-crime,2022-11,53.797213,-1.661764,On or near Studley Terrace,Investigation complete; no suspect identified,west-yorkshire,LDT_W
106205204,violent-crime,2022-11,53.793948,-1.657904,On or near Hazelhurst Court,Unable to prosecute suspect,west-yorkshire,LDT_W
106225532,violent-crime,2022-11,53.796413,-1.655440,On or near Huggan Row,Unable to prosecute suspect,west-yorkshire,LDT_W
106216995,violent-crime,2022-11,53.794038,-1.627694,On or near Gamble Lane,Unable to prosecute suspect,west-yorkshire,LDT_W
106217196,violent-crime,2022-11,53.800267,-1.639497,On or near Wellstone Road,Unable to prosecute suspect,west-yorkshire,LDT_W
106218037,violent-crime,2022-11,53.792486,-1.668345,On or near ,Unable to prosecute suspect,west-yorkshire,LDT_W
106216453,violent-crime,2022-11,53.790262,-1.657342,On or near Valley Green,Unable to prosecute suspect,west-yorkshire,LDT_W
106211162,violent-crime,2022-11,53.797877,-1.642949,On or near Hough Top,Unable to prosecute suspect,west-yorkshire,LDT_W
106226257,violent-crime,2022-11,53.803682,-1.645329,On or near Rycroft Towers,Unable to prosecute suspect,west-yorkshire,LDT_W
106222097,violent-crime,2022-11,53.798942,-1.669387,On or near Westdale Gardens,Court result unavailable,west-yorkshire,LDT_W
106216406,violent-crime,2022-11,53.796584,-1.662027,On or near Manor House Street,Unable to prosecute suspect,west-yorkshire,LDT_W
106216342,violent-crime,2022-11,53.796584,-1.662027,On or near Manor House Street,Unable to prosecute suspect,west-yorkshire,LDT_W
106201449,violent-crime,2022-11,53.794930,-1.655452,On or near Sycamore Chase,Investigation complete; no suspect identified,west-yorkshire,LDT_W
106202229,violent-crime,2022-11,53.801918,-1.632544,On or near West Court,Unable to prosecute suspect,west-yorkshire,LDT_W
106225514,violent-crime,2022-11,53.797667,-1.663294,On or near Wesley Row,Unable to prosecute suspect,west-yorkshire,LDT_W
106204202,violent-crime,2022-11,53.793889,-1.672022,On or near Tofts Road,Investigation complete; no suspect identified,west-yorkshire,LDT_W
106202632,violent-crime,2022-11,53.791556,-1.648118,On or near Acres Hall Avenue,Unable to prosecute suspect,west-yorkshire,LDT_W
106222652,violent-crime,2022-11,53.800267,-1.639497,On or near Wellstone Road,Unable to prosecute suspect,west-yorkshire,LDT_W
106222574,violent-crime,2022-11,53.795559,-1.661808,On or near Crawshaw Hill,Unable to prosecute suspect,west-yorkshire,LDT_W
106206536,violent-crime,2022-11,53.802423,-1.636336,On or near Stanningley By-pass,Unable to prosecute suspect,west-yorkshire,LDT_W
106219559,violent-crime,2022-11,53.794915,-1.666048,On or near Northrop's Yard,Action to be taken by another organisation,west-yorkshire,LDT_W
106205078,violent-crime,2022-11,53.793599,-1.667911,On or near St Lawrence Close,Unable to prosecute suspect,west-yorkshire,LDT_W
106207458,violent-crime,2022-11,53.804922,-1.639290,On or near Sunnyside Road,Action to be taken by another organisation,west-yorkshire,LDT_W
106207490,violent-crime,2022-11,53.799684,-1.671264,On or near Westdale Drive,Unable to prosecute suspect,west-yorkshire,LDT_W
106225244,violent-crime,2022-11,53.802556,-1.641512,On or near Wellstone Green,Unable to prosecute suspect,west-yorkshire,LDT_W
106217055,violent-crime,2022-11,53.797667,-1.663294,On or near Wesley Row,Unable to prosecute suspect,west-yorkshire,LDT_W
106221812,violent-crime,2022-11,53.798099,-1.660588,On or near Clifton Road,Investigation complete; no suspect identified,west-yorkshire,LDT_W
106218911,violent-crime,2022-11,53.794038,-1.627694,On or near Gamble Lane,Investigation complete; no suspect identified,west-yorkshire,LDT_W
106211472,violent-crime,2022-11,53.786573,-1.659254,On or near Fulneck Mews,Action to be taken by another organisation,west-yorkshire,LDT_W
106219086,violent-crime,2022-11,53.801452,-1.636116,On or near Wellstone Garth,Unable to prosecute suspect,west-yorkshire,LDT_W
106219298,violent-crime,2022-11,53.791583,-1.657544,On or near Chaucer Gardens,Further action is not in the public interest,west-yorkshire,LDT_W
106219501,violent-crime,2022-11,53.787262,-1.651028,On or near ,Unable to prosecute suspect,west-yorkshire,LDT_W
106219643,violent-crime,2022-11,53.794641,-1.627962,On or near Woodside Lawn,Status update unavailable,west-yorkshire,LDT_W
106219823,violent-crime,2022-11,53.794038,-1.627694,On or near Gamble Lane,Unable to prosecute suspect,west-yorkshire,LDT_W
106209623,violent-crime,2022-11,53.803242,-1.639578,On or near Park Spring Gardens,Action to be taken by another organisation,west-yorkshire,LDT_W
106219869,violent-crime,2022-11,53.787126,-1.661026,On or near Littlemoor Crescent,Investigation complete; no suspect identified,west-yorkshire,LDT_W
106220120,violent-crime,2022-11,53.798304,-1.666416,On or near Somerset Road,Local resolution,west-yorkshire,LDT_W
106216267,violent-crime,2022-11,53.803848,-1.634972,On or near Spring Valley Croft,Unable to prosecute suspect,west-yorkshire,LDT_W
106216531,violent-crime,2022-11,53.797790,-1.656082,On or near Crown Place,Unable to prosecute suspect,west-yorkshire,LDT_W
106216550,violent-crime,2022-11,53.797489,-1.648508,On or near Lowell Place,Unable to prosecute suspect,west-yorkshire,LDT_W
106216595,violent-crime,2022-11,53.801452,-1.636116,On or near Wellstone Garth,Unable to prosecute suspect,west-yorkshire,LDT_W
106216613,violent-crime,2022-11,53.798496,-1.670666,On or near Prospect Avenue,Status update unavailable,west-yorkshire,LDT_W
106221854,violent-crime,2022-11,53.794838,-1.667506,On or near Parkfield Close,Investigation complete; no suspect identified,west-yorkshire,LDT_W
106211355,violent-crime,2022-11,53.798304,-1.666416,On or near Somerset Road,Unable to prosecute suspect,west-yorkshire,LDT_W
106211439,violent-crime,2022-11,53.795175,-1.665743,On or near Lower Tofts Road,Unable to prosecute suspect,west-yorkshire,LDT_W
106211554,violent-crime,2022-11,53.797213,-1.661764,On or near Studley Terrace,Investigation complete; no suspect identified,west-yorkshire,LDT_W
106211650,violent-crime,2022-11,53.791556,-1.648118,On or near Acres Hall Avenue,Unable to prosecute suspect,west-yorkshire,LDT_W
106211939,violent-crime,2022-11,53.797489,-1.648508,On or near Lowell Place,Unable to prosecute suspect,west-yorkshire,LDT_W
106208168,violent-crime,2022-11,53.786745,-1.656415,On or near Moor Grove,Unable to prosecute suspect,west-yorkshire,LDT_W
106212376,violent-crime,2022-11,53.798892,-1.664544,On or near Back Richardshaw Lane,Unable to prosecute suspect,west-yorkshire,LDT_W
106208882,violent-crime,2022-11,53.800877,-1.639203,On or near Wellstone Gardens,Unable to prosecute suspect,west-yorkshire,LDT_W
106223332,violent-crime,2022-11,53.797790,-1.656082,On or near Crown Place,Unable to prosecute suspect,west-yorkshire,LDT_W
106213364,violent-crime,2022-11,53.789701,-1.659350,On or near Valley Grove,Unable to prosecute suspect,west-yorkshire,LDT_W
106213431,violent-crime,2022-11,53.800374,-1.651490,On or near Swinnow Green,Investigation complete; no suspect identified,west-yorkshire,LDT_W
106213467,violent-crime,2022-11,53.800374,-1.651490,On or near Swinnow Green,Investigation complete; no suspect identified,west-yorkshire,LDT_W
106217589,violent-crime,2022-11,53.793948,-1.657904,On or near Hazelhurst Court,Further action is not in the public interest,west-yorkshire,LDT_W
106223810,violent-crime,2022-11,53.792627,-1.664291,On or near Radcliffe Gardens,Unable to prosecute suspect,west-yorkshire,LDT_W
106200589,violent-crime,2022-11,53.796185,-1.663700,On or near B6154,Unable to prosecute suspect,west-yorkshire,LDT_W
106215847,violent-crime,2022-11,53.797213,-1.661764,On or near Studley Terrace,Unable to prosecute suspect,west-yorkshire,LDT_W
106198783,violent-crime,2022-11,53.797247,-1.651623,On or near Portland Street,Unable to prosecute suspect,west-yorkshire,LDT_W
106201099,violent-crime,2022-11,53.801918,-1.632544,On or near West Court,Unable to prosecute suspect,west-yorkshire,LDT_W
106226547,violent-crime,2022-11,53.792243,-1.652651,On or near Kent Road,Unable to prosecute suspect,west-yorkshire,LDT_W
106220329,violent-crime,2022-11,53.800245,-1.662954,On or near Oakroyd Terrace,Unable to prosecute suspect,west-yorkshire,LDT_W
106225079,other-crime,2022-11,53.796897,-1.630948,On or near Sandstone Drive,Unable to prosecute suspect,west-yorkshire,LDT_W
106211315,other-crime,2022-11,53.800092,-1.644084,On or near Harley Terrace,Further investigation is not in the public interest,west-yorkshire,LDT_W
106211763,other-crime,2022-11,53.802471,-1.664986,On or near Chapel Street,Court result unavailable,west-yorkshire,LDT_W
106209635,other-crime,2022-11,53.799696,-1.650023,On or near Britannia Court,Court result unavailable,west-yorkshire,LDT_W
106206000,other-crime,2022-11,53.804160,-1.643032,On or near Rycroft Green,Further action is not in the public interest,west-yorkshire,LDT_W
106488826,anti-social-behaviour,2022-11,53.678756,-1.499121,On or near Ings Road,,west-yorkshire,WDT_CEN
106228311,anti-social-behaviour,2022-11,53.684261,-1.498042,On or near Talbot And Falcon Yard,,west-yorkshire,WDT_CEN
106487439,anti-social-behaviour,2022-11,53.678756,-1.499121,On or near Ings Road,,west-yorkshire,WDT_CEN
106228324,anti-social-behaviour,2022-11,53.678756,-1.499121,On or near Ings Road,,west-yorkshire,WDT_CEN
106228485,anti-social-behaviour,2022-11,53.686804,-1.499949,On or near Arundel Close,,west-yorkshire,WDT_CEN
106489814,anti-social-behaviour,2022-11,53.678756,-1.499121,On or near Ings Road,,west-yorkshire,WDT_CEN
106230569,anti-social-behaviour,2022-11,53.677780,-1.510941,On or near Lawefield Lane,,west-yorkshire,WDT_CEN
106230736,anti-social-behaviour,2022-11,53.680465,-1.503870,On or near ,,west-yorkshire,WDT_CEN
106229164,anti-social-behaviour,2022-11,53.681547,-1.522313,On or near Langdale Drive,,west-yorkshire,WDT_CEN
106227364,anti-social-behaviour,2022-11,53.687229,-1.494221,On or near Marizon Grove,,west-yorkshire,WDT_CEN
106227467,anti-social-behaviour,2022-11,53.690002,-1.517069,On or near Rowan Court,,west-yorkshire,WDT_CEN
106226703,anti-social-behaviour,2022-11,53.680465,-1.503870,On or near ,,west-yorkshire,WDT_CEN
106229080,anti-social-behaviour,2022-11,53.677643,-1.503949,On or near Charlesworth Way,,west-yorkshire,WDT_CEN
106226749,anti-social-behaviour,2022-11,53.685634,-1.497632,On or near Wakefield Bus Station,,west-yorkshire,WDT_CEN
106229449,anti-social-behaviour,2022-11,53.687302,-1.498717,On or near Saville Street,,west-yorkshire,WDT_CEN
106228880,anti-social-behaviour,2022-11,53.684749,-1.492282,On or near Denstone Street,,west-yorkshire,WDT_CEN
106228705,anti-social-behaviour,2022-11,53.680450,-1.508972,On or near Brooksbank,,west-yorkshire,WDT_CEN
106229342,anti-social-behaviour,2022-11,53.687302,-1.498717,On or near Saville Street,,west-yorkshire,WDT_CEN
106227460,anti-social-behaviour,2022-11,53.684749,-1.492282,On or near Denstone Street,,west-yorkshire,WDT_CEN
106227515,anti-social-behaviour,2022-11,53.695672,-1.510052,On or near Limestone Road,,west-yorkshire,WDT_CEN
106226785,anti-social-behaviour,2022-11,53.686764,-1.496997,On or near Hope Street,,west-yorkshire,WDT_CEN
106468080,anti-social-behaviour,2022-11,53.678756,-1.499121,On or near Ings Road,,west-yorkshire,WDT_CEN
106227143,anti-social-behaviour,2022-11,53.676228,-1.513850,On or near ,,west-yorkshire,WDT_CEN
106228677,anti-social-behaviour,2022-11,53.676064,-1.493779,On or near ,,west-yorkshire,WDT_CEN
106227009,anti-social-behaviour,2022-11,53.689551,-1.492754,On or near Eastmoor Road,,west-yorkshire,WDT_CEN
106228539,anti-social-behaviour,2022-11,53.679198,-1.491122,On or near William Street,,west-yorkshire,WDT_CEN
106226799,anti-social-behaviour,2022-11,53.679226,-1.512998,On or near A638,,west-yorkshire,WDT_CEN
106228536,anti-social-behaviour,2022-11,53.682054,-1.499143,On or near Saw Yard,,west-yorkshire,WDT_CEN
106227593,anti-social-behaviour,2022-11,53.682897,-1.483720,On or near Park Lodge Crescent,,west-yorkshire,WDT_CEN
106228212,anti-social-behaviour,2022-11,53.684903,-1.498957,On or near Providence Street,,west-yorkshire,WDT_CEN
106228223,anti-social-behaviour,2022-11,53.682054,-1.499143,On or near Saw Yard,,west-yorkshire,WDT_CEN
106227829,anti-social-behaviour,2022-11,53.677625,-1.521600,On or near Rayfield,,west-yorkshire,WDT_CEN
106230143,anti-social-behaviour,2022-11,53.681548,-1.483539,On or near St James's Park,,west-yorkshire,WDT_CEN
106229892,anti-social-behaviour,2022-11,53.681675,-1.496467,On or near ,,west-yorkshire,WDT_CEN
106230024,anti-social-behaviour,2022-11,53.685263,-1.497000,On or near Union Street,,west-yorkshire,WDT_CEN
106227962,anti-social-behaviour,2022-11,53.683679,-1.498851,On or near ,,west-yorkshire,WDT_CEN
106230324,anti-social-behaviour,2022-11,53.683228,-1.493845,On or near Lower Warrengate,,west-yorkshire,WDT_CEN
106473668,anti-social-behaviour,2022-11,53.678756,-1.499121,On or near Ings Road,,west-yorkshire,WDT_CEN
106227974,anti-social-behaviour,2022-11,53.684718,-1.510830,On or near Mulberry Close,,west-yorkshire,WDT_CEN
106471429,anti-social-behaviour,2022-11,53.678756,-1.499121,On or near Ings Road,,west-yorkshire,WDT_CEN
106227043,anti-social-behaviour,2022-11,53.677643,-1.503949,On or near Charlesworth Way,,west-yorkshire,WDT_CEN
106230695,anti-social-behaviour,2022-11,53.681694,-1.500979,On or near Albion Court,,west-yorkshire,WDT_CEN
106227980,anti-social-behaviour,2022-11,53.677353,-1.518788,On or near Castle Street,,west-yorkshire,WDT_CEN
106228280,anti-social-behaviour,2022-11,53.677625,-1.521600,On or near Rayfield,,west-yorkshire,WDT_CEN
106474960,anti-social-behaviour,2022-11,53.678756,-1.499121,On or near Ings Road,,west-yorkshire,WDT_CEN
106212252,bicycle-theft,2022-11,53.687110,-1.500052,On or near Arundel Street,Investigation complete; no suspect identified,west-yorkshire,WDT_CEN
106207548,bicycle-theft,2022-11,53.678756,-1.499121,On or near Ings Road,Investigation complete; no suspect identified,west-yorkshire,WDT_CEN
106203051,bicycle-theft,2022-11,53.678756,-1.499121,On or near Ings Road,Investigation complete; no suspect identified,west-yorkshire,WDT_CEN
106201142,bicycle-theft,2022-11,53.683656,-1.503923,On or near Cliff Lane,Investigation complete; no suspect identified,west-yorkshire,WDT_CEN
106225486,bicycle-theft,2022-11,53.683736,-1.494974,On or near Zetland Street,Investigation complete; no suspect identified,west-yorkshire,WDT_CEN
106211142,bicycle-theft,2022-11,53.680801,-1.511269,On or near Plumpton Road,Unable to prosecute suspect,west-yorkshire,WDT_CEN
106216622,bicycle-theft,2022-11,53.685387,-1.481660,On or near Woodhouse Road,Unable to prosecute suspect,west-yorkshire,WDT_CEN
106215268,bicycle-theft,2022-11,53.681675,-1.496467,On or near ,Investigation complete; no suspect identified,west-yorkshire,WDT_CEN
106224480,burglary,2022-11,53.678264,-1.515129,On or near St Michael's Close,Investigation complete; no suspect identified,west-yorkshire,WDT_CEN
106209058,burglary,2022-11,53.688247,-1.523191,On or near Meadow Lane,Unable to prosecute suspect,west-yorkshire,WDT_CEN
106202396,burglary,2022-11,53.689682,-1.500536,On or near Butler Way,Investigation complete; no suspect identified,west-yorkshire,WDT_CEN
106223356,burglary,2022-11,53.682506,-1.501847,On or near Carter Street,Unable to prosecute suspect,west-yorkshire,WDT_CEN
106223183,burglary,2022-11,53.683714,-1.500471,On or near Wood Street,Investigation complete; no suspect identified,west-yorkshire,WDT_CEN
106221402,burglary,2022-11,53.681694,-1.500979,On or near Albion Court,Unable to prosecute suspect,west-yorkshire,WDT_CEN
106221405,burglary,2022-11,53.682160,-1.518324,On or near Homestead Drive,Investigation complete; no suspect identified,west-yorkshire,WDT_CEN
106198861,burglary,2022-11,53.678285,-1.494161,On or near Wonder Street,Unable to prosecute suspect,west-yorkshire,WDT_CEN
106211921,burglary,2022-11,53.688965,-1.496729,On or near Dickinson Court,Investigation complete; no suspect identified,west-yorkshire,WDT_CEN
106201676,burglary,2022-11,53.680465,-1.503870,On or near ,Investigation complete; no suspect identified,west-yorkshire,WDT_CEN
106212283,burglary,2022-11,53.680186,-1.508037,On or near Salt Pie Alley,Investigation complete; no suspect identified,west-yorkshire,WDT_CEN
106211824,burglary,2022-11,53.681423,-1.503011,On or near ,Investigation complete; no suspect identified,west-yorkshire,WDT_CEN
106205530,burglary,2022-11,53.685749,-1.514437,On or near Benjamin Street,Investigation complete; no suspect identified,west-yorkshire,WDT_CEN
106199585,criminal-damage-arson,2022-11,53.684408,-1.523038,On or near Derwent Road,Investigation complete; no suspect identified,west-yorkshire,WDT_CEN
106220559,criminal-damage-arson,2022-11,53.691695,-1.491759,On or near Ashworth Square,Court result unavailable,west-yorkshire,WDT_CEN
106204589,criminal-damage-arson,2022-11,53.680082,-1.498091,On or near South Parade,Investigation complete; no suspect identified,west-yorkshire,WDT_CEN
106210532,criminal-damage-arson,2022-11,53.681547,-1.522313,On or near Langdale Drive,Investigation complete; no suspect identified,west-yorkshire,WDT_CEN
106208889,criminal-damage-arson,2022-11,53.672171,-1.499956,On or near Thornleigh Road,Unable to prosecute suspect,west-yorkshire,WDT_CEN
106209365,criminal-damage-arson,2022-11,53.688142,-1.482702,On or near Queen Elizabeth Road,Unable to prosecute suspect,west-yorkshire,WDT_CEN
106213958,criminal-damage-arson,2022-11,53.683656,-1.503923,On or near Cliff Lane,Status update unavailable,west-yorkshire,WDT_CEN
106211765,criminal-damage-arson,2022-11,53.680465,-1.503870,On or near ,Offender given a caution,west-yorkshire,WDT_CEN
106210536,criminal-damage-arson,2022-11,53.691282,-1.489811,On or near Tuke Grove,Investigation complete; no suspect identified,west-yorkshire,WDT_CEN
106219184,criminal-damage-arson,2022-11,53.690146,-1.499698,On or near Westfield Terrace,Unable to prosecute suspect,west-yorkshire,WDT_CEN
106219108,criminal-damage-arson,2022-11,53.687725,-1.520926,On or near Peacock Avenue,Investigation complete; no suspect identified,west-yorkshire,WDT_CEN
106211927,criminal-damage-arson,2022-11,53.684728,-1.519824,On or near Fryergate,Unable to prosecute suspect,west-yorkshire,WDT_CEN
106216174,criminal-damage-arson,2022-11,53.682696,-1.499892,On or near Silver Street,Court result unavailable,west-yorkshire,WDT_CEN
106214833,criminal-damage-arson,2022-11,53.682897,-1.500783,On or near Barstow Square,Local resolution,west-yorkshire,WDT_CEN
106209253,criminal-damage-arson,2022-11,53.691287,-1.482633,On or near Starbeck Road,Investigation complete; no suspect identified,west-yorkshire,WDT_CEN
106212444,criminal-damage-arson,2022-11,53.686804,-1.499949,On or near Arundel Close,Court result unavailable,west-yorkshire,WDT_CEN
106206158,criminal-damage-arson,2022-11,53.697094,-1.497631,On or near Wicket Drive,Unable to prosecute suspect,west-yorkshire,WDT_CEN
106222561,criminal-damage-arson,2022-11,53.676228,-1.513850,On or near ,Local resolution,west-yorkshire,WDT_CEN
106207795,criminal-damage-arson,2022-11,53.680495,-1.498086,On or near George Street,Investigation complete; no suspect identified,west-yorkshire,WDT_CEN
106206611,criminal-damage-arson,2022-11,53.688643,-1.516645,On or near Silcoates Street,Investigation complete; no suspect identified,west-yorkshire,WDT_CEN
106209136,criminal-damage-arson,2022-11,53.683004,-1.498450,On or near Cross Square,Court result unavailable,west-yorkshire,WDT_CEN
106207659,criminal-damage-arson,2022-11,53.674685,-1.490783,On or near Navigation Walk,Investigation complete; no suspect identified,west-yorkshire,WDT_CEN
106205766,criminal-damage-arson,2022-11,53.688643,-1.516645,On or near Silcoates Street,Investigation complete; no suspect identified,west-yorkshire,WDT_CEN
106201365,criminal-damage-arson,2022-11,53.684790,-1.517325,On or near Cliff Street,Investigation complete; no suspect identified,west-yorkshire,WDT_CEN
106201859,criminal-damage-arson,2022-11,53.674986,-1.489826,On or near Bridge Street,Investigation complete; no suspect identified,west-yorkshire,WDT_CEN
106224390,criminal-damage-arson,2022-11,53.680228,-1.506882,On or near ,Unable to prosecute suspect,west-yorkshire,WDT_CEN
106200193,criminal-damage-arson,2022-11,53.697094,-1.497631,On or near Wicket Drive,Unable to prosecute suspect,west-yorkshire,WDT_CEN
106205362,criminal-damage-arson,2022-11,53.686687,-1.483052,On or near Watson Crescent,Investigation complete; no suspect identified,west-yorkshire,WDT_CEN
106207031,criminal-damage-arson,2022-11,53.685485,-1.483643,On or near Brotherton Avenue,Local resolution,west-yorkshire,WDT_CEN
106207032,criminal-damage-arson,2022-11,53.697465,-1.500308,On or near Umpire Close,Investigation complete; no suspect identified,west-yorkshire,WDT_CEN
106211738,criminal-damage-arson,2022-11,53.684760,-1.505712,On or near Carnforth Avenue,Investigation complete; no suspect identified,west-yorkshire,WDT_CEN
106206261,criminal-damage-arson,2022-11,53.682363,-1.493416,On or near White's Road,Unable to prosecute suspect,west-yorkshire,WDT_CEN
106204031,criminal-damage-arson,2022-11,53.681295,-1.500136,On or near Market Street,Unable to prosecute suspect,west-yorkshire,WDT_CEN
106222668,criminal-damage-arson,2022-11,53.681849,-1.495209,On or near ,Unable to prosecute suspect,west-yorkshire,WDT_CEN
106211642,criminal-damage-arson,2022-11,53.684476,-1.515406,On or near Darnley Avenue,Investigation complete; no suspect identified,west-yorkshire,WDT_CEN
106207118,criminal-damage-arson,2022-11,53.684533,-1.500764,On or near Gills Yard,Investigation complete; no suspect identified,west-yorkshire,WDT_CEN
106221566,criminal-damage-arson,2022-11,53.685214,-1.520106,On or near Longfield Terrace,Unable to prosecute suspect,west-yorkshire,WDT_CEN
106217901,criminal-damage-arson,2022-11,53.687905,-1.492471,On or near Duke Of York Street,Investigation complete; no suspect identified,west-yorkshire,WDT_CEN
106204969,criminal-damage-arson,2022-11,53.684718,-1.510830,On or near Mulberry Close,Investigation complete; no suspect identified,west-yorkshire,WDT_CEN
106205536,criminal-damage-arson,2022-11,53.679004,-1.489929,On or near Monk Street,Unable to prosecute suspect,west-yorkshire,WDT_CEN
106202899,criminal-damage-arson,2022-11,53.687725,-1.520926,On or near Peacock Avenue,Unable to prosecute suspect,west-yorkshire,WDT_CEN
106220187,criminal-damage-arson,2022-11,53.682897,-1.483720,On or near Park Lodge Crescent,Court result unavailable,west-yorkshire,WDT_CEN
106222612,criminal-damage-arson,2022-11,53.685610,-1.497739,On or near ,Status update unavailable,west-yorkshire,WDT_CEN
106205092,criminal-damage-arson,2022-11,53.680264,-1.520798,On or near Farne Avenue,Investigation complete; no suspect identified,west-yorkshire,WDT_CEN
106202488,criminal-damage-arson,2022-11,53.686804,-1.499949,On or near Arundel Close,Unable to prosecute suspect,west-yorkshire,WDT_CEN
106203052,criminal-damage-arson,2022-11,53.685610,-1.497739,On or near ,Investigation complete; no suspect identified,west-yorkshire,WDT_CEN
106213451,criminal-damage-arson,2022-11,53.677643,-1.503949,On or near Charlesworth Way,Offender given a caution,west-yorkshire,WDT_CEN
106204259,criminal-damage-arson,2022-11,53.677625,-1.521600,On or near Rayfield,Investigation complete; no suspect identified,west-yorkshire,WDT_CEN
106212121,drugs,2022-11,53.685485,-1.483643,On or near Brotherton Avenue,Local resolution,west-yorkshire,WDT_CEN
106219735,drugs,2022-11,53.685214,-1.520106,On or near Longfield Terrace,Local resolution,west-yorkshire,WDT_CEN
106211592,drugs,2022-11,53.682506,-1.501847,On or near Carter Street,Status update unavailable,west-yorkshire,WDT_CEN
106210878,drugs,2022-11,53.683082,-1.499842,On or near George And Crown Yard,Local resolution,west-yorkshire,WDT_CEN
106226091,drugs,2022-11,53.679530,-1.495130,On or near Thornhill Street,Court result unavailable,west-yorkshire,WDT_CEN
106226104,drugs,2022-11,53.681881,-1.513740,On or near Phoenix Court,Court result unavailable,west-yorkshire,WDT_CEN
106198911,drugs,2022-11,53.681423,-1.503011,On or near ,Status update unavailable,west-yorkshire,WDT_CEN
106207509,drugs,2022-11,53.691282,-1.489811,On or near Tuke Grove,Local resolution,west-yorkshire,WDT_CEN
106208263,drugs,2022-11,53.686435,-1.489218,On or near Grantley Way,Local resolution,west-yorkshire,WDT_CEN
106226384,drugs,2022-11,53.691287,-1.482633,On or near Starbeck Road,Local resolution,west-yorkshire,WDT_CEN
106215850,drugs,2022-11,53.681517,-1.495273,On or near Almshouse Lane,Local resolution,west-yorkshire,WDT_CEN
106205742,drugs,2022-11,53.677294,-1.517502,On or near Harcourt Street,Local resolution,west-yorkshire,WDT_CEN
106206131,drugs,2022-11,53.675036,-1.521539,On or near Meltonfield Mews,Local resolution,west-yorkshire,WDT_CEN
106206234,drugs,2022-11,53.681295,-1.500136,On or near Market Street,Local resolution,west-yorkshire,WDT_CEN
106226262,drugs,2022-11,53.687079,-1.488499,On or near Stanley Road,Local resolution,west-yorkshire,WDT_CEN
106214549,drugs,2022-11,53.686856,-1.495315,On or near Back Hambleton Street,Local resolution,west-yorkshire,WDT_CEN
106214214,other-theft,2022-11,53.686767,-1.519483,On or near Gibson Avenue,Investigation complete; no suspect identified,west-yorkshire,WDT_CEN
106208961,other-theft,2022-11,53.683736,-1.494974,On or near Zetland Street,Investigation complete; no suspect identified,west-yorkshire,WDT_CEN
106218389,other-theft,2022-11,53.692793,-1.505012,On or near Buxton Place,Investigation complete; no suspect identified,west-yorkshire,WDT_CEN
106218436,other-theft,2022-11,53.678759,-1.497774,On or near ,Investigation complete; no suspect identified,west-yorkshire,WDT_CEN
106208758,other-theft,2022-11,53.694566,-1.507839,On or near Hoult Court,Investigation complete; no suspect identified,west-yorkshire,WDT_CEN
106206420,other-theft,2022-11,53.687133,-1.497129,On or near Lower York Street,Investigation complete; no suspect identified,west-yorkshire,WDT_CEN
106211575,other-theft,2022-11,53.684868,-1.495006,On or near ,Unable to prosecute suspect,west-yorkshire,WDT_CEN
106206160,other-theft,2022-11,53.681833,-1.491394,On or near St Clair Street,Investigation complete; no suspect identified,west-yorkshire,WDT_CEN
106200892,other-theft,2022-11,53.683500,-1.488239,On or near Park Lodge Grove,Investigation complete; no suspect identified,west-yorkshire,WDT_CEN
106199006,other-theft,2022-11,53.687302,-1.498717,On or near Saville Street,Investigation complete; no suspect identified,west-yorkshire,WDT_CEN
106201359,other-theft,2022-11,53.672171,-1.499956,On or near Thornleigh Road,Investigation complete; no suspect identified,west-yorkshire,WDT_CEN
106204805,other-theft,2022-11,53.678759,-1.497774,On or near ,Investigation complete; no suspect identified,west-yorkshire,WDT_CEN
106203228,other-theft,2022-11,53.678759,-1.497774,On or near ,Investigation complete; no suspect identified,west-yorkshire,WDT_CEN
106213875,other-theft,2022-11,53.678756,-1.499121,On or near Ings Road,Unable to prosecute suspect,west-yorkshire,WDT_CEN
106226382,other-theft,2022-11,53.681087,-1.495596,On or near ,Unable to prosecute suspect,west-yorkshire,WDT_CEN
106223197,other-theft,2022-11,53.684868,-1.495006,On or near ,Investigation complete; no suspect identified,west-yorkshire,WDT_CEN
106201426,other-theft,2022-11,53.678359,-1.525437,On or near ,Investigation complete; no suspect identified,west-yorkshire,WDT_CEN
106209340,other-theft,2022-11,53.670101,-1.497196,On or near Thornleigh Garth,Investigation complete; no suspect identified,west-yorkshire,WDT_CEN
106212085,other-theft,2022-11,53.683500,-1.488239,On or near Park Lodge Grove,Unable to prosecute suspect,west-yorkshire,WDT_CEN
106222604,other-theft,2022-11,53.682696,-1.499892,On or near Silver Street,Unable to prosecute suspect,west-yorkshire,WDT_CEN
106210855,other-theft,2022-11,53.693859,-1.510649,On or near Whitehall Crescent,Unable to prosecute suspect,west-yorkshire,WDT_CEN
106207480,other-theft,2022-11,53.687609,-1.484192,On or near Queen Elizabeth Grove,Unable to prosecute suspect,west-yorkshire,WDT_CEN
106217313,other-theft,2022-11,53.681295,-1.500136,On or near Market Street,Status update unavailable,west-yorkshire,WDT_CEN
106207471,other-theft,2022-11,53.684398,-1.496541,On or near Brook Street,Investigation complete; no suspect identified,west-yorkshire,WDT_CEN
106226395,other-theft,2022-11,53.681472,-1.501648,On or near Bank Street,Investigation complete; no suspect identified,west-yorkshire,WDT_CEN
106203322,other-theft,2022-11,53.678759,-1.497774,On or near ,Investigation complete; no suspect identified,west-yorkshire,WDT_CEN
106217194,other-theft,2022-11,53.682506,-1.501847,On or near Carter Street,Investigation complete; no suspect identified,west-yorkshire,WDT_CEN
106206102,other-theft,2022-11,53.681307,-1.496744,On or near Southgate,Investigation complete; no suspect identified,west-yorkshire,WDT_CEN
106215220,other-theft,2022-11,53.684148,-1.495445,On or near ,Investigation complete; no suspect identified,west-yorkshire,WDT_CEN
106206084,other-theft,2022-11,53.678759,-1.497774,On or near ,Investigation complete; no suspect identified,west-yorkshire,WDT_CEN
106213418,other-theft,2022-11,53.678759,-1.497774,On or near ,Unable to prosecute suspect,west-yorkshire,WDT_CEN
106199537,other-theft,2022-11,53.683228,-1.493845,On or near Lower Warrengate,Investigation complete; no suspect identified,west-yorkshire,WDT_CEN
106214886,other-theft,2022-11,53.688887,-1.495261,On or near Elvey Street,Investigation complete; no suspect identified,west-yorkshire,WDT_CEN
106204308,other-theft,2022-11,53.678759,-1.497774,On or near ,Investigation complete; no suspect identified,west-yorkshire,WDT_CEN
106199803,other-theft,2022-11,53.684398,-1.496541,On or near Brook Street,Investigation complete; no suspect identified,west-yorkshire,WDT_CEN
106204189,other-theft,2022-11,53.687298,-1.495689,On or near Richard Street,Investigation complete; no suspect identified,west-yorkshire,WDT_CEN
106199073,other-theft,2022-11,53.682054,-1.499143,On or near Saw Yard,Unable to prosecute suspect,west-yorkshire,WDT_CEN
106206103,other-theft,2022-11,53.678285,-1.494161,On or near Wonder Street,Investigation complete; no suspect identified,west-yorkshire,WDT_CEN
106207038,other-theft,2022-11,53.681295,-1.500136,On or near Market Street,Investigation complete; no suspect identified,west-yorkshire,WDT_CEN
106207179,other-theft,2022-11,53.682229,-1.489496,On or near Back Peterson Road,Investigation complete; no suspect identified,west-yorkshire,WDT_CEN
106210091,other-theft,2022-11,53.673673,-1.485316,On or near ,Investigation complete; no suspect identified,west-yorkshire,WDT_CEN
106210359,other-theft,2022-11,53.682160,-1.518324,On or near Homestead Drive,Investigation complete; no suspect identified,west-yorkshire,WDT_CEN
106200171,other-theft,2022-11,53.672171,-1.499956,On or near Thornleigh Road,Investigation complete; no suspect identified,west-yorkshire,WDT_CEN
106202751,other-theft,2022-11,53.682363,-1.493416,On or near White's Road,Investigation complete; no suspect identified,west-yorkshire,WDT_CEN
106214402,other-theft,2022-11,53.685485,-1.483643,On or near Brotherton Avenue,Unable to prosecute suspect,west-yorkshire,WDT_CEN
106216684,possession-of-weapons,2022-11,53.686996,-1.479687,On or near Irwin Crescent,Status update unavailable,west-yorkshire,WDT_CEN
106210718,possession-of-weapons,2022-11,53.680228,-1.506882,On or near ,Unable to prosecute suspect,west-yorkshire,WDT_CEN
106205857,possession-of-weapons,2022-11,53.680293,-1.492865,On or near Avison Yard,Court result unavailable,west-yorkshire,WDT_CEN
106214649,public-order,2022-11,53.687302,-1.498717,On or near Saville Street,Unable to prosecute suspect,west-yorkshire,WDT_CEN
106215025,public-order,2022-11,53.677643,-1.503949,On or near Charlesworth Way,Investigation complete; no suspect identified,west-yorkshire,WDT_CEN
106206350,public-order,2022-11,53.684103,-1.492608,On or near Marsh Way,Unable to prosecute suspect,west-yorkshire,WDT_CEN
106211649,public-order,2022-11,53.681881,-1.513740,On or near Phoenix Court,Unable to prosecute suspect,west-yorkshire,WDT_CEN
106212818,public-order,2022-11,53.683082,-1.499842,On or near George And Crown Yard,Unable to prosecute suspect,west-yorkshire,WDT_CEN
106213475,public-order,2022-11,53.687609,-1.484192,On or near Queen Elizabeth Grove,Unable to prosecute suspect,west-yorkshire,WDT_CEN
106213620,public-order,2022-11,53.678888,-1.496455,On or near West Parade Street,Investigation complete; no suspect identified,west-yorkshire,WDT_CEN
106213920,public-order,2022-11,53.678756,-1.499121,On or near Ings Road,Unable to prosecute suspect,west-yorkshire,WDT_CEN
106218258,public-order,2022-11,53.679226,-1.512998,On or near A638,Unable to prosecute suspect,west-yorkshire,WDT_CEN
106214286,public-order,2022-11,53.685610,-1.497739,On or near ,Investigation complete; no suspect identified,west-yorkshire,WDT_CEN
106226473,public-order,2022-11,53.686548,-1.492669,On or near Jacob's Well Lane,Formal action is not in the public interest,west-yorkshire,WDT_CEN
106218091,public-order,2022-11,53.697054,-1.506606,On or near ,Investigation complete; no suspect identified,west-yorkshire,WDT_CEN
106209290,public-order,2022-11,53.677613,-1.518648,On or near Manor Road,Investigation complete; no suspect identified,west-yorkshire,WDT_CEN
106209377,public-order,2022-11,53.679841,-1.494309,On or near Harrison Street,Unable to prosecute suspect,west-yorkshire,WDT_CEN
106209454,public-order,2022-11,53.685634,-1.497632,On or near Wakefield Bus Station,Unable to prosecute suspect,west-yorkshire,WDT_CEN
106210002,public-order,2022-11,53.686435,-1.489218,On or near Grantley Way,Investigation complete; no suspect identified,west-yorkshire,WDT_CEN
106218006,public-order,2022-11,53.687609,-1.484192,On or near Queen Elizabeth Grove,Unable to prosecute suspect,west-yorkshire,WDT_CEN
106204549,public-order,2022-11,53.686548,-1.492669,On or near Jacob's Well Lane,Investigation complete; no suspect identified,west-yorkshire,WDT_CEN
106218251,public-order,2022-11,53.682506,-1.501847,On or near Carter Street,Unable to prosecute suspect,west-yorkshire,WDT_CEN
106205673,public-order,2022-11,53.681423,-1.503011,On or near ,Local resolution,west-yorkshire,WDT_CEN
106225585,public-order,2022-11,53.686548,-1.492669,On or near Jacob's Well Lane,Unable to prosecute suspect,west-yorkshire,WDT_CEN
106199321,public-order,2022-11,53.672008,-1.489014,On or near Belle Isle Drive,Investigation complete; no suspect identified,west-yorkshire,WDT_CEN
106226280,public-order,2022-11,53.686548,-1.492669,On or near Jacob's Well Lane,Formal action is not in the public interest,west-yorkshire,WDT_CEN
106226489,public-order,2022-11,53.688010,-1.491834,On or near Back Duke Of York Street,Formal action is not in the public interest,west-yorkshire,WDT_CEN
106222900,public-order,2022-11,53.678888,-1.496455,On or near West Parade Street,Court result unavailable,west-yorkshire,WDT_CEN
106199883,public-order,2022-11,53.672008,-1.489014,On or near Belle Isle Drive,Investigation complete; no suspect identified,west-yorkshire,WDT_CEN
106199962,public-order,2022-11,53.681200,-1.492182,On or near ,Investigation complete; no suspect identified,west-yorkshire,WDT_CEN
106207624,public-order,2022-11,53.685610,-1.497739,On or near ,Unable to prosecute suspect,west-yorkshire,WDT_CEN
106210183,public-order,2022-11,53.687302,-1.498717,On or near Saville Street,Unable to prosecute suspect,west-yorkshire,WDT_CEN
106210537,public-order,2022-11,53.680219,-1.496545,On or near West Parade,Investigation complete; no suspect identified,west-yorkshire,WDT_CEN
106211233,public-order,2022-11,53.697094,-1.497631,On or near Wicket Drive,Unable to prosecute suspect,west-yorkshire,WDT_CEN
106214202,public-order,2022-11,53.697094,-1.497631,On or near Wicket Drive,Unable to prosecute suspect,west-yorkshire,WDT_CEN
106200670,public-order,2022-11,53.680002,-1.504950,On or near Quebec Street,Investigation complete; no suspect identified,west-yorkshire,WDT_CEN
106221304,public-order,2022-11,53.683228,-1.493845,On or near Lower Warrengate,Investigation complete; no suspect identified,west-yorkshire,WDT_CEN
106220242,public-order,2022-11,53.697054,-1.506606,On or near ,Investigation complete; no suspect identified,west-yorkshire,WDT_CEN
106198912,public-order,2022-11,53.684103,-1.492608,On or near Marsh Way,Investigation complete; no suspect identified,west-yorkshire,WDT_CEN
106201192,public-order,2022-11,53.680293,-1.492865,On or near Avison Yard,Investigation complete; no suspect identified,west-yorkshire,WDT_CEN
106201984,public-order,2022-11,53.677353,-1.518788,On or near Castle Street,Investigation complete; no suspect identified,west-yorkshire,WDT_CEN
106204222,public-order,2022-11,53.687963,-1.495590,On or near Lower York Court,Investigation complete; no suspect identified,west-yorkshire,WDT_CEN
106203673,public-order,2022-11,53.692793,-1.505012,On or near Buxton Place,Investigation complete; no suspect identified,west-yorkshire,WDT_CEN
106204623,public-order,2022-11,53.688953,-1.497986,On or near College Grove,Investigation complete; no suspect identified,west-yorkshire,WDT_CEN
106204008,public-order,2022-11,53.680695,-1.490105,On or near John Street,Investigation complete; no suspect identified,west-yorkshire,WDT_CEN
106204963,public-order,2022-11,53.678759,-1.497774,On or near ,Investigation complete; no suspect identified,west-yorkshire,WDT_CEN
106205006,public-order,2022-11,53.684103,-1.492608,On or near Marsh Way,Investigation complete; no suspect identified,west-yorkshire,WDT_CEN
106205224,public-order,2022-11,53.690146,-1.499698,On or near Westfield Terrace,Investigation complete; no suspect identified,west-yorkshire,WDT_CEN
106201144,public-order,2022-11,53.686804,-1.499949,On or near Arundel Close,Investigation complete; no suspect identified,west-yorkshire,WDT_CEN
106207423,public-order,2022-11,53.687609,-1.484192,On or near Queen Elizabeth Grove,Unable to prosecute suspect,west-yorkshire,WDT_CEN
106201634,public-order,2022-11,53.682054,-1.499143,On or near Saw Yard,Investigation complete; no suspect identified,west-yorkshire,WDT_CEN
106207272,public-order,2022-11,53.681547,-1.522313,On or near Langdale Drive,Investigation complete; no suspect identified,west-yorkshire,WDT_CEN
106207432,public-order,2022-11,53.687609,-1.484192,On or near Queen Elizabeth Grove,Unable to prosecute suspect,west-yorkshire,WDT_CEN
106211572,public-order,2022-11,53.690146,-1.499698,On or near Westfield Terrace,Unable to prosecute suspect,west-yorkshire,WDT_CEN
106220698,public-order,2022-11,53.684396,-1.491787,On or near Delamere Gardens,Unable to prosecute suspect,west-yorkshire,WDT_CEN
106202042,public-order,2022-11,53.682363,-1.493416,On or near White's Road,Unable to prosecute suspect,west-yorkshire,WDT_CEN
106207759,public-order,2022-11,53.673982,-1.520870,On or near Esther Avenue,Unable to prosecute suspect,west-yorkshire,WDT_CEN
106207936,public-order,2022-11,53.697094,-1.497631,On or near Wicket Drive,Unable to prosecute suspect,west-yorkshire,WDT_CEN
106198909,public-order,2022-11,53.684103,-1.492608,On or near Marsh Way,Court result unavailable,west-yorkshire,WDT_CEN
106204332,public-order,2022-11,53.689191,-1.494848,On or near ,Investigation complete; no suspect identified,west-yorkshire,WDT_CEN
106221131,public-order,2022-11,53.681675,-1.496467,On or near ,Unable to prosecute suspect,west-yorkshire,WDT_CEN
106221065,public-order,2022-11,53.685610,-1.497739,On or near ,Unable to prosecute suspect,west-yorkshire,WDT_CEN
106205699,public-order,2022-11,53.678756,-1.499121,On or near Ings Road,Investigation complete; no suspect identified,west-yorkshire,WDT_CEN
106206308,public-order,2022-11,53.681547,-1.522313,On or near Langdale Drive,Investigation complete; no suspect identified,west-yorkshire,WDT_CEN
106220173,public-order,2022-11,53.684398,-1.496541,On or near Brook Street,Unable to prosecute suspect,west-yorkshire,WDT_CEN
106223917,public-order,2022-11,53.691282,-1.489811,On or near Tuke Grove,Unable to prosecute suspect,west-yorkshire,WDT_CEN
106206670,public-order,2022-11,53.696694,-1.511737,On or near Ruby View,Investigation complete; no suspect identified,west-yorkshire,WDT_CEN
106207023,public-order,2022-11,53.697094,-1.497631,On or near Wicket Drive,Unable to prosecute suspect,west-yorkshire,WDT_CEN
106207097,public-order,2022-11,53.683228,-1.493845,On or near Lower Warrengate,Investigation complete; no suspect identified,west-yorkshire,WDT_CEN
106207338,public-order,2022-11,53.685749,-1.514437,On or near Benjamin Street,Unable to prosecute suspect,west-yorkshire,WDT_CEN
106207382,public-order,2022-11,53.688433,-1.518237,On or near Walker Avenue,Unable to prosecute suspect,west-yorkshire,WDT_CEN
106222406,public-order,2022-11,53.691282,-1.489811,On or near Tuke Grove,Court result unavailable,west-yorkshire,WDT_CEN
106220152,public-order,2022-11,53.678421,-1.511796,On or near Carlton Street,Unable to prosecute suspect,west-yorkshire,WDT_CEN
106209539,public-order,2022-11,53.685634,-1.497632,On or near Wakefield Bus Station,Investigation complete; no suspect identified,west-yorkshire,WDT_CEN
106209876,public-order,2022-11,53.683679,-1.498851,On or near ,Investigation complete; no suspect identified,west-yorkshire,WDT_CEN
106199161,public-order,2022-11,53.684868,-1.495006,On or near ,Investigation complete; no suspect identified,west-yorkshire,WDT_CEN
106225955,public-order,2022-11,53.684749,-1.492282,On or near Denstone Street,Court result unavailable,west-yorkshire,WDT_CEN
106226089,public-order,2022-11,53.678285,-1.494161,On or near Wonder Street,Unable to prosecute suspect,west-yorkshire,WDT_CEN
106225090,public-order,2022-11,53.686548,-1.492669,On or near Jacob's Well Lane,Unable to prosecute suspect,west-yorkshire,WDT_CEN
106223113,public-order,2022-11,53.685610,-1.497739,On or near ,Investigation complete; no suspect identified,west-yorkshire,WDT_CEN
106220644,public-order,2022-11,53.684868,-1.495006,On or near ,Status update unavailable,west-yorkshire,WDT_CEN
106220744,public-order,2022-11,53.685263,-1.497000,On or near Union Street,Investigation complete; no suspect identified,west-yorkshire,WDT_CEN
106216062,public-order,2022-11,53.681574,-1.498104,On or near Rodney Yard,Further investigation is not in the public interest,west-yorkshire,WDT_CEN
106216053,public-order,2022-11,53.697054,-1.506606,On or near ,Unable to prosecute suspect,west-yorkshire,WDT_CEN
106213455,public-order,2022-11,53.677643,-1.503949,On or near Charlesworth Way,Unable to prosecute suspect,west-yorkshire,WDT_CEN
106216363,public-order,2022-11,53.685214,-1.520106,On or near Longfield Terrace,Unable to prosecute suspect,west-yorkshire,WDT_CEN
106216374,public-order,2022-11,53.684476,-1.515406,On or near Darnley Avenue,Unable to prosecute suspect,west-yorkshire,WDT_CEN
106208987,public-order,2022-11,53.693381,-1.495283,On or near Westfield View,Unable to prosecute suspect,west-yorkshire,WDT_CEN
106203401,robbery,2022-11,53.682897,-1.500783,On or near Barstow Square,Investigation complete; no suspect identified,west-yorkshire,WDT_CEN
106222315,robbery,2022-11,53.682365,-1.487632,On or near Marsland Terrace,Unable to prosecute suspect,west-yorkshire,WDT_CEN
106222298,robbery,2022-11,53.684103,-1.492608,On or near Marsh Way,Investigation complete; no suspect identified,west-yorkshire,WDT_CEN
106222802,robbery,2022-11,53.686804,-1.499949,On or near Arundel Close,Court result unavailable,west-yorkshire,WDT_CEN
106215320,robbery,2022-11,53.686804,-1.499949,On or near Arundel Close,Court result unavailable,west-yorkshire,WDT_CEN
106222176,robbery,2022-11,53.684148,-1.495445,On or near Supermarket,Investigation complete; no suspect identified,west-yorkshire,WDT_CEN
106217534,robbery,2022-11,53.679925,-1.510159,On or near Westgate End,Investigation complete; no suspect identified,west-yorkshire,WDT_CEN
106218280,robbery,2022-11,53.679226,-1.512998,On or near A638,Investigation complete; no suspect identified,west-yorkshire,WDT_CEN
106224417,robbery,2022-11,53.683261,-1.491058,On or near Upper Warrengate,Court result unavailable,west-yorkshire,WDT_CEN
106221693,robbery,2022-11,53.685610,-1.497739,On or near Bus/coach Station,Unable to prosecute suspect,west-yorkshire,WDT_CEN
106226264,robbery,2022-11,53.679198,-1.491122,On or near William Street,Unable to prosecute suspect,west-yorkshire,WDT_CEN
106222918,robbery,2022-11,53.681423,-1.503011,On or near Parking Area,Unable to prosecute suspect,west-yorkshire,WDT_CEN
106217494,robbery,2022-11,53.679530,-1.495130,On or near Thornhill Street,Investigation complete; no suspect identified,west-yorkshire,WDT_CEN
106206603,robbery,2022-11,53.685387,-1.481660,On or near Woodhouse Road,Unable to prosecute suspect,west-yorkshire,WDT_CEN
106224718,robbery,2022-11,53.684149,-1.497119,On or near Smallpage Yard,Unable to prosecute suspect,west-yorkshire,WDT_CEN
106224716,robbery,2022-11,53.683261,-1.491058,On or near Upper Warrengate,Court result unavailable,west-yorkshire,WDT_CEN
106205094,shoplifting,2022-11,53.678285,-1.494161,On or near Wonder Street,Investigation complete; no suspect identified,west-yorkshire,WDT_CEN
106212993,shoplifting,2022-11,53.681849,-1.495209,On or near ,Investigation complete; no suspect identified,west-yorkshire,WDT_CEN
106219452,shoplifting,2022-11,53.681849,-1.495209,On or near ,Investigation complete; no suspect identified,west-yorkshire,WDT_CEN
106211799,shoplifting,2022-11,53.681574,-1.498104,On or near Rodney Yard,Court result unavailable,west-yorkshire,WDT_CEN
106221859,shoplifting,2022-11,53.695807,-1.504106,On or near ,Investigation complete; no suspect identified,west-yorkshire,WDT_CEN
106208548,shoplifting,2022-11,53.678759,-1.497774,On or near ,Court result unavailable,west-yorkshire,WDT_CEN
106226134,shoplifting,2022-11,53.678285,-1.494161,On or near Wonder Street,Court result unavailable,west-yorkshire,WDT_CEN
106208345,shoplifting,2022-11,53.687508,-1.500729,On or near Howard Street,Court result unavailable,west-yorkshire,WDT_CEN
106202025,shoplifting,2022-11,53.678756,-1.499121,On or near Ings Road,Investigation complete; no suspect identified,west-yorkshire,WDT_CEN
106202028,shoplifting,2022-11,53.695807,-1.504106,On or near ,Investigation complete; no suspect identified,west-yorkshire,WDT_CEN
106214515,shoplifting,2022-11,53.684148,-1.495445,On or near ,Investigation complete; no suspect identified,west-yorkshire,WDT_CEN
106202536,shoplifting,2022-11,53.685226,-1.490338,On or near Earl Street,Investigation complete; no suspect identified,west-yorkshire,WDT_CEN
106214187,shoplifting,2022-11,53.684148,-1.495445,On or near ,Investigation complete; no suspect identified,west-yorkshire,WDT_CEN
106200247,shoplifting,2022-11,53.681675,-1.496467,On or near ,Investigation complete; no suspect identified,west-yorkshire,WDT_CEN
106203117,shoplifting,2022-11,53.680979,-1.493554,On or near ,Investigation complete; no suspect identified,west-yorkshire,WDT_CEN
106207091,shoplifting,2022-11,53.678759,-1.497774,On or near ,Investigation complete; no suspect identified,west-yorkshire,WDT_CEN
106198970,shoplifting,2022-11,53.677613,-1.518648,On or near Manor Road,Investigation complete; no suspect identified,west-yorkshire,WDT_CEN
106203876,shoplifting,2022-11,53.684398,-1.496541,On or near Brook Street,Investigation complete; no suspect identified,west-yorkshire,WDT_CEN
106199616,shoplifting,2022-11,53.680979,-1.493554,On or near ,Investigation complete; no suspect identified,west-yorkshire,WDT_CEN
106213081,shoplifting,2022-11,53.676710,-1.506397,On or near Lawefield Mews,Investigation complete; no suspect identified,west-yorkshire,WDT_CEN
106208358,shoplifting,2022-11,53.678756,-1.499121,On or near Ings Road,Local resolution,west-yorkshire,WDT_CEN
106213031,shoplifting,2022-11,53.681849,-1.495209,On or near ,Investigation complete; no suspect identified,west-yorkshire,WDT_CEN
106199603,shoplifting,2022-11,53.697442,-1.506353,On or near ,Investigation complete; no suspect identified,west-yorkshire,WDT_CEN
106204725,shoplifting,2022-11,53.697442,-1.506353,On or near ,Investigation complete; no suspect identified,west-yorkshire,WDT_CEN
106202539,shoplifting,2022-11,53.677113,-1.503302,On or near ,Unable to prosecute suspect,west-yorkshire,WDT_CEN
106204926,shoplifting,2022-11,53.678759,-1.497774,On or near ,Unable to prosecute suspect,west-yorkshire,WDT_CEN
106210386,shoplifting,2022-11,53.678285,-1.494161,On or near Wonder Street,Investigation complete; no suspect identified,west-yorkshire,WDT_CEN
106204974,shoplifting,2022-11,53.678759,-1.497774,On or near ,Investigation complete; no suspect identified,west-yorkshire,WDT_CEN
106214519,shoplifting,2022-11,53.684148,-1.495445,On or near ,Investigation complete; no suspect identified,west-yorkshire,WDT_CEN
106205034,shoplifting,2022-11,53.678759,-1.497774,On or near ,Court result unavailable,west-yorkshire,WDT_CEN
106216132,shoplifting,2022-11,53.678756,-1.499121,On or near Ings Road,Court result unavailable,west-yorkshire,WDT_CEN
106201326,shoplifting,2022-11,53.678759,-1.497774,On or near ,Further investigation is not in the public interest,west-yorkshire,WDT_CEN
106214471,shoplifting,2022-11,53.681849,-1.495209,On or near ,Court result unavailable,west-yorkshire,WDT_CEN
106204174,shoplifting,2022-11,53.678976,-1.505709,On or near ,Investigation complete; no suspect identified,west-yorkshire,WDT_CEN
106199605,shoplifting,2022-11,53.697442,-1.506353,On or near ,Investigation complete; no suspect identified,west-yorkshire,WDT_CEN
106201391,shoplifting,2022-11,53.678888,-1.496455,On or near West Parade Street,Investigation complete; no suspect identified,west-yorkshire,WDT_CEN
106219206,shoplifting,2022-11,53.679276,-1.525036,On or near ,Investigation complete; no suspect identified,west-yorkshire,WDT_CEN
106199473,shoplifting,2022-11,53.678759,-1.497774,On or near ,Court result unavailable,west-yorkshire,WDT_CEN
106221368,shoplifting,2022-11,53.678759,-1.497774,On or near ,Local resolution,west-yorkshire,WDT_CEN
106201543,shoplifting,2022-11,53.678756,-1.499121,On or near Ings Road,Court result unavailable,west-yorkshire,WDT_CEN
106215256,shoplifting,2022-11,53.678759,-1.497774,On or near ,Court result unavailable,west-yorkshire,WDT_CEN
106214145,shoplifting,2022-11,53.684148,-1.495445,On or near ,Investigation complete; no suspect identified,west-yorkshire,WDT_CEN
106206798,shoplifting,2022-11,53.678285,-1.494161,On or near Wonder Street,Unable to prosecute suspect,west-yorkshire,WDT_CEN
106213865,shoplifting,2022-11,53.688933,-1.506330,On or near Kilby Street,Investigation complete; no suspect identified,west-yorkshire,WDT_CEN
106220617,shoplifting,2022-11,53.678759,-1.497774,On or near ,Court result unavailable,west-yorkshire,WDT_CEN
106208261,shoplifting,2022-11,53.678285,-1.494161,On or near Wonder Street,Court result unavailable,west-yorkshire,WDT_CEN
106208285,shoplifting,2022-11,53.678285,-1.494161,On or near Wonder Street,Court result unavailable,west-yorkshire,WDT_CEN
106219628,shoplifting,2022-11,53.678756,-1.499121,On or near Ings Road,Court result unavailable,west-yorkshire,WDT_CEN
106200668,shoplifting,2022-11,53.680002,-1.504950,On or near Quebec Street,Investigation complete; no suspect identified,west-yorkshire,WDT_CEN
106200331,shoplifting,2022-11,53.678285,-1.494161,On or near Wonder Street,Investigation complete; no suspect identified,west-yorkshire,WDT_CEN
106211273,shoplifting,2022-11,53.677613,-1.518648,On or near Manor Road,Unable to prosecute suspect,west-yorkshire,WDT_CEN
106201875,shoplifting,2022-11,53.683282,-1.496039,On or near Teall Street,Investigation complete; no suspect identified,west-yorkshire,WDT_CEN
106213803,shoplifting,2022-11,53.679276,-1.525036,On or near ,Local resolution,west-yorkshire,WDT_CEN
106214189,shoplifting,2022-11,53.684148,-1.495445,On or near ,Investigation complete; no suspect identified,west-yorkshire,WDT_CEN
106214171,shoplifting,2022-11,53.684148,-1.495445,On or near ,Investigation complete; no suspect identified,west-yorkshire,WDT_CEN
106206287,shoplifting,2022-11,53.681200,-1.492182,On or near ,Court result unavailable,west-yorkshire,WDT_CEN
106223943,shoplifting,2022-11,53.678756,-1.499121,On or near Ings Road,Court result unavailable,west-yorkshire,WDT_CEN
106218329,shoplifting,2022-11,53.679276,-1.525036,On or near ,Investigation complete; no suspect identified,west-yorkshire,WDT_CEN
106217971,shoplifting,2022-11,53.683829,-1.489507,On or near Back Mount Pleasant,Court result unavailable,west-yorkshire,WDT_CEN
106216449,shoplifting,2022-11,53.685353,-1.495161,On or near ,Court result unavailable,west-yorkshire,WDT_CEN
106208635,shoplifting,2022-11,53.684148,-1.495445,On or near ,Investigation complete; no suspect identified,west-yorkshire,WDT_CEN
106208666,shoplifting,2022-11,53.679276,-1.525036,On or near ,Unable to prosecute suspect,west-yorkshire,WDT_CEN
106215324,shoplifting,2022-11,53.678285,-1.494161,On or near Wonder Street,Court result unavailable,west-yorkshire,WDT_CEN
106217514,shoplifting,2022-11,53.678759,-1.497774,On or near ,Further investigation is not in the public interest,west-yorkshire,WDT_CEN
106211521,shoplifting,2022-11,53.677113,-1.503302,On or near ,Investigation complete; no suspect identified,west-yorkshire,WDT_CEN
106217272,shoplifting,2022-11,53.685226,-1.490338,On or near Earl Street,Investigation complete; no suspect identified,west-yorkshire,WDT_CEN
106217980,shoplifting,2022-11,53.678759,-1.497774,On or near ,Court result unavailable,west-yorkshire,WDT_CEN
106219405,shoplifting,2022-11,53.681849,-1.495209,On or near ,Investigation complete; no suspect identified,west-yorkshire,WDT_CEN
106210700,shoplifting,2022-11,53.678756,-1.499121,On or near Ings Road,Court result unavailable,west-yorkshire,WDT_CEN
106200629,shoplifting,2022-11,53.678759,-1.497774,On or near ,Investigation complete; no suspect identified,west-yorkshire,WDT_CEN
106216675,shoplifting,2022-11,53.678285,-1.494161,On or near Wonder Street,Court result unavailable,west-yorkshire,WDT_CEN
106212797,shoplifting,2022-11,53.681675,-1.496467,On or near ,Unable to prosecute suspect,west-yorkshire,WDT_CEN
106204540,shoplifting,2022-11,53.681849,-1.495209,On or near Parking Area,Unable to prosecute suspect,west-yorkshire,WDT_CEN
106210249,shoplifting,2022-11,53.679276,-1.525036,On or near ,Unable to prosecute suspect,west-yorkshire,WDT_CEN
106198669,shoplifting,2022-11,53.678756,-1.499121,On or near Ings Road,Court result unavailable,west-yorkshire,WDT_CEN
106210111,shoplifting,2022-11,53.685226,-1.490338,On or near Earl Street,Court result unavailable,west-yorkshire,WDT_CEN
106209904,shoplifting,2022-11,53.677113,-1.503302,On or near ,Investigation complete; no suspect identified,west-yorkshire,WDT_CEN
106215410,shoplifting,2022-11,53.681849,-1.495209,On or near ,Investigation complete; no suspect identified,west-yorkshire,WDT_CEN
106222963,shoplifting,2022-11,53.684148,-1.495445,On or near ,Unable to prosecute suspect,west-yorkshire,WDT_CEN
106223896,shoplifting,2022-11,53.678759,-1.497774,On or near ,Local resolution,west-yorkshire,WDT_CEN
106202697,shoplifting,2022-11,53.678759,-1.497774,On or near ,Court result unavailable,west-yorkshire,WDT_CEN
106204215,shoplifting,2022-11,53.682696,-1.499892,On or near Silver Street,Investigation complete; no suspect identified,west-yorkshire,WDT_CEN
106202582,shoplifting,2022-11,53.684016,-1.519378,On or near Blakeley Grove,Investigation complete; no suspect identified,west-yorkshire,WDT_CEN
106204282,shoplifting,2022-11,53.685263,-1.497000,On or near Union Street,Court result unavailable,west-yorkshire,WDT_CEN
106203914,shoplifting,2022-11,53.687302,-1.498717,On or near Saville Street,Investigation complete; no suspect identified,west-yorkshire,WDT_CEN
106208819,theft-from-the-person,2022-11,53.682363,-1.493416,On or near White's Road,Investigation complete; no suspect identified,west-yorkshire,WDT_CEN
106203808,theft-from-the-person,2022-11,53.681423,-1.503011,On or near ,Investigation complete; no suspect identified,west-yorkshire,WDT_CEN
106212983,theft-from-the-person,2022-11,53.681849,-1.495209,On or near ,Investigation complete; no suspect identified,west-yorkshire,WDT_CEN
106198692,theft-from-the-person,2022-11,53.697442,-1.506353,On or near ,Unable to prosecute suspect,west-yorkshire,WDT_CEN
106214644,theft-from-the-person,2022-11,53.681472,-1.501648,On or near Bank Street,Unable to prosecute suspect,west-yorkshire,WDT_CEN
106202038,theft-from-the-person,2022-11,53.685610,-1.497739,On or near ,Investigation complete; no suspect identified,west-yorkshire,WDT_CEN
106206691,theft-from-the-person,2022-11,53.681675,-1.496467,On or near ,Investigation complete; no suspect identified,west-yorkshire,WDT_CEN
106204594,theft-from-the-person,2022-11,53.687110,-1.500052,On or near Arundel Street,Investigation complete; no suspect identified,west-yorkshire,WDT_CEN
106216967,theft-from-the-person,2022-11,53.687110,-1.500052,On or near Arundel Street,Unable to prosecute suspect,west-yorkshire,WDT_CEN
106199841,theft-from-the-person,2022-11,53.681574,-1.498104,On or near Rodney Yard,Investigation complete; no suspect identified,west-yorkshire,WDT_CEN
106205877,theft-from-the-person,2022-11,53.685610,-1.497739,On or near ,Status update unavailable,west-yorkshire,WDT_CEN
106219663,theft-from-the-person,2022-11,53.681423,-1.503011,On or near ,Investigation complete; no suspect identified,west-yorkshire,WDT_CEN
106210538,theft-from-the-person,2022-11,53.684261,-1.498042,On or near Talbot And Falcon Yard,Investigation complete; no suspect identified,west-yorkshire,WDT_CEN
106210697,theft-from-the-person,2022-11,53.678888,-1.496455,On or near West Parade Street,Unable to prosecute suspect,west-yorkshire,WDT_CEN
106207499,vehicle-crime,2022-11,53.689267,-1.519924,On or near Blakey Road,Investigation complete; no suspect identified,west-yorkshire,WDT_CEN
106210742,vehicle-crime,2022-11,53.680228,-1.506882,On or near ,Investigation complete; no suspect identified,west-yorkshire,WDT_CEN
106219540,vehicle-crime,2022-11,53.683085,-1.516012,On or near Moorhouse Crescent,Unable to prosecute suspect,west-yorkshire,WDT_CEN
106204196,vehicle-crime,2022-11,53.685008,-1.522592,On or near Windermere Road,Investigation complete; no suspect identified,west-yorkshire,WDT_CEN
106202771,vehicle-crime,2022-11,53.673156,-1.488425,On or near Temple Court,Investigation complete; no suspect identified,west-yorkshire,WDT_CEN
106218425,vehicle-crime,2022-11,53.688588,-1.523066,On or near Beech Avenue,Investigation complete; no suspect identified,west-yorkshire,WDT_CEN
106205258,vehicle-crime,2022-11,53.678976,-1.505709,On or near ,Investigation complete; no suspect identified,west-yorkshire,WDT_CEN
106221885,vehicle-crime,2022-11,53.685728,-1.494148,On or near ,Unable to prosecute suspect,west-yorkshire,WDT_CEN
106205071,vehicle-crime,2022-11,53.688723,-1.507755,On or near St Johns Mews,Investigation complete; no suspect identified,west-yorkshire,WDT_CEN
106212471,vehicle-crime,2022-11,53.674685,-1.490783,On or near Navigation Walk,Investigation complete; no suspect identified,west-yorkshire,WDT_CEN
106220742,vehicle-crime,2022-11,53.691282,-1.489811,On or near Tuke Grove,Unable to prosecute suspect,west-yorkshire,WDT_CEN
106206174,vehicle-crime,2022-11,53.675264,-1.500389,On or near Avondale Street,Investigation complete; no suspect identified,west-yorkshire,WDT_CEN
106206355,vehicle-crime,2022-11,53.684760,-1.505712,On or near Carnforth Avenue,Investigation complete; no suspect identified,west-yorkshire,WDT_CEN
106212781,vehicle-crime,2022-11,53.688643,-1.516645,On or near Silcoates Street,Investigation complete; no suspect identified,west-yorkshire,WDT_CEN
106199697,vehicle-crime,2022-11,53.680228,-1.506882,On or near ,Investigation complete; no suspect identified,west-yorkshire,WDT_CEN
106201134,vehicle-crime,2022-11,53.680392,-1.510154,On or near Markham Street,Investigation complete; no suspect identified,west-yorkshire,WDT_CEN
106213102,vehicle-crime,2022-11,53.682506,-1.501847,On or near Carter Street,Court result unavailable,west-yorkshire,WDT_CEN
106220625,vehicle-crime,2022-11,53.688021,-1.507340,On or near Hodgson Street,Investigation complete; no suspect identified,west-yorkshire,WDT_CEN
106223708,violent-crime,2022-11,53.684476,-1.515406,On or near Darnley Avenue,Unable to prosecute suspect,west-yorkshire,WDT_CEN
106204868,violent-crime,2022-11,53.685749,-1.514437,On or near Benjamin Street,Unable to prosecute suspect,west-yorkshire,WDT_CEN
106213561,violent-crime,2022-11,53.685749,-1.514437,On or near Benjamin Street,Unable to prosecute suspect,west-yorkshire,WDT_CEN
106221679,violent-crime,2022-11,53.675264,-1.500389,On or near Avondale Street,Unable to prosecute suspect,west-yorkshire,WDT_CEN
106220841,violent-crime,2022-11,53.681881,-1.513740,On or near Phoenix Court,Unable to prosecute suspect,west-yorkshire,WDT_CEN
106220636,violent-crime,2022-11,53.685610,-1.497739,On or near ,Investigation complete; no suspect identified,west-yorkshire,WDT_CEN
106224088,violent-crime,2022-11,53.676175,-1.520936,On or near Fernleigh Court,Unable to prosecute suspect,west-yorkshire,WDT_CEN
106219812,violent-crime,2022-11,53.681432,-1.490202,On or near Burrell Street,Unable to prosecute suspect,west-yorkshire,WDT_CEN
106221153,violent-crime,2022-11,53.689887,-1.513118,On or near Alder Avenue,Unable to prosecute suspect,west-yorkshire,WDT_CEN
106221722,violent-crime,2022-11,53.676194,-1.505706,On or near Lawefield Court,Action to be taken by another organisation,west-yorkshire,WDT_CEN
106220484,violent-crime,2022-11,53.686804,-1.499949,On or near Arundel Close,Court result unavailable,west-yorkshire,WDT_CEN
106217376,violent-crime,2022-11,53.681423,-1.503011,On or near ,Unable to prosecute suspect,west-yorkshire,WDT_CEN
106221659,violent-crime,2022-11,53.681087,-1.495596,On or near ,Unable to prosecute suspect,west-yorkshire,WDT_CEN
106219841,violent-crime,2022-11,53.682457,-1.525270,On or near Thirlmere Road,Unable to prosecute suspect,west-yorkshire,WDT_CEN
106223668,violent-crime,2022-11,53.690146,-1.499698,On or near Westfield Terrace,Unable to prosecute suspect,west-yorkshire,WDT_CEN
106219753,violent-crime,2022-11,53.681432,-1.490202,On or near Burrell Street,Investigation complete; no suspect identified,west-yorkshire,WDT_CEN
106220702,violent-crime,2022-11,53.682506,-1.501847,On or near Carter Street,Unable to prosecute suspect,west-yorkshire,WDT_CEN
106212890,violent-crime,2022-11,53.688924,-1.480633,On or near Kilnsey Grove,Unable to prosecute suspect,west-yorkshire,WDT_CEN
106221754,violent-crime,2022-11,53.692793,-1.505012,On or near Buxton Place,Unable to prosecute suspect,west-yorkshire,WDT_CEN
124242249,violent-crime,2022-11,53.682004,-1.506199,Wakefield Westgate (station),Status update unavailable,west-yorkshire,WDT_CEN
106220737,violent-crime,2022-11,53.680953,-1.522229,On or near Denhale Avenue,Court result unavailable,west-yorkshire,WDT_CEN
106200101,violent-crime,2022-11,53.697094,-1.497631,On or near Wicket Drive,Unable to prosecute suspect,west-yorkshire,WDT_CEN
106200381,violent-crime,2022-11,53.687079,-1.488499,On or near Stanley Road,Status update unavailable,west-yorkshire,WDT_CEN
106200477,violent-crime,2022-11,53.680801,-1.511269,On or near Plumpton Road,Unable to prosecute suspect,west-yorkshire,WDT_CEN
106201354,violent-crime,2022-11,53.679925,-1.510159,On or near Westgate End,Unable to prosecute suspect,west-yorkshire,WDT_CEN
106202639,violent-crime,2022-11,53.697094,-1.497631,On or near Wicket Drive,Unable to prosecute suspect,west-yorkshire,WDT_CEN
106206945,violent-crime,2022-11,53.681547,-1.522313,On or near Langdale Drive,Unable to prosecute suspect,west-yorkshire,WDT_CEN
106207227,violent-crime,2022-11,53.684868,-1.495006,On or near ,Status update unavailable,west-yorkshire,WDT_CEN
106207942,violent-crime,2022-11,53.686856,-1.495315,On or near Back Hambleton Street,Unable to prosecute suspect,west-yorkshire,WDT_CEN
106208259,violent-crime,2022-11,53.678285,-1.494161,On or near Wonder Street,Court result unavailable,west-yorkshire,WDT_CEN
106218346,violent-crime,2022-11,53.678976,-1.505709,On or near ,Investigation complete; no suspect identified,west-yorkshire,WDT_CEN
106220749,violent-crime,2022-11,53.681432,-1.490202,On or near Burrell Street,Unable to prosecute suspect,west-yorkshire,WDT_CEN
106221823,violent-crime,2022-11,53.690182,-1.482722,On or near Pannal Avenue,Unable to prosecute suspect,west-yorkshire,WDT_CEN
106208556,violent-crime,2022-11,53.681423,-1.503011,On or near ,Status update unavailable,west-yorkshire,WDT_CEN
106209530,violent-crime,2022-11,53.685485,-1.483643,On or near Brotherton Avenue,Unable to prosecute suspect,west-yorkshire,WDT_CEN
106210348,violent-crime,2022-11,53.681981,-1.490287,On or near Peterson Road,Unable to prosecute suspect,west-yorkshire,WDT_CEN
106212118,violent-crime,2022-11,53.685749,-1.514437,On or near Benjamin Street,Unable to prosecute suspect,west-yorkshire,WDT_CEN
106212247,violent-crime,2022-11,53.688081,-1.497996,On or near Back Hatfeild Street,Investigation complete; no suspect identified,west-yorkshire,WDT_CEN
106213092,violent-crime,2022-11,53.691282,-1.489811,On or near Tuke Grove,Court result unavailable,west-yorkshire,WDT_CEN
106214567,violent-crime,2022-11,53.683098,-1.501538,On or near Woolpack's Yard,Unable to prosecute suspect,west-yorkshire,WDT_CEN
106215329,violent-crime,2022-11,53.680293,-1.492865,On or near Avison Yard,Unable to prosecute suspect,west-yorkshire,WDT_CEN
106217385,violent-crime,2022-11,53.683602,-1.526120,On or near Flanshaw Road,Unable to prosecute suspect,west-yorkshire,WDT_CEN
106223963,violent-crime,2022-11,53.684016,-1.519378,On or near Blakeley Grove,Unable to prosecute suspect,west-yorkshire,WDT_CEN
106225072,violent-crime,2022-11,53.675036,-1.521539,On or near Meltonfield Mews,Offender given a caution,west-yorkshire,WDT_CEN
106226427,violent-crime,2022-11,53.683656,-1.503923,On or near Cliff Lane,Status update unavailable,west-yorkshire,WDT_CEN
106226451,violent-crime,2022-11,53.678036,-1.512134,On or near Clayton Street,Status update unavailable,west-yorkshire,WDT_CEN
106222104,violent-crime,2022-11,53.678756,-1.499121,On or near Ings Road,Unable to prosecute suspect,west-yorkshire,WDT_CEN
106222848,violent-crime,2022-11,53.681200,-1.492182,On or near ,Unable to prosecute suspect,west-yorkshire,WDT_CEN
106223084,violent-crime,2022-11,53.684103,-1.492608,On or near Marsh Way,Unable to prosecute suspect,west-yorkshire,WDT_CEN
106199200,violent-crime,2022-11,53.681517,-1.495273,On or near Almshouse Lane,Investigation complete; no suspect identified,west-yorkshire,WDT_CEN
106201419,violent-crime,2022-11,53.690146,-1.499698,On or near Westfield Terrace,Unable to prosecute suspect,west-yorkshire,WDT_CEN
106205562,violent-crime,2022-11,53.683098,-1.501538,On or near Woolpack's Yard,Unable to prosecute suspect,west-yorkshire,WDT_CEN
106207580,violent-crime,2022-11,53.675036,-1.521539,On or near Meltonfield Mews,Unable to prosecute suspect,west-yorkshire,WDT_CEN
106210598,violent-crime,2022-11,53.678421,-1.511796,On or near Carlton Street,Investigation complete; no suspect identified,west-yorkshire,WDT_CEN
106214167,violent-crime,2022-11,53.695575,-1.515097,On or near Whitegates Close,Investigation complete; no suspect identified,west-yorkshire,WDT_CEN
106215656,violent-crime,2022-11,53.682067,-1.478976,On or near Parkhill Crescent,Unable to prosecute suspect,west-yorkshire,WDT_CEN
106215862,violent-crime,2022-11,53.683420,-1.514267,On or near Victoria Avenue,Investigation complete; no suspect identified,west-yorkshire,WDT_CEN
106216588,violent-crime,2022-11,53.687302,-1.498717,On or near Saville Street,Unable to prosecute suspect,west-yorkshire,WDT_CEN
106220682,violent-crime,2022-11,53.678888,-1.496455,On or near West Parade Street,Unable to prosecute suspect,west-yorkshire,WDT_CEN
106221533,violent-crime,2022-11,53.686804,-1.499949,On or near Arundel Close,Unable to prosecute suspect,west-yorkshire,WDT_CEN
106219916,violent-crime,2022-11,53.681423,-1.503011,On or near ,Unable to prosecute suspect,west-yorkshire,WDT_CEN
106219936,violent-crime,2022-11,53.681118,-1.481955,On or near Howden Way,Unable to prosecute suspect,west-yorkshire,WDT_CEN
106220683,violent-crime,2022-11,53.682067,-1.478976,On or near Parkhill Crescent,Unable to prosecute suspect,west-yorkshire,WDT_CEN
106221950,violent-crime,2022-11,53.679226,-1.512998,On or near A638,Investigation complete; no suspect identified,west-yorkshire,WDT_CEN
106223086,violent-crime,2022-11,53.679925,-1.510159,On or near Westgate End,Investigation complete; no suspect identified,west-yorkshire,WDT_CEN
106198656,violent-crime,2022-11,53.681472,-1.501648,On or near Bank Street,Investigation complete; no suspect identified,west-yorkshire,WDT_CEN
106198919,violent-crime,2022-11,53.679198,-1.491122,On or near William Street,Unable to prosecute suspect,west-yorkshire,WDT_CEN
106198935,violent-crime,2022-11,53.690146,-1.499698,On or near Westfield Terrace,Unable to prosecute suspect,west-yorkshire,WDT_CEN
106207190,violent-crime,2022-11,53.688917,-1.491717,On or near Shilling Street,Investigation complete; no suspect identified,west-yorkshire,WDT_CEN
106209592,violent-crime,2022-11,53.684149,-1.497119,On or near Smallpage Yard,Unable to prosecute suspect,west-yorkshire,WDT_CEN
106214850,violent-crime,2022-11,53.688254,-1.488030,On or near Governor's Yard,Investigation complete; no suspect identified,west-yorkshire,WDT_CEN
106215070,violent-crime,2022-11,53.679226,-1.512998,On or near A638,Investigation complete; no suspect identified,west-yorkshire,WDT_CEN
106215353,violent-crime,2022-11,53.688433,-1.518237,On or near Walker Avenue,Unable to prosecute suspect,west-yorkshire,WDT_CEN
106216172,violent-crime,2022-11,53.680293,-1.492865,On or near Avison Yard,Unable to prosecute suspect,west-yorkshire,WDT_CEN
106216676,violent-crime,2022-11,53.688643,-1.516645,On or near Silcoates Street,Unable to prosecute suspect,west-yorkshire,WDT_CEN
106218214,violent-crime,2022-11,53.681694,-1.500979,On or near Albion Court,Investigation complete; no suspect identified,west-yorkshire,WDT_CEN
106218343,violent-crime,2022-11,53.684060,-1.486688,On or near Stanley Street,Unable to prosecute suspect,west-yorkshire,WDT_CEN
106218357,violent-crime,2022-11,53.681881,-1.513740,On or near Phoenix Court,Investigation complete; no suspect identified,west-yorkshire,WDT_CEN
106218582,violent-crime,2022-11,53.678285,-1.494161,On or near Wonder Street,Court result unavailable,west-yorkshire,WDT_CEN
106205815,violent-crime,2022-11,53.689252,-1.518516,On or near Maple Street,Unable to prosecute suspect,west-yorkshire,WDT_CEN
106220818,violent-crime,2022-11,53.681548,-1.483539,On or near St James's Park,Unable to prosecute suspect,west-yorkshire,WDT_CEN
106226393,violent-crime,2022-11,53.686548,-1.492669,On or near Jacob's Well Lane,Formal action is not in the public interest,west-yorkshire,WDT_CEN
106201212,violent-crime,2022-11,53.679004,-1.489929,On or near Monk Street,Investigation complete; no suspect identified,west-yorkshire,WDT_CEN
106203005,violent-crime,2022-11,53.691069,-1.509894,On or near Cyprus Grove,Investigation complete; no suspect identified,west-yorkshire,WDT_CEN
106203073,violent-crime,2022-11,53.675036,-1.521539,On or near Meltonfield Mews,Unable to prosecute suspect,west-yorkshire,WDT_CEN
106206518,violent-crime,2022-11,53.697094,-1.497631,On or near Wicket Drive,Unable to prosecute suspect,west-yorkshire,WDT_CEN
106218477,violent-crime,2022-11,53.681423,-1.503011,On or near Parking Area,Unable to prosecute suspect,west-yorkshire,WDT_CEN
106220611,violent-crime,2022-11,53.682506,-1.501847,On or near Carter Street,Unable to prosecute suspect,west-yorkshire,WDT_CEN
106208830,violent-crime,2022-11,53.681849,-1.495209,On or near ,Unable to prosecute suspect,west-yorkshire,WDT_CEN
106212408,violent-crime,2022-11,53.684016,-1.519378,On or near Blakeley Grove,Unable to prosecute suspect,west-yorkshire,WDT_CEN
106213593,violent-crime,2022-11,53.679198,-1.491122,On or near William Street,Unable to prosecute suspect,west-yorkshire,WDT_CEN
106217899,violent-crime,2022-11,53.680293,-1.492865,On or near Avison Yard,Unable to prosecute suspect,west-yorkshire,WDT_CEN
106199376,violent-crime,2022-11,53.681472,-1.501648,On or near Bank Street,Investigation complete; no suspect identified,west-yorkshire,WDT_CEN
106199474,violent-crime,2022-11,53.694316,-1.514763,On or near Fox Lane,Unable to prosecute suspect,west-yorkshire,WDT_CEN
106199477,violent-crime,2022-11,53.681517,-1.495273,On or near Almshouse Lane,Unable to prosecute suspect,west-yorkshire,WDT_CEN
106199483,violent-crime,2022-11,53.681517,-1.495273,On or near Almshouse Lane,Unable to prosecute suspect,west-yorkshire,WDT_CEN
106199608,violent-crime,2022-11,53.680465,-1.503870,On or near ,Unable to prosecute suspect,west-yorkshire,WDT_CEN
106199721,violent-crime,2022-11,53.697094,-1.497631,On or near Wicket Drive,Unable to prosecute suspect,west-yorkshire,WDT_CEN
106200036,violent-crime,2022-11,53.681881,-1.513740,On or near Phoenix Court,Unable to prosecute suspect,west-yorkshire,WDT_CEN
106200060,violent-crime,2022-11,53.683228,-1.493845,On or near Lower Warrengate,Investigation complete; no suspect identified,west-yorkshire,WDT_CEN
106200125,violent-crime,2022-11,53.683840,-1.502604,On or near Cliff Parade,Unable to prosecute suspect,west-yorkshire,WDT_CEN
106220978,violent-crime,2022-11,53.682897,-1.483720,On or near Park Lodge Crescent,Court result unavailable,west-yorkshire,WDT_CEN
106221294,violent-crime,2022-11,53.687458,-1.523851,On or near Meadow Croft,Unable to prosecute suspect,west-yorkshire,WDT_CEN
106221370,violent-crime,2022-11,53.682982,-1.489003,On or near Warren Court,Unable to prosecute suspect,west-yorkshire,WDT_CEN
106221380,violent-crime,2022-11,53.689281,-1.486367,On or near Windhill View,Unable to prosecute suspect,west-yorkshire,WDT_CEN
106221489,violent-crime,2022-11,53.687458,-1.523851,On or near Meadow Croft,Unable to prosecute suspect,west-yorkshire,WDT_CEN
106203606,violent-crime,2022-11,53.681849,-1.495209,On or near ,Unable to prosecute suspect,west-yorkshire,WDT_CEN
106203674,violent-crime,2022-11,53.682563,-1.517850,On or near Alverthorpe Road,Unable to prosecute suspect,west-yorkshire,WDT_CEN
106203832,violent-crime,2022-11,53.681548,-1.483539,On or near St James's Park,Unable to prosecute suspect,west-yorkshire,WDT_CEN
106203872,violent-crime,2022-11,53.683679,-1.498851,On or near ,Investigation complete; no suspect identified,west-yorkshire,WDT_CEN
106201242,violent-crime,2022-11,53.689401,-1.482883,On or near Windhill Crescent,Investigation complete; no suspect identified,west-yorkshire,WDT_CEN
106201492,violent-crime,2022-11,53.688843,-1.508481,On or near St John's Chase,Unable to prosecute suspect,west-yorkshire,WDT_CEN
106201910,violent-crime,2022-11,53.687298,-1.495689,On or near Richard Street,Investigation complete; no suspect identified,west-yorkshire,WDT_CEN
106201927,violent-crime,2022-11,53.692454,-1.497141,On or near Barratt's Road,Unable to prosecute suspect,west-yorkshire,WDT_CEN
106202043,violent-crime,2022-11,53.688965,-1.496729,On or near Dickinson Court,Investigation complete; no suspect identified,west-yorkshire,WDT_CEN
106202690,violent-crime,2022-11,53.687110,-1.500052,On or near Arundel Street,Unable to prosecute suspect,west-yorkshire,WDT_CEN
106198917,violent-crime,2022-11,53.684103,-1.492608,On or near Marsh Way,Status update unavailable,west-yorkshire,WDT_CEN
106204354,violent-crime,2022-11,53.688924,-1.480633,On or near Kilnsey Grove,Unable to prosecute suspect,west-yorkshire,WDT_CEN
106208357,violent-crime,2022-11,53.682365,-1.487632,On or near Marsland Terrace,Unable to prosecute suspect,west-yorkshire,WDT_CEN
106204929,violent-crime,2022-11,53.678759,-1.497774,On or near ,Investigation complete; no suspect identified,west-yorkshire,WDT_CEN
106204986,violent-crime,2022-11,53.684103,-1.492608,On or near Marsh Way,Investigation complete; no suspect identified,west-yorkshire,WDT_CEN
106205211,violent-crime,2022-11,53.687687,-1.518125,On or near Walnut Avenue,Unable to prosecute suspect,west-yorkshire,WDT_CEN
106205899,violent-crime,2022-11,53.682506,-1.501847,On or near Carter Street,Investigation complete; no suspect identified,west-yorkshire,WDT_CEN
106206038,violent-crime,2022-11,53.676569,-1.522733,On or near Sycamore Copse,Investigation complete; no suspect identified,west-yorkshire,WDT_CEN
106206286,violent-crime,2022-11,53.682696,-1.499892,On or near Silver Street,Investigation complete; no suspect identified,west-yorkshire,WDT_CEN
106206459,violent-crime,2022-11,53.689551,-1.492754,On or near Eastmoor Road,Unable to prosecute suspect,west-yorkshire,WDT_CEN
106206470,violent-crime,2022-11,53.689551,-1.492754,On or near Eastmoor Road,Unable to prosecute suspect,west-yorkshire,WDT_CEN
106206552,violent-crime,2022-11,53.687384,-1.494870,On or near Berne Grove,Unable to prosecute suspect,west-yorkshire,WDT_CEN
106206558,violent-crime,2022-11,53.678445,-1.513174,On or near Grange Street,Investigation complete; no suspect identified,west-yorkshire,WDT_CEN
106206567,violent-crime,2022-11,53.681849,-1.495209,On or near ,Investigation complete; no suspect identified,west-yorkshire,WDT_CEN
106206645,violent-crime,2022-11,53.682365,-1.487632,On or near Marsland Terrace,Unable to prosecute suspect,west-yorkshire,WDT_CEN
106207349,violent-crime,2022-11,53.683679,-1.498851,On or near ,Court result unavailable,west-yorkshire,WDT_CEN
106207510,violent-crime,2022-11,53.687902,-1.500345,On or near Albion Street,Unable to prosecute suspect,west-yorkshire,WDT_CEN
106207512,violent-crime,2022-11,53.685610,-1.497739,On or near ,Investigation complete; no suspect identified,west-yorkshire,WDT_CEN
106207553,violent-crime,2022-11,53.680219,-1.496545,On or near West Parade,Investigation complete; no suspect identified,west-yorkshire,WDT_CEN
106207572,violent-crime,2022-11,53.675036,-1.521539,On or near Meltonfield Mews,Unable to prosecute suspect,west-yorkshire,WDT_CEN
106207671,violent-crime,2022-11,53.678756,-1.499121,On or near Ings Road,Investigation complete; no suspect identified,west-yorkshire,WDT_CEN
106207925,violent-crime,2022-11,53.689404,-1.500706,On or near Westfield Road,Unable to prosecute suspect,west-yorkshire,WDT_CEN
106207929,violent-crime,2022-11,53.686856,-1.495315,On or near Back Hambleton Street,Unable to prosecute suspect,west-yorkshire,WDT_CEN
106208093,violent-crime,2022-11,53.697054,-1.506606,On or near ,Unable to prosecute suspect,west-yorkshire,WDT_CEN
106208195,violent-crime,2022-11,53.681548,-1.483539,On or near St James's Park,Unable to prosecute suspect,west-yorkshire,WDT_CEN
106208232,violent-crime,2022-11,53.681547,-1.522313,On or near Langdale Drive,Investigation complete; no suspect identified,west-yorkshire,WDT_CEN
106208303,violent-crime,2022-11,53.683004,-1.498450,On or near Cross Square,Unable to prosecute suspect,west-yorkshire,WDT_CEN
106198862,violent-crime,2022-11,53.689281,-1.486367,On or near Windhill View,Unable to prosecute suspect,west-yorkshire,WDT_CEN
106199162,violent-crime,2022-11,53.697054,-1.506606,On or near ,Investigation complete; no suspect identified,west-yorkshire,WDT_CEN
106199251,violent-crime,2022-11,53.682067,-1.478976,On or near Parkhill Crescent,Investigation complete; no suspect identified,west-yorkshire,WDT_CEN
106218662,violent-crime,2022-11,53.684760,-1.505712,On or near Carnforth Avenue,Unable to prosecute suspect,west-yorkshire,WDT_CEN
106218777,violent-crime,2022-11,53.690581,-1.483565,On or near Ivy Lane,Unable to prosecute suspect,west-yorkshire,WDT_CEN
106218880,violent-crime,2022-11,53.688433,-1.518237,On or near Walker Avenue,Unable to prosecute suspect,west-yorkshire,WDT_CEN
106219057,violent-crime,2022-11,53.680969,-1.510556,On or near Anderson Street,Unable to prosecute suspect,west-yorkshire,WDT_CEN
106219073,violent-crime,2022-11,53.685485,-1.483643,On or near Brotherton Avenue,Offender given a caution,west-yorkshire,WDT_CEN
106219157,violent-crime,2022-11,53.689252,-1.518516,On or near Maple Street,Unable to prosecute suspect,west-yorkshire,WDT_CEN
106219228,violent-crime,2022-11,53.681087,-1.495596,On or near ,Status update unavailable,west-yorkshire,WDT_CEN
106219579,violent-crime,2022-11,53.685459,-1.507354,On or near Finchdale Close,Unable to prosecute suspect,west-yorkshire,WDT_CEN
106219693,violent-crime,2022-11,53.681675,-1.496467,On or near ,Unable to prosecute suspect,west-yorkshire,WDT_CEN
106219833,violent-crime,2022-11,53.684103,-1.492608,On or near Marsh Way,Status update unavailable,west-yorkshire,WDT_CEN
106219928,violent-crime,2022-11,53.683840,-1.502604,On or near Cliff Parade,Unable to prosecute suspect,west-yorkshire,WDT_CEN
106219965,violent-crime,2022-11,53.686415,-1.516943,On or near Lincoln Street,Unable to prosecute suspect,west-yorkshire,WDT_CEN
106220022,violent-crime,2022-11,53.685610,-1.497739,On or near ,Local resolution,west-yorkshire,WDT_CEN
106220055,violent-crime,2022-11,53.680495,-1.498086,On or near George Street,Offender given a caution,west-yorkshire,WDT_CEN
106220142,violent-crime,2022-11,53.679230,-1.520704,On or near Clement Street,Investigation complete; no suspect identified,west-yorkshire,WDT_CEN
106220532,violent-crime,2022-11,53.686804,-1.499949,On or near Arundel Close,Court result unavailable,west-yorkshire,WDT_CEN
106220720,violent-crime,2022-11,53.682067,-1.478976,On or near Parkhill Crescent,Further investigation is not in the public interest,west-yorkshire,WDT_CEN
106220765,violent-crime,2022-11,53.688433,-1.518237,On or near Walker Avenue,Unable to prosecute suspect,west-yorkshire,WDT_CEN
106216086,violent-crime,2022-11,53.689935,-1.505076,On or near Belgravia Road,Unable to prosecute suspect,west-yorkshire,WDT_CEN
106216282,violent-crime,2022-11,53.688965,-1.496729,On or near Dickinson Court,Unable to prosecute suspect,west-yorkshire,WDT_CEN
106216946,violent-crime,2022-11,53.685610,-1.497739,On or near ,Court result unavailable,west-yorkshire,WDT_CEN
106216964,violent-crime,2022-11,53.681432,-1.490202,On or near Burrell Street,Investigation complete; no suspect identified,west-yorkshire,WDT_CEN
106208442,violent-crime,2022-11,53.681849,-1.495209,On or near ,Investigation complete; no suspect identified,west-yorkshire,WDT_CEN
106208605,violent-crime,2022-11,53.683943,-1.521514,On or near Derwent Grove,Unable to prosecute suspect,west-yorkshire,WDT_CEN
106208815,violent-crime,2022-11,53.678756,-1.499121,On or near Ings Road,Investigation complete; no suspect identified,west-yorkshire,WDT_CEN
106208970,violent-crime,2022-11,53.682506,-1.501847,On or near Carter Street,Unable to prosecute suspect,west-yorkshire,WDT_CEN
106211258,violent-crime,2022-11,53.681849,-1.495209,On or near ,Unable to prosecute suspect,west-yorkshire,WDT_CEN
106211330,violent-crime,2022-11,53.677943,-1.515814,On or near Co-operative Street,Unable to prosecute suspect,west-yorkshire,WDT_CEN
106211338,violent-crime,2022-11,53.682506,-1.501847,On or near Carter Street,Unable to prosecute suspect,west-yorkshire,WDT_CEN
106211359,violent-crime,2022-11,53.680465,-1.503870,On or near ,Unable to prosecute suspect,west-yorkshire,WDT_CEN
106211945,violent-crime,2022-11,53.687079,-1.488499,On or near Stanley Road,Status update unavailable,west-yorkshire,WDT_CEN
106212362,violent-crime,2022-11,53.678036,-1.512134,On or near Clayton Street,Action to be taken by another organisation,west-yorkshire,WDT_CEN
106212806,violent-crime,2022-11,53.681517,-1.495273,On or near Almshouse Lane,Unable to prosecute suspect,west-yorkshire,WDT_CEN
106212817,violent-crime,2022-11,53.688917,-1.491717,On or near Shilling Street,Investigation complete; no suspect identified,west-yorkshire,WDT_CEN
106213138,violent-crime,2022-11,53.686711,-1.521240,On or near Peacock Grove,Unable to prosecute suspect,west-yorkshire,WDT_CEN
106213330,violent-crime,2022-11,53.687963,-1.495590,On or near Lower York Court,Unable to prosecute suspect,west-yorkshire,WDT_CEN
106213333,violent-crime,2022-11,53.685485,-1.483643,On or near Brotherton Avenue,Unable to prosecute suspect,west-yorkshire,WDT_CEN
106213404,violent-crime,2022-11,53.681794,-1.482340,On or near Hyde Park,Unable to prosecute suspect,west-yorkshire,WDT_CEN
106213837,violent-crime,2022-11,53.691414,-1.497563,On or near Westfield Park,Unable to prosecute suspect,west-yorkshire,WDT_CEN
106213895,violent-crime,2022-11,53.678888,-1.496455,On or near West Parade Street,Unable to prosecute suspect,west-yorkshire,WDT_CEN
106214026,violent-crime,2022-11,53.685634,-1.497632,On or near Wakefield Bus Station,Unable to prosecute suspect,west-yorkshire,WDT_CEN
106214344,violent-crime,2022-11,53.679004,-1.489929,On or near Monk Street,Investigation complete; no suspect identified,west-yorkshire,WDT_CEN
106214525,violent-crime,2022-11,53.682363,-1.493416,On or near White's Road,Unable to prosecute suspect,west-yorkshire,WDT_CEN
106214732,violent-crime,2022-11,53.686804,-1.499949,On or near Arundel Close,Unable to prosecute suspect,west-yorkshire,WDT_CEN
106214733,violent-crime,2022-11,53.682711,-1.499317,On or near Marygate,Unable to prosecute suspect,west-yorkshire,WDT_CEN
106214827,violent-crime,2022-11,53.682506,-1.501847,On or near Carter Street,Unable to prosecute suspect,west-yorkshire,WDT_CEN
106209201,violent-crime,2022-11,53.690182,-1.482722,On or near Pannal Avenue,Unable to prosecute suspect,west-yorkshire,WDT_CEN
106209291,violent-crime,2022-11,53.679651,-1.511268,On or near Makin Street,Investigation complete; no suspect identified,west-yorkshire,WDT_CEN
106209422,violent-crime,2022-11,53.681472,-1.501648,On or near Bank Street,Unable to prosecute suspect,west-yorkshire,WDT_CEN
106209796,violent-crime,2022-11,53.681849,-1.495209,On or near ,Investigation complete; no suspect identified,west-yorkshire,WDT_CEN
106210342,violent-crime,2022-11,53.681849,-1.495209,On or near ,Court result unavailable,west-yorkshire,WDT_CEN
106210351,violent-crime,2022-11,53.681981,-1.490287,On or near Peterson Road,Unable to prosecute suspect,west-yorkshire,WDT_CEN
106210668,violent-crime,2022-11,53.682067,-1.478976,On or near Parkhill Crescent,Unable to prosecute suspect,west-yorkshire,WDT_CEN
106217344,violent-crime,2022-11,53.679276,-1.525036,On or near ,Unable to prosecute suspect,west-yorkshire,WDT_CEN
106217362,violent-crime,2022-11,53.684868,-1.495006,On or near ,Status update unavailable,west-yorkshire,WDT_CEN
106217887,violent-crime,2022-11,53.682643,-1.515397,On or near Moorhouse Avenue,Unable to prosecute suspect,west-yorkshire,WDT_CEN
106218216,violent-crime,2022-11,53.685610,-1.497739,On or near ,Unable to prosecute suspect,west-yorkshire,WDT_CEN
106218242,violent-crime,2022-11,53.681849,-1.495209,On or near ,Unable to prosecute suspect,west-yorkshire,WDT_CEN
106223768,violent-crime,2022-11,53.680370,-1.518072,On or near The Point,Unable to prosecute suspect,west-yorkshire,WDT_CEN
106224261,violent-crime,2022-11,53.680595,-1.489894,On or near Crystal Place,Unable to prosecute suspect,west-yorkshire,WDT_CEN
106224464,violent-crime,2022-11,53.692793,-1.505012,On or near Buxton Place,Unable to prosecute suspect,west-yorkshire,WDT_CEN
106224702,violent-crime,2022-11,53.681087,-1.495596,On or near Supermarket,Unable to prosecute suspect,west-yorkshire,WDT_CEN
106224872,violent-crime,2022-11,53.683602,-1.526120,On or near Flanshaw Road,Unable to prosecute suspect,west-yorkshire,WDT_CEN
106225173,violent-crime,2022-11,53.683602,-1.526120,On or near Flanshaw Road,Unable to prosecute suspect,west-yorkshire,WDT_CEN
106225455,violent-crime,2022-11,53.683476,-1.516962,On or near Beckley Road,Unable to prosecute suspect,west-yorkshire,WDT_CEN
106225527,violent-crime,2022-11,53.681675,-1.496467,On or near ,Court result unavailable,west-yorkshire,WDT_CEN
106225546,violent-crime,2022-11,53.686548,-1.492669,On or near Jacob's Well Lane,Unable to prosecute suspect,west-yorkshire,WDT_CEN
106226241,violent-crime,2022-11,53.681087,-1.495596,On or near ,Investigation complete; no suspect identified,west-yorkshire,WDT_CEN
106226275,violent-crime,2022-11,53.678036,-1.512134,On or near Clayton Street,Court result unavailable,west-yorkshire,WDT_CEN
106226480,violent-crime,2022-11,53.681087,-1.495596,On or near ,Investigation complete; no suspect identified,west-yorkshire,WDT_CEN
106226529,violent-crime,2022-11,53.692353,-1.505275,On or near Clifton Place,Unable to prosecute suspect,west-yorkshire,WDT_CEN
106221984,violent-crime,2022-11,53.680186,-1.508037,On or near Salt Pie Alley,Investigation complete; no suspect identified,west-yorkshire,WDT_CEN
106222073,violent-crime,2022-11,53.681200,-1.492182,On or near ,Unable to prosecute suspect,west-yorkshire,WDT_CEN
106222379,violent-crime,2022-11,53.691282,-1.489811,On or near Tuke Grove,Court result unavailable,west-yorkshire,WDT_CEN
106222835,violent-crime,2022-11,53.686804,-1.499949,On or near Arundel Close,Court result unavailable,west-yorkshire,WDT_CEN
106223035,violent-crime,2022-11,53.678976,-1.505709,On or near ,Unable to prosecute suspect,west-yorkshire,WDT_CEN
106223097,violent-crime,2022-11,53.684103,-1.492608,On or near Marsh Way,Investigation complete; no suspect identified,west-yorkshire,WDT_CEN
106223181,violent-crime,2022-11,53.681849,-1.495209,On or near ,Unable to prosecute suspect,west-yorkshire,WDT_CEN
106203432,violent-crime,2022-11,53.697094,-1.497631,On or near Wicket Drive,Unable to prosecute suspect,west-yorkshire,WDT_CEN
106202207,violent-crime,2022-11,53.688112,-1.494801,On or near Pinderfields Road,Investigation complete; no suspect identified,west-yorkshire,WDT_CEN
106203732,violent-crime,2022-11,53.691412,-1.484554,On or near Pinder's Grove,Unable to prosecute suspect,west-yorkshire,WDT_CEN
106203740,violent-crime,2022-11,53.685263,-1.497000,On or near Union Street,Unable to prosecute suspect,west-yorkshire,WDT_CEN
106205274,violent-crime,2022-11,53.697094,-1.497631,On or near Wicket Drive,Unable to prosecute suspect,west-yorkshire,WDT_CEN
106209115,violent-crime,2022-11,53.686415,-1.516943,On or near Lincoln Street,Investigation complete; no suspect identified,west-yorkshire,WDT_CEN
106211603,violent-crime,2022-11,53.681694,-1.500979,On or near Albion Court,Investigation complete; no suspect identified,west-yorkshire,WDT_CEN
106212518,violent-crime,2022-11,53.689600,-1.497978,On or near College Grove View,Investigation complete; no suspect identified,west-yorkshire,WDT_CEN
106213908,violent-crime,2022-11,53.683082,-1.499842,On or near George And Crown Yard,Unable to prosecute suspect,west-yorkshire,WDT_CEN
106214756,violent-crime,2022-11,53.681675,-1.496467,On or near ,Unable to prosecute suspect,west-yorkshire,WDT_CEN
106215271,violent-crime,2022-11,53.687687,-1.518125,On or near Walnut Avenue,Unable to prosecute suspect,west-yorkshire,WDT_CEN
106221230,violent-crime,2022-11,53.681472,-1.501648,On or near Bank Street,Investigation complete; no suspect identified,west-yorkshire,WDT_CEN
106223108,violent-crime,2022-11,53.684903,-1.498957,On or near Providence Street,Investigation complete; no suspect identified,west-yorkshire,WDT_CEN
106215442,violent-crime,2022-11,53.678976,-1.505709,On or near ,Investigation complete; no suspect identified,west-yorkshire,WDT_CEN
106215907,violent-crime,2022-11,53.678888,-1.496455,On or near West Parade Street,Unable to prosecute suspect,west-yorkshire,WDT_CEN
106215926,violent-crime,2022-11,53.682506,-1.501847,On or near Carter Street,Status update unavailable,west-yorkshire,WDT_CEN
106215986,violent-crime,2022-11,53.681517,-1.495273,On or near Almshouse Lane,Unable to prosecute suspect,west-yorkshire,WDT_CEN
106202051,violent-crime,2022-11,53.688965,-1.496729,On or near Dickinson Court,Investigation complete; no suspect identified,west-yorkshire,WDT_CEN
106200017,violent-crime,2022-11,53.683679,-1.498851,On or near ,Investigation complete; no suspect identified,west-yorkshire,WDT_CEN
106202226,violent-crime,2022-11,53.684687,-1.518583,On or near Holly Street,Investigation complete; no suspect identified,west-yorkshire,WDT_CEN
106202335,violent-crime,2022-11,53.680228,-1.506882,On or near ,Investigation complete; no suspect identified,west-yorkshire,WDT_CEN
106202942,violent-crime,2022-11,53.687302,-1.498717,On or near Saville Street,Investigation complete; no suspect identified,west-yorkshire,WDT_CEN
106203070,violent-crime,2022-11,53.691282,-1.489811,On or near Tuke Grove,Unable to prosecute suspect,west-yorkshire,WDT_CEN
106204453,violent-crime,2022-11,53.682160,-1.518324,On or near Homestead Drive,Unable to prosecute suspect,west-yorkshire,WDT_CEN
106204666,violent-crime,2022-11,53.683098,-1.501538,On or near Woolpack's Yard,Unable to prosecute suspect,west-yorkshire,WDT_CEN
106204703,violent-crime,2022-11,53.685423,-1.513835,On or near Victoria Street,Investigation complete; no suspect identified,west-yorkshire,WDT_CEN
106205271,violent-crime,2022-11,53.697094,-1.497631,On or near Wicket Drive,Unable to prosecute suspect,west-yorkshire,WDT_CEN
106205273,violent-crime,2022-11,53.697094,-1.497631,On or near Wicket Drive,Unable to prosecute suspect,west-yorkshire,WDT_CEN
106205405,violent-crime,2022-11,53.682208,-1.488709,On or near Marsland Place,Unable to prosecute suspect,west-yorkshire,WDT_CEN
106205430,violent-crime,2022-11,53.681118,-1.481955,On or near Howden Way,Unable to prosecute suspect,west-yorkshire,WDT_CEN
106205739,violent-crime,2022-11,53.681423,-1.503011,On or near ,Investigation complete; no suspect identified,west-yorkshire,WDT_CEN
106206056,violent-crime,2022-11,53.686170,-1.503137,On or near Bond Street,Investigation complete; no suspect identified,west-yorkshire,WDT_CEN
106206075,violent-crime,2022-11,53.681087,-1.495596,On or near ,Court result unavailable,west-yorkshire,WDT_CEN
106206512,violent-crime,2022-11,53.685610,-1.497739,On or near ,Investigation complete; no suspect identified,west-yorkshire,WDT_CEN
106206656,violent-crime,2022-11,53.696694,-1.511737,On or near Ruby View,Investigation complete; no suspect identified,west-yorkshire,WDT_CEN
106206762,violent-crime,2022-11,53.685634,-1.497632,On or near Wakefield Bus Station,Unable to prosecute suspect,west-yorkshire,WDT_CEN
106208179,violent-crime,2022-11,53.681423,-1.503011,On or near ,Unable to prosecute suspect,west-yorkshire,WDT_CEN
106209463,violent-crime,2022-11,53.683261,-1.491058,On or near Upper Warrengate,Investigation complete; no suspect identified,west-yorkshire,WDT_CEN
106211374,violent-crime,2022-11,53.689935,-1.505076,On or near Belgravia Road,Unable to prosecute suspect,west-yorkshire,WDT_CEN
106211895,violent-crime,2022-11,53.684728,-1.519824,On or near Fryergate,Unable to prosecute suspect,west-yorkshire,WDT_CEN
106214185,violent-crime,2022-11,53.695575,-1.515097,On or near Whitegates Close,Investigation complete; no suspect identified,west-yorkshire,WDT_CEN
106215984,violent-crime,2022-11,53.697094,-1.497631,On or near Wicket Drive,Unable to prosecute suspect,west-yorkshire,WDT_CEN
106219440,violent-crime,2022-11,53.685459,-1.507354,On or near Finchdale Close,Investigation complete; no suspect identified,west-yorkshire,WDT_CEN
106220241,violent-crime,2022-11,53.685610,-1.497739,On or near ,Unable to prosecute suspect,west-yorkshire,WDT_CEN
106220664,violent-crime,2022-11,53.679004,-1.489929,On or near Monk Street,Unable to prosecute suspect,west-yorkshire,WDT_CEN
106221101,violent-crime,2022-11,53.687687,-1.518125,On or near Walnut Avenue,Unable to prosecute suspect,west-yorkshire,WDT_CEN
106222086,violent-crime,2022-11,53.682160,-1.518324,On or near Homestead Drive,Unable to prosecute suspect,west-yorkshire,WDT_CEN
106222693,violent-crime,2022-11,53.681423,-1.503011,On or near ,Unable to prosecute suspect,west-yorkshire,WDT_CEN
106202402,violent-crime,2022-11,53.681423,-1.503011,On or near ,Local resolution,west-yorkshire,WDT_CEN
106202483,violent-crime,2022-11,53.676175,-1.520936,On or near Fernleigh Court,Unable to prosecute suspect,west-yorkshire,WDT_CEN
106206602,violent-crime,2022-11,53.685485,-1.483643,On or near Brotherton Avenue,Unable to prosecute suspect,west-yorkshire,WDT_CEN
106220155,violent-crime,2022-11,53.685263,-1.497000,On or near Union Street,Court result unavailable,west-yorkshire,WDT_CEN
106214859,violent-crime,2022-11,53.683500,-1.488239,On or near Park Lodge Grove,Unable to prosecute suspect,west-yorkshire,WDT_CEN
106215966,violent-crime,2022-11,53.688425,-1.496447,On or near Dickinson Street,Unable to prosecute suspect,west-yorkshire,WDT_CEN
106213340,other-crime,2022-11,53.680495,-1.498086,On or near George Street,Court result unavailable,west-yorkshire,WDT_CEN
106216540,other-crime,2022-11,53.683500,-1.488239,On or near Park Lodge Grove,Court result unavailable,west-yorkshire,WDT_CEN
106216711,other-crime,2022-11,53.691282,-1.489811,On or near Tuke Grove,Unable to prosecute suspect,west-yorkshire,WDT_CEN
106212077,other-crime,2022-11,53.680293,-1.492865,On or near Avison Yard,Investigation complete; no suspect identified,west-yorkshire,WDT_CEN
106208251,other-crime,2022-11,53.682383,-1.483484,On or near Green Park,Status update unavailable,west-yorkshire,WDT_CEN
106201620,other-crime,2022-11,53.687902,-1.500345,On or near Albion Street,Unable to prosecute suspect,west-yorkshire,WDT_CEN
106198587,other-crime,2022-11,53.682363,-1.493416,On or near White's Road,Court result unavailable,west-yorkshire,WDT_CEN
106212168,other-crime,2022-11,53.678036,-1.512134,On or near Clayton Street,Unable to prosecute suspect,west-yorkshire,WDT_CEN
106198845,other-crime,2022-11,53.689281,-1.486367,On or near Windhill View,Unable to prosecute suspect,west-yorkshire,WDT_CEN
106213143,other-crime,2022-11,53.680219,-1.496545,On or near West Parade,Unable to prosecute suspect,west-yorkshire,WDT_CEN
106225595,other-crime,2022-11,53.686548,-1.492669,On or near Jacob's Well Lane,Unable to prosecute suspect,west-yorkshire,WDT_CEN
106230426,anti-social-behaviour,2022-11,53.641447,-1.330276,On or near Beverley Garth,,west-yorkshire,WDT_EAST
106213644,criminal-damage-arson,2022-11,53.644367,-1.333194,On or near Chapel Garth,Unable to prosecute suspect,west-yorkshire,WDT_EAST
106204241,other-theft,2022-11,53.655214,-1.332978,On or near Hill Drive,Investigation complete; no suspect identified,west-yorkshire,WDT_EAST
106209968,public-order,2022-11,53.644367,-1.333194,On or near Chapel Garth,Unable to prosecute suspect,west-yorkshire,WDT_EAST
106204290,public-order,2022-11,53.644075,-1.330839,On or near Millers Croft,Investigation complete; no suspect identified,west-yorkshire,WDT_EAST
106216104,shoplifting,2022-11,53.644710,-1.335156,On or near ,Investigation complete; no suspect identified,west-yorkshire,WDT_EAST
106199528,shoplifting,2022-11,53.647968,-1.332593,On or near Barnsley Road,Investigation complete; no suspect identified,west-yorkshire,WDT_EAST
106212306,vehicle-crime,2022-11,53.650995,-1.317900,On or near Langdale Drive,Investigation complete; no suspect identified,west-yorkshire,WDT_EAST
106208538,violent-crime,2022-11,53.642029,-1.333020,On or near Boycott Drive,Unable to prosecute suspect,west-yorkshire,WDT_EAST
106206936,violent-crime,2022-11,53.642029,-1.333020,On or near Boycott Drive,Unable to prosecute suspect,west-yorkshire,WDT_EAST
106210544,violent-crime,2022-11,53.650696,-1.319055,On or near Town End Avenue,Unable to prosecute suspect,west-yorkshire,WDT_EAST
106210767,violent-crime,2022-11,53.644367,-1.333194,On or near Chapel Garth,Unable to prosecute suspect,west-yorkshire,WDT_EAST
106200753,violent-crime,2022-11,53.648153,-1.328732,On or near ,Unable to prosecute suspect,west-yorkshire,WDT_EAST
106212031,violent-crime,2022-11,53.642445,-1.331848,On or near Millgate,Investigation complete; no suspect identified,west-yorkshire,WDT_EAST
106219766,violent-crime,2022-11,53.642051,-1.332081,On or near Millstone Close,Unable to prosecute suspect,west-yorkshire,WDT_EAST
106229080,anti-social-behaviour,2022-11,53.677643,-1.503949,On or near Charlesworth Way,,west-yorkshire,WDT_WEST
106229352,anti-social-behaviour,2022-11,53.663945,-1.495211,On or near Rutland Avenue,,west-yorkshire,WDT_WEST
106228322,anti-social-behaviour,2022-11,53.657396,-1.510888,On or near ,,west-yorkshire,WDT_WEST
106227960,anti-social-behaviour,2022-11,53.669330,-1.489289,On or near Acme Terrace,,west-yorkshire,WDT_WEST
106227043,anti-social-behaviour,2022-11,53.677643,-1.503949,On or near Charlesworth Way,,west-yorkshire,WDT_WEST
106226774,anti-social-behaviour,2022-11,53.669043,-1.513131,On or near Thornes Moor Drive,,west-yorkshire,WDT_WEST
106226748,anti-social-behaviour,2022-11,53.656753,-1.480286,On or near Rosedale Avenue,,west-yorkshire,WDT_WEST
106228380,anti-social-behaviour,2022-11,53.650000,-1.501721,On or near ,,west-yorkshire,WDT_WEST
106229748,anti-social-behaviour,2022-11,53.666342,-1.477929,On or near Bowman Street,,west-yorkshire,WDT_WEST
106228677,anti-social-behaviour,2022-11,53.676064,-1.493779,On or near ,,west-yorkshire,WDT_WEST
106228570,anti-social-behaviour,2022-11,53.665830,-1.514197,On or near Spruce Court,,west-yorkshire,WDT_WEST
106228450,anti-social-behaviour,2022-11,53.662644,-1.495771,On or near Woodville Court,,west-yorkshire,WDT_WEST
106226719,anti-social-behaviour,2022-11,53.666721,-1.486445,On or near Brook Crescent,,west-yorkshire,WDT_WEST
106230574,anti-social-behaviour,2022-11,53.672730,-1.483435,On or near Fall Ings Road,,west-yorkshire,WDT_WEST
106229865,anti-social-behaviour,2022-11,53.650000,-1.501721,On or near ,,west-yorkshire,WDT_WEST
106218467,bicycle-theft,2022-11,53.670344,-1.482465,On or near Wesley Street,Status update unavailable,west-yorkshire,WDT_WEST
106221386,burglary,2022-11,53.670446,-1.483221,On or near Brevitt Street,Investigation complete; no suspect identified,west-yorkshire,WDT_WEST
106225894,burglary,2022-11,53.667505,-1.484967,On or near Willow Drive,Court result unavailable,west-yorkshire,WDT_WEST
106220679,burglary,2022-11,53.654399,-1.490876,On or near Milnthorpe Drive,Status update unavailable,west-yorkshire,WDT_WEST
106226108,burglary,2022-11,53.665225,-1.506985,On or near Denby Dale Road,Court result unavailable,west-yorkshire,WDT_WEST
106201859,criminal-damage-arson,2022-11,53.674986,-1.489826,On or near Bridge Street,Investigation complete; no suspect identified,west-yorkshire,WDT_WEST
106202107,criminal-damage-arson,2022-11,53.650000,-1.501721,On or near ,Investigation complete; no suspect identified,west-yorkshire,WDT_WEST
106218676,criminal-damage-arson,2022-11,53.672550,-1.479260,On or near Birch Street,Unable to prosecute suspect,west-yorkshire,WDT_WEST
106208027,criminal-damage-arson,2022-11,53.661167,-1.486815,On or near Pinfold Grove,Unable to prosecute suspect,west-yorkshire,WDT_WEST
106202615,criminal-damage-arson,2022-11,53.670273,-1.482799,On or near Harvey Street,Unable to prosecute suspect,west-yorkshire,WDT_WEST
106207659,criminal-damage-arson,2022-11,53.674685,-1.490783,On or near Navigation Walk,Investigation complete; no suspect identified,west-yorkshire,WDT_WEST
106207302,criminal-damage-arson,2022-11,53.672550,-1.479260,On or near Birch Street,Investigation complete; no suspect identified,west-yorkshire,WDT_WEST
106214112,criminal-damage-arson,2022-11,53.665275,-1.480351,On or near ,Investigation complete; no suspect identified,west-yorkshire,WDT_WEST
106210649,criminal-damage-arson,2022-11,53.665187,-1.491337,On or near Clifford View,Local resolution,west-yorkshire,WDT_WEST
106208889,criminal-damage-arson,2022-11,53.672171,-1.499956,On or near Thornleigh Road,Unable to prosecute suspect,west-yorkshire,WDT_WEST
106202897,criminal-damage-arson,2022-11,53.669238,-1.488654,On or near Manygates Park,Unable to prosecute suspect,west-yorkshire,WDT_WEST
106204748,criminal-damage-arson,2022-11,53.666345,-1.478564,On or near Back Gordon Street,Investigation complete; no suspect identified,west-yorkshire,WDT_WEST
106222251,criminal-damage-arson,2022-11,53.665187,-1.491337,On or near Clifford View,Unable to prosecute suspect,west-yorkshire,WDT_WEST
106226467,criminal-damage-arson,2022-11,53.669443,-1.520921,On or near The Mount,Unable to prosecute suspect,west-yorkshire,WDT_WEST
106210545,criminal-damage-arson,2022-11,53.667872,-1.476169,On or near Warwick Street,Local resolution,west-yorkshire,WDT_WEST
106212852,criminal-damage-arson,2022-11,53.663797,-1.507289,On or near Calder Island Way,Investigation complete; no suspect identified,west-yorkshire,WDT_WEST
106205286,criminal-damage-arson,2022-11,53.669238,-1.488654,On or near Manygates Park,Unable to prosecute suspect,west-yorkshire,WDT_WEST
106202386,criminal-damage-arson,2022-11,53.665225,-1.506985,On or near Denby Dale Road,Investigation complete; no suspect identified,west-yorkshire,WDT_WEST
106212845,criminal-damage-arson,2022-11,53.666348,-1.479215,On or near Gordon Street,Court result unavailable,west-yorkshire,WDT_WEST
106199070,criminal-damage-arson,2022-11,53.662644,-1.495771,On or near Woodville Court,Investigation complete; no suspect identified,west-yorkshire,WDT_WEST
106219034,criminal-damage-arson,2022-11,53.661167,-1.486815,On or near Pinfold Grove,Unable to prosecute suspect,west-yorkshire,WDT_WEST
106213451,criminal-damage-arson,2022-11,53.677643,-1.503949,On or near Charlesworth Way,Offender given a caution,west-yorkshire,WDT_WEST
106216505,drugs,2022-11,53.663679,-1.481397,On or near Station Street,Court result unavailable,west-yorkshire,WDT_WEST
106219310,drugs,2022-11,53.667872,-1.476169,On or near Warwick Street,Unable to prosecute suspect,west-yorkshire,WDT_WEST
106208859,drugs,2022-11,53.670013,-1.480774,On or near Back Anderton Street,Unable to prosecute suspect,west-yorkshire,WDT_WEST
106221624,drugs,2022-11,53.665170,-1.476959,On or near Briary Close,Further investigation is not in the public interest,west-yorkshire,WDT_WEST
106203490,drugs,2022-11,53.662731,-1.495225,On or near Waterbrooke Close,Local resolution,west-yorkshire,WDT_WEST
106202671,drugs,2022-11,53.672951,-1.480556,On or near Norton Street,Local resolution,west-yorkshire,WDT_WEST
106199766,other-theft,2022-11,53.663797,-1.507289,On or near Calder Island Way,Investigation complete; no suspect identified,west-yorkshire,WDT_WEST
106199935,other-theft,2022-11,53.663797,-1.507289,On or near Calder Island Way,Investigation complete; no suspect identified,west-yorkshire,WDT_WEST
106199338,other-theft,2022-11,53.663797,-1.507289,On or near Calder Island Way,Investigation complete; no suspect identified,west-yorkshire,WDT_WEST
106200058,other-theft,2022-11,53.663797,-1.507289,On or near Calder Island Way,Investigation complete; no suspect identified,west-yorkshire,WDT_WEST
106200171,other-theft,2022-11,53.672171,-1.499956,On or near Thornleigh Road,Investigation complete; no suspect identified,west-yorkshire,WDT_WEST
106200225,other-theft,2022-11,53.667807,-1.479969,On or near Maybush Road,Investigation complete; no suspect identified,west-yorkshire,WDT_WEST
106201359,other-theft,2022-11,53.672171,-1.499956,On or near Thornleigh Road,Investigation complete; no suspect identified,west-yorkshire,WDT_WEST
106203089,other-theft,2022-11,53.663797,-1.507289,On or near Calder Island Way,Investigation complete; no suspect identified,west-yorkshire,WDT_WEST
106220748,other-theft,2022-11,53.667327,-1.477023,On or near Grosvenor Street,Investigation complete; no suspect identified,west-yorkshire,WDT_WEST
106212517,other-theft,2022-11,53.650249,-1.491562,On or near ,Investigation complete; no suspect identified,west-yorkshire,WDT_WEST
106209153,other-theft,2022-11,53.663797,-1.507289,On or near Calder Island Way,Investigation complete; no suspect identified,west-yorkshire,WDT_WEST
106209340,other-theft,2022-11,53.670101,-1.497196,On or near Thornleigh Garth,Investigation complete; no suspect identified,west-yorkshire,WDT_WEST
106222567,other-theft,2022-11,53.667534,-1.485285,On or near Sparable Lane,Investigation complete; no suspect identified,west-yorkshire,WDT_WEST
106201991,other-theft,2022-11,53.663797,-1.507289,On or near Calder Island Way,Investigation complete; no suspect identified,west-yorkshire,WDT_WEST
106207658,other-theft,2022-11,53.663283,-1.483926,On or near ,Investigation complete; no suspect identified,west-yorkshire,WDT_WEST
106210091,other-theft,2022-11,53.673673,-1.485316,On or near ,Investigation complete; no suspect identified,west-yorkshire,WDT_WEST
106199039,other-theft,2022-11,53.663797,-1.507289,On or near Calder Island Way,Investigation complete; no suspect identified,west-yorkshire,WDT_WEST
106202297,other-theft,2022-11,53.663797,-1.507289,On or near Calder Island Way,Investigation complete; no suspect identified,west-yorkshire,WDT_WEST
106202559,other-theft,2022-11,53.666911,-1.493208,On or near Rivermead,Investigation complete; no suspect identified,west-yorkshire,WDT_WEST
106199321,public-order,2022-11,53.672008,-1.489014,On or near Belle Isle Drive,Investigation complete; no suspect identified,west-yorkshire,WDT_WEST
106218341,public-order,2022-11,53.667327,-1.477023,On or near Grosvenor Street,Unable to prosecute suspect,west-yorkshire,WDT_WEST
106204460,public-order,2022-11,53.669779,-1.480641,On or near Anderton Street,Unable to prosecute suspect,west-yorkshire,WDT_WEST
106218695,public-order,2022-11,53.672550,-1.479260,On or near Birch Street,Unable to prosecute suspect,west-yorkshire,WDT_WEST
106206431,public-order,2022-11,53.663797,-1.507289,On or near Calder Island Way,Unable to prosecute suspect,west-yorkshire,WDT_WEST
106213455,public-order,2022-11,53.677643,-1.503949,On or near Charlesworth Way,Unable to prosecute suspect,west-yorkshire,WDT_WEST
106215025,public-order,2022-11,53.677643,-1.503949,On or near Charlesworth Way,Investigation complete; no suspect identified,west-yorkshire,WDT_WEST
106219607,public-order,2022-11,53.663797,-1.507289,On or near Calder Island Way,Investigation complete; no suspect identified,west-yorkshire,WDT_WEST
106201004,public-order,2022-11,53.667534,-1.485285,On or near Sparable Lane,Investigation complete; no suspect identified,west-yorkshire,WDT_WEST
106199883,public-order,2022-11,53.672008,-1.489014,On or near Belle Isle Drive,Investigation complete; no suspect identified,west-yorkshire,WDT_WEST
106224897,robbery,2022-11,53.666345,-1.478564,On or near Back Gordon Street,Court result unavailable,west-yorkshire,WDT_WEST
106210466,robbery,2022-11,53.672951,-1.480556,On or near Norton Street,Status update unavailable,west-yorkshire,WDT_WEST
106211930,shoplifting,2022-11,53.667534,-1.485285,On or near Sparable Lane,Investigation complete; no suspect identified,west-yorkshire,WDT_WEST
106209904,shoplifting,2022-11,53.677113,-1.503302,On or near ,Investigation complete; no suspect identified,west-yorkshire,WDT_WEST
106209714,shoplifting,2022-11,53.672730,-1.483435,On or near Fall Ings Road,Court result unavailable,west-yorkshire,WDT_WEST
106211521,shoplifting,2022-11,53.677113,-1.503302,On or near ,Investigation complete; no suspect identified,west-yorkshire,WDT_WEST
106202539,shoplifting,2022-11,53.677113,-1.503302,On or near ,Unable to prosecute suspect,west-yorkshire,WDT_WEST
106212321,shoplifting,2022-11,53.667534,-1.485285,On or near Sparable Lane,Unable to prosecute suspect,west-yorkshire,WDT_WEST
106199418,shoplifting,2022-11,53.667534,-1.485285,On or near Sparable Lane,Unable to prosecute suspect,west-yorkshire,WDT_WEST
106213081,shoplifting,2022-11,53.676710,-1.506397,On or near Lawefield Mews,Investigation complete; no suspect identified,west-yorkshire,WDT_WEST
106216864,shoplifting,2022-11,53.667534,-1.485285,On or near Sparable Lane,Investigation complete; no suspect identified,west-yorkshire,WDT_WEST
106219373,shoplifting,2022-11,53.672730,-1.483435,On or near Fall Ings Road,Court result unavailable,west-yorkshire,WDT_WEST
106211865,shoplifting,2022-11,53.667534,-1.485285,On or near Sparable Lane,Investigation complete; no suspect identified,west-yorkshire,WDT_WEST
106205552,shoplifting,2022-11,53.672730,-1.483435,On or near Fall Ings Road,Investigation complete; no suspect identified,west-yorkshire,WDT_WEST
106200487,vehicle-crime,2022-11,53.665225,-1.506985,On or near Denby Dale Road,Investigation complete; no suspect identified,west-yorkshire,WDT_WEST
106208655,vehicle-crime,2022-11,53.663679,-1.481397,On or near Station Street,Investigation complete; no suspect identified,west-yorkshire,WDT_WEST
106212437,vehicle-crime,2022-11,53.665275,-1.480351,On or near ,Investigation complete; no suspect identified,west-yorkshire,WDT_WEST
106212471,vehicle-crime,2022-11,53.674685,-1.490783,On or near Navigation Walk,Investigation complete; no suspect identified,west-yorkshire,WDT_WEST
106216268,vehicle-crime,2022-11,53.665225,-1.506985,On or near Denby Dale Road,Investigation complete; no suspect identified,west-yorkshire,WDT_WEST
106201551,vehicle-crime,2022-11,53.662644,-1.495771,On or near Woodville Court,Investigation complete; no suspect identified,west-yorkshire,WDT_WEST
106206174,vehicle-crime,2022-11,53.675264,-1.500389,On or near Avondale Street,Investigation complete; no suspect identified,west-yorkshire,WDT_WEST
106202771,vehicle-crime,2022-11,53.673156,-1.488425,On or near Temple Court,Investigation complete; no suspect identified,west-yorkshire,WDT_WEST
106216786,violent-crime,2022-11,53.662577,-1.492791,On or near Duke Of York Avenue,Unable to prosecute suspect,west-yorkshire,WDT_WEST
106206621,violent-crime,2022-11,53.671849,-1.481448,On or near Clarion Street,Unable to prosecute suspect,west-yorkshire,WDT_WEST
106222654,violent-crime,2022-11,53.661167,-1.486815,On or near Pinfold Grove,Court result unavailable,west-yorkshire,WDT_WEST
106203147,violent-crime,2022-11,53.662731,-1.495225,On or near Waterbrooke Close,Investigation complete; no suspect identified,west-yorkshire,WDT_WEST
106218550,violent-crime,2022-11,53.668383,-1.477949,On or near Oakenshaw Street,Further action is not in the public interest,west-yorkshire,WDT_WEST
106211676,violent-crime,2022-11,53.669159,-1.508392,On or near Thornes View,Unable to prosecute suspect,west-yorkshire,WDT_WEST
106204091,violent-crime,2022-11,53.669159,-1.508392,On or near Thornes View,Unable to prosecute suspect,west-yorkshire,WDT_WEST
106213369,violent-crime,2022-11,53.667872,-1.476169,On or near Warwick Street,Investigation complete; no suspect identified,west-yorkshire,WDT_WEST
106208292,violent-crime,2022-11,53.650000,-1.501721,On or near ,Investigation complete; no suspect identified,west-yorkshire,WDT_WEST
106205230,violent-crime,2022-11,53.669443,-1.520921,On or near The Mount,Unable to prosecute suspect,west-yorkshire,WDT_WEST
106217817,violent-crime,2022-11,53.666342,-1.477929,On or near Bowman Street,Investigation complete; no suspect identified,west-yorkshire,WDT_WEST
106212391,violent-crime,2022-11,53.665850,-1.486819,On or near Princess Street,Investigation complete; no suspect identified,west-yorkshire,WDT_WEST
106214881,violent-crime,2022-11,53.666167,-1.491537,On or near Warren Avenue,Unable to prosecute suspect,west-yorkshire,WDT_WEST
106214362,violent-crime,2022-11,53.665850,-1.486819,On or near Princess Street,Status update unavailable,west-yorkshire,WDT_WEST
106211347,violent-crime,2022-11,53.669094,-1.514508,On or near Thornes Moor Close,Unable to prosecute suspect,west-yorkshire,WDT_WEST
106211180,violent-crime,2022-11,53.665850,-1.486819,On or near Princess Street,Offender given a caution,west-yorkshire,WDT_WEST
106207141,violent-crime,2022-11,53.669443,-1.520921,On or near The Mount,Investigation complete; no suspect identified,west-yorkshire,WDT_WEST
106209522,violent-crime,2022-11,53.665187,-1.491337,On or near Clifford View,Action to be taken by another organisation,west-yorkshire,WDT_WEST
106208974,violent-crime,2022-11,53.669159,-1.508392,On or near Thornes View,Unable to prosecute suspect,west-yorkshire,WDT_WEST
106218418,violent-crime,2022-11,53.666374,-1.487251,On or near Burkill Street,Unable to prosecute suspect,west-yorkshire,WDT_WEST
106208631,violent-crime,2022-11,53.662644,-1.495771,On or near Woodville Court,Unable to prosecute suspect,west-yorkshire,WDT_WEST
106200761,violent-crime,2022-11,53.664361,-1.493738,On or near Hastings Grove,Investigation complete; no suspect identified,west-yorkshire,WDT_WEST
106205920,violent-crime,2022-11,53.666374,-1.487251,On or near Burkill Street,Investigation complete; no suspect identified,west-yorkshire,WDT_WEST
106221900,violent-crime,2022-11,53.664329,-1.480012,On or near Newland Street,Unable to prosecute suspect,west-yorkshire,WDT_WEST
106203050,violent-crime,2022-11,53.658064,-1.484083,On or near Cleevethorpe Grove,Status update unavailable,west-yorkshire,WDT_WEST
106198734,violent-crime,2022-11,53.670273,-1.482799,On or near Harvey Street,Court result unavailable,west-yorkshire,WDT_WEST
106220757,violent-crime,2022-11,53.667327,-1.477023,On or near Grosvenor Street,Unable to prosecute suspect,west-yorkshire,WDT_WEST
106210202,violent-crime,2022-11,53.672730,-1.483435,On or near Fall Ings Road,Unable to prosecute suspect,west-yorkshire,WDT_WEST
106206825,violent-crime,2022-11,53.665187,-1.491337,On or near Clifford View,Unable to prosecute suspect,west-yorkshire,WDT_WEST
106226527,violent-crime,2022-11,53.670414,-1.482086,On or near Oxford Street,Unable to prosecute suspect,west-yorkshire,WDT_WEST
106220661,violent-crime,2022-11,53.662731,-1.495225,On or near Waterbrooke Close,Court result unavailable,west-yorkshire,WDT_WEST
106199143,violent-crime,2022-11,53.668850,-1.478034,On or near Trinity Street,Unable to prosecute suspect,west-yorkshire,WDT_WEST
106205117,violent-crime,2022-11,53.663283,-1.483926,On or near ,Unable to prosecute suspect,west-yorkshire,WDT_WEST
106204108,violent-crime,2022-11,53.669159,-1.508392,On or near Thornes View,Unable to prosecute suspect,west-yorkshire,WDT_WEST
106221722,violent-crime,2022-11,53.676194,-1.505706,On or near Lawefield Court,Action to be taken by another organisation,west-yorkshire,WDT_WEST
106220385,violent-crime,2022-11,53.662644,-1.495771,On or near Woodville Court,Court result unavailable,west-yorkshire,WDT_WEST
106202688,violent-crime,2022-11,53.657396,-1.510888,On or near ,Investigation complete; no suspect identified,west-yorkshire,WDT_WEST
106221679,violent-crime,2022-11,53.675264,-1.500389,On or near Avondale Street,Unable to prosecute suspect,west-yorkshire,WDT_WEST
106204070,violent-crime,2022-11,53.668781,-1.486965,On or near Woodcock Street,Investigation complete; no suspect identified,west-yorkshire,WDT_WEST
106207148,violent-crime,2022-11,53.669443,-1.520921,On or near The Mount,Investigation complete; no suspect identified,west-yorkshire,WDT_WEST
106206744,violent-crime,2022-11,53.668080,-1.478679,On or near St Catherine Street,Unable to prosecute suspect,west-yorkshire,WDT_WEST
106201969,violent-crime,2022-11,53.666345,-1.478564,On or near Back Gordon Street,Investigation complete; no suspect identified,west-yorkshire,WDT_WEST
106207916,violent-crime,2022-11,53.668781,-1.486965,On or near Woodcock Street,Unable to prosecute suspect,west-yorkshire,WDT_WEST
106207990,violent-crime,2022-11,53.670851,-1.481369,On or near Round Street,Unable to prosecute suspect,west-yorkshire,WDT_WEST
106202867,violent-crime,2022-11,53.662731,-1.495225,On or near Waterbrooke Close,Status update unavailable,west-yorkshire,WDT_WEST
106205333,violent-crime,2022-11,53.669238,-1.488654,On or near Manygates Park,Unable to prosecute suspect,west-yorkshire,WDT_WEST
106217847,violent-crime,2022-11,53.666374,-1.487251,On or near Burkill Street,Unable to prosecute suspect,west-yorkshire,WDT_WEST
106214721,violent-crime,2022-11,53.666721,-1.486445,On or near Brook Crescent,Status update unavailable,west-yorkshire,WDT_WEST
106210541,other-crime,2022-11,53.667872,-1.476169,On or near Warwick Street,Unable to prosecute suspect,west-yorkshire,WDT_WEST
106219679,other-crime,2022-11,53.664623,-1.491994,On or near Clifford Avenue,Status update unavailable,west-yorkshire,WDT_WEST
