crime_id,crime_type,month,latitude,longitude,street_name,outcome,force_id,neighbourhood_id
107071166,anti-social-behaviour,2022-12,53.829502,-1.711566,On or near ,,west-yorkshire,BDT_BE
107070845,anti-social-behaviour,2022-12,53.822334,-1.709853,On or near Osterley Grove,,west-yorkshire,BDT_BE
107071280,anti-social-behaviour,2022-12,53.828272,-1.704920,On or near Ravenscliffe Road,,west-yorkshire,BDT_BE
107071076,anti-social-behaviour,2022-12,53.810130,-1.710363,On or near Foston Close,,west-yorkshire,BDT_BE
107072527,anti-social-behaviour,2022-12,53.826680,-1.711722,On or near Rowlestone Rise,,west-yorkshire,BDT_BE
107072422,anti-social-behaviour,2022-12,53.824591,-1.721732,On or near Faltis Square,,west-yorkshire,BDT_BE
107072420,anti-social-behaviour,2022-12,53.824577,-1.731273,On or near ,,west-yorkshire,BDT_BE
107072242,anti-social-behaviour,2022-12,53.829502,-1.711566,On or near ,,west-yorkshire,BDT_BE
107072171,anti-social-behaviour,2022-12,53.823642,-1.708128,On or near Poplarwood Gardens,,west-yorkshire,BDT_BE
107072085,anti-social-behaviour,2022-12,53.821132,-1.726115,On or near Institute Road,,west-yorkshire,BDT_BE
107071681,anti-social-behaviour,2022-12,53.824577,-1.731273,On or near ,,west-yorkshire,BDT_BE
107071466,anti-social-behaviour,2022-12,53.821923,-1.738262,On or near Howarth Avenue,,west-yorkshire,BDT_BE
107071691,anti-social-behaviour,2022-12,53.810640,-1.713138,On or near Flaxton Green,,west-yorkshire,BDT_BE
107071314,anti-social-behaviour,2022-12,53.825521,-1.743678,On or near Wrose Road,,west-yorkshire,BDT_BE
107070519,anti-social-behaviour,2022-12,53.815928,-1.718357,On or near Kimberwicke Walk,,west-yorkshire,BDT_BE
107071367,anti-social-behaviour,2022-12,53.823140,-1.708739,On or near Rowanwood Gardens,,west-yorkshire,BDT_BE
107070641,anti-social-behaviour,2022-12,53.833665,-1.727735,On or near Woodfield Close,,west-yorkshire,BDT_BE
107070496,anti-social-behaviour,2022-12,53.810801,-1.736190,On or near Valley View Grove,,west-yorkshire,BDT_BE
107070500,anti-social-behaviour,2022-12,53.820390,-1.708788,On or near Holywell Drive,,west-yorkshire,BDT_BE
107070508,anti-social-behaviour,2022-12,53.821882,-1.708763,On or near Ranelagh Avenue,,west-yorkshire,BDT_BE
107070515,anti-social-behaviour,2022-12,53.834972,-1.729216,On or near Lumby Street,,west-yorkshire,BDT_BE
107070716,anti-social-behaviour,2022-12,53.820390,-1.708788,On or near Holywell Drive,,west-yorkshire,BDT_BE
107070838,anti-social-behaviour,2022-12,53.820056,-1.708092,On or near Low Rein Drive,,west-yorkshire,BDT_BE
107070842,anti-social-behaviour,2022-12,53.811843,-1.731901,On or near Strathmore Close,,west-yorkshire,BDT_BE
107071136,anti-social-behaviour,2022-12,53.829502,-1.711566,On or near ,,west-yorkshire,BDT_BE
107071138,anti-social-behaviour,2022-12,53.823401,-1.719902,On or near Straightacres Lane,,west-yorkshire,BDT_BE
107041910,bicycle-theft,2022-12,53.813614,-1.732315,On or near Pelham Road,Investigation complete; no suspect identified,west-yorkshire,BDT_BE
107060947,burglary,2022-12,53.816873,-1.714888,On or near Wharncliffe Grove,Investigation complete; no suspect identified,west-yorkshire,BDT_BE
107064399,burglary,2022-12,53.833282,-1.729318,On or near Christophers Court,Court result unavailable,west-yorkshire,BDT_BE
107060090,burglary,2022-12,53.818938,-1.733435,On or near Bolton Drive,Investigation complete; no suspect identified,west-yorkshire,BDT_BE
107044889,burglary,2022-12,53.809827,-1.726811,On or near Charnwood Road,Investigation complete; no suspect identified,west-yorkshire,BDT_BE
107055363,burglary,2022-12,53.831954,-1.726242,On or near Applehaigh Close,Unable to prosecute suspect,west-yorkshire,BDT_BE
107049515,burglary,2022-12,53.819925,-1.709809,On or near Roundwood Avenue,Investigation complete; no suspect identified,west-yorkshire,BDT_BE
107061228,burglary,2022-12,53.808481,-1.716205,On or near St Clare's Avenue,Investigation complete; no suspect identified,west-yorkshire,BDT_BE
107050735,burglary,2022-12,53.819925,-1.709809,On or near Roundwood Avenue,Investigation complete; no suspect identified,west-yorkshire,BDT_BE
107032521,burglary,2022-12,53.808561,-1.719667,On or near Moorside Terrace,Investigation complete; no suspect identified,west-yorkshire,BDT_BE
107033061,burglary,2022-12,53.827418,-1.712279,On or near Brookfield Drive,Investigation complete; no suspect identified,west-yorkshire,BDT_BE
107057232,burglary,2022-12,53.831954,-1.726242,On or near Applehaigh Close,Investigation complete; no suspect identified,west-yorkshire,BDT_BE
107050487,burglary,2022-12,53.831723,-1.713581,On or near ,Investigation complete; no suspect identified,west-yorkshire,BDT_BE
107042826,burglary,2022-12,53.828135,-1.730475,On or near Arthur Street,Investigation complete; no suspect identified,west-yorkshire,BDT_BE
107067950,burglary,2022-12,53.821238,-1.709876,On or near Hallwood Green,Investigation complete; no suspect identified,west-yorkshire,BDT_BE
107036543,burglary,2022-12,53.827418,-1.712279,On or near Brookfield Drive,Offender given a caution,west-yorkshire,BDT_BE
107051539,burglary,2022-12,53.808174,-1.719275,On or near Moorside Meadows,Investigation complete; no suspect identified,west-yorkshire,BDT_BE
107069664,burglary,2022-12,53.828397,-1.715463,On or near The Drive,Investigation complete; no suspect identified,west-yorkshire,BDT_BE
107035921,burglary,2022-12,53.824872,-1.738608,On or near Willowfield Crescent,Unable to prosecute suspect,west-yorkshire,BDT_BE
107034332,burglary,2022-12,53.827418,-1.712279,On or near Brookfield Drive,Investigation complete; no suspect identified,west-yorkshire,BDT_BE
107053364,burglary,2022-12,53.817686,-1.713166,On or near Thackeray Road,Investigation complete; no suspect identified,west-yorkshire,BDT_BE
107034370,burglary,2022-12,53.831291,-1.723207,On or near Parkland Drive,Investigation complete; no suspect identified,west-yorkshire,BDT_BE
107069096,burglary,2022-12,53.816454,-1.712704,On or near Findon Terrace,Investigation complete; no suspect identified,west-yorkshire,BDT_BE
107067812,burglary,2022-12,53.834994,-1.731054,On or near Hampton Place,Investigation complete; no suspect identified,west-yorkshire,BDT_BE
107036815,burglary,2022-12,53.827648,-1.714283,On or near Jamie Court,Investigation complete; no suspect identified,west-yorkshire,BDT_BE
107057768,burglary,2022-12,53.833282,-1.729318,On or near Christophers Court,Investigation complete; no suspect identified,west-yorkshire,BDT_BE
107046248,criminal-damage-arson,2022-12,53.819607,-1.708368,On or near Far Norbury Road,Investigation complete; no suspect identified,west-yorkshire,BDT_BE
107053248,criminal-damage-arson,2022-12,53.826250,-1.724015,On or near Shelby Grange,Unable to prosecute suspect,west-yorkshire,BDT_BE
107052922,criminal-damage-arson,2022-12,53.823401,-1.719902,On or near Straightacres Lane,Unable to prosecute suspect,west-yorkshire,BDT_BE
107062742,criminal-damage-arson,2022-12,53.821172,-1.712459,On or near Delius Avenue,Unable to prosecute suspect,west-yorkshire,BDT_BE
107053761,criminal-damage-arson,2022-12,53.808909,-1.714820,On or near Fulford Walk,Investigation complete; no suspect identified,west-yorkshire,BDT_BE
107056503,criminal-damage-arson,2022-12,53.828697,-1.736989,On or near Highfield Fold,Unable to prosecute suspect,west-yorkshire,BDT_BE
107050479,criminal-damage-arson,2022-12,53.819073,-1.710468,On or near Hawley Terrace,Unable to prosecute suspect,west-yorkshire,BDT_BE
107032313,criminal-damage-arson,2022-12,53.835585,-1.726340,On or near Fourlands Grove,Investigation complete; no suspect identified,west-yorkshire,BDT_BE
107050421,criminal-damage-arson,2022-12,53.811918,-1.721725,On or near Carrier Lane,Investigation complete; no suspect identified,west-yorkshire,BDT_BE
107047234,criminal-damage-arson,2022-12,53.824083,-1.719533,On or near Bridgegate Fold,Unable to prosecute suspect,west-yorkshire,BDT_BE
107055844,criminal-damage-arson,2022-12,53.819036,-1.729075,On or near Back Stone Hall Road,Unable to prosecute suspect,west-yorkshire,BDT_BE
107033279,criminal-damage-arson,2022-12,53.820056,-1.708092,On or near Low Rein Drive,Investigation complete; no suspect identified,west-yorkshire,BDT_BE
107033331,criminal-damage-arson,2022-12,53.811918,-1.721725,On or near Carrier Lane,Unable to prosecute suspect,west-yorkshire,BDT_BE
107042660,criminal-damage-arson,2022-12,53.811221,-1.715792,On or near Fencote Crescent,Investigation complete; no suspect identified,west-yorkshire,BDT_BE
107053257,criminal-damage-arson,2022-12,53.828337,-1.720599,On or near Rosedale Fold,Offender given a caution,west-yorkshire,BDT_BE
107035797,criminal-damage-arson,2022-12,53.830773,-1.713274,On or near Stanley Street,Investigation complete; no suspect identified,west-yorkshire,BDT_BE
107049673,criminal-damage-arson,2022-12,53.819949,-1.719606,On or near Hall Avenue,Unable to prosecute suspect,west-yorkshire,BDT_BE
107057570,criminal-damage-arson,2022-12,53.821151,-1.722393,On or near Hutton Hall Drive,Investigation complete; no suspect identified,west-yorkshire,BDT_BE
107039647,criminal-damage-arson,2022-12,53.824577,-1.731273,On or near ,Investigation complete; no suspect identified,west-yorkshire,BDT_BE
107041758,criminal-damage-arson,2022-12,53.818318,-1.718022,On or near Chapel Walk,Unable to prosecute suspect,west-yorkshire,BDT_BE
107069738,criminal-damage-arson,2022-12,53.811361,-1.717720,On or near Farleton Drive,Unable to prosecute suspect,west-yorkshire,BDT_BE
107065690,criminal-damage-arson,2022-12,53.831723,-1.713581,On or near ,Investigation complete; no suspect identified,west-yorkshire,BDT_BE
107042342,criminal-damage-arson,2022-12,53.814664,-1.731594,On or near West Street,Unable to prosecute suspect,west-yorkshire,BDT_BE
107061903,criminal-damage-arson,2022-12,53.823281,-1.730597,On or near Norman Lane,Unable to prosecute suspect,west-yorkshire,BDT_BE
107043475,criminal-damage-arson,2022-12,53.824856,-1.735631,On or near Althorpe Grove,Investigation complete; no suspect identified,west-yorkshire,BDT_BE
107054832,criminal-damage-arson,2022-12,53.821591,-1.730183,On or near Acre Drive,Investigation complete; no suspect identified,west-yorkshire,BDT_BE
107044037,criminal-damage-arson,2022-12,53.822185,-1.742894,On or near Milligan Avenue,Unable to prosecute suspect,west-yorkshire,BDT_BE
107032031,criminal-damage-arson,2022-12,53.811081,-1.717433,On or near Firbank Green,Investigation complete; no suspect identified,west-yorkshire,BDT_BE
107057592,criminal-damage-arson,2022-12,53.832859,-1.728986,On or near Buckfast Court,Investigation complete; no suspect identified,west-yorkshire,BDT_BE
107059501,criminal-damage-arson,2022-12,53.811918,-1.721725,On or near Carrier Lane,Status update unavailable,west-yorkshire,BDT_BE
107059369,criminal-damage-arson,2022-12,53.822426,-1.746508,On or near Cheltenham Road,Unable to prosecute suspect,west-yorkshire,BDT_BE
107047161,criminal-damage-arson,2022-12,53.835388,-1.730763,On or near The Green,Investigation complete; no suspect identified,west-yorkshire,BDT_BE
107065656,criminal-damage-arson,2022-12,53.817034,-1.730303,On or near Eccles Court,Investigation complete; no suspect identified,west-yorkshire,BDT_BE
107055552,criminal-damage-arson,2022-12,53.813481,-1.741291,On or near Kingsdale Drive,Investigation complete; no suspect identified,west-yorkshire,BDT_BE
107050319,criminal-damage-arson,2022-12,53.814488,-1.717623,On or near Fagley Lane,Investigation complete; no suspect identified,west-yorkshire,BDT_BE
107038838,criminal-damage-arson,2022-12,53.828722,-1.705221,On or near Ravenscliffe Road,Status update unavailable,west-yorkshire,BDT_BE
107053694,criminal-damage-arson,2022-12,53.823401,-1.719902,On or near Straightacres Lane,Court result unavailable,west-yorkshire,BDT_BE
107056852,criminal-damage-arson,2022-12,53.816454,-1.712704,On or near Findon Terrace,Investigation complete; no suspect identified,west-yorkshire,BDT_BE
107040544,criminal-damage-arson,2022-12,53.822847,-1.721410,On or near Park Close,Investigation complete; no suspect identified,west-yorkshire,BDT_BE
107066337,criminal-damage-arson,2022-12,53.822966,-1.742509,On or near Mirfield Avenue,Investigation complete; no suspect identified,west-yorkshire,BDT_BE
107032264,criminal-damage-arson,2022-12,53.821622,-1.728011,On or near Mount Avenue,Investigation complete; no suspect identified,west-yorkshire,BDT_BE
107033757,drugs,2022-12,53.826680,-1.711722,On or near Rowlestone Rise,Offender given a caution,west-yorkshire,BDT_BE
107049238,drugs,2022-12,53.819721,-1.746493,On or near Flower Bank,Local resolution,west-yorkshire,BDT_BE
107052412,drugs,2022-12,53.830773,-1.713274,On or near Stanley Street,Local resolution,west-yorkshire,BDT_BE
107057175,drugs,2022-12,53.813614,-1.732315,On or near Pelham Road,Local resolution,west-yorkshire,BDT_BE
107037316,drugs,2022-12,53.819607,-1.708368,On or near Far Norbury Road,Court result unavailable,west-yorkshire,BDT_BE
107050047,drugs,2022-12,53.827146,-1.726547,On or near Rowantree Drive,Status update unavailable,west-yorkshire,BDT_BE
107042805,drugs,2022-12,53.816946,-1.739159,On or near Myers Lane,Local resolution,west-yorkshire,BDT_BE
107064327,drugs,2022-12,53.809714,-1.732431,On or near Baker Street,Court result unavailable,west-yorkshire,BDT_BE
107040048,other-theft,2022-12,53.820354,-1.716247,On or near A658,Investigation complete; no suspect identified,west-yorkshire,BDT_BE
107062149,other-theft,2022-12,53.817435,-1.709401,On or near Larwood Drive,Unable to prosecute suspect,west-yorkshire,BDT_BE
107056204,other-theft,2022-12,53.827426,-1.723294,On or near Abinger Close,Unable to prosecute suspect,west-yorkshire,BDT_BE
107065069,other-theft,2022-12,53.815351,-1.713562,On or near Martindale Close,Investigation complete; no suspect identified,west-yorkshire,BDT_BE
107063237,other-theft,2022-12,53.819925,-1.709809,On or near Roundwood Avenue,Unable to prosecute suspect,west-yorkshire,BDT_BE
107062758,other-theft,2022-12,53.834640,-1.729780,On or near Southcote Place,Investigation complete; no suspect identified,west-yorkshire,BDT_BE
107051138,other-theft,2022-12,53.831216,-1.710521,On or near ,Investigation complete; no suspect identified,west-yorkshire,BDT_BE
107047366,other-theft,2022-12,53.829855,-1.712809,On or near ,Investigation complete; no suspect identified,west-yorkshire,BDT_BE
107047397,other-theft,2022-12,53.824577,-1.731273,On or near ,Investigation complete; no suspect identified,west-yorkshire,BDT_BE
107046674,other-theft,2022-12,53.829257,-1.714652,On or near Cherry Tree Avenue,Investigation complete; no suspect identified,west-yorkshire,BDT_BE
107057482,other-theft,2022-12,53.808742,-1.716446,On or near Fagley Road,Unable to prosecute suspect,west-yorkshire,BDT_BE
107046929,other-theft,2022-12,53.829248,-1.706858,On or near ,Investigation complete; no suspect identified,west-yorkshire,BDT_BE
107049431,other-theft,2022-12,53.819811,-1.718483,On or near Stott Terrace,Unable to prosecute suspect,west-yorkshire,BDT_BE
107039334,other-theft,2022-12,53.818692,-1.720480,On or near Elvey Close,Investigation complete; no suspect identified,west-yorkshire,BDT_BE
107036368,other-theft,2022-12,53.808501,-1.720730,On or near Wood View Drive,Unable to prosecute suspect,west-yorkshire,BDT_BE
107056297,other-theft,2022-12,53.820631,-1.723262,On or near Stewart Close,Investigation complete; no suspect identified,west-yorkshire,BDT_BE
107034639,other-theft,2022-12,53.829248,-1.706858,On or near ,Investigation complete; no suspect identified,west-yorkshire,BDT_BE
107055546,other-theft,2022-12,53.817957,-1.709823,On or near Larwood Close,Unable to prosecute suspect,west-yorkshire,BDT_BE
107043612,other-theft,2022-12,53.811918,-1.721725,On or near Carrier Lane,Investigation complete; no suspect identified,west-yorkshire,BDT_BE
107050830,other-theft,2022-12,53.825629,-1.708281,On or near Rokeby Gardens,Unable to prosecute suspect,west-yorkshire,BDT_BE
107062069,other-theft,2022-12,53.817435,-1.709401,On or near Larwood Drive,Status update unavailable,west-yorkshire,BDT_BE
107032579,other-theft,2022-12,53.829248,-1.706858,On or near ,Investigation complete; no suspect identified,west-yorkshire,BDT_BE
107032064,other-theft,2022-12,53.832222,-1.729492,On or near Back Cavendish Road,Investigation complete; no suspect identified,west-yorkshire,BDT_BE
107031986,other-theft,2022-12,53.820794,-1.739895,On or near Radcliffe Avenue,Investigation complete; no suspect identified,west-yorkshire,BDT_BE
107049733,other-theft,2022-12,53.833124,-1.730823,On or near Egham Green,Investigation complete; no suspect identified,west-yorkshire,BDT_BE
107053719,other-theft,2022-12,53.819073,-1.710468,On or near Hawley Terrace,Unable to prosecute suspect,west-yorkshire,BDT_BE
107047099,other-theft,2022-12,53.822019,-1.720884,On or near Mallard Close,Investigation complete; no suspect identified,west-yorkshire,BDT_BE
107056597,possession-of-weapons,2022-12,53.828274,-1.705589,On or near Beck Bottom,Investigation complete; no suspect identified,west-yorkshire,BDT_BE
107049147,public-order,2022-12,53.820056,-1.708092,On or near Low Rein Drive,Unable to prosecute suspect,west-yorkshire,BDT_BE
107045887,public-order,2022-12,53.814664,-1.731594,On or near West Street,Investigation complete; no suspect identified,west-yorkshire,BDT_BE
107069325,public-order,2022-12,53.829502,-1.711566,On or near ,Unable to prosecute suspect,west-yorkshire,BDT_BE
107049200,public-order,2022-12,53.819839,-1.743045,On or near Sutton Avenue,Unable to prosecute suspect,west-yorkshire,BDT_BE
107067460,public-order,2022-12,53.815506,-1.742616,On or near Ashbourne Garth,Investigation complete; no suspect identified,west-yorkshire,BDT_BE
107067466,public-order,2022-12,53.824038,-1.727296,On or near Lavender Hill,Unable to prosecute suspect,west-yorkshire,BDT_BE
107052375,public-order,2022-12,53.816145,-1.711339,On or near Falkland Road,Court result unavailable,west-yorkshire,BDT_BE
107069300,public-order,2022-12,53.829502,-1.711566,On or near ,Unable to prosecute suspect,west-yorkshire,BDT_BE
107052493,public-order,2022-12,53.823504,-1.746228,On or near Clara Road,Court result unavailable,west-yorkshire,BDT_BE
107041672,public-order,2022-12,53.827418,-1.712279,On or near Brookfield Drive,Offender given a caution,west-yorkshire,BDT_BE
107047511,public-order,2022-12,53.826895,-1.726989,On or near Greystone Way,Investigation complete; no suspect identified,west-yorkshire,BDT_BE
107065768,public-order,2022-12,53.811843,-1.731901,On or near Strathmore Close,Unable to prosecute suspect,west-yorkshire,BDT_BE
107062744,public-order,2022-12,53.826274,-1.738387,On or near Greycourt Close,Unable to prosecute suspect,west-yorkshire,BDT_BE
107059667,public-order,2022-12,53.819811,-1.718483,On or near Stott Terrace,Unable to prosecute suspect,west-yorkshire,BDT_BE
107061140,public-order,2022-12,53.816347,-1.720800,On or near ,Investigation complete; no suspect identified,west-yorkshire,BDT_BE
107036480,public-order,2022-12,53.821132,-1.726115,On or near Institute Road,Unable to prosecute suspect,west-yorkshire,BDT_BE
107066063,public-order,2022-12,53.826868,-1.722978,On or near Corsair Avenue,Investigation complete; no suspect identified,west-yorkshire,BDT_BE
107054639,public-order,2022-12,53.823401,-1.719902,On or near Straightacres Lane,Court result unavailable,west-yorkshire,BDT_BE
107068495,public-order,2022-12,53.808840,-1.727501,On or near Kelvin Way,Investigation complete; no suspect identified,west-yorkshire,BDT_BE
107039360,public-order,2022-12,53.830882,-1.721508,On or near Hawthorn Drive,Local resolution,west-yorkshire,BDT_BE
107069858,public-order,2022-12,53.834907,-1.724399,On or near Albert Avenue,Investigation complete; no suspect identified,west-yorkshire,BDT_BE
107035758,public-order,2022-12,53.824577,-1.731273,On or near ,Investigation complete; no suspect identified,west-yorkshire,BDT_BE
107068153,public-order,2022-12,53.830442,-1.717759,On or near Brunswick Road,Investigation complete; no suspect identified,west-yorkshire,BDT_BE
107049985,public-order,2022-12,53.809452,-1.712448,On or near Folkton Holme,Unable to prosecute suspect,west-yorkshire,BDT_BE
107035095,public-order,2022-12,53.819839,-1.743045,On or near Sutton Avenue,Investigation complete; no suspect identified,west-yorkshire,BDT_BE
107056674,public-order,2022-12,53.836260,-1.722856,On or near Green Lane,Unable to prosecute suspect,west-yorkshire,BDT_BE
107050353,public-order,2022-12,53.824856,-1.735631,On or near Althorpe Grove,Investigation complete; no suspect identified,west-yorkshire,BDT_BE
107046407,public-order,2022-12,53.830306,-1.716231,On or near ,Unable to prosecute suspect,west-yorkshire,BDT_BE
107041476,public-order,2022-12,53.826499,-1.734724,On or near Javelin Close,Investigation complete; no suspect identified,west-yorkshire,BDT_BE
107044815,public-order,2022-12,53.828939,-1.732491,On or near Spring Street,Unable to prosecute suspect,west-yorkshire,BDT_BE
107042029,public-order,2022-12,53.824856,-1.735631,On or near Althorpe Grove,Investigation complete; no suspect identified,west-yorkshire,BDT_BE
107050337,public-order,2022-12,53.811081,-1.717433,On or near Firbank Green,Unable to prosecute suspect,west-yorkshire,BDT_BE
107042134,public-order,2022-12,53.816347,-1.720800,On or near ,Unable to prosecute suspect,west-yorkshire,BDT_BE
107058244,public-order,2022-12,53.826868,-1.722978,On or near Corsair Avenue,Unable to prosecute suspect,west-yorkshire,BDT_BE
107063462,public-order,2022-12,53.828085,-1.732299,On or near Albert Street,Investigation complete; no suspect identified,west-yorkshire,BDT_BE
107042381,public-order,2022-12,53.828939,-1.732491,On or near Spring Street,Unable to prosecute suspect,west-yorkshire,BDT_BE
107056381,public-order,2022-12,53.819073,-1.710468,On or near Hawley Terrace,Unable to prosecute suspect,west-yorkshire,BDT_BE
107051165,public-order,2022-12,53.831216,-1.710521,On or near ,Investigation complete; no suspect identified,west-yorkshire,BDT_BE
107046945,public-order,2022-12,53.824577,-1.731273,On or near ,Investigation complete; no suspect identified,west-yorkshire,BDT_BE
107047074,public-order,2022-12,53.817034,-1.730303,On or near Eccles Court,Investigation complete; no suspect identified,west-yorkshire,BDT_BE
107050535,public-order,2022-12,53.816347,-1.720800,On or near ,Status update unavailable,west-yorkshire,BDT_BE
107049837,public-order,2022-12,53.825333,-1.715848,On or near Flower Garth,Unable to prosecute suspect,west-yorkshire,BDT_BE
107046470,public-order,2022-12,53.809443,-1.727862,On or near Charnwood Close,Unable to prosecute suspect,west-yorkshire,BDT_BE
107033005,public-order,2022-12,53.812651,-1.739915,On or near Derwent Road,Unable to prosecute suspect,west-yorkshire,BDT_BE
107032713,public-order,2022-12,53.832831,-1.720614,On or near Springdale Crescent,Investigation complete; no suspect identified,west-yorkshire,BDT_BE
107048757,public-order,2022-12,53.822664,-1.731680,On or near West End Terrace,Unable to prosecute suspect,west-yorkshire,BDT_BE
107050545,public-order,2022-12,53.820390,-1.708788,On or near Holywell Drive,Unable to prosecute suspect,west-yorkshire,BDT_BE
107061668,public-order,2022-12,53.831723,-1.713581,On or near ,Investigation complete; no suspect identified,west-yorkshire,BDT_BE
107032493,public-order,2022-12,53.831807,-1.713343,On or near The Grove,Investigation complete; no suspect identified,west-yorkshire,BDT_BE
107051130,public-order,2022-12,53.828493,-1.722223,On or near Idlethorp Way,Unable to prosecute suspect,west-yorkshire,BDT_BE
107032291,public-order,2022-12,53.831451,-1.734496,On or near Leyton Crescent,Court result unavailable,west-yorkshire,BDT_BE
107052902,public-order,2022-12,53.823401,-1.719902,On or near Straightacres Lane,Court result unavailable,west-yorkshire,BDT_BE
107060642,public-order,2022-12,53.811506,-1.714696,On or near Ferriby Close,Unable to prosecute suspect,west-yorkshire,BDT_BE
107032227,public-order,2022-12,53.817814,-1.725347,On or near Fairburn Gardens,Investigation complete; no suspect identified,west-yorkshire,BDT_BE
107063371,public-order,2022-12,53.823355,-1.739636,On or near Swain House Crescent,Court result unavailable,west-yorkshire,BDT_BE
107059406,public-order,2022-12,53.820069,-1.737210,On or near Greenwood Mount,Local resolution,west-yorkshire,BDT_BE
107056599,public-order,2022-12,53.811837,-1.729547,On or near Peterborough Place,Unable to prosecute suspect,west-yorkshire,BDT_BE
107047252,public-order,2022-12,53.810967,-1.730373,On or near Back Dudley Hill Road,Investigation complete; no suspect identified,west-yorkshire,BDT_BE
107065704,public-order,2022-12,53.820794,-1.739895,On or near Radcliffe Avenue,Investigation complete; no suspect identified,west-yorkshire,BDT_BE
107059594,public-order,2022-12,53.821206,-1.734955,On or near Norman Grove,Unable to prosecute suspect,west-yorkshire,BDT_BE
107064912,public-order,2022-12,53.811843,-1.731901,On or near Strathmore Close,Investigation complete; no suspect identified,west-yorkshire,BDT_BE
107032002,public-order,2022-12,53.815218,-1.733915,On or near Pendragon Court,Investigation complete; no suspect identified,west-yorkshire,BDT_BE
107047691,public-order,2022-12,53.823281,-1.730597,On or near Norman Lane,Unable to prosecute suspect,west-yorkshire,BDT_BE
107065753,public-order,2022-12,53.831216,-1.710521,On or near ,Investigation complete; no suspect identified,west-yorkshire,BDT_BE
107043130,robbery,2022-12,53.834640,-1.729780,On or near Southcote Place,Investigation complete; no suspect identified,west-yorkshire,BDT_BE
107053403,robbery,2022-12,53.814931,-1.730408,On or near Airedale Street,Investigation complete; no suspect identified,west-yorkshire,BDT_BE
107059665,robbery,2022-12,53.817660,-1.709551,On or near Winslow Road,Unable to prosecute suspect,west-yorkshire,BDT_BE
107061762,robbery,2022-12,53.833644,-1.718436,On or near Three Nooked Mews,Investigation complete; no suspect identified,west-yorkshire,BDT_BE
107039518,robbery,2022-12,53.833282,-1.729318,On or near Christophers Court,Investigation complete; no suspect identified,west-yorkshire,BDT_BE
107062916,shoplifting,2022-12,53.816347,-1.720800,On or near ,Investigation complete; no suspect identified,west-yorkshire,BDT_BE
107062541,shoplifting,2022-12,53.831216,-1.710521,On or near ,Investigation complete; no suspect identified,west-yorkshire,BDT_BE
107036696,shoplifting,2022-12,53.824856,-1.735631,On or near Althorpe Grove,Investigation complete; no suspect identified,west-yorkshire,BDT_BE
107032087,shoplifting,2022-12,53.829502,-1.711566,On or near ,Investigation complete; no suspect identified,west-yorkshire,BDT_BE
107043337,shoplifting,2022-12,53.828167,-1.713490,On or near Holybrook Avenue,Unable to prosecute suspect,west-yorkshire,BDT_BE
107049929,shoplifting,2022-12,53.831723,-1.713581,On or near ,Investigation complete; no suspect identified,west-yorkshire,BDT_BE
107068932,shoplifting,2022-12,53.831723,-1.713581,On or near ,Investigation complete; no suspect identified,west-yorkshire,BDT_BE
107044550,shoplifting,2022-12,53.829502,-1.711566,On or near ,Investigation complete; no suspect identified,west-yorkshire,BDT_BE
107059265,shoplifting,2022-12,53.816347,-1.720800,On or near ,Investigation complete; no suspect identified,west-yorkshire,BDT_BE
107039524,shoplifting,2022-12,53.831216,-1.710521,On or near ,Unable to prosecute suspect,west-yorkshire,BDT_BE
107043335,shoplifting,2022-12,53.829502,-1.711566,On or near ,Court result unavailable,west-yorkshire,BDT_BE
107056978,shoplifting,2022-12,53.831723,-1.713581,On or near ,Court result unavailable,west-yorkshire,BDT_BE
107049335,shoplifting,2022-12,53.831216,-1.710521,On or near ,Investigation complete; no suspect identified,west-yorkshire,BDT_BE
107034273,vehicle-crime,2022-12,53.818581,-1.711550,On or near Ravenscliffe Avenue,Investigation complete; no suspect identified,west-yorkshire,BDT_BE
107036194,vehicle-crime,2022-12,53.835388,-1.730763,On or near The Green,Court result unavailable,west-yorkshire,BDT_BE
107046485,vehicle-crime,2022-12,53.827293,-1.708968,On or near Reighton Croft,Investigation complete; no suspect identified,west-yorkshire,BDT_BE
107066535,vehicle-crime,2022-12,53.819377,-1.729073,On or near Rowanberry Close,Investigation complete; no suspect identified,west-yorkshire,BDT_BE
107066020,vehicle-crime,2022-12,53.822019,-1.720884,On or near Mallard Close,Investigation complete; no suspect identified,west-yorkshire,BDT_BE
107051605,vehicle-crime,2022-12,53.816193,-1.708893,On or near Langdale Road,Investigation complete; no suspect identified,west-yorkshire,BDT_BE
107047516,vehicle-crime,2022-12,53.818966,-1.718489,On or near Easthorpe Court,Investigation complete; no suspect identified,west-yorkshire,BDT_BE
107047267,vehicle-crime,2022-12,53.826446,-1.707986,On or near Ryton Dale,Investigation complete; no suspect identified,west-yorkshire,BDT_BE
107046441,vehicle-crime,2022-12,53.828272,-1.704920,On or near Ravenscliffe Road,Investigation complete; no suspect identified,west-yorkshire,BDT_BE
107032062,vehicle-crime,2022-12,53.824042,-1.725306,On or near Prospect Street,Investigation complete; no suspect identified,west-yorkshire,BDT_BE
107043026,vehicle-crime,2022-12,53.830747,-1.732905,On or near Summerley Court,Investigation complete; no suspect identified,west-yorkshire,BDT_BE
107043143,vehicle-crime,2022-12,53.835210,-1.727436,On or near Howgate,Investigation complete; no suspect identified,west-yorkshire,BDT_BE
107034085,vehicle-crime,2022-12,53.809134,-1.730293,On or near Green Place,Investigation complete; no suspect identified,west-yorkshire,BDT_BE
107034537,vehicle-crime,2022-12,53.814409,-1.734011,On or near Sefton Grove,Investigation complete; no suspect identified,west-yorkshire,BDT_BE
107037143,vehicle-crime,2022-12,53.818632,-1.714132,On or near Barham Terrace,Investigation complete; no suspect identified,west-yorkshire,BDT_BE
107041129,vehicle-crime,2022-12,53.832281,-1.739808,On or near Sandhill Fold,Investigation complete; no suspect identified,west-yorkshire,BDT_BE
107041725,vehicle-crime,2022-12,53.832528,-1.737953,On or near Moorgreen Fold,Investigation complete; no suspect identified,west-yorkshire,BDT_BE
107048667,vehicle-crime,2022-12,53.826613,-1.729224,On or near Sandhill Mount,Investigation complete; no suspect identified,west-yorkshire,BDT_BE
107068776,vehicle-crime,2022-12,53.811221,-1.715792,On or near Fencote Crescent,Investigation complete; no suspect identified,west-yorkshire,BDT_BE
107047347,violent-crime,2022-12,53.821308,-1.728590,On or near Mount Street,Unable to prosecute suspect,west-yorkshire,BDT_BE
107047931,violent-crime,2022-12,53.821882,-1.708763,On or near Ranelagh Avenue,Unable to prosecute suspect,west-yorkshire,BDT_BE
107040917,violent-crime,2022-12,53.831216,-1.710521,On or near ,Unable to prosecute suspect,west-yorkshire,BDT_BE
107040891,violent-crime,2022-12,53.833007,-1.730793,On or near Booth Street,Investigation complete; no suspect identified,west-yorkshire,BDT_BE
107040817,violent-crime,2022-12,53.832064,-1.723202,On or near Haigh Beck View,Status update unavailable,west-yorkshire,BDT_BE
107048327,violent-crime,2022-12,53.821172,-1.712459,On or near Delius Avenue,Unable to prosecute suspect,west-yorkshire,BDT_BE
107055822,violent-crime,2022-12,53.819036,-1.729075,On or near Back Stone Hall Road,Offender given a caution,west-yorkshire,BDT_BE
107049158,violent-crime,2022-12,53.831807,-1.713343,On or near The Grove,Unable to prosecute suspect,west-yorkshire,BDT_BE
107055336,violent-crime,2022-12,53.826882,-1.736910,On or near Woodsley Road,Court result unavailable,west-yorkshire,BDT_BE
107055298,violent-crime,2022-12,53.823556,-1.724686,On or near Lands Lane,Investigation complete; no suspect identified,west-yorkshire,BDT_BE
107055194,violent-crime,2022-12,53.832147,-1.727988,On or near Brecon Close,Unable to prosecute suspect,west-yorkshire,BDT_BE
107055090,violent-crime,2022-12,53.816145,-1.711339,On or near Falkland Road,Unable to prosecute suspect,west-yorkshire,BDT_BE
107055049,violent-crime,2022-12,53.832147,-1.727988,On or near Brecon Close,Unable to prosecute suspect,west-yorkshire,BDT_BE
107054839,violent-crime,2022-12,53.819073,-1.710468,On or near Hawley Terrace,Investigation complete; no suspect identified,west-yorkshire,BDT_BE
107054506,violent-crime,2022-12,53.820155,-1.739276,On or near Greenwood Avenue,Unable to prosecute suspect,west-yorkshire,BDT_BE
107054497,violent-crime,2022-12,53.816145,-1.711339,On or near Falkland Road,Court result unavailable,west-yorkshire,BDT_BE
107054329,violent-crime,2022-12,53.819989,-1.721505,On or near Victoria Road,Unable to prosecute suspect,west-yorkshire,BDT_BE
107054142,violent-crime,2022-12,53.825629,-1.708281,On or near Rokeby Gardens,Unable to prosecute suspect,west-yorkshire,BDT_BE
107054132,violent-crime,2022-12,53.825629,-1.708281,On or near Rokeby Gardens,Unable to prosecute suspect,west-yorkshire,BDT_BE
107053911,violent-crime,2022-12,53.832393,-1.710376,On or near Hospital,Unable to prosecute suspect,west-yorkshire,BDT_BE
107049221,violent-crime,2022-12,53.819721,-1.746493,On or near Flower Bank,Unable to prosecute suspect,west-yorkshire,BDT_BE
107047486,violent-crime,2022-12,53.819073,-1.710468,On or near Hawley Terrace,Unable to prosecute suspect,west-yorkshire,BDT_BE
107066350,violent-crime,2022-12,53.834654,-1.727896,On or near Union Yard,Investigation complete; no suspect identified,west-yorkshire,BDT_BE
107035555,violent-crime,2022-12,53.818581,-1.711550,On or near Ravenscliffe Avenue,Unable to prosecute suspect,west-yorkshire,BDT_BE
107046437,violent-crime,2022-12,53.816454,-1.712704,On or near Findon Terrace,Investigation complete; no suspect identified,west-yorkshire,BDT_BE
107059789,violent-crime,2022-12,53.832393,-1.710376,On or near Hospital,Unable to prosecute suspect,west-yorkshire,BDT_BE
107046433,violent-crime,2022-12,53.821308,-1.728590,On or near Mount Street,Unable to prosecute suspect,west-yorkshire,BDT_BE
107046672,violent-crime,2022-12,53.817435,-1.709401,On or near Larwood Drive,Investigation complete; no suspect identified,west-yorkshire,BDT_BE
107046473,violent-crime,2022-12,53.810735,-1.715324,On or near Flawith Drive,Court result unavailable,west-yorkshire,BDT_BE
107045922,violent-crime,2022-12,53.826250,-1.724015,On or near Shelby Grange,Unable to prosecute suspect,west-yorkshire,BDT_BE
107045470,violent-crime,2022-12,53.830354,-1.722180,On or near Bracken Edge,Unable to prosecute suspect,west-yorkshire,BDT_BE
107044913,violent-crime,2022-12,53.811918,-1.721725,On or near Carrier Lane,Unable to prosecute suspect,west-yorkshire,BDT_BE
107046737,violent-crime,2022-12,53.826220,-1.711209,On or near Rowton Thorpe,Investigation complete; no suspect identified,west-yorkshire,BDT_BE
107044199,violent-crime,2022-12,53.823337,-1.723366,On or near Bank Close,Unable to prosecute suspect,west-yorkshire,BDT_BE
107041991,violent-crime,2022-12,53.820155,-1.739276,On or near Greenwood Avenue,Status update unavailable,west-yorkshire,BDT_BE
107049730,violent-crime,2022-12,53.811081,-1.717433,On or near Firbank Green,Unable to prosecute suspect,west-yorkshire,BDT_BE
107052724,violent-crime,2022-12,53.825007,-1.707450,On or near Roundwood Glen,Court result unavailable,west-yorkshire,BDT_BE
107053453,violent-crime,2022-12,53.828493,-1.722223,On or near Idlethorp Way,Unable to prosecute suspect,west-yorkshire,BDT_BE
107050233,violent-crime,2022-12,53.816145,-1.711339,On or near Falkland Road,Court result unavailable,west-yorkshire,BDT_BE
107052505,violent-crime,2022-12,53.811918,-1.721725,On or near Carrier Lane,Investigation complete; no suspect identified,west-yorkshire,BDT_BE
107052431,violent-crime,2022-12,53.834743,-1.723367,On or near Lilythorne Avenue,Unable to prosecute suspect,west-yorkshire,BDT_BE
107050237,violent-crime,2022-12,53.816145,-1.711339,On or near Falkland Road,Court result unavailable,west-yorkshire,BDT_BE
107042807,violent-crime,2022-12,53.815769,-1.723264,On or near Moorside Gardens,Status update unavailable,west-yorkshire,BDT_BE
107056587,violent-crime,2022-12,53.823504,-1.746228,On or near Clara Road,Court result unavailable,west-yorkshire,BDT_BE
107056605,violent-crime,2022-12,53.811506,-1.714696,On or near Ferriby Close,Unable to prosecute suspect,west-yorkshire,BDT_BE
107046203,violent-crime,2022-12,53.818336,-1.721789,On or near Tunwell Close,Investigation complete; no suspect identified,west-yorkshire,BDT_BE
107057325,violent-crime,2022-12,53.821409,-1.721435,On or near Cavendish Road,Unable to prosecute suspect,west-yorkshire,BDT_BE
107057547,violent-crime,2022-12,53.833282,-1.729318,On or near Christophers Court,Court result unavailable,west-yorkshire,BDT_BE
107059444,violent-crime,2022-12,53.809407,-1.723959,On or near Flower Court,Unable to prosecute suspect,west-yorkshire,BDT_BE
107063700,violent-crime,2022-12,53.810944,-1.712711,On or near Flinton Grove,Unable to prosecute suspect,west-yorkshire,BDT_BE
107059105,violent-crime,2022-12,53.819925,-1.709809,On or near Roundwood Avenue,Unable to prosecute suspect,west-yorkshire,BDT_BE
107060593,violent-crime,2022-12,53.808505,-1.730312,On or near Vernon Place,Unable to prosecute suspect,west-yorkshire,BDT_BE
107032130,violent-crime,2022-12,53.819839,-1.743045,On or near Sutton Avenue,Investigation complete; no suspect identified,west-yorkshire,BDT_BE
107060838,violent-crime,2022-12,53.827536,-1.723946,On or near Rockwell Lane,Unable to prosecute suspect,west-yorkshire,BDT_BE
107032308,violent-crime,2022-12,53.823337,-1.723366,On or near Bank Close,Unable to prosecute suspect,west-yorkshire,BDT_BE
107032311,violent-crime,2022-12,53.823556,-1.724686,On or near Lands Lane,Investigation complete; no suspect identified,west-yorkshire,BDT_BE
107061646,violent-crime,2022-12,53.831723,-1.713581,On or near ,Investigation complete; no suspect identified,west-yorkshire,BDT_BE
107061967,violent-crime,2022-12,53.811843,-1.731901,On or near Strathmore Close,Unable to prosecute suspect,west-yorkshire,BDT_BE
107061907,violent-crime,2022-12,53.811843,-1.731901,On or near Strathmore Close,Unable to prosecute suspect,west-yorkshire,BDT_BE
107032638,violent-crime,2022-12,53.811081,-1.717433,On or near Firbank Green,Unable to prosecute suspect,west-yorkshire,BDT_BE
107032655,violent-crime,2022-12,53.819949,-1.719606,On or near Hall Avenue,Investigation complete; no suspect identified,west-yorkshire,BDT_BE
107062422,violent-crime,2022-12,53.822966,-1.742509,On or near Mirfield Avenue,Unable to prosecute suspect,west-yorkshire,BDT_BE
107032975,violent-crime,2022-12,53.829257,-1.714652,On or near Cherry Tree Avenue,Investigation complete; no suspect identified,west-yorkshire,BDT_BE
107032984,violent-crime,2022-12,53.820069,-1.737210,On or near Greenwood Mount,Unable to prosecute suspect,west-yorkshire,BDT_BE
107062275,violent-crime,2022-12,53.828397,-1.715463,On or near The Drive,Unable to prosecute suspect,west-yorkshire,BDT_BE
107050254,violent-crime,2022-12,53.817254,-1.720490,On or near Pullan Grove,Unable to prosecute suspect,west-yorkshire,BDT_BE
107033277,violent-crime,2022-12,53.819949,-1.719606,On or near Hall Avenue,Investigation complete; no suspect identified,west-yorkshire,BDT_BE
107050867,violent-crime,2022-12,53.822019,-1.720884,On or near Mallard Close,Unable to prosecute suspect,west-yorkshire,BDT_BE
107050917,violent-crime,2022-12,53.808505,-1.730312,On or near Vernon Place,Unable to prosecute suspect,west-yorkshire,BDT_BE
107050950,violent-crime,2022-12,53.819989,-1.721505,On or near Victoria Road,Unable to prosecute suspect,west-yorkshire,BDT_BE
107050954,violent-crime,2022-12,53.819989,-1.721505,On or near Victoria Road,Unable to prosecute suspect,west-yorkshire,BDT_BE
107043022,violent-crime,2022-12,53.824802,-1.719604,On or near Bank,Unable to prosecute suspect,west-yorkshire,BDT_BE
107047910,violent-crime,2022-12,53.821882,-1.708763,On or near Ranelagh Avenue,Unable to prosecute suspect,west-yorkshire,BDT_BE
107043105,violent-crime,2022-12,53.823281,-1.730597,On or near Norman Lane,Action to be taken by another organisation,west-yorkshire,BDT_BE
107069213,violent-crime,2022-12,53.821438,-1.746787,On or near Wood Lane,Unable to prosecute suspect,west-yorkshire,BDT_BE
107043167,violent-crime,2022-12,53.816347,-1.720800,On or near ,Investigation complete; no suspect identified,west-yorkshire,BDT_BE
107051307,violent-crime,2022-12,53.828686,-1.708822,On or near Roans Brae,Unable to prosecute suspect,west-yorkshire,BDT_BE
107051449,violent-crime,2022-12,53.811918,-1.721725,On or near Carrier Lane,Investigation complete; no suspect identified,west-yorkshire,BDT_BE
107051786,violent-crime,2022-12,53.830773,-1.713274,On or near Stanley Street,Unable to prosecute suspect,west-yorkshire,BDT_BE
107043692,violent-crime,2022-12,53.811221,-1.715792,On or near Fencote Crescent,Unable to prosecute suspect,west-yorkshire,BDT_BE
107051790,violent-crime,2022-12,53.818581,-1.711550,On or near Ravenscliffe Avenue,Unable to prosecute suspect,west-yorkshire,BDT_BE
107044205,violent-crime,2022-12,53.833677,-1.719422,On or near ,Unable to prosecute suspect,west-yorkshire,BDT_BE
107044208,violent-crime,2022-12,53.833677,-1.719422,On or near ,Unable to prosecute suspect,west-yorkshire,BDT_BE
107044409,violent-crime,2022-12,53.827426,-1.723294,On or near Abinger Close,Unable to prosecute suspect,west-yorkshire,BDT_BE
107051808,violent-crime,2022-12,53.831216,-1.710521,On or near ,Unable to prosecute suspect,west-yorkshire,BDT_BE
107052065,violent-crime,2022-12,53.832393,-1.710376,On or near ,Unable to prosecute suspect,west-yorkshire,BDT_BE
107058202,violent-crime,2022-12,53.811124,-1.728124,On or near Wellington Street,Unable to prosecute suspect,west-yorkshire,BDT_BE
107056097,violent-crime,2022-12,53.811124,-1.728124,On or near Wellington Street,Unable to prosecute suspect,west-yorkshire,BDT_BE
107052076,violent-crime,2022-12,53.830773,-1.713274,On or near Stanley Street,Unable to prosecute suspect,west-yorkshire,BDT_BE
107034356,violent-crime,2022-12,53.818140,-1.734656,On or near West Royd Avenue,Unable to prosecute suspect,west-yorkshire,BDT_BE
107056221,violent-crime,2022-12,53.823160,-1.740822,On or near Amundsen Avenue,Investigation complete; no suspect identified,west-yorkshire,BDT_BE
107034477,violent-crime,2022-12,53.826446,-1.707986,On or near Ryton Dale,Unable to prosecute suspect,west-yorkshire,BDT_BE
107034529,violent-crime,2022-12,53.815957,-1.739256,On or near Groveway,Unable to prosecute suspect,west-yorkshire,BDT_BE
107034605,violent-crime,2022-12,53.813145,-1.735416,On or near Ennerdale Road,Unable to prosecute suspect,west-yorkshire,BDT_BE
107056245,violent-crime,2022-12,53.830442,-1.717759,On or near Brunswick Road,Unable to prosecute suspect,west-yorkshire,BDT_BE
107056386,violent-crime,2022-12,53.824577,-1.731273,On or near ,Unable to prosecute suspect,west-yorkshire,BDT_BE
107067453,violent-crime,2022-12,53.820794,-1.739895,On or near Radcliffe Avenue,Investigation complete; no suspect identified,west-yorkshire,BDT_BE
107068759,violent-crime,2022-12,53.835388,-1.730763,On or near The Green,Unable to prosecute suspect,west-yorkshire,BDT_BE
107068479,violent-crime,2022-12,53.813540,-1.723188,On or near Moorside Road,Unable to prosecute suspect,west-yorkshire,BDT_BE
107035907,violent-crime,2022-12,53.808624,-1.715779,On or near St Clare's Court,Unable to prosecute suspect,west-yorkshire,BDT_BE
107060802,violent-crime,2022-12,53.827536,-1.723946,On or near Rockwell Lane,Unable to prosecute suspect,west-yorkshire,BDT_BE
107035958,violent-crime,2022-12,53.808624,-1.715779,On or near St Clare's Court,Unable to prosecute suspect,west-yorkshire,BDT_BE
107061278,violent-crime,2022-12,53.815575,-1.741127,On or near Grove House Crescent,Unable to prosecute suspect,west-yorkshire,BDT_BE
107061051,violent-crime,2022-12,53.828933,-1.718012,On or near Fir Tree Gardens,Unable to prosecute suspect,west-yorkshire,BDT_BE
107036624,violent-crime,2022-12,53.813145,-1.735416,On or near Ennerdale Road,Unable to prosecute suspect,west-yorkshire,BDT_BE
107067887,violent-crime,2022-12,53.812651,-1.739915,On or near Derwent Road,Unable to prosecute suspect,west-yorkshire,BDT_BE
107065631,violent-crime,2022-12,53.814409,-1.734011,On or near Sefton Grove,Unable to prosecute suspect,west-yorkshire,BDT_BE
107036887,violent-crime,2022-12,53.808909,-1.714820,On or near Fulford Walk,Investigation complete; no suspect identified,west-yorkshire,BDT_BE
107037046,violent-crime,2022-12,53.808624,-1.715779,On or near St Clare's Court,Unable to prosecute suspect,west-yorkshire,BDT_BE
107037067,violent-crime,2022-12,53.810397,-1.720536,On or near Moorside Avenue,Unable to prosecute suspect,west-yorkshire,BDT_BE
107039866,violent-crime,2022-12,53.826868,-1.722978,On or near Corsair Avenue,Investigation complete; no suspect identified,west-yorkshire,BDT_BE
107037293,violent-crime,2022-12,53.828144,-1.726510,On or near Abbotside Close,Court result unavailable,west-yorkshire,BDT_BE
107067168,violent-crime,2022-12,53.834654,-1.727896,On or near Union Yard,Investigation complete; no suspect identified,west-yorkshire,BDT_BE
107068748,violent-crime,2022-12,53.827165,-1.735206,On or near Brander Close,Unable to prosecute suspect,west-yorkshire,BDT_BE
107046792,violent-crime,2022-12,53.831781,-1.717385,On or near Haigh Corner,Investigation complete; no suspect identified,west-yorkshire,BDT_BE
107052986,violent-crime,2022-12,53.825137,-1.744926,On or near Livingstone Close,Unable to prosecute suspect,west-yorkshire,BDT_BE
107050142,violent-crime,2022-12,53.820069,-1.737210,On or near Greenwood Mount,Unable to prosecute suspect,west-yorkshire,BDT_BE
107056419,violent-crime,2022-12,53.824856,-1.735631,On or near Althorpe Grove,Unable to prosecute suspect,west-yorkshire,BDT_BE
107040559,violent-crime,2022-12,53.819839,-1.743045,On or near Sutton Avenue,Investigation complete; no suspect identified,west-yorkshire,BDT_BE
107040706,violent-crime,2022-12,53.819819,-1.721992,On or near Westgate,Unable to prosecute suspect,west-yorkshire,BDT_BE
107040710,violent-crime,2022-12,53.823337,-1.723366,On or near Bank Close,Investigation complete; no suspect identified,west-yorkshire,BDT_BE
107040849,violent-crime,2022-12,53.813384,-1.737951,On or near Grasmere Road,Investigation complete; no suspect identified,west-yorkshire,BDT_BE
107041090,violent-crime,2022-12,53.829257,-1.714652,On or near Cherry Tree Avenue,Investigation complete; no suspect identified,west-yorkshire,BDT_BE
107051535,violent-crime,2022-12,53.811918,-1.721725,On or near Carrier Lane,Investigation complete; no suspect identified,west-yorkshire,BDT_BE
107056777,violent-crime,2022-12,53.814600,-1.743517,On or near Ashbourne Haven,Unable to prosecute suspect,west-yorkshire,BDT_BE
107052428,violent-crime,2022-12,53.818692,-1.720480,On or near Elvey Close,Unable to prosecute suspect,west-yorkshire,BDT_BE
107053322,violent-crime,2022-12,53.826677,-1.725684,On or near Marcia Close,Unable to prosecute suspect,west-yorkshire,BDT_BE
107053463,violent-crime,2022-12,53.810986,-1.730767,On or near Dudley Hill Road,Unable to prosecute suspect,west-yorkshire,BDT_BE
107057762,violent-crime,2022-12,53.824577,-1.731273,On or near ,Unable to prosecute suspect,west-yorkshire,BDT_BE
107069734,violent-crime,2022-12,53.825629,-1.708281,On or near Rokeby Gardens,Unable to prosecute suspect,west-yorkshire,BDT_BE
107062181,violent-crime,2022-12,53.828397,-1.715463,On or near The Drive,Unable to prosecute suspect,west-yorkshire,BDT_BE
107045489,violent-crime,2022-12,53.817686,-1.713166,On or near Thackeray Road,Unable to prosecute suspect,west-yorkshire,BDT_BE
107045751,violent-crime,2022-12,53.823281,-1.730597,On or near Norman Lane,Action to be taken by another organisation,west-yorkshire,BDT_BE
107062107,violent-crime,2022-12,53.817435,-1.709401,On or near Larwood Drive,Unable to prosecute suspect,west-yorkshire,BDT_BE
107056555,violent-crime,2022-12,53.816454,-1.712704,On or near Findon Terrace,Unable to prosecute suspect,west-yorkshire,BDT_BE
107046763,violent-crime,2022-12,53.819607,-1.708368,On or near Far Norbury Road,Investigation complete; no suspect identified,west-yorkshire,BDT_BE
107056214,violent-crime,2022-12,53.823401,-1.719902,On or near Straightacres Lane,Unable to prosecute suspect,west-yorkshire,BDT_BE
107056162,violent-crime,2022-12,53.820862,-1.746365,On or near Thompson Avenue,Unable to prosecute suspect,west-yorkshire,BDT_BE
107055750,violent-crime,2022-12,53.829703,-1.724342,On or near Redwood Close,Unable to prosecute suspect,west-yorkshire,BDT_BE
107052106,violent-crime,2022-12,53.808742,-1.716446,On or near Fagley Road,Unable to prosecute suspect,west-yorkshire,BDT_BE
107047527,violent-crime,2022-12,53.819073,-1.710468,On or near Hawley Terrace,Unable to prosecute suspect,west-yorkshire,BDT_BE
107048384,violent-crime,2022-12,53.831381,-1.715610,On or near Regent Street,Unable to prosecute suspect,west-yorkshire,BDT_BE
107048401,violent-crime,2022-12,53.830306,-1.716231,On or near ,Unable to prosecute suspect,west-yorkshire,BDT_BE
107048570,violent-crime,2022-12,53.821438,-1.746787,On or near Wood Lane,Unable to prosecute suspect,west-yorkshire,BDT_BE
107045801,violent-crime,2022-12,53.811074,-1.730023,On or near Wellington Road,Unable to prosecute suspect,west-yorkshire,BDT_BE
107049554,violent-crime,2022-12,53.833441,-1.724181,On or near Mark Close,Unable to prosecute suspect,west-yorkshire,BDT_BE
107051300,violent-crime,2022-12,53.819318,-1.718927,On or near Chapel Street,Unable to prosecute suspect,west-yorkshire,BDT_BE
107050377,violent-crime,2022-12,53.833441,-1.724181,On or near Mark Close,Unable to prosecute suspect,west-yorkshire,BDT_BE
107050191,violent-crime,2022-12,53.819352,-1.710633,On or near Melton Terrace,Investigation complete; no suspect identified,west-yorkshire,BDT_BE
107050089,violent-crime,2022-12,53.819843,-1.728250,On or near Whitebeam Walk,Unable to prosecute suspect,west-yorkshire,BDT_BE
107048589,violent-crime,2022-12,53.824591,-1.721732,On or near Faltis Square,Unable to prosecute suspect,west-yorkshire,BDT_BE
107046755,violent-crime,2022-12,53.832788,-1.721541,On or near Old Park Road,Status update unavailable,west-yorkshire,BDT_BE
107046425,violent-crime,2022-12,53.816454,-1.712704,On or near Findon Terrace,Investigation complete; no suspect identified,west-yorkshire,BDT_BE
107045540,violent-crime,2022-12,53.831759,-1.715668,On or near Kipling Court,Investigation complete; no suspect identified,west-yorkshire,BDT_BE
107037922,violent-crime,2022-12,53.816111,-1.731631,On or near Thornbridge Mews,Unable to prosecute suspect,west-yorkshire,BDT_BE
107063391,violent-crime,2022-12,53.814600,-1.743517,On or near Ashbourne Haven,Unable to prosecute suspect,west-yorkshire,BDT_BE
107054816,violent-crime,2022-12,53.819811,-1.718483,On or near Stott Terrace,Unable to prosecute suspect,west-yorkshire,BDT_BE
107065509,violent-crime,2022-12,53.822426,-1.746508,On or near Cheltenham Road,Unable to prosecute suspect,west-yorkshire,BDT_BE
107065405,violent-crime,2022-12,53.824577,-1.731273,On or near ,Investigation complete; no suspect identified,west-yorkshire,BDT_BE
107065951,violent-crime,2022-12,53.834654,-1.727896,On or near Union Yard,Investigation complete; no suspect identified,west-yorkshire,BDT_BE
107057189,violent-crime,2022-12,53.826250,-1.724015,On or near Shelby Grange,Unable to prosecute suspect,west-yorkshire,BDT_BE
107039912,violent-crime,2022-12,53.813243,-1.727169,On or near Leafield Terrace,Investigation complete; no suspect identified,west-yorkshire,BDT_BE
107059047,violent-crime,2022-12,53.828753,-1.718180,On or near Orchard Grove,Unable to prosecute suspect,west-yorkshire,BDT_BE
107052921,violent-crime,2022-12,53.823401,-1.719902,On or near Straightacres Lane,Unable to prosecute suspect,west-yorkshire,BDT_BE
107059692,violent-crime,2022-12,53.811221,-1.715792,On or near Fencote Crescent,Unable to prosecute suspect,west-yorkshire,BDT_BE
107060439,violent-crime,2022-12,53.808742,-1.716446,On or near Fagley Road,Unable to prosecute suspect,west-yorkshire,BDT_BE
107062292,violent-crime,2022-12,53.819843,-1.728250,On or near Whitebeam Walk,Investigation complete; no suspect identified,west-yorkshire,BDT_BE
107062732,violent-crime,2022-12,53.826274,-1.738387,On or near Greycourt Close,Unable to prosecute suspect,west-yorkshire,BDT_BE
107041708,violent-crime,2022-12,53.827418,-1.712279,On or near Brookfield Drive,Unable to prosecute suspect,west-yorkshire,BDT_BE
107063402,violent-crime,2022-12,53.814600,-1.743517,On or near Ashbourne Haven,Unable to prosecute suspect,west-yorkshire,BDT_BE
107064554,violent-crime,2022-12,53.836260,-1.722856,On or near Green Lane,Unable to prosecute suspect,west-yorkshire,BDT_BE
107034698,violent-crime,2022-12,53.820577,-1.723141,On or near Granary Court,Unable to prosecute suspect,west-yorkshire,BDT_BE
107057064,violent-crime,2022-12,53.832393,-1.710376,On or near Hospital,Unable to prosecute suspect,west-yorkshire,BDT_BE
107065953,violent-crime,2022-12,53.834654,-1.727896,On or near Union Yard,Investigation complete; no suspect identified,west-yorkshire,BDT_BE
107053653,other-crime,2022-12,53.828144,-1.726510,On or near Abbotside Close,Status update unavailable,west-yorkshire,BDT_BE
107061273,other-crime,2022-12,53.815014,-1.731379,On or near Undercliffe Road,Investigation complete; no suspect identified,west-yorkshire,BDT_BE
107034289,other-crime,2022-12,53.817583,-1.738593,On or near Kestrel Drive,Investigation complete; no suspect identified,west-yorkshire,BDT_BE
107053253,other-crime,2022-12,53.809374,-1.729153,On or near Sherwood Place,Court result unavailable,west-yorkshire,BDT_BE
107061308,other-crime,2022-12,53.814931,-1.730408,On or near Airedale Street,Investigation complete; no suspect identified,west-yorkshire,BDT_BE
107050870,other-crime,2022-12,53.829989,-1.723717,On or near Billing View,Unable to prosecute suspect,west-yorkshire,BDT_BE
107050048,other-crime,2022-12,53.827146,-1.726547,On or near Rowantree Drive,Status update unavailable,west-yorkshire,BDT_BE
107051504,other-crime,2022-12,53.821478,-1.712700,On or near Lambourne Avenue,Investigation complete; no suspect identified,west-yorkshire,BDT_BE
107036750,other-crime,2022-12,53.831914,-1.728673,On or near Cavendish Road,Investigation complete; no suspect identified,west-yorkshire,BDT_BE
107032626,other-crime,2022-12,53.811081,-1.717433,On or near Firbank Green,Unable to prosecute suspect,west-yorkshire,BDT_BE
107052209,other-crime,2022-12,53.808742,-1.716446,On or near Fagley Road,Unable to prosecute suspect,west-yorkshire,BDT_BE
107060582,other-crime,2022-12,53.819925,-1.709809,On or near Roundwood Avenue,Investigation complete; no suspect identified,west-yorkshire,BDT_BE
107053303,other-crime,2022-12,53.826499,-1.734724,On or near Javelin Close,Court result unavailable,west-yorkshire,BDT_BE
107034098,other-crime,2022-12,53.832147,-1.727988,On or near Brecon Close,Status update unavailable,west-yorkshire,BDT_BE
107070704,anti-social-behaviour,2022-12,53.770587,-1.752615,On or near Ivy House Road,,west-yorkshire,BDT_BS
107072191,anti-social-behaviour,2022-12,53.779954,-1.732347,On or near Warwick Close,,west-yorkshire,BDT_BS
107071226,anti-social-behaviour,2022-12,53.769455,-1.727801,On or near Ilbert Avenue,,west-yorkshire,BDT_BS
107070504,anti-social-behaviour,2022-12,53.777133,-1.736947,On or near Bowling Hall Road,,west-yorkshire,BDT_BS
107071008,anti-social-behaviour,2022-12,53.771169,-1.747302,On or near Parkway,,west-yorkshire,BDT_BS
107072230,anti-social-behaviour,2022-12,53.769971,-1.758976,On or near ,,west-yorkshire,BDT_BS
107070901,anti-social-behaviour,2022-12,53.769971,-1.758976,On or near ,,west-yorkshire,BDT_BS
107072106,anti-social-behaviour,2022-12,53.773802,-1.726575,On or near Compton Street,,west-yorkshire,BDT_BS
107072332,anti-social-behaviour,2022-12,53.779949,-1.751012,On or near Birk Lea Street,,west-yorkshire,BDT_BS
107072507,anti-social-behaviour,2022-12,53.768587,-1.763566,On or near ,,west-yorkshire,BDT_BS
107070312,anti-social-behaviour,2022-12,53.775014,-1.725975,On or near Bela Avenue,,west-yorkshire,BDT_BS
107070915,anti-social-behaviour,2022-12,53.773381,-1.747334,On or near Daleside Walk,,west-yorkshire,BDT_BS
107071216,anti-social-behaviour,2022-12,53.770094,-1.736460,On or near Sangster Way,,west-yorkshire,BDT_BS
107070589,anti-social-behaviour,2022-12,53.756170,-1.756628,On or near Hawke Way,,west-yorkshire,BDT_BS
107040367,bicycle-theft,2022-12,53.781369,-1.742081,On or near West View,Investigation complete; no suspect identified,west-yorkshire,BDT_BS
107053754,bicycle-theft,2022-12,53.781076,-1.739806,On or near Flockton Crescent,Unable to prosecute suspect,west-yorkshire,BDT_BS
107032648,burglary,2022-12,53.768427,-1.730417,On or near Bell House Avenue,Investigation complete; no suspect identified,west-yorkshire,BDT_BS
107053112,burglary,2022-12,53.764574,-1.752605,On or near Rooley Croft,Investigation complete; no suspect identified,west-yorkshire,BDT_BS
107052129,burglary,2022-12,53.776933,-1.752821,On or near Oaks Fold,Investigation complete; no suspect identified,west-yorkshire,BDT_BS
107050416,burglary,2022-12,53.769554,-1.757173,On or near Mayo Road,Investigation complete; no suspect identified,west-yorkshire,BDT_BS
107067240,burglary,2022-12,53.777396,-1.754897,On or near Cranbrook Place,Investigation complete; no suspect identified,west-yorkshire,BDT_BS
107050437,burglary,2022-12,53.759506,-1.757382,On or near Belmont Rise,Investigation complete; no suspect identified,west-yorkshire,BDT_BS
107048381,burglary,2022-12,53.776206,-1.728349,On or near Munster Street,Investigation complete; no suspect identified,west-yorkshire,BDT_BS
107036585,burglary,2022-12,53.766378,-1.726380,On or near Fallowfield Walk,Investigation complete; no suspect identified,west-yorkshire,BDT_BS
107034034,burglary,2022-12,53.772265,-1.751134,On or near Henley Grove,Investigation complete; no suspect identified,west-yorkshire,BDT_BS
107044009,burglary,2022-12,53.758965,-1.739488,On or near Wharfedale Road,Investigation complete; no suspect identified,west-yorkshire,BDT_BS
107063406,burglary,2022-12,53.778195,-1.754270,On or near Gaythorne Road,Investigation complete; no suspect identified,west-yorkshire,BDT_BS
107046998,burglary,2022-12,53.771037,-1.756967,On or near Raymond Drive,Investigation complete; no suspect identified,west-yorkshire,BDT_BS
107044744,burglary,2022-12,53.774224,-1.764384,On or near Broadway Close,Investigation complete; no suspect identified,west-yorkshire,BDT_BS
107052807,burglary,2022-12,53.770855,-1.722937,On or near Prince Street,Offender given a caution,west-yorkshire,BDT_BS
107053206,burglary,2022-12,53.774486,-1.747327,On or near Federation Street,Investigation complete; no suspect identified,west-yorkshire,BDT_BS
107046851,burglary,2022-12,53.778195,-1.754270,On or near Gaythorne Road,Investigation complete; no suspect identified,west-yorkshire,BDT_BS
107051156,burglary,2022-12,53.778140,-1.733117,On or near Lister Avenue,Investigation complete; no suspect identified,west-yorkshire,BDT_BS
107048160,burglary,2022-12,53.778195,-1.754270,On or near Gaythorne Road,Investigation complete; no suspect identified,west-yorkshire,BDT_BS
107044895,burglary,2022-12,53.778195,-1.754270,On or near Gaythorne Road,Investigation complete; no suspect identified,west-yorkshire,BDT_BS
107041782,burglary,2022-12,53.771168,-1.746589,On or near Sandside Close,Investigation complete; no suspect identified,west-yorkshire,BDT_BS
107037214,burglary,2022-12,53.768082,-1.762734,On or near Wisbey Bank,Investigation complete; no suspect identified,west-yorkshire,BDT_BS
107055930,burglary,2022-12,53.769398,-1.738467,On or near Croft Leigh Court,Unable to prosecute suspect,west-yorkshire,BDT_BS
107045034,burglary,2022-12,53.778360,-1.756029,On or near Bowling Old Lane,Investigation complete; no suspect identified,west-yorkshire,BDT_BS
107041889,burglary,2022-12,53.776725,-1.727072,On or near Corban Street,Investigation complete; no suspect identified,west-yorkshire,BDT_BS
107047759,burglary,2022-12,53.767781,-1.739023,On or near Newhall Park Drive,Status update unavailable,west-yorkshire,BDT_BS
107051797,criminal-damage-arson,2022-12,53.763027,-1.727327,On or near Cedar Close,Unable to prosecute suspect,west-yorkshire,BDT_BS
107067061,criminal-damage-arson,2022-12,53.775014,-1.725975,On or near Bela Avenue,Investigation complete; no suspect identified,west-yorkshire,BDT_BS
107043973,criminal-damage-arson,2022-12,53.779739,-1.753351,On or near Ackworth Street,Unable to prosecute suspect,west-yorkshire,BDT_BS
107044413,criminal-damage-arson,2022-12,53.775587,-1.762783,On or near Marsh Street,Investigation complete; no suspect identified,west-yorkshire,BDT_BS
107057179,criminal-damage-arson,2022-12,53.775801,-1.757122,On or near Steerforth Close,Unable to prosecute suspect,west-yorkshire,BDT_BS
107046286,criminal-damage-arson,2022-12,53.778288,-1.751720,On or near Aston Road,Unable to prosecute suspect,west-yorkshire,BDT_BS
107036466,criminal-damage-arson,2022-12,53.777232,-1.758525,On or near Boynton Street,Investigation complete; no suspect identified,west-yorkshire,BDT_BS
107052164,criminal-damage-arson,2022-12,53.771866,-1.762637,On or near Scholes Street,Investigation complete; no suspect identified,west-yorkshire,BDT_BS
107032094,criminal-damage-arson,2022-12,53.772561,-1.764454,On or near Smiddles Lane,Investigation complete; no suspect identified,west-yorkshire,BDT_BS
107052923,criminal-damage-arson,2022-12,53.764997,-1.766149,On or near Thornfield Avenue,Unable to prosecute suspect,west-yorkshire,BDT_BS
107044107,criminal-damage-arson,2022-12,53.781478,-1.738468,On or near Teville Court,Investigation complete; no suspect identified,west-yorkshire,BDT_BS
107068538,criminal-damage-arson,2022-12,53.779954,-1.732347,On or near Warwick Close,Investigation complete; no suspect identified,west-yorkshire,BDT_BS
107047681,criminal-damage-arson,2022-12,53.765918,-1.725685,On or near Fallowfield Place,Unable to prosecute suspect,west-yorkshire,BDT_BS
107062284,criminal-damage-arson,2022-12,53.771866,-1.762637,On or near Scholes Street,Investigation complete; no suspect identified,west-yorkshire,BDT_BS
107067544,criminal-damage-arson,2022-12,53.778376,-1.750824,On or near Elwyn Road,Unable to prosecute suspect,west-yorkshire,BDT_BS
107052884,criminal-damage-arson,2022-12,53.771685,-1.744492,On or near Fellside Close,Court result unavailable,west-yorkshire,BDT_BS
107061484,criminal-damage-arson,2022-12,53.762960,-1.763294,On or near Hatton Close,Investigation complete; no suspect identified,west-yorkshire,BDT_BS
107036742,criminal-damage-arson,2022-12,53.756159,-1.755612,On or near Trueman Court,Unable to prosecute suspect,west-yorkshire,BDT_BS
107032646,criminal-damage-arson,2022-12,53.773649,-1.742371,On or near Newill Close,Investigation complete; no suspect identified,west-yorkshire,BDT_BS
107042840,criminal-damage-arson,2022-12,53.781369,-1.742081,On or near West View,Investigation complete; no suspect identified,west-yorkshire,BDT_BS
107044708,criminal-damage-arson,2022-12,53.774633,-1.732350,On or near Anerley Street,Unable to prosecute suspect,west-yorkshire,BDT_BS
107038970,criminal-damage-arson,2022-12,53.774217,-1.735039,On or near Burras Road,Investigation complete; no suspect identified,west-yorkshire,BDT_BS
107039038,criminal-damage-arson,2022-12,53.770736,-1.734089,On or near ,Unable to prosecute suspect,west-yorkshire,BDT_BS
107040172,criminal-damage-arson,2022-12,53.765868,-1.727248,On or near Dewfield Close,Investigation complete; no suspect identified,west-yorkshire,BDT_BS
107051293,drugs,2022-12,53.755974,-1.740325,On or near Merrydale Road,Local resolution,west-yorkshire,BDT_BS
107068817,drugs,2022-12,53.780216,-1.749463,On or near Dalcross Grove,Unable to prosecute suspect,west-yorkshire,BDT_BS
107051306,drugs,2022-12,53.755974,-1.740325,On or near Merrydale Road,Local resolution,west-yorkshire,BDT_BS
107054164,drugs,2022-12,53.768598,-1.751428,On or near ,Further investigation is not in the public interest,west-yorkshire,BDT_BS
107035723,drugs,2022-12,53.779401,-1.755189,On or near Moulson Court,Court result unavailable,west-yorkshire,BDT_BS
107038477,drugs,2022-12,53.780292,-1.755973,On or near Garvey View,Court result unavailable,west-yorkshire,BDT_BS
107043133,other-theft,2022-12,53.775533,-1.749567,On or near Broadlea Crescent,Unable to prosecute suspect,west-yorkshire,BDT_BS
107051007,other-theft,2022-12,53.772227,-1.750072,On or near Birch Avenue,Investigation complete; no suspect identified,west-yorkshire,BDT_BS
107049456,other-theft,2022-12,53.770386,-1.759489,On or near ,Investigation complete; no suspect identified,west-yorkshire,BDT_BS
107067065,other-theft,2022-12,53.769971,-1.758976,On or near ,Investigation complete; no suspect identified,west-yorkshire,BDT_BS
107051547,other-theft,2022-12,53.767013,-1.753835,On or near Radfield Road,Unable to prosecute suspect,west-yorkshire,BDT_BS
107039366,other-theft,2022-12,53.770386,-1.759489,On or near ,Investigation complete; no suspect identified,west-yorkshire,BDT_BS
107032963,other-theft,2022-12,53.769971,-1.758976,On or near ,Investigation complete; no suspect identified,west-yorkshire,BDT_BS
107048213,other-theft,2022-12,53.778150,-1.758990,On or near St Stephen's Terrace,Unable to prosecute suspect,west-yorkshire,BDT_BS
107049214,other-theft,2022-12,53.769971,-1.758976,On or near Supermarket,Court result unavailable,west-yorkshire,BDT_BS
107045014,other-theft,2022-12,53.780292,-1.755973,On or near Garvey View,Investigation complete; no suspect identified,west-yorkshire,BDT_BS
107061599,other-theft,2022-12,53.775863,-1.752691,On or near New Cross Street,Unable to prosecute suspect,west-yorkshire,BDT_BS
107039730,other-theft,2022-12,53.769971,-1.758976,On or near ,Investigation complete; no suspect identified,west-yorkshire,BDT_BS
107065035,other-theft,2022-12,53.770386,-1.759489,On or near ,Investigation complete; no suspect identified,west-yorkshire,BDT_BS
107057190,other-theft,2022-12,53.772555,-1.765986,On or near Deneside Terrace,Unable to prosecute suspect,west-yorkshire,BDT_BS
107040485,other-theft,2022-12,53.770386,-1.759489,On or near ,Further investigation is not in the public interest,west-yorkshire,BDT_BS
107036000,other-theft,2022-12,53.772779,-1.727052,On or near Rook Lane,Investigation complete; no suspect identified,west-yorkshire,BDT_BS
107067477,other-theft,2022-12,53.770386,-1.759489,On or near ,Investigation complete; no suspect identified,west-yorkshire,BDT_BS
107054247,other-theft,2022-12,53.768185,-1.734743,On or near Hopefield Way,Unable to prosecute suspect,west-yorkshire,BDT_BS
107037467,other-theft,2022-12,53.769721,-1.746461,On or near Highbridge Terrace,Investigation complete; no suspect identified,west-yorkshire,BDT_BS
107049219,other-theft,2022-12,53.769971,-1.758976,On or near Supermarket,Court result unavailable,west-yorkshire,BDT_BS
107060445,other-theft,2022-12,53.776991,-1.754657,On or near Mark Street,Investigation complete; no suspect identified,west-yorkshire,BDT_BS
107037205,other-theft,2022-12,53.764936,-1.728650,On or near Daffels Wood Close,Unable to prosecute suspect,west-yorkshire,BDT_BS
107057416,possession-of-weapons,2022-12,53.774767,-1.757264,On or near Little Cross Street,Court result unavailable,west-yorkshire,BDT_BS
107053650,possession-of-weapons,2022-12,53.769455,-1.727801,On or near Ilbert Avenue,Offender given a caution,west-yorkshire,BDT_BS
107050412,public-order,2022-12,53.778195,-1.754270,On or near Gaythorne Road,Unable to prosecute suspect,west-yorkshire,BDT_BS
107047195,public-order,2022-12,53.772122,-1.722990,On or near Knowles Street,Unable to prosecute suspect,west-yorkshire,BDT_BS
107058748,public-order,2022-12,53.763396,-1.765400,On or near Brentwood Gardens,Unable to prosecute suspect,west-yorkshire,BDT_BS
107053624,public-order,2022-12,53.765918,-1.725685,On or near Fallowfield Place,Investigation complete; no suspect identified,west-yorkshire,BDT_BS
107049991,public-order,2022-12,53.774506,-1.761499,On or near Delamere Street,Investigation complete; no suspect identified,west-yorkshire,BDT_BS
107069808,public-order,2022-12,53.776340,-1.757361,On or near Boynton Terrace,Investigation complete; no suspect identified,west-yorkshire,BDT_BS
107062483,public-order,2022-12,53.775067,-1.745852,On or near Avenue Road,Unable to prosecute suspect,west-yorkshire,BDT_BS
107058570,public-order,2022-12,53.780292,-1.755973,On or near Garvey View,Court result unavailable,west-yorkshire,BDT_BS
107033227,public-order,2022-12,53.774633,-1.732350,On or near Anerley Street,Further investigation is not in the public interest,west-yorkshire,BDT_BS
107032039,public-order,2022-12,53.763216,-1.731240,On or near Danby Avenue,Investigation complete; no suspect identified,west-yorkshire,BDT_BS
107032564,public-order,2022-12,53.776191,-1.750352,On or near Eli Street,Unable to prosecute suspect,west-yorkshire,BDT_BS
107043361,public-order,2022-12,53.773168,-1.757820,On or near Silverdale Road,Investigation complete; no suspect identified,west-yorkshire,BDT_BS
107044918,public-order,2022-12,53.779739,-1.753351,On or near Ackworth Street,Unable to prosecute suspect,west-yorkshire,BDT_BS
107051566,public-order,2022-12,53.776340,-1.757361,On or near Boynton Terrace,Unable to prosecute suspect,west-yorkshire,BDT_BS
107051827,public-order,2022-12,53.765096,-1.766346,On or near Elm Tree Avenue,Court result unavailable,west-yorkshire,BDT_BS
107061498,public-order,2022-12,53.766505,-1.765307,On or near Ashworth Place,Unable to prosecute suspect,west-yorkshire,BDT_BS
107052809,public-order,2022-12,53.776191,-1.750352,On or near Eli Street,Unable to prosecute suspect,west-yorkshire,BDT_BS
107032072,public-order,2022-12,53.770386,-1.759489,On or near ,Investigation complete; no suspect identified,west-yorkshire,BDT_BS
107047345,public-order,2022-12,53.771168,-1.746589,On or near Sandside Close,Unable to prosecute suspect,west-yorkshire,BDT_BS
107061802,public-order,2022-12,53.770855,-1.722937,On or near Prince Street,Unable to prosecute suspect,west-yorkshire,BDT_BS
107057328,public-order,2022-12,53.775014,-1.725975,On or near Bela Avenue,Unable to prosecute suspect,west-yorkshire,BDT_BS
107046417,public-order,2022-12,53.777133,-1.736947,On or near Bowling Hall Road,Investigation complete; no suspect identified,west-yorkshire,BDT_BS
107063809,public-order,2022-12,53.762960,-1.763294,On or near Hatton Close,Court result unavailable,west-yorkshire,BDT_BS
107057756,public-order,2022-12,53.768494,-1.724227,On or near Miles Hill Crescent,Unable to prosecute suspect,west-yorkshire,BDT_BS
107034208,public-order,2022-12,53.768627,-1.731266,On or near Neville Avenue,Unable to prosecute suspect,west-yorkshire,BDT_BS
107062891,public-order,2022-12,53.781369,-1.742081,On or near West View,Court result unavailable,west-yorkshire,BDT_BS
107055649,public-order,2022-12,53.780292,-1.755973,On or near Garvey View,Status update unavailable,west-yorkshire,BDT_BS
107054823,public-order,2022-12,53.764232,-1.765623,On or near Elm Tree Close,Investigation complete; no suspect identified,west-yorkshire,BDT_BS
107051787,public-order,2022-12,53.774114,-1.754218,On or near Evens Terrace,Unable to prosecute suspect,west-yorkshire,BDT_BS
107055580,public-order,2022-12,53.776191,-1.750352,On or near Eli Street,Investigation complete; no suspect identified,west-yorkshire,BDT_BS
107041700,public-order,2022-12,53.774175,-1.724569,On or near Lister Street,Unable to prosecute suspect,west-yorkshire,BDT_BS
107052082,public-order,2022-12,53.759447,-1.763920,On or near A641,Investigation complete; no suspect identified,west-yorkshire,BDT_BS
107051614,public-order,2022-12,53.778195,-1.754270,On or near Gaythorne Road,Unable to prosecute suspect,west-yorkshire,BDT_BS
107049157,public-order,2022-12,53.780155,-1.754760,On or near Springwell Drive,Investigation complete; no suspect identified,west-yorkshire,BDT_BS
107037801,public-order,2022-12,53.769721,-1.746461,On or near Highbridge Terrace,Investigation complete; no suspect identified,west-yorkshire,BDT_BS
107050297,public-order,2022-12,53.780292,-1.755973,On or near Garvey View,Court result unavailable,west-yorkshire,BDT_BS
107056548,public-order,2022-12,53.773042,-1.744453,On or near Tannett Green,Unable to prosecute suspect,west-yorkshire,BDT_BS
107052530,public-order,2022-12,53.770386,-1.759489,On or near ,Investigation complete; no suspect identified,west-yorkshire,BDT_BS
107052768,public-order,2022-12,53.781369,-1.742081,On or near West View,Investigation complete; no suspect identified,west-yorkshire,BDT_BS
107047994,public-order,2022-12,53.767758,-1.724793,On or near Fairfax Avenue,Unable to prosecute suspect,west-yorkshire,BDT_BS
107052730,public-order,2022-12,53.769365,-1.761467,On or near Runswick Grove,Unable to prosecute suspect,west-yorkshire,BDT_BS
107050317,robbery,2022-12,53.770736,-1.734089,On or near ,Unable to prosecute suspect,west-yorkshire,BDT_BS
107037465,robbery,2022-12,53.769398,-1.738467,On or near Croft Leigh Court,Investigation complete; no suspect identified,west-yorkshire,BDT_BS
107032262,robbery,2022-12,53.772271,-1.760085,On or near ,Investigation complete; no suspect identified,west-yorkshire,BDT_BS
107063994,robbery,2022-12,53.774025,-1.763596,On or near Hastings Avenue,Investigation complete; no suspect identified,west-yorkshire,BDT_BS
107043665,robbery,2022-12,53.779800,-1.752576,On or near Pembroke Street,Investigation complete; no suspect identified,west-yorkshire,BDT_BS
107063803,robbery,2022-12,53.774025,-1.763596,On or near Hastings Avenue,Investigation complete; no suspect identified,west-yorkshire,BDT_BS
107033030,shoplifting,2022-12,53.772189,-1.732609,On or near ,Investigation complete; no suspect identified,west-yorkshire,BDT_BS
107049593,shoplifting,2022-12,53.772189,-1.732609,On or near ,Court result unavailable,west-yorkshire,BDT_BS
107056502,shoplifting,2022-12,53.770461,-1.761446,On or near Runswick Terrace,Court result unavailable,west-yorkshire,BDT_BS
107056405,shoplifting,2022-12,53.770736,-1.734089,On or near ,Court result unavailable,west-yorkshire,BDT_BS
107040857,shoplifting,2022-12,53.755974,-1.740325,On or near Merrydale Road,Unable to prosecute suspect,west-yorkshire,BDT_BS
107069765,shoplifting,2022-12,53.772189,-1.732609,On or near ,Investigation complete; no suspect identified,west-yorkshire,BDT_BS
107041629,shoplifting,2022-12,53.770461,-1.761446,On or near Runswick Terrace,Investigation complete; no suspect identified,west-yorkshire,BDT_BS
107057883,shoplifting,2022-12,53.770736,-1.734089,On or near ,Court result unavailable,west-yorkshire,BDT_BS
107040899,theft-from-the-person,2022-12,53.766505,-1.765307,On or near Ashworth Place,Unable to prosecute suspect,west-yorkshire,BDT_BS
107066262,vehicle-crime,2022-12,53.764624,-1.729759,On or near De Lacy Avenue,Investigation complete; no suspect identified,west-yorkshire,BDT_BS
107041017,vehicle-crime,2022-12,53.767781,-1.739023,On or near Newhall Park Drive,Investigation complete; no suspect identified,west-yorkshire,BDT_BS
107033617,vehicle-crime,2022-12,53.762849,-1.761595,On or near Glenfield Mount,Investigation complete; no suspect identified,west-yorkshire,BDT_BS
107050285,vehicle-crime,2022-12,53.781478,-1.738468,On or near Teville Court,Investigation complete; no suspect identified,west-yorkshire,BDT_BS
107044626,vehicle-crime,2022-12,53.769033,-1.735845,On or near Bannockburn Court,Investigation complete; no suspect identified,west-yorkshire,BDT_BS
107063939,vehicle-crime,2022-12,53.770756,-1.751416,On or near Chase Way,Investigation complete; no suspect identified,west-yorkshire,BDT_BS
107037574,vehicle-crime,2022-12,53.767185,-1.737889,On or near The Fairway,Investigation complete; no suspect identified,west-yorkshire,BDT_BS
107056400,vehicle-crime,2022-12,53.774175,-1.724569,On or near Lister Street,Investigation complete; no suspect identified,west-yorkshire,BDT_BS
107051513,vehicle-crime,2022-12,53.771049,-1.763142,On or near Carr Street,Investigation complete; no suspect identified,west-yorkshire,BDT_BS
107045257,vehicle-crime,2022-12,53.771866,-1.762637,On or near Scholes Street,Investigation complete; no suspect identified,west-yorkshire,BDT_BS
107046619,vehicle-crime,2022-12,53.755974,-1.740325,On or near Merrydale Road,Unable to prosecute suspect,west-yorkshire,BDT_BS
107039332,vehicle-crime,2022-12,53.765969,-1.730216,On or near ,Investigation complete; no suspect identified,west-yorkshire,BDT_BS
107039678,vehicle-crime,2022-12,53.772555,-1.765986,On or near Deneside Terrace,Investigation complete; no suspect identified,west-yorkshire,BDT_BS
107052934,vehicle-crime,2022-12,53.771866,-1.762637,On or near Scholes Street,Investigation complete; no suspect identified,west-yorkshire,BDT_BS
107060238,violent-crime,2022-12,53.769186,-1.757478,On or near Mayo Drive,Unable to prosecute suspect,west-yorkshire,BDT_BS
107050522,violent-crime,2022-12,53.778288,-1.751720,On or near Aston Road,Unable to prosecute suspect,west-yorkshire,BDT_BS
107064086,violent-crime,2022-12,53.766095,-1.753476,On or near Rooley Crescent,Status update unavailable,west-yorkshire,BDT_BS
107069018,violent-crime,2022-12,53.771781,-1.730973,On or near ,Unable to prosecute suspect,west-yorkshire,BDT_BS
107034048,violent-crime,2022-12,53.768981,-1.745039,On or near Bude Road,Unable to prosecute suspect,west-yorkshire,BDT_BS
107034169,violent-crime,2022-12,53.781076,-1.739806,On or near Flockton Crescent,Investigation complete; no suspect identified,west-yorkshire,BDT_BS
107038411,violent-crime,2022-12,53.771866,-1.762637,On or near Scholes Street,Investigation complete; no suspect identified,west-yorkshire,BDT_BS
107046303,violent-crime,2022-12,53.778288,-1.751720,On or near Aston Road,Unable to prosecute suspect,west-yorkshire,BDT_BS
107038783,violent-crime,2022-12,53.770417,-1.757077,On or near Mayo Avenue,Investigation complete; no suspect identified,west-yorkshire,BDT_BS
107046742,violent-crime,2022-12,53.774097,-1.729486,On or near Newman Street,Investigation complete; no suspect identified,west-yorkshire,BDT_BS
107065062,violent-crime,2022-12,53.774981,-1.760814,On or near Broken Way,Investigation complete; no suspect identified,west-yorkshire,BDT_BS
107048264,violent-crime,2022-12,53.771685,-1.744492,On or near Fellside Close,Unable to prosecute suspect,west-yorkshire,BDT_BS
107057408,violent-crime,2022-12,53.774114,-1.754218,On or near Evens Terrace,Unable to prosecute suspect,west-yorkshire,BDT_BS
107050484,violent-crime,2022-12,53.776725,-1.727072,On or near Corban Street,Investigation complete; no suspect identified,west-yorkshire,BDT_BS
107056763,violent-crime,2022-12,53.770736,-1.734089,On or near ,Unable to prosecute suspect,west-yorkshire,BDT_BS
107036155,violent-crime,2022-12,53.761338,-1.761240,On or near Glenroyd Avenue,Unable to prosecute suspect,west-yorkshire,BDT_BS
107037661,violent-crime,2022-12,53.765034,-1.732320,On or near Bierley Lane,Awaiting court outcome,west-yorkshire,BDT_BS
107052691,violent-crime,2022-12,53.775535,-1.750356,On or near Birch Lane,Unable to prosecute suspect,west-yorkshire,BDT_BS
107052001,violent-crime,2022-12,53.765224,-1.749294,On or near Newhall Drive,Court result unavailable,west-yorkshire,BDT_BS
107039449,violent-crime,2022-12,53.779800,-1.752576,On or near Pembroke Street,Status update unavailable,west-yorkshire,BDT_BS
107062993,violent-crime,2022-12,53.773174,-1.765027,On or near Hastings Terrace,Unable to prosecute suspect,west-yorkshire,BDT_BS
107067516,violent-crime,2022-12,53.775535,-1.750356,On or near Birch Lane,Unable to prosecute suspect,west-yorkshire,BDT_BS
107032282,violent-crime,2022-12,53.776314,-1.753462,On or near Parsonage Road,Investigation complete; no suspect identified,west-yorkshire,BDT_BS
107069862,violent-crime,2022-12,53.763319,-1.729009,On or near Redwood Crescent,Unable to prosecute suspect,west-yorkshire,BDT_BS
107032618,violent-crime,2022-12,53.763216,-1.731240,On or near Danby Avenue,Investigation complete; no suspect identified,west-yorkshire,BDT_BS
107032664,violent-crime,2022-12,53.779926,-1.740041,On or near Flockton Drive,Unable to prosecute suspect,west-yorkshire,BDT_BS
107032779,violent-crime,2022-12,53.765305,-1.762628,On or near Scott Street,Investigation complete; no suspect identified,west-yorkshire,BDT_BS
107058827,violent-crime,2022-12,53.772555,-1.765986,On or near Deneside Terrace,Unable to prosecute suspect,west-yorkshire,BDT_BS
107051989,violent-crime,2022-12,53.771685,-1.744492,On or near Fellside Close,Unable to prosecute suspect,west-yorkshire,BDT_BS
107058964,violent-crime,2022-12,53.770205,-1.763693,On or near Draughton Street,Unable to prosecute suspect,west-yorkshire,BDT_BS
107044403,violent-crime,2022-12,53.771168,-1.746589,On or near Sandside Close,Investigation complete; no suspect identified,west-yorkshire,BDT_BS
107055184,violent-crime,2022-12,53.773174,-1.765027,On or near Hastings Terrace,Offender given a caution,west-yorkshire,BDT_BS
107052763,violent-crime,2022-12,53.762636,-1.733215,On or near Delaware Court,Investigation complete; no suspect identified,west-yorkshire,BDT_BS
107045408,violent-crime,2022-12,53.779539,-1.735597,On or near Bromford Road,Unable to prosecute suspect,west-yorkshire,BDT_BS
107056203,violent-crime,2022-12,53.762960,-1.763294,On or near Hatton Close,Unable to prosecute suspect,west-yorkshire,BDT_BS
107056388,violent-crime,2022-12,53.776340,-1.757361,On or near Boynton Terrace,Unable to prosecute suspect,west-yorkshire,BDT_BS
107057736,violent-crime,2022-12,53.776725,-1.727072,On or near Corban Street,Unable to prosecute suspect,west-yorkshire,BDT_BS
107057386,violent-crime,2022-12,53.774114,-1.754218,On or near Evens Terrace,Unable to prosecute suspect,west-yorkshire,BDT_BS
107061481,violent-crime,2022-12,53.766505,-1.765307,On or near Ashworth Place,Unable to prosecute suspect,west-yorkshire,BDT_BS
107037662,violent-crime,2022-12,53.765034,-1.732320,On or near Bierley Lane,Awaiting court outcome,west-yorkshire,BDT_BS
107066477,violent-crime,2022-12,53.771866,-1.762637,On or near Scholes Street,Investigation complete; no suspect identified,west-yorkshire,BDT_BS
107056062,violent-crime,2022-12,53.760186,-1.756059,On or near Belmont Crescent,Unable to prosecute suspect,west-yorkshire,BDT_BS
107054994,violent-crime,2022-12,53.775516,-1.754407,On or near Woodroyd Road,Unable to prosecute suspect,west-yorkshire,BDT_BS
107055000,violent-crime,2022-12,53.765305,-1.762628,On or near Scott Street,Unable to prosecute suspect,west-yorkshire,BDT_BS
107054042,violent-crime,2022-12,53.775069,-1.746823,On or near Springwood Avenue,Unable to prosecute suspect,west-yorkshire,BDT_BS
107055133,violent-crime,2022-12,53.779949,-1.751012,On or near Birk Lea Street,Court result unavailable,west-yorkshire,BDT_BS
107032303,violent-crime,2022-12,53.780155,-1.754760,On or near Springwell Drive,Unable to prosecute suspect,west-yorkshire,BDT_BS
107043229,violent-crime,2022-12,53.772555,-1.765986,On or near Deneside Terrace,Unable to prosecute suspect,west-yorkshire,BDT_BS
107044013,violent-crime,2022-12,53.772956,-1.750417,On or near Henley Court,Investigation complete; no suspect identified,west-yorkshire,BDT_BS
107059141,violent-crime,2022-12,53.772779,-1.727052,On or near Rook Lane,Unable to prosecute suspect,west-yorkshire,BDT_BS
107049738,violent-crime,2022-12,53.776378,-1.762702,On or near Reginald Street,Unable to prosecute suspect,west-yorkshire,BDT_BS
107034143,violent-crime,2022-12,53.781076,-1.739806,On or near Flockton Crescent,Investigation complete; no suspect identified,west-yorkshire,BDT_BS
107034210,violent-crime,2022-12,53.766505,-1.765307,On or near Ashworth Place,Unable to prosecute suspect,west-yorkshire,BDT_BS
107036036,violent-crime,2022-12,53.774486,-1.747327,On or near Federation Street,Investigation complete; no suspect identified,west-yorkshire,BDT_BS
107036102,violent-crime,2022-12,53.774486,-1.747327,On or near Federation Street,Unable to prosecute suspect,west-yorkshire,BDT_BS
107063043,violent-crime,2022-12,53.774633,-1.732350,On or near Anerley Street,Unable to prosecute suspect,west-yorkshire,BDT_BS
107046463,violent-crime,2022-12,53.771781,-1.730973,On or near ,Unable to prosecute suspect,west-yorkshire,BDT_BS
107038809,violent-crime,2022-12,53.770417,-1.757077,On or near Mayo Avenue,Investigation complete; no suspect identified,west-yorkshire,BDT_BS
107057388,violent-crime,2022-12,53.771866,-1.762637,On or near Scholes Street,Unable to prosecute suspect,west-yorkshire,BDT_BS
107056205,violent-crime,2022-12,53.781478,-1.738468,On or near Teville Court,Unable to prosecute suspect,west-yorkshire,BDT_BS
107040655,violent-crime,2022-12,53.769541,-1.734203,On or near Mill House Rise,Unable to prosecute suspect,west-yorkshire,BDT_BS
107040763,violent-crime,2022-12,53.772561,-1.764454,On or near Smiddles Lane,Unable to prosecute suspect,west-yorkshire,BDT_BS
107041533,violent-crime,2022-12,53.772865,-1.725230,On or near St Johns Close,Investigation complete; no suspect identified,west-yorkshire,BDT_BS
107046257,violent-crime,2022-12,53.767013,-1.753835,On or near Radfield Road,Unable to prosecute suspect,west-yorkshire,BDT_BS
107046340,violent-crime,2022-12,53.778288,-1.751720,On or near Aston Road,Unable to prosecute suspect,west-yorkshire,BDT_BS
107047601,violent-crime,2022-12,53.765918,-1.725685,On or near Fallowfield Place,Unable to prosecute suspect,west-yorkshire,BDT_BS
107048708,violent-crime,2022-12,53.761879,-1.732037,On or near Walker Street,Unable to prosecute suspect,west-yorkshire,BDT_BS
107050181,violent-crime,2022-12,53.763670,-1.767810,On or near Hardy Avenue,Unable to prosecute suspect,west-yorkshire,BDT_BS
107053266,violent-crime,2022-12,53.762580,-1.761915,On or near Capa Terrace,Unable to prosecute suspect,west-yorkshire,BDT_BS
107051967,violent-crime,2022-12,53.771685,-1.744492,On or near Fellside Close,Unable to prosecute suspect,west-yorkshire,BDT_BS
107057511,violent-crime,2022-12,53.773381,-1.747334,On or near Daleside Walk,Unable to prosecute suspect,west-yorkshire,BDT_BS
107064533,violent-crime,2022-12,53.769455,-1.727801,On or near Ilbert Avenue,Unable to prosecute suspect,west-yorkshire,BDT_BS
107065200,violent-crime,2022-12,53.776340,-1.757361,On or near Boynton Terrace,Investigation complete; no suspect identified,west-yorkshire,BDT_BS
107066433,violent-crime,2022-12,53.774981,-1.760814,On or near Broken Way,Investigation complete; no suspect identified,west-yorkshire,BDT_BS
107051742,violent-crime,2022-12,53.769151,-1.720809,On or near Dawson Mount,Investigation complete; no suspect identified,west-yorkshire,BDT_BS
107047044,violent-crime,2022-12,53.777133,-1.736947,On or near Bowling Hall Road,Unable to prosecute suspect,west-yorkshire,BDT_BS
107063164,violent-crime,2022-12,53.768991,-1.729291,On or near Heath Hall Avenue,Unable to prosecute suspect,west-yorkshire,BDT_BS
107056150,violent-crime,2022-12,53.768627,-1.731266,On or near Neville Avenue,Unable to prosecute suspect,west-yorkshire,BDT_BS
107057692,violent-crime,2022-12,53.773381,-1.747334,On or near Daleside Walk,Unable to prosecute suspect,west-yorkshire,BDT_BS
107064515,violent-crime,2022-12,53.772561,-1.764454,On or near Smiddles Lane,Status update unavailable,west-yorkshire,BDT_BS
107053989,violent-crime,2022-12,53.774767,-1.757264,On or near Little Cross Street,Court result unavailable,west-yorkshire,BDT_BS
107051909,violent-crime,2022-12,53.775516,-1.754407,On or near Woodroyd Road,Unable to prosecute suspect,west-yorkshire,BDT_BS
107051362,violent-crime,2022-12,53.776725,-1.727072,On or near Corban Street,Investigation complete; no suspect identified,west-yorkshire,BDT_BS
107069580,violent-crime,2022-12,53.780155,-1.754760,On or near Springwell Drive,Unable to prosecute suspect,west-yorkshire,BDT_BS
107063923,violent-crime,2022-12,53.770032,-1.720803,On or near Dawson Place,Unable to prosecute suspect,west-yorkshire,BDT_BS
107064683,violent-crime,2022-12,53.771685,-1.744492,On or near Fellside Close,Unable to prosecute suspect,west-yorkshire,BDT_BS
107057889,violent-crime,2022-12,53.776725,-1.727072,On or near Corban Street,Unable to prosecute suspect,west-yorkshire,BDT_BS
107069703,violent-crime,2022-12,53.775516,-1.754407,On or near Woodroyd Road,Status update unavailable,west-yorkshire,BDT_BS
107053292,violent-crime,2022-12,53.769721,-1.746461,On or near Highbridge Terrace,Unable to prosecute suspect,west-yorkshire,BDT_BS
107067788,violent-crime,2022-12,53.765008,-1.762493,On or near Pearson Road (west),Unable to prosecute suspect,west-yorkshire,BDT_BS
107056216,violent-crime,2022-12,53.760186,-1.756059,On or near Belmont Crescent,Unable to prosecute suspect,west-yorkshire,BDT_BS
107055581,violent-crime,2022-12,53.779949,-1.751012,On or near Birk Lea Street,Unable to prosecute suspect,west-yorkshire,BDT_BS
107051291,violent-crime,2022-12,53.765224,-1.749294,On or near Newhall Drive,Unable to prosecute suspect,west-yorkshire,BDT_BS
107051531,violent-crime,2022-12,53.771049,-1.763142,On or near Carr Street,Unable to prosecute suspect,west-yorkshire,BDT_BS
107051068,violent-crime,2022-12,53.767758,-1.724793,On or near Fairfax Avenue,Unable to prosecute suspect,west-yorkshire,BDT_BS
107060684,violent-crime,2022-12,53.770205,-1.763693,On or near Draughton Street,Unable to prosecute suspect,west-yorkshire,BDT_BS
107051304,violent-crime,2022-12,53.765224,-1.749294,On or near Newhall Drive,Unable to prosecute suspect,west-yorkshire,BDT_BS
107050879,violent-crime,2022-12,53.775067,-1.745852,On or near Avenue Road,Unable to prosecute suspect,west-yorkshire,BDT_BS
107056549,violent-crime,2022-12,53.780216,-1.749463,On or near Dalcross Grove,Unable to prosecute suspect,west-yorkshire,BDT_BS
107061924,violent-crime,2022-12,53.776728,-1.753702,On or near Tichborne Road,Unable to prosecute suspect,west-yorkshire,BDT_BS
107060652,violent-crime,2022-12,53.770205,-1.763693,On or near Draughton Street,Unable to prosecute suspect,west-yorkshire,BDT_BS
107058858,violent-crime,2022-12,53.762636,-1.733215,On or near Delaware Court,Investigation complete; no suspect identified,west-yorkshire,BDT_BS
107056885,violent-crime,2022-12,53.772122,-1.722990,On or near Knowles Street,Investigation complete; no suspect identified,west-yorkshire,BDT_BS
107042370,violent-crime,2022-12,53.768888,-1.765931,On or near St Matthew's Road,Unable to prosecute suspect,west-yorkshire,BDT_BS
107049725,violent-crime,2022-12,53.776378,-1.762702,On or near Reginald Street,Unable to prosecute suspect,west-yorkshire,BDT_BS
107049494,violent-crime,2022-12,53.768991,-1.729291,On or near Heath Hall Avenue,Unable to prosecute suspect,west-yorkshire,BDT_BS
107056522,violent-crime,2022-12,53.765918,-1.725685,On or near Fallowfield Place,Unable to prosecute suspect,west-yorkshire,BDT_BS
107047351,violent-crime,2022-12,53.763843,-1.730280,On or near Middlegate Court,Unable to prosecute suspect,west-yorkshire,BDT_BS
107046739,violent-crime,2022-12,53.769721,-1.746461,On or near Highbridge Terrace,Unable to prosecute suspect,west-yorkshire,BDT_BS
107045835,violent-crime,2022-12,53.776725,-1.727072,On or near Corban Street,Unable to prosecute suspect,west-yorkshire,BDT_BS
107045544,violent-crime,2022-12,53.770461,-1.761446,On or near Runswick Terrace,Unable to prosecute suspect,west-yorkshire,BDT_BS
107044720,violent-crime,2022-12,53.763843,-1.730280,On or near Middlegate Court,Offender given a caution,west-yorkshire,BDT_BS
107056518,violent-crime,2022-12,53.765918,-1.725685,On or near Fallowfield Place,Unable to prosecute suspect,west-yorkshire,BDT_BS
107043251,violent-crime,2022-12,53.776340,-1.757361,On or near Boynton Terrace,Status update unavailable,west-yorkshire,BDT_BS
107040015,violent-crime,2022-12,53.768494,-1.724227,On or near Miles Hill Crescent,Unable to prosecute suspect,west-yorkshire,BDT_BS
107053251,violent-crime,2022-12,53.762580,-1.761915,On or near Capa Terrace,Unable to prosecute suspect,west-yorkshire,BDT_BS
107054575,violent-crime,2022-12,53.768038,-1.733014,On or near Alred Court,Status update unavailable,west-yorkshire,BDT_BS
107054391,violent-crime,2022-12,53.773176,-1.743952,On or near Spring Wood Gardens,Unable to prosecute suspect,west-yorkshire,BDT_BS
107054005,violent-crime,2022-12,53.770094,-1.736460,On or near Sangster Way,Unable to prosecute suspect,west-yorkshire,BDT_BS
107054180,violent-crime,2022-12,53.768587,-1.763566,On or near ,Unable to prosecute suspect,west-yorkshire,BDT_BS
107053729,violent-crime,2022-12,53.771169,-1.747302,On or near Parkway,Unable to prosecute suspect,west-yorkshire,BDT_BS
107053731,violent-crime,2022-12,53.771169,-1.747302,On or near Parkway,Unable to prosecute suspect,west-yorkshire,BDT_BS
107053687,violent-crime,2022-12,53.763216,-1.731240,On or near Danby Avenue,Unable to prosecute suspect,west-yorkshire,BDT_BS
107053662,violent-crime,2022-12,53.769455,-1.727801,On or near Ilbert Avenue,Unable to prosecute suspect,west-yorkshire,BDT_BS
107053323,violent-crime,2022-12,53.776725,-1.727072,On or near Corban Street,Unable to prosecute suspect,west-yorkshire,BDT_BS
107062262,violent-crime,2022-12,53.772555,-1.765986,On or near Deneside Terrace,Unable to prosecute suspect,west-yorkshire,BDT_BS
107037787,violent-crime,2022-12,53.774633,-1.732350,On or near Anerley Street,Local resolution,west-yorkshire,BDT_BS
107060138,violent-crime,2022-12,53.769186,-1.757478,On or near Mayo Drive,Unable to prosecute suspect,west-yorkshire,BDT_BS
107032926,violent-crime,2022-12,53.779926,-1.740041,On or near Flockton Drive,Unable to prosecute suspect,west-yorkshire,BDT_BS
107067846,violent-crime,2022-12,53.777463,-1.752803,On or near Clough Street,Unable to prosecute suspect,west-yorkshire,BDT_BS
107068036,violent-crime,2022-12,53.780146,-1.750313,On or near Dalcross Street,Court result unavailable,west-yorkshire,BDT_BS
107068682,violent-crime,2022-12,53.769541,-1.734203,On or near Mill House Rise,Unable to prosecute suspect,west-yorkshire,BDT_BS
107069311,violent-crime,2022-12,53.767185,-1.737889,On or near The Fairway,Unable to prosecute suspect,west-yorkshire,BDT_BS
107049793,violent-crime,2022-12,53.764639,-1.724768,On or near Fawcett Place,Unable to prosecute suspect,west-yorkshire,BDT_BS
107052650,other-crime,2022-12,53.778298,-1.756531,On or near Defarge Court,Unable to prosecute suspect,west-yorkshire,BDT_BS
107041430,other-crime,2022-12,53.767160,-1.722340,On or near Fallowfield Drive,Further action is not in the public interest,west-yorkshire,BDT_BS
107061712,other-crime,2022-12,53.770950,-1.721374,On or near Railway Street,Unable to prosecute suspect,west-yorkshire,BDT_BS
107063196,other-crime,2022-12,53.768991,-1.729291,On or near Heath Hall Avenue,Unable to prosecute suspect,west-yorkshire,BDT_BS
107060914,other-crime,2022-12,53.763920,-1.767066,On or near Crawford Avenue,Unable to prosecute suspect,west-yorkshire,BDT_BS
107063148,other-crime,2022-12,53.773768,-1.752141,On or near Hopbine Road,Further investigation is not in the public interest,west-yorkshire,BDT_BS
107038271,other-crime,2022-12,53.772561,-1.764454,On or near Smiddles Lane,Unable to prosecute suspect,west-yorkshire,BDT_BS
107047150,other-crime,2022-12,53.774633,-1.732350,On or near Anerley Street,Further action is not in the public interest,west-yorkshire,BDT_BS
107071547,anti-social-behaviour,2022-12,53.783771,-1.805429,On or near Ashmount,,west-yorkshire,BDT_BW
107072616,anti-social-behaviour,2022-12,53.787237,-1.797793,On or near Walker Avenue,,west-yorkshire,BDT_BW
107071316,anti-social-behaviour,2022-12,53.795892,-1.808849,On or near Bedivere Road,,west-yorkshire,BDT_BW
107071325,anti-social-behaviour,2022-12,53.804141,-1.818803,On or near Dene Mount,,west-yorkshire,BDT_BW
107072100,anti-social-behaviour,2022-12,53.797908,-1.828515,On or near Bracewell Avenue,,west-yorkshire,BDT_BW
107070432,anti-social-behaviour,2022-12,53.805569,-1.806679,On or near Shaftesbury Court,,west-yorkshire,BDT_BW
107072627,anti-social-behaviour,2022-12,53.799272,-1.792437,On or near Loft Street,,west-yorkshire,BDT_BW
107070492,anti-social-behaviour,2022-12,53.797408,-1.824692,On or near Woodpecker Close,,west-yorkshire,BDT_BW
107071125,anti-social-behaviour,2022-12,53.799272,-1.792437,On or near Loft Street,,west-yorkshire,BDT_BW
107072529,anti-social-behaviour,2022-12,53.802906,-1.811064,On or near Park Hill Drive,,west-yorkshire,BDT_BW
107065861,bicycle-theft,2022-12,53.797395,-1.793433,On or near ,Investigation complete; no suspect identified,west-yorkshire,BDT_BW
107056499,burglary,2022-12,53.786551,-1.807070,On or near Badsworth Court,Investigation complete; no suspect identified,west-yorkshire,BDT_BW
107036978,burglary,2022-12,53.807497,-1.809707,On or near Malvern Brow,Investigation complete; no suspect identified,west-yorkshire,BDT_BW
107041904,burglary,2022-12,53.794887,-1.815412,On or near Sheldrake Avenue,Status update unavailable,west-yorkshire,BDT_BW
107054396,burglary,2022-12,53.795721,-1.814239,On or near Lower Grange Close,Unable to prosecute suspect,west-yorkshire,BDT_BW
107054881,burglary,2022-12,53.784105,-1.806019,On or near Lidget Terrace,Court result unavailable,west-yorkshire,BDT_BW
107069697,burglary,2022-12,53.800879,-1.819378,On or near Daffodil Court,Investigation complete; no suspect identified,west-yorkshire,BDT_BW
107035054,burglary,2022-12,53.792466,-1.796523,On or near Glenrose Drive,Investigation complete; no suspect identified,west-yorkshire,BDT_BW
107050072,burglary,2022-12,53.790279,-1.836212,On or near Churchill Road,Investigation complete; no suspect identified,west-yorkshire,BDT_BW
107034028,burglary,2022-12,53.795721,-1.814239,On or near Lower Grange Close,Investigation complete; no suspect identified,west-yorkshire,BDT_BW
107049922,burglary,2022-12,53.793283,-1.807085,On or near Middlebrook Rise,Investigation complete; no suspect identified,west-yorkshire,BDT_BW
107066283,burglary,2022-12,53.800825,-1.831996,On or near Meadow Bank,Investigation complete; no suspect identified,west-yorkshire,BDT_BW
107038488,criminal-damage-arson,2022-12,53.804021,-1.829068,On or near Hill Top Lane,Investigation complete; no suspect identified,west-yorkshire,BDT_BW
107053442,criminal-damage-arson,2022-12,53.797675,-1.822277,On or near Atherstone Road,Court result unavailable,west-yorkshire,BDT_BW
107066598,criminal-damage-arson,2022-12,53.799952,-1.824499,On or near Roxburgh Grove,Investigation complete; no suspect identified,west-yorkshire,BDT_BW
107068008,criminal-damage-arson,2022-12,53.784203,-1.811239,On or near Thirsk Grange,Investigation complete; no suspect identified,west-yorkshire,BDT_BW
107036160,criminal-damage-arson,2022-12,53.797133,-1.826894,On or near Chelwood Drive,Investigation complete; no suspect identified,west-yorkshire,BDT_BW
107056461,criminal-damage-arson,2022-12,53.797675,-1.822277,On or near Atherstone Road,Unable to prosecute suspect,west-yorkshire,BDT_BW
107050988,criminal-damage-arson,2022-12,53.797133,-1.826894,On or near Chelwood Drive,Investigation complete; no suspect identified,west-yorkshire,BDT_BW
107043456,criminal-damage-arson,2022-12,53.806913,-1.804137,On or near Hazelhurst Road,Unable to prosecute suspect,west-yorkshire,BDT_BW
107040423,criminal-damage-arson,2022-12,53.787627,-1.800007,On or near Brooksbank Avenue,Investigation complete; no suspect identified,west-yorkshire,BDT_BW
107060119,criminal-damage-arson,2022-12,53.804273,-1.823084,On or near Prescott Terrace,Unable to prosecute suspect,west-yorkshire,BDT_BW
107042313,criminal-damage-arson,2022-12,53.799830,-1.792950,On or near Clement Street,Investigation complete; no suspect identified,west-yorkshire,BDT_BW
107038195,criminal-damage-arson,2022-12,53.804141,-1.818803,On or near Dene Mount,Local resolution,west-yorkshire,BDT_BW
107034916,criminal-damage-arson,2022-12,53.783545,-1.810013,On or near Tanton Walk,Investigation complete; no suspect identified,west-yorkshire,BDT_BW
107035193,criminal-damage-arson,2022-12,53.802855,-1.824745,On or near Quaver Lane,Investigation complete; no suspect identified,west-yorkshire,BDT_BW
107056022,criminal-damage-arson,2022-12,53.800879,-1.819378,On or near Daffodil Court,Unable to prosecute suspect,west-yorkshire,BDT_BW
107065266,criminal-damage-arson,2022-12,53.804019,-1.827504,On or near Downside Crescent,Unable to prosecute suspect,west-yorkshire,BDT_BW
107046209,criminal-damage-arson,2022-12,53.796665,-1.808663,On or near Kirkstall Grove,Status update unavailable,west-yorkshire,BDT_BW
107047525,criminal-damage-arson,2022-12,53.804430,-1.820198,On or near Lower Copy,Investigation complete; no suspect identified,west-yorkshire,BDT_BW
107064294,criminal-damage-arson,2022-12,53.795676,-1.803096,On or near Thornton Old Road,Local resolution,west-yorkshire,BDT_BW
107058436,criminal-damage-arson,2022-12,53.806342,-1.806585,On or near Shaftesbury Avenue,Unable to prosecute suspect,west-yorkshire,BDT_BW
107060672,criminal-damage-arson,2022-12,53.797268,-1.814764,On or near Mallard Court,Unable to prosecute suspect,west-yorkshire,BDT_BW
107067127,criminal-damage-arson,2022-12,53.784203,-1.811239,On or near Thirsk Grange,Investigation complete; no suspect identified,west-yorkshire,BDT_BW
107048538,criminal-damage-arson,2022-12,53.797133,-1.826894,On or near Chelwood Drive,Investigation complete; no suspect identified,west-yorkshire,BDT_BW
107056619,criminal-damage-arson,2022-12,53.802160,-1.816276,On or near Greenbank Road,Investigation complete; no suspect identified,west-yorkshire,BDT_BW
107048768,criminal-damage-arson,2022-12,53.784688,-1.811055,On or near Bradford Road,Unable to prosecute suspect,west-yorkshire,BDT_BW
107038467,criminal-damage-arson,2022-12,53.796435,-1.823102,On or near Greenway Drive,Investigation complete; no suspect identified,west-yorkshire,BDT_BW
107063979,drugs,2022-12,53.803585,-1.819731,On or near Bright Street,Investigation complete; no suspect identified,west-yorkshire,BDT_BW
107065721,drugs,2022-12,53.797675,-1.822277,On or near Atherstone Road,Unable to prosecute suspect,west-yorkshire,BDT_BW
107069890,drugs,2022-12,53.794154,-1.812409,On or near Springs Meadow,Further investigation is not in the public interest,west-yorkshire,BDT_BW
107054214,drugs,2022-12,53.785093,-1.817367,On or near Deep Lane,Status update unavailable,west-yorkshire,BDT_BW
107042671,other-theft,2022-12,53.783407,-1.808375,On or near Tanton Crescent,Investigation complete; no suspect identified,west-yorkshire,BDT_BW
107059267,other-theft,2022-12,53.783407,-1.808375,On or near Tanton Crescent,Investigation complete; no suspect identified,west-yorkshire,BDT_BW
107032165,other-theft,2022-12,53.796746,-1.803046,On or near Green Top Street,Investigation complete; no suspect identified,west-yorkshire,BDT_BW
107066638,other-theft,2022-12,53.798146,-1.802144,On or near Shuttleworth Lane,Investigation complete; no suspect identified,west-yorkshire,BDT_BW
107034253,other-theft,2022-12,53.794619,-1.816430,On or near Avocet Close,Offender given a caution,west-yorkshire,BDT_BW
107047126,other-theft,2022-12,53.791753,-1.829284,On or near ,Investigation complete; no suspect identified,west-yorkshire,BDT_BW
107067940,other-theft,2022-12,53.799272,-1.792437,On or near Loft Street,Investigation complete; no suspect identified,west-yorkshire,BDT_BW
107052005,other-theft,2022-12,53.791753,-1.829284,On or near ,Investigation complete; no suspect identified,west-yorkshire,BDT_BW
107044344,other-theft,2022-12,53.793008,-1.840118,On or near North Cliffe Lane,Unable to prosecute suspect,west-yorkshire,BDT_BW
107033995,other-theft,2022-12,53.805073,-1.829564,On or near Upper Ferndown Green,Investigation complete; no suspect identified,west-yorkshire,BDT_BW
107050761,other-theft,2022-12,53.797046,-1.816829,On or near Kingfisher Grove,Status update unavailable,west-yorkshire,BDT_BW
107046654,other-theft,2022-12,53.797046,-1.816829,On or near Kingfisher Grove,Investigation complete; no suspect identified,west-yorkshire,BDT_BW
107039412,other-theft,2022-12,53.794040,-1.808144,On or near Leaventhorpe Way,Investigation complete; no suspect identified,west-yorkshire,BDT_BW
107049582,other-theft,2022-12,53.791753,-1.829284,On or near ,Investigation complete; no suspect identified,west-yorkshire,BDT_BW
107050408,other-theft,2022-12,53.801814,-1.802369,On or near Hedge Side,Status update unavailable,west-yorkshire,BDT_BW
107040900,other-theft,2022-12,53.800881,-1.820639,On or near Wanstead Crescent,Investigation complete; no suspect identified,west-yorkshire,BDT_BW
107066553,other-theft,2022-12,53.797667,-1.816994,On or near Linnet Close,Investigation complete; no suspect identified,west-yorkshire,BDT_BW
107049188,other-theft,2022-12,53.787237,-1.797793,On or near Walker Avenue,Further investigation is not in the public interest,west-yorkshire,BDT_BW
107052983,other-theft,2022-12,53.783545,-1.810013,On or near Tanton Walk,Unable to prosecute suspect,west-yorkshire,BDT_BW
107056319,other-theft,2022-12,53.801668,-1.800988,On or near Bull Royd Drive,Investigation complete; no suspect identified,west-yorkshire,BDT_BW
107037458,possession-of-weapons,2022-12,53.782635,-1.814312,On or near Thornaby Drive,Unable to prosecute suspect,west-yorkshire,BDT_BW
107035437,public-order,2022-12,53.799272,-1.792437,On or near Loft Street,Unable to prosecute suspect,west-yorkshire,BDT_BW
107065725,public-order,2022-12,53.782837,-1.811230,On or near Thearne Green,Investigation complete; no suspect identified,west-yorkshire,BDT_BW
107036819,public-order,2022-12,53.783657,-1.806992,On or near Terrington Crest,Unable to prosecute suspect,west-yorkshire,BDT_BW
107039265,public-order,2022-12,53.795734,-1.822573,On or near Kirklees Road,Unable to prosecute suspect,west-yorkshire,BDT_BW
107036234,public-order,2022-12,53.802104,-1.821134,On or near Upper Grange Avenue,Investigation complete; no suspect identified,west-yorkshire,BDT_BW
107036226,public-order,2022-12,53.802104,-1.821134,On or near Upper Grange Avenue,Investigation complete; no suspect identified,west-yorkshire,BDT_BW
107036224,public-order,2022-12,53.802104,-1.821134,On or near Upper Grange Avenue,Investigation complete; no suspect identified,west-yorkshire,BDT_BW
107064344,public-order,2022-12,53.802104,-1.821134,On or near Upper Grange Avenue,Investigation complete; no suspect identified,west-yorkshire,BDT_BW
107036181,public-order,2022-12,53.801296,-1.793976,On or near Lingwood Road,Investigation complete; no suspect identified,west-yorkshire,BDT_BW
107034922,public-order,2022-12,53.804579,-1.817267,On or near Westlands Grove,Unable to prosecute suspect,west-yorkshire,BDT_BW
107041751,public-order,2022-12,53.787627,-1.800007,On or near Brooksbank Avenue,Unable to prosecute suspect,west-yorkshire,BDT_BW
107034542,public-order,2022-12,53.805800,-1.828377,On or near North Parade,Investigation complete; no suspect identified,west-yorkshire,BDT_BW
107064208,public-order,2022-12,53.805073,-1.829564,On or near Upper Ferndown Green,Unable to prosecute suspect,west-yorkshire,BDT_BW
107047361,public-order,2022-12,53.796257,-1.800862,On or near Fairweather Mews,Investigation complete; no suspect identified,west-yorkshire,BDT_BW
107051475,public-order,2022-12,53.802906,-1.811064,On or near Park Hill Drive,Unable to prosecute suspect,west-yorkshire,BDT_BW
107052193,public-order,2022-12,53.803890,-1.831756,On or near Cote Lane,Unable to prosecute suspect,west-yorkshire,BDT_BW
107051569,public-order,2022-12,53.800438,-1.796363,On or near Lady Royd Gate,Unable to prosecute suspect,west-yorkshire,BDT_BW
107055424,public-order,2022-12,53.792697,-1.805767,On or near Middlebrook Crescent,Unable to prosecute suspect,west-yorkshire,BDT_BW
107051379,public-order,2022-12,53.793331,-1.803578,On or near Middlebrook Walk,Unable to prosecute suspect,west-yorkshire,BDT_BW
107056731,public-order,2022-12,53.801703,-1.794976,On or near Lingwood Terrace,Investigation complete; no suspect identified,west-yorkshire,BDT_BW
107055136,public-order,2022-12,53.802104,-1.821134,On or near Upper Grange Avenue,Investigation complete; no suspect identified,west-yorkshire,BDT_BW
107052679,public-order,2022-12,53.808334,-1.804890,On or near Sunny Brow Lane,Unable to prosecute suspect,west-yorkshire,BDT_BW
107065337,public-order,2022-12,53.799832,-1.816817,On or near Grange Road,Investigation complete; no suspect identified,west-yorkshire,BDT_BW
107065897,public-order,2022-12,53.799644,-1.800360,On or near Templar's Way,Investigation complete; no suspect identified,west-yorkshire,BDT_BW
107053105,public-order,2022-12,53.808334,-1.804890,On or near Sunny Brow Lane,Court result unavailable,west-yorkshire,BDT_BW
107066745,public-order,2022-12,53.804141,-1.818803,On or near Dene Mount,Investigation complete; no suspect identified,west-yorkshire,BDT_BW
107052952,robbery,2022-12,53.805800,-1.828377,On or near North Parade,Investigation complete; no suspect identified,west-yorkshire,BDT_BW
107038336,robbery,2022-12,53.785093,-1.817367,On or near Deep Lane,Investigation complete; no suspect identified,west-yorkshire,BDT_BW
107054498,robbery,2022-12,53.799830,-1.792950,On or near Clement Street,Unable to prosecute suspect,west-yorkshire,BDT_BW
107032329,shoplifting,2022-12,53.802928,-1.817930,On or near ,Investigation complete; no suspect identified,west-yorkshire,BDT_BW
107042955,shoplifting,2022-12,53.802928,-1.817930,On or near ,Investigation complete; no suspect identified,west-yorkshire,BDT_BW
107063574,shoplifting,2022-12,53.805682,-1.821438,On or near Supermarket,Court result unavailable,west-yorkshire,BDT_BW
107032469,shoplifting,2022-12,53.802928,-1.817930,On or near ,Investigation complete; no suspect identified,west-yorkshire,BDT_BW
107032911,shoplifting,2022-12,53.802928,-1.817930,On or near ,Investigation complete; no suspect identified,west-yorkshire,BDT_BW
107044026,shoplifting,2022-12,53.802928,-1.817930,On or near ,Investigation complete; no suspect identified,west-yorkshire,BDT_BW
107069329,shoplifting,2022-12,53.802928,-1.817930,On or near ,Investigation complete; no suspect identified,west-yorkshire,BDT_BW
107065528,shoplifting,2022-12,53.802928,-1.817930,On or near ,Investigation complete; no suspect identified,west-yorkshire,BDT_BW
107055468,theft-from-the-person,2022-12,53.805800,-1.828377,On or near North Parade,Unable to prosecute suspect,west-yorkshire,BDT_BW
107033206,vehicle-crime,2022-12,53.785376,-1.820098,On or near Town End Road,Investigation complete; no suspect identified,west-yorkshire,BDT_BW
107069549,vehicle-crime,2022-12,53.783407,-1.808375,On or near Tanton Crescent,Investigation complete; no suspect identified,west-yorkshire,BDT_BW
107066770,vehicle-crime,2022-12,53.798146,-1.802144,On or near Shuttleworth Lane,Investigation complete; no suspect identified,west-yorkshire,BDT_BW
107042325,vehicle-crime,2022-12,53.797815,-1.814275,On or near Vivien Road,Unable to prosecute suspect,west-yorkshire,BDT_BW
107032717,vehicle-crime,2022-12,53.783757,-1.819361,On or near Green End,Investigation complete; no suspect identified,west-yorkshire,BDT_BW
107070251,vehicle-crime,2022-12,53.793641,-1.795030,On or near Glenbrook Drive,Investigation complete; no suspect identified,west-yorkshire,BDT_BW
107067007,vehicle-crime,2022-12,53.794154,-1.812409,On or near Springs Meadow,Investigation complete; no suspect identified,west-yorkshire,BDT_BW
107069571,vehicle-crime,2022-12,53.806342,-1.806585,On or near Shaftesbury Avenue,Unable to prosecute suspect,west-yorkshire,BDT_BW
107070191,vehicle-crime,2022-12,53.797637,-1.798639,On or near Vine Terrace (east),Investigation complete; no suspect identified,west-yorkshire,BDT_BW
107048839,vehicle-crime,2022-12,53.799420,-1.817290,On or near Grange Terrace,Investigation complete; no suspect identified,west-yorkshire,BDT_BW
107069929,vehicle-crime,2022-12,53.783407,-1.808375,On or near Tanton Crescent,Investigation complete; no suspect identified,west-yorkshire,BDT_BW
107066032,vehicle-crime,2022-12,53.795877,-1.799209,On or near Munby Street,Investigation complete; no suspect identified,west-yorkshire,BDT_BW
107053505,vehicle-crime,2022-12,53.806913,-1.804137,On or near Hazelhurst Road,Unable to prosecute suspect,west-yorkshire,BDT_BW
107068042,vehicle-crime,2022-12,53.806913,-1.804137,On or near Hazelhurst Road,Investigation complete; no suspect identified,west-yorkshire,BDT_BW
107039936,violent-crime,2022-12,53.784105,-1.806019,On or near Lidget Terrace,Investigation complete; no suspect identified,west-yorkshire,BDT_BW
107040090,violent-crime,2022-12,53.798669,-1.808745,On or near Eton Fold,Unable to prosecute suspect,west-yorkshire,BDT_BW
107040119,violent-crime,2022-12,53.782549,-1.811292,On or near Snowdens Walk,Unable to prosecute suspect,west-yorkshire,BDT_BW
107040137,violent-crime,2022-12,53.782549,-1.811292,On or near Snowdens Walk,Unable to prosecute suspect,west-yorkshire,BDT_BW
107040756,violent-crime,2022-12,53.799251,-1.818307,On or near Abbey Lea,Unable to prosecute suspect,west-yorkshire,BDT_BW
107040874,violent-crime,2022-12,53.806332,-1.823895,On or near Meadowbank Avenue,Investigation complete; no suspect identified,west-yorkshire,BDT_BW
107042300,violent-crime,2022-12,53.798669,-1.808745,On or near Eton Fold,Unable to prosecute suspect,west-yorkshire,BDT_BW
107046885,violent-crime,2022-12,53.796982,-1.810408,On or near Rodin Avenue,Unable to prosecute suspect,west-yorkshire,BDT_BW
107049171,violent-crime,2022-12,53.784115,-1.818388,On or near Beech Grove,Unable to prosecute suspect,west-yorkshire,BDT_BW
107049618,violent-crime,2022-12,53.792606,-1.835049,On or near Allerton View,Unable to prosecute suspect,west-yorkshire,BDT_BW
107050037,violent-crime,2022-12,53.797675,-1.822277,On or near Atherstone Road,Court result unavailable,west-yorkshire,BDT_BW
107051006,violent-crime,2022-12,53.797133,-1.826894,On or near Chelwood Drive,Investigation complete; no suspect identified,west-yorkshire,BDT_BW
107052941,violent-crime,2022-12,53.805482,-1.820331,On or near Denby Lane,Unable to prosecute suspect,west-yorkshire,BDT_BW
107053009,violent-crime,2022-12,53.796627,-1.802090,On or near Bellshaw Street,Unable to prosecute suspect,west-yorkshire,BDT_BW
107053110,violent-crime,2022-12,53.796435,-1.823102,On or near Greenway Drive,Investigation complete; no suspect identified,west-yorkshire,BDT_BW
107053118,violent-crime,2022-12,53.796435,-1.823102,On or near Greenway Drive,Investigation complete; no suspect identified,west-yorkshire,BDT_BW
107053391,violent-crime,2022-12,53.804000,-1.826866,On or near Locherbie Green,Unable to prosecute suspect,west-yorkshire,BDT_BW
107056922,violent-crime,2022-12,53.798669,-1.808745,On or near Eton Fold,Unable to prosecute suspect,west-yorkshire,BDT_BW
107057199,violent-crime,2022-12,53.804273,-1.823084,On or near Prescott Terrace,Unable to prosecute suspect,west-yorkshire,BDT_BW
107057549,violent-crime,2022-12,53.785700,-1.808637,On or near Sandringham Close,Unable to prosecute suspect,west-yorkshire,BDT_BW
107061078,violent-crime,2022-12,53.798780,-1.822530,On or near Weyhill Drive,Investigation complete; no suspect identified,west-yorkshire,BDT_BW
107064185,violent-crime,2022-12,53.805073,-1.829564,On or near Upper Ferndown Green,Unable to prosecute suspect,west-yorkshire,BDT_BW
107064711,violent-crime,2022-12,53.798328,-1.820148,On or near Crediton Court,Investigation complete; no suspect identified,west-yorkshire,BDT_BW
107065115,violent-crime,2022-12,53.797908,-1.828515,On or near Bracewell Avenue,Unable to prosecute suspect,west-yorkshire,BDT_BW
107065559,violent-crime,2022-12,53.798552,-1.797390,On or near Green Close,Unable to prosecute suspect,west-yorkshire,BDT_BW
107062659,violent-crime,2022-12,53.800613,-1.815614,On or near Grange Avenue,Unable to prosecute suspect,west-yorkshire,BDT_BW
107033223,violent-crime,2022-12,53.806332,-1.823895,On or near Meadowbank Avenue,Investigation complete; no suspect identified,west-yorkshire,BDT_BW
107064007,violent-crime,2022-12,53.784105,-1.806019,On or near Lidget Terrace,Investigation complete; no suspect identified,west-yorkshire,BDT_BW
107053241,violent-crime,2022-12,53.806052,-1.805371,On or near Cranbourne Road,Unable to prosecute suspect,west-yorkshire,BDT_BW
107056574,violent-crime,2022-12,53.805412,-1.815533,On or near Lyndhurst Grove,Unable to prosecute suspect,west-yorkshire,BDT_BW
107056601,violent-crime,2022-12,53.792153,-1.797466,On or near Camellia Mount,Unable to prosecute suspect,west-yorkshire,BDT_BW
107063474,violent-crime,2022-12,53.794154,-1.812409,On or near Springs Meadow,Unable to prosecute suspect,west-yorkshire,BDT_BW
107056108,violent-crime,2022-12,53.806213,-1.822423,On or near Canford Road,Investigation complete; no suspect identified,west-yorkshire,BDT_BW
107050762,violent-crime,2022-12,53.802979,-1.794833,On or near Squire Lane,Unable to prosecute suspect,west-yorkshire,BDT_BW
107034279,violent-crime,2022-12,53.804000,-1.826866,On or near Locherbie Green,Investigation complete; no suspect identified,west-yorkshire,BDT_BW
107045903,violent-crime,2022-12,53.800105,-1.824438,On or near Leyden Rise,Unable to prosecute suspect,west-yorkshire,BDT_BW
107068102,violent-crime,2022-12,53.792394,-1.819324,On or near Southlands Grove,Further investigation is not in the public interest,west-yorkshire,BDT_BW
107036498,violent-crime,2022-12,53.806065,-1.825142,On or near Leyside Drive,Investigation complete; no suspect identified,west-yorkshire,BDT_BW
107065272,violent-crime,2022-12,53.804019,-1.827504,On or near Downside Crescent,Unable to prosecute suspect,west-yorkshire,BDT_BW
107063953,violent-crime,2022-12,53.803138,-1.815664,On or near Grape Street,Unable to prosecute suspect,west-yorkshire,BDT_BW
107045708,violent-crime,2022-12,53.795892,-1.808849,On or near Bedivere Road,Unable to prosecute suspect,west-yorkshire,BDT_BW
107046824,violent-crime,2022-12,53.791751,-1.834506,On or near School Green Avenue,Unable to prosecute suspect,west-yorkshire,BDT_BW
107047419,violent-crime,2022-12,53.798858,-1.820359,On or near Bowmere Drive,Unable to prosecute suspect,west-yorkshire,BDT_BW
107049032,violent-crime,2022-12,53.800105,-1.824438,On or near Leyden Rise,Unable to prosecute suspect,west-yorkshire,BDT_BW
107050265,violent-crime,2022-12,53.796435,-1.823102,On or near Greenway Drive,Unable to prosecute suspect,west-yorkshire,BDT_BW
107055627,violent-crime,2022-12,53.794154,-1.812409,On or near Springs Meadow,Unable to prosecute suspect,west-yorkshire,BDT_BW
107055589,violent-crime,2022-12,53.797665,-1.815961,On or near Falcon Mews,Unable to prosecute suspect,west-yorkshire,BDT_BW
107056266,violent-crime,2022-12,53.801216,-1.799502,On or near Bull Royd Crescent,Unable to prosecute suspect,west-yorkshire,BDT_BW
107056357,violent-crime,2022-12,53.797268,-1.814764,On or near Mallard Court,Unable to prosecute suspect,west-yorkshire,BDT_BW
107057410,violent-crime,2022-12,53.806342,-1.806585,On or near Shaftesbury Avenue,Unable to prosecute suspect,west-yorkshire,BDT_BW
107059336,violent-crime,2022-12,53.806052,-1.805371,On or near Cranbourne Road,Unable to prosecute suspect,west-yorkshire,BDT_BW
107059596,violent-crime,2022-12,53.804579,-1.817267,On or near Westlands Grove,Unable to prosecute suspect,west-yorkshire,BDT_BW
107065124,violent-crime,2022-12,53.797908,-1.828515,On or near Bracewell Avenue,Unable to prosecute suspect,west-yorkshire,BDT_BW
107065885,violent-crime,2022-12,53.799644,-1.800360,On or near Templar's Way,Investigation complete; no suspect identified,west-yorkshire,BDT_BW
107054722,violent-crime,2022-12,53.802195,-1.821939,On or near Thurston Gardens,Unable to prosecute suspect,west-yorkshire,BDT_BW
107057637,violent-crime,2022-12,53.799272,-1.792437,On or near Loft Street,Investigation complete; no suspect identified,west-yorkshire,BDT_BW
107064361,violent-crime,2022-12,53.802104,-1.821134,On or near Upper Grange Avenue,Investigation complete; no suspect identified,west-yorkshire,BDT_BW
107057159,violent-crime,2022-12,53.805800,-1.828377,On or near North Parade,Unable to prosecute suspect,west-yorkshire,BDT_BW
107053090,violent-crime,2022-12,53.796435,-1.823102,On or near Greenway Drive,Investigation complete; no suspect identified,west-yorkshire,BDT_BW
107051004,violent-crime,2022-12,53.797133,-1.826894,On or near Chelwood Drive,Unable to prosecute suspect,west-yorkshire,BDT_BW
107053056,violent-crime,2022-12,53.796435,-1.823102,On or near Greenway Drive,Unable to prosecute suspect,west-yorkshire,BDT_BW
107049156,violent-crime,2022-12,53.784115,-1.818388,On or near Beech Grove,Unable to prosecute suspect,west-yorkshire,BDT_BW
107070008,violent-crime,2022-12,53.791711,-1.825641,On or near Thornton Road,Investigation complete; no suspect identified,west-yorkshire,BDT_BW
107069391,violent-crime,2022-12,53.804000,-1.826866,On or near Locherbie Green,Action to be taken by another organisation,west-yorkshire,BDT_BW
107068285,violent-crime,2022-12,53.782736,-1.815829,On or near Throxenby Way,Investigation complete; no suspect identified,west-yorkshire,BDT_BW
107067743,violent-crime,2022-12,53.799251,-1.818307,On or near Abbey Lea,Investigation complete; no suspect identified,west-yorkshire,BDT_BW
107066743,violent-crime,2022-12,53.793331,-1.803578,On or near Middlebrook Walk,Unable to prosecute suspect,west-yorkshire,BDT_BW
107066127,violent-crime,2022-12,53.785499,-1.801459,On or near Rockland Crescent,Status update unavailable,west-yorkshire,BDT_BW
107066068,violent-crime,2022-12,53.800265,-1.800646,On or near St John's Crescent,Unable to prosecute suspect,west-yorkshire,BDT_BW
107069524,violent-crime,2022-12,53.795734,-1.822573,On or near Kirklees Road,Unable to prosecute suspect,west-yorkshire,BDT_BW
107068406,violent-crime,2022-12,53.800959,-1.807232,On or near Manor Close,Unable to prosecute suspect,west-yorkshire,BDT_BW
107056542,violent-crime,2022-12,53.786551,-1.807070,On or near Badsworth Court,Unable to prosecute suspect,west-yorkshire,BDT_BW
107056027,violent-crime,2022-12,53.796257,-1.800862,On or near Fairweather Mews,Unable to prosecute suspect,west-yorkshire,BDT_BW
107056008,violent-crime,2022-12,53.796257,-1.800862,On or near Fairweather Mews,Unable to prosecute suspect,west-yorkshire,BDT_BW
107051625,violent-crime,2022-12,53.792351,-1.832971,On or near Old Road,Unable to prosecute suspect,west-yorkshire,BDT_BW
107051557,violent-crime,2022-12,53.799085,-1.815636,On or near Grangeway,Unable to prosecute suspect,west-yorkshire,BDT_BW
107051036,violent-crime,2022-12,53.799644,-1.800360,On or near Templar's Way,Unable to prosecute suspect,west-yorkshire,BDT_BW
107062047,violent-crime,2022-12,53.801536,-1.819664,On or near Avenel Terrace,Unable to prosecute suspect,west-yorkshire,BDT_BW
107062004,violent-crime,2022-12,53.800613,-1.815614,On or near Grange Avenue,Unable to prosecute suspect,west-yorkshire,BDT_BW
107061895,violent-crime,2022-12,53.792697,-1.805767,On or near Middlebrook Crescent,Unable to prosecute suspect,west-yorkshire,BDT_BW
107061891,violent-crime,2022-12,53.786143,-1.810396,On or near Crestville Terrace,Unable to prosecute suspect,west-yorkshire,BDT_BW
107061584,violent-crime,2022-12,53.782736,-1.815829,On or near Throxenby Way,Unable to prosecute suspect,west-yorkshire,BDT_BW
107061781,violent-crime,2022-12,53.805569,-1.806679,On or near Shaftesbury Court,Unable to prosecute suspect,west-yorkshire,BDT_BW
107059861,violent-crime,2022-12,53.795676,-1.803096,On or near Thornton Old Road,Unable to prosecute suspect,west-yorkshire,BDT_BW
107059566,violent-crime,2022-12,53.804579,-1.817267,On or near Westlands Grove,Unable to prosecute suspect,west-yorkshire,BDT_BW
107059359,violent-crime,2022-12,53.799830,-1.792950,On or near Clement Street,Investigation complete; no suspect identified,west-yorkshire,BDT_BW
107057954,violent-crime,2022-12,53.808334,-1.804890,On or near Sunny Brow Lane,Court result unavailable,west-yorkshire,BDT_BW
107058438,violent-crime,2022-12,53.806342,-1.806585,On or near Shaftesbury Avenue,Unable to prosecute suspect,west-yorkshire,BDT_BW
107058197,violent-crime,2022-12,53.787237,-1.797793,On or near Walker Avenue,Investigation complete; no suspect identified,west-yorkshire,BDT_BW
107058026,violent-crime,2022-12,53.796435,-1.823102,On or near Greenway Drive,Status update unavailable,west-yorkshire,BDT_BW
107057398,violent-crime,2022-12,53.797826,-1.793112,On or near Rosetta Drive,Unable to prosecute suspect,west-yorkshire,BDT_BW
107050388,violent-crime,2022-12,53.796435,-1.823102,On or near Greenway Drive,Unable to prosecute suspect,west-yorkshire,BDT_BW
107049020,violent-crime,2022-12,53.799272,-1.792437,On or near Loft Street,Court result unavailable,west-yorkshire,BDT_BW
107047607,violent-crime,2022-12,53.783757,-1.819361,On or near Green End,Further investigation is not in the public interest,west-yorkshire,BDT_BW
107047591,violent-crime,2022-12,53.804430,-1.820198,On or near Lower Copy,Unable to prosecute suspect,west-yorkshire,BDT_BW
107047292,violent-crime,2022-12,53.795877,-1.799209,On or near Munby Street,Unable to prosecute suspect,west-yorkshire,BDT_BW
107045852,violent-crime,2022-12,53.795103,-1.815623,On or near Fulmar Mews,Unable to prosecute suspect,west-yorkshire,BDT_BW
107045380,violent-crime,2022-12,53.806342,-1.806585,On or near Shaftesbury Avenue,Unable to prosecute suspect,west-yorkshire,BDT_BW
107044773,violent-crime,2022-12,53.792394,-1.819324,On or near Southlands Grove,Unable to prosecute suspect,west-yorkshire,BDT_BW
107043449,violent-crime,2022-12,53.801703,-1.794976,On or near Lingwood Terrace,Unable to prosecute suspect,west-yorkshire,BDT_BW
107043627,violent-crime,2022-12,53.803735,-1.800918,On or near Crow Tree Lane,Investigation complete; no suspect identified,west-yorkshire,BDT_BW
107042957,violent-crime,2022-12,53.782549,-1.811292,On or near Snowdens Walk,Unable to prosecute suspect,west-yorkshire,BDT_BW
107040765,violent-crime,2022-12,53.802104,-1.821134,On or near Upper Grange Avenue,Action to be taken by another organisation,west-yorkshire,BDT_BW
107055810,violent-crime,2022-12,53.800265,-1.800646,On or near St John's Crescent,Unable to prosecute suspect,west-yorkshire,BDT_BW
107055182,violent-crime,2022-12,53.797675,-1.822277,On or near Atherstone Road,Unable to prosecute suspect,west-yorkshire,BDT_BW
107054980,violent-crime,2022-12,53.795892,-1.808849,On or near Bedivere Road,Unable to prosecute suspect,west-yorkshire,BDT_BW
107054628,violent-crime,2022-12,53.795676,-1.803096,On or near Thornton Old Road,Unable to prosecute suspect,west-yorkshire,BDT_BW
107054147,violent-crime,2022-12,53.808334,-1.804890,On or near Sunny Brow Lane,Unable to prosecute suspect,west-yorkshire,BDT_BW
107053086,violent-crime,2022-12,53.796435,-1.823102,On or near Greenway Drive,Unable to prosecute suspect,west-yorkshire,BDT_BW
107052502,violent-crime,2022-12,53.802195,-1.821939,On or near Thurston Gardens,Court result unavailable,west-yorkshire,BDT_BW
107052456,violent-crime,2022-12,53.795892,-1.808849,On or near Bedivere Road,Unable to prosecute suspect,west-yorkshire,BDT_BW
107052657,violent-crime,2022-12,53.808334,-1.804890,On or near Sunny Brow Lane,Unable to prosecute suspect,west-yorkshire,BDT_BW
107052350,violent-crime,2022-12,53.796608,-1.812413,On or near Charteris Road,Unable to prosecute suspect,west-yorkshire,BDT_BW
107039740,violent-crime,2022-12,53.806253,-1.831427,On or near Old Appletree Lane,Unable to prosecute suspect,west-yorkshire,BDT_BW
107038458,violent-crime,2022-12,53.801703,-1.794976,On or near Lingwood Terrace,Unable to prosecute suspect,west-yorkshire,BDT_BW
107034543,violent-crime,2022-12,53.782736,-1.815829,On or near Throxenby Way,Unable to prosecute suspect,west-yorkshire,BDT_BW
107032067,violent-crime,2022-12,53.799251,-1.818307,On or near Abbey Lea,Investigation complete; no suspect identified,west-yorkshire,BDT_BW
107032178,violent-crime,2022-12,53.800613,-1.815614,On or near Grange Avenue,Unable to prosecute suspect,west-yorkshire,BDT_BW
107032556,violent-crime,2022-12,53.807831,-1.804649,On or near Hazelhurst Terrace,Investigation complete; no suspect identified,west-yorkshire,BDT_BW
107032560,violent-crime,2022-12,53.807831,-1.804649,On or near Hazelhurst Terrace,Investigation complete; no suspect identified,west-yorkshire,BDT_BW
107032758,violent-crime,2022-12,53.785432,-1.821478,On or near Ryefield Avenue,Unable to prosecute suspect,west-yorkshire,BDT_BW
107032961,violent-crime,2022-12,53.798669,-1.808745,On or near Eton Fold,Unable to prosecute suspect,west-yorkshire,BDT_BW
107042747,violent-crime,2022-12,53.786551,-1.807070,On or near Badsworth Court,Investigation complete; no suspect identified,west-yorkshire,BDT_BW
107043573,violent-crime,2022-12,53.805800,-1.828377,On or near North Parade,Unable to prosecute suspect,west-yorkshire,BDT_BW
107044228,violent-crime,2022-12,53.804751,-1.830522,On or near Colyton Mount,Unable to prosecute suspect,west-yorkshire,BDT_BW
107044235,violent-crime,2022-12,53.804751,-1.830522,On or near Colyton Mount,Unable to prosecute suspect,west-yorkshire,BDT_BW
107044675,violent-crime,2022-12,53.797826,-1.793112,On or near Rosetta Drive,Unable to prosecute suspect,west-yorkshire,BDT_BW
107045207,violent-crime,2022-12,53.796570,-1.811184,On or near Arthur Avenue,Unable to prosecute suspect,west-yorkshire,BDT_BW
107045290,violent-crime,2022-12,53.796570,-1.811184,On or near Arthur Avenue,Unable to prosecute suspect,west-yorkshire,BDT_BW
107034227,violent-crime,2022-12,53.803058,-1.799175,On or near The Boundary,Unable to prosecute suspect,west-yorkshire,BDT_BW
107034635,violent-crime,2022-12,53.795577,-1.819978,On or near Willow Bank Close,Unable to prosecute suspect,west-yorkshire,BDT_BW
107034846,violent-crime,2022-12,53.800613,-1.815614,On or near Grange Avenue,Unable to prosecute suspect,west-yorkshire,BDT_BW
107035279,violent-crime,2022-12,53.782736,-1.815829,On or near Throxenby Way,Unable to prosecute suspect,west-yorkshire,BDT_BW
107035283,violent-crime,2022-12,53.796447,-1.825121,On or near Jackdaw Close,Investigation complete; no suspect identified,west-yorkshire,BDT_BW
107035442,violent-crime,2022-12,53.799251,-1.818307,On or near Abbey Lea,Unable to prosecute suspect,west-yorkshire,BDT_BW
107036133,violent-crime,2022-12,53.796447,-1.825121,On or near Jackdaw Close,Investigation complete; no suspect identified,west-yorkshire,BDT_BW
107036289,violent-crime,2022-12,53.798328,-1.820148,On or near Crediton Court,Investigation complete; no suspect identified,west-yorkshire,BDT_BW
107036314,violent-crime,2022-12,53.799272,-1.792437,On or near Loft Street,Unable to prosecute suspect,west-yorkshire,BDT_BW
107036751,violent-crime,2022-12,53.803003,-1.815300,On or near Prospect Terrace,Unable to prosecute suspect,west-yorkshire,BDT_BW
107036760,violent-crime,2022-12,53.803003,-1.815300,On or near Prospect Terrace,Unable to prosecute suspect,west-yorkshire,BDT_BW
107036876,violent-crime,2022-12,53.803003,-1.815300,On or near Prospect Terrace,Unable to prosecute suspect,west-yorkshire,BDT_BW
107037036,violent-crime,2022-12,53.791657,-1.838392,On or near Brooklands Avenue,Investigation complete; no suspect identified,west-yorkshire,BDT_BW
107037050,violent-crime,2022-12,53.791657,-1.838392,On or near Brooklands Avenue,Investigation complete; no suspect identified,west-yorkshire,BDT_BW
107037627,violent-crime,2022-12,53.796435,-1.823102,On or near Greenway Drive,Investigation complete; no suspect identified,west-yorkshire,BDT_BW
107037639,violent-crime,2022-12,53.796435,-1.823102,On or near Greenway Drive,Investigation complete; no suspect identified,west-yorkshire,BDT_BW
107047794,violent-crime,2022-12,53.797665,-1.815961,On or near Falcon Mews,Action to be taken by another organisation,west-yorkshire,BDT_BW
107038922,violent-crime,2022-12,53.798867,-1.808380,On or near Abbeydale Drive,Unable to prosecute suspect,west-yorkshire,BDT_BW
107039093,violent-crime,2022-12,53.804021,-1.829068,On or near Hill Top Lane,Unable to prosecute suspect,west-yorkshire,BDT_BW
107039247,violent-crime,2022-12,53.801161,-1.827758,On or near Coriander Close,Unable to prosecute suspect,west-yorkshire,BDT_BW
107039887,violent-crime,2022-12,53.808334,-1.804890,On or near Sunny Brow Lane,Unable to prosecute suspect,west-yorkshire,BDT_BW
107068901,violent-crime,2022-12,53.804141,-1.818803,On or near Dene Mount,Investigation complete; no suspect identified,west-yorkshire,BDT_BW
107049117,violent-crime,2022-12,53.804751,-1.830522,On or near Colyton Mount,Unable to prosecute suspect,west-yorkshire,BDT_BW
107049536,violent-crime,2022-12,53.784619,-1.801888,On or near Woodvale Grove,Unable to prosecute suspect,west-yorkshire,BDT_BW
107053373,other-crime,2022-12,53.801536,-1.819664,On or near Avenel Terrace,Status update unavailable,west-yorkshire,BDT_BW
107068808,other-crime,2022-12,53.800613,-1.815614,On or near Grange Avenue,Further investigation is not in the public interest,west-yorkshire,BDT_BW
107065585,other-crime,2022-12,53.798718,-1.828740,On or near Merrivale Road,Investigation complete; no suspect identified,west-yorkshire,BDT_BW
107051308,other-crime,2022-12,53.798718,-1.828740,On or near Merrivale Road,Unable to prosecute suspect,west-yorkshire,BDT_BW
107055736,other-crime,2022-12,53.804021,-1.829068,On or near Hill Top Lane,Unable to prosecute suspect,west-yorkshire,BDT_BW
107032181,other-crime,2022-12,53.800613,-1.815614,On or near Grange Avenue,Unable to prosecute suspect,west-yorkshire,BDT_BW
107067436,other-crime,2022-12,53.802928,-1.817930,On or near ,Further investigation is not in the public interest,west-yorkshire,BDT_BW
107055984,other-crime,2022-12,53.797675,-1.822277,On or near Atherstone Road,Unable to prosecute suspect,west-yorkshire,BDT_BW
107038724,other-crime,2022-12,53.801703,-1.794976,On or near Lingwood Terrace,Further investigation is not in the public interest,west-yorkshire,BDT_BW
107072553,anti-social-behaviour,2022-12,53.796738,-1.755103,On or near Upper Piccadilly,,west-yorkshire,BDT_CI
107072246,anti-social-behaviour,2022-12,53.794366,-1.746631,On or near Hick Street,,west-yorkshire,BDT_CI
107072223,anti-social-behaviour,2022-12,53.793594,-1.751417,On or near Broadway,,west-yorkshire,BDT_CI
107072098,anti-social-behaviour,2022-12,53.799525,-1.764120,On or near Gracechurch Street,,west-yorkshire,BDT_CI
107072096,anti-social-behaviour,2022-12,53.794297,-1.748195,On or near Well Street,,west-yorkshire,BDT_CI
107072134,anti-social-behaviour,2022-12,53.802953,-1.744059,On or near Northampton Street,,west-yorkshire,BDT_CI
107071672,anti-social-behaviour,2022-12,53.799354,-1.733848,On or near Lonsdale Street,,west-yorkshire,BDT_CI
107071592,anti-social-behaviour,2022-12,53.799525,-1.764120,On or near Gracechurch Street,,west-yorkshire,BDT_CI
107071455,anti-social-behaviour,2022-12,53.791256,-1.759780,On or near Southbrook Terrace,,west-yorkshire,BDT_CI
107071369,anti-social-behaviour,2022-12,53.799752,-1.734939,On or near Bangla Court,,west-yorkshire,BDT_CI
107071177,anti-social-behaviour,2022-12,53.793818,-1.746968,On or near Aked Street,,west-yorkshire,BDT_CI
107070897,anti-social-behaviour,2022-12,53.794596,-1.745081,On or near Peckover Street,,west-yorkshire,BDT_CI
107070895,anti-social-behaviour,2022-12,53.790129,-1.776483,On or near Flaxton Place,,west-yorkshire,BDT_CI
107071111,anti-social-behaviour,2022-12,53.796001,-1.755092,On or near Darley Street,,west-yorkshire,BDT_CI
107070799,anti-social-behaviour,2022-12,53.794684,-1.743957,On or near East Parade,,west-yorkshire,BDT_CI
107070793,anti-social-behaviour,2022-12,53.795844,-1.752862,On or near Commerce Street,,west-yorkshire,BDT_CI
107070442,anti-social-behaviour,2022-12,53.794891,-1.752548,On or near Mann's Court,,west-yorkshire,BDT_CI
107070440,anti-social-behaviour,2022-12,53.801009,-1.755670,On or near Inkersley Road,,west-yorkshire,BDT_CI
107070706,anti-social-behaviour,2022-12,53.794982,-1.757512,On or near Barry Street,,west-yorkshire,BDT_CI
107072515,anti-social-behaviour,2022-12,53.791430,-1.752341,On or near ,,west-yorkshire,BDT_CI
107070885,anti-social-behaviour,2022-12,53.795039,-1.745914,On or near Burnett Street,,west-yorkshire,BDT_CI
107070822,anti-social-behaviour,2022-12,53.798666,-1.744070,On or near Kendra Way,,west-yorkshire,BDT_CI
107070812,anti-social-behaviour,2022-12,53.787607,-1.768801,On or near Grantham Road,,west-yorkshire,BDT_CI
107071685,anti-social-behaviour,2022-12,53.795681,-1.756673,On or near James Street,,west-yorkshire,BDT_CI
107070785,anti-social-behaviour,2022-12,53.797527,-1.741086,On or near Hill Side Road,,west-yorkshire,BDT_CI
107070676,anti-social-behaviour,2022-12,53.782154,-1.761228,On or near Park Lane,,west-yorkshire,BDT_CI
107072124,anti-social-behaviour,2022-12,53.802953,-1.744059,On or near Northampton Street,,west-yorkshire,BDT_CI
107072126,anti-social-behaviour,2022-12,53.802953,-1.744059,On or near Northampton Street,,west-yorkshire,BDT_CI
107071948,anti-social-behaviour,2022-12,53.793594,-1.751417,On or near Broadway,,west-yorkshire,BDT_CI
107070591,anti-social-behaviour,2022-12,53.788239,-1.756519,On or near Radwell Drive,,west-yorkshire,BDT_CI
107070791,anti-social-behaviour,2022-12,53.798313,-1.747184,On or near Cross Sun Street,,west-yorkshire,BDT_CI
107071616,anti-social-behaviour,2022-12,53.799525,-1.764120,On or near Gracechurch Street,,west-yorkshire,BDT_CI
107071549,anti-social-behaviour,2022-12,53.788877,-1.761235,On or near Lower Ashgrove,,west-yorkshire,BDT_CI
107070480,anti-social-behaviour,2022-12,53.792204,-1.752853,On or near Norfolk Gardens,,west-yorkshire,BDT_CI
107070789,anti-social-behaviour,2022-12,53.794462,-1.753689,On or near Queensgate,,west-yorkshire,BDT_CI
107066669,bicycle-theft,2022-12,53.792539,-1.754065,On or near Channing Way,Investigation complete; no suspect identified,west-yorkshire,BDT_CI
107065804,bicycle-theft,2022-12,53.793594,-1.751417,On or near Broadway,Investigation complete; no suspect identified,west-yorkshire,BDT_CI
107031985,bicycle-theft,2022-12,53.800864,-1.750965,On or near Cape Street,Investigation complete; no suspect identified,west-yorkshire,BDT_CI
107051821,bicycle-theft,2022-12,53.795767,-1.745985,On or near ,Unable to prosecute suspect,west-yorkshire,BDT_CI
107066820,burglary,2022-12,53.797191,-1.752383,On or near Bradford Forster Square,Investigation complete; no suspect identified,west-yorkshire,BDT_CI
107043979,burglary,2022-12,53.788072,-1.754121,On or near Reyhill Grove,Investigation complete; no suspect identified,west-yorkshire,BDT_CI
107054382,burglary,2022-12,53.794784,-1.757407,On or near ,Investigation complete; no suspect identified,west-yorkshire,BDT_CI
107051219,burglary,2022-12,53.799650,-1.737718,On or near Haslam Close,Investigation complete; no suspect identified,west-yorkshire,BDT_CI
107032060,burglary,2022-12,53.782394,-1.764474,On or near Little Horton Lane,Investigation complete; no suspect identified,west-yorkshire,BDT_CI
107037186,burglary,2022-12,53.796738,-1.755103,On or near Upper Piccadilly,Investigation complete; no suspect identified,west-yorkshire,BDT_CI
107032316,burglary,2022-12,53.794684,-1.743957,On or near East Parade,Investigation complete; no suspect identified,west-yorkshire,BDT_CI
107047101,burglary,2022-12,53.797882,-1.743118,On or near New Fields Walk,Investigation complete; no suspect identified,west-yorkshire,BDT_CI
107039036,burglary,2022-12,53.794891,-1.752548,On or near Mann's Court,Investigation complete; no suspect identified,west-yorkshire,BDT_CI
107062267,burglary,2022-12,53.794586,-1.749740,On or near Shopping Area,Unable to prosecute suspect,west-yorkshire,BDT_CI
107065100,burglary,2022-12,53.788486,-1.754286,On or near St Blaise Court,Investigation complete; no suspect identified,west-yorkshire,BDT_CI
107055892,burglary,2022-12,53.788416,-1.755440,On or near ,Unable to prosecute suspect,west-yorkshire,BDT_CI
107047304,burglary,2022-12,53.798666,-1.744070,On or near Kendra Way,Investigation complete; no suspect identified,west-yorkshire,BDT_CI
107052839,burglary,2022-12,53.795697,-1.756041,On or near ,Court result unavailable,west-yorkshire,BDT_CI
107054940,burglary,2022-12,53.794732,-1.762887,On or near Lower Grattan Road,Investigation complete; no suspect identified,west-yorkshire,BDT_CI
107058176,burglary,2022-12,53.788390,-1.760297,On or near Melbourne Place,Court result unavailable,west-yorkshire,BDT_CI
107067180,burglary,2022-12,53.791242,-1.766231,On or near ,Investigation complete; no suspect identified,west-yorkshire,BDT_CI
107053636,burglary,2022-12,53.789841,-1.776257,On or near Burdale Place,Investigation complete; no suspect identified,west-yorkshire,BDT_CI
107069639,burglary,2022-12,53.798666,-1.744070,On or near Kendra Way,Investigation complete; no suspect identified,west-yorkshire,BDT_CI
107068590,burglary,2022-12,53.790196,-1.760196,On or near Morley Street,Investigation complete; no suspect identified,west-yorkshire,BDT_CI
107068586,burglary,2022-12,53.790196,-1.760196,On or near Morley Street,Investigation complete; no suspect identified,west-yorkshire,BDT_CI
107068410,burglary,2022-12,53.795907,-1.752664,On or near Cheapside,Investigation complete; no suspect identified,west-yorkshire,BDT_CI
107051415,burglary,2022-12,53.794784,-1.757407,On or near ,Unable to prosecute suspect,west-yorkshire,BDT_CI
107067982,burglary,2022-12,53.781421,-1.762977,On or near Holme Street,Investigation complete; no suspect identified,west-yorkshire,BDT_CI
107066157,burglary,2022-12,53.781842,-1.762520,On or near Hampden Place,Investigation complete; no suspect identified,west-yorkshire,BDT_CI
107055681,burglary,2022-12,53.790004,-1.758284,On or near Parking Area,Unable to prosecute suspect,west-yorkshire,BDT_CI
107052879,burglary,2022-12,53.795628,-1.752817,On or near ,Investigation complete; no suspect identified,west-yorkshire,BDT_CI
107047120,burglary,2022-12,53.789141,-1.767457,On or near Back Laisteridge Lane,Investigation complete; no suspect identified,west-yorkshire,BDT_CI
107037863,burglary,2022-12,53.786914,-1.768638,On or near Retford Place,Investigation complete; no suspect identified,west-yorkshire,BDT_CI
107043571,criminal-damage-arson,2022-12,53.796483,-1.753389,On or near School Street,Investigation complete; no suspect identified,west-yorkshire,BDT_CI
107051587,criminal-damage-arson,2022-12,53.799354,-1.733848,On or near Lonsdale Street,Investigation complete; no suspect identified,west-yorkshire,BDT_CI
107052268,criminal-damage-arson,2022-12,53.800279,-1.754627,On or near ,Court result unavailable,west-yorkshire,BDT_CI
107056675,criminal-damage-arson,2022-12,53.785729,-1.773820,On or near Dirkhill Street,Court result unavailable,west-yorkshire,BDT_CI
107051553,criminal-damage-arson,2022-12,53.793056,-1.752028,On or near Broadway,Unable to prosecute suspect,west-yorkshire,BDT_CI
107032878,criminal-damage-arson,2022-12,53.805995,-1.772846,On or near Conduit Street,Investigation complete; no suspect identified,west-yorkshire,BDT_CI
107050788,criminal-damage-arson,2022-12,53.804020,-1.764885,On or near Grosvenor Terrace,Unable to prosecute suspect,west-yorkshire,BDT_CI
107059704,criminal-damage-arson,2022-12,53.797546,-1.750225,On or near Mill Street,Unable to prosecute suspect,west-yorkshire,BDT_CI
107056696,criminal-damage-arson,2022-12,53.803270,-1.767425,On or near Back Southfield Square,Unable to prosecute suspect,west-yorkshire,BDT_CI
107040606,criminal-damage-arson,2022-12,53.799558,-1.749393,On or near North Brook Street,Investigation complete; no suspect identified,west-yorkshire,BDT_CI
107069551,criminal-damage-arson,2022-12,53.788774,-1.772969,On or near Rothesay Terrace,Investigation complete; no suspect identified,west-yorkshire,BDT_CI
107046028,criminal-damage-arson,2022-12,53.794982,-1.744760,On or near Scoresby Street,Investigation complete; no suspect identified,west-yorkshire,BDT_CI
107048513,criminal-damage-arson,2022-12,53.793591,-1.741550,On or near Joseph Street,Investigation complete; no suspect identified,west-yorkshire,BDT_CI
107051432,criminal-damage-arson,2022-12,53.800673,-1.753987,On or near ,Court result unavailable,west-yorkshire,BDT_CI
107054792,criminal-damage-arson,2022-12,53.792367,-1.757876,On or near Quebec Street,Unable to prosecute suspect,west-yorkshire,BDT_CI
107060762,criminal-damage-arson,2022-12,53.788072,-1.754121,On or near Reyhill Grove,Court result unavailable,west-yorkshire,BDT_CI
107044074,criminal-damage-arson,2022-12,53.794297,-1.748195,On or near Well Street,Investigation complete; no suspect identified,west-yorkshire,BDT_CI
107050093,criminal-damage-arson,2022-12,53.799088,-1.739604,On or near Avenham Way,Unable to prosecute suspect,west-yorkshire,BDT_CI
107054872,criminal-damage-arson,2022-12,53.793056,-1.752028,On or near Broadway,Investigation complete; no suspect identified,west-yorkshire,BDT_CI
107054297,criminal-damage-arson,2022-12,53.799186,-1.735382,On or near Hendford Drive,Investigation complete; no suspect identified,west-yorkshire,BDT_CI
107033778,criminal-damage-arson,2022-12,53.788072,-1.754121,On or near Reyhill Grove,Unable to prosecute suspect,west-yorkshire,BDT_CI
107042001,criminal-damage-arson,2022-12,53.794549,-1.756771,On or near ,Investigation complete; no suspect identified,west-yorkshire,BDT_CI
107052169,criminal-damage-arson,2022-12,53.788072,-1.754121,On or near Reyhill Grove,Court result unavailable,west-yorkshire,BDT_CI
124974940,criminal-damage-arson,2022-12,53.790729,-1.752439,Bradford Interchange (station),Status update unavailable,west-yorkshire,BDT_CI
107034725,criminal-damage-arson,2022-12,53.805995,-1.772846,On or near Conduit Street,Unable to prosecute suspect,west-yorkshire,BDT_CI
107066635,criminal-damage-arson,2022-12,53.803193,-1.769171,On or near Laburnum Place,Investigation complete; no suspect identified,west-yorkshire,BDT_CI
107034933,criminal-damage-arson,2022-12,53.789907,-1.759363,On or near Edmund Street,Investigation complete; no suspect identified,west-yorkshire,BDT_CI
107053616,criminal-damage-arson,2022-12,53.797527,-1.741086,On or near Hill Side Road,Unable to prosecute suspect,west-yorkshire,BDT_CI
107065772,criminal-damage-arson,2022-12,53.794037,-1.770982,On or near St Andrew's Villas,Unable to prosecute suspect,west-yorkshire,BDT_CI
107057841,criminal-damage-arson,2022-12,53.804533,-1.743093,On or near Chatham Street,Investigation complete; no suspect identified,west-yorkshire,BDT_CI
107041210,criminal-damage-arson,2022-12,53.794549,-1.756771,On or near ,Investigation complete; no suspect identified,west-yorkshire,BDT_CI
107061681,criminal-damage-arson,2022-12,53.784705,-1.764947,On or near Little Horton Green,Investigation complete; no suspect identified,west-yorkshire,BDT_CI
107049861,criminal-damage-arson,2022-12,53.804533,-1.743093,On or near Chatham Street,Investigation complete; no suspect identified,west-yorkshire,BDT_CI
107042226,criminal-damage-arson,2022-12,53.791430,-1.752341,On or near ,Investigation complete; no suspect identified,west-yorkshire,BDT_CI
107052633,criminal-damage-arson,2022-12,53.793555,-1.745762,On or near ,Court result unavailable,west-yorkshire,BDT_CI
107038711,criminal-damage-arson,2022-12,53.798399,-1.772264,On or near Oakwood Court,Investigation complete; no suspect identified,west-yorkshire,BDT_CI
107050993,criminal-damage-arson,2022-12,53.794891,-1.752548,On or near Mann's Court,Unable to prosecute suspect,west-yorkshire,BDT_CI
107059129,criminal-damage-arson,2022-12,53.788072,-1.754121,On or near Reyhill Grove,Court result unavailable,west-yorkshire,BDT_CI
107055728,criminal-damage-arson,2022-12,53.793661,-1.753482,On or near Tyrrel Street,Unable to prosecute suspect,west-yorkshire,BDT_CI
107055972,criminal-damage-arson,2022-12,53.788072,-1.754121,On or near Reyhill Grove,Unable to prosecute suspect,west-yorkshire,BDT_CI
107055752,criminal-damage-arson,2022-12,53.793833,-1.753982,On or near Ivegate,Unable to prosecute suspect,west-yorkshire,BDT_CI
107040249,criminal-damage-arson,2022-12,53.796053,-1.754181,On or near Duke Street,Unable to prosecute suspect,west-yorkshire,BDT_CI
107051446,criminal-damage-arson,2022-12,53.782481,-1.767160,On or near Meggison Grove,Unable to prosecute suspect,west-yorkshire,BDT_CI
107051032,criminal-damage-arson,2022-12,53.788877,-1.761235,On or near Lower Ashgrove,Investigation complete; no suspect identified,west-yorkshire,BDT_CI
107034281,criminal-damage-arson,2022-12,53.795697,-1.756041,On or near ,Investigation complete; no suspect identified,west-yorkshire,BDT_CI
107046295,criminal-damage-arson,2022-12,53.798025,-1.755961,On or near Grammar School Street,Investigation complete; no suspect identified,west-yorkshire,BDT_CI
107050546,criminal-damage-arson,2022-12,53.793584,-1.773778,On or near Sir Isaac Holden Place,Unable to prosecute suspect,west-yorkshire,BDT_CI
107055266,criminal-damage-arson,2022-12,53.782092,-1.752715,On or near Ripley Street,Investigation complete; no suspect identified,west-yorkshire,BDT_CI
107039110,criminal-damage-arson,2022-12,53.804020,-1.764885,On or near Grosvenor Terrace,Unable to prosecute suspect,west-yorkshire,BDT_CI
107044226,criminal-damage-arson,2022-12,53.800864,-1.750965,On or near Cape Street,Offender given a caution,west-yorkshire,BDT_CI
107033495,criminal-damage-arson,2022-12,53.797098,-1.763846,On or near Vaughan Street,Unable to prosecute suspect,west-yorkshire,BDT_CI
107055384,criminal-damage-arson,2022-12,53.796681,-1.748985,On or near Balme Street,Investigation complete; no suspect identified,west-yorkshire,BDT_CI
107054240,criminal-damage-arson,2022-12,53.801786,-1.776345,On or near Holker Street,Further action is not in the public interest,west-yorkshire,BDT_CI
107032268,drugs,2022-12,53.802078,-1.769253,On or near Fraser Street,Local resolution,west-yorkshire,BDT_CI
107052935,drugs,2022-12,53.786908,-1.743458,On or near Rouse Fold,Local resolution,west-yorkshire,BDT_CI
107056521,drugs,2022-12,53.788072,-1.754121,On or near Reyhill Grove,Court result unavailable,west-yorkshire,BDT_CI
107052139,drugs,2022-12,53.788072,-1.754121,On or near Reyhill Grove,Unable to prosecute suspect,west-yorkshire,BDT_CI
107053400,drugs,2022-12,53.796978,-1.732739,On or near Feather Road,Local resolution,west-yorkshire,BDT_CI
107052755,drugs,2022-12,53.788072,-1.754121,On or near Reyhill Grove,Unable to prosecute suspect,west-yorkshire,BDT_CI
107053218,drugs,2022-12,53.788072,-1.754121,On or near Reyhill Grove,Unable to prosecute suspect,west-yorkshire,BDT_CI
107054261,drugs,2022-12,53.788072,-1.754121,On or near Reyhill Grove,Local resolution,west-yorkshire,BDT_CI
107051599,drugs,2022-12,53.797566,-1.746794,On or near Pine Street,Local resolution,west-yorkshire,BDT_CI
107051807,drugs,2022-12,53.788072,-1.754121,On or near Reyhill Grove,Local resolution,west-yorkshire,BDT_CI
107051507,drugs,2022-12,53.789112,-1.766213,On or near Sherborne Road,Formal action is not in the public interest,west-yorkshire,BDT_CI
107051902,drugs,2022-12,53.794684,-1.743957,On or near East Parade,Status update unavailable,west-yorkshire,BDT_CI
107051886,drugs,2022-12,53.782154,-1.761228,On or near Park Lane,Further investigation is not in the public interest,west-yorkshire,BDT_CI
107051132,drugs,2022-12,53.788072,-1.754121,On or near Reyhill Grove,Court result unavailable,west-yorkshire,BDT_CI
107061747,drugs,2022-12,53.790972,-1.761594,On or near ,Offender given a caution,west-yorkshire,BDT_CI
107054958,drugs,2022-12,53.784705,-1.764947,On or near Little Horton Green,Status update unavailable,west-yorkshire,BDT_CI
107050914,drugs,2022-12,53.794821,-1.758150,On or near Albion Street,Unable to prosecute suspect,west-yorkshire,BDT_CI
107062649,drugs,2022-12,53.790405,-1.761257,On or near Mannville Terrace,Status update unavailable,west-yorkshire,BDT_CI
107039296,drugs,2022-12,53.790319,-1.762973,On or near Claremont,Offender given a caution,west-yorkshire,BDT_CI
107050234,drugs,2022-12,53.782154,-1.761228,On or near Park Lane,Local resolution,west-yorkshire,BDT_CI
107050712,drugs,2022-12,53.788072,-1.754121,On or near Reyhill Grove,Offender given a caution,west-yorkshire,BDT_CI
107063694,drugs,2022-12,53.803086,-1.760335,On or near Cornwall Place,Status update unavailable,west-yorkshire,BDT_CI
107057102,drugs,2022-12,53.790196,-1.760196,On or near Morley Street,Court result unavailable,west-yorkshire,BDT_CI
107056623,drugs,2022-12,53.789841,-1.776257,On or near Burdale Place,Status update unavailable,west-yorkshire,BDT_CI
107048197,drugs,2022-12,53.809414,-1.756502,On or near Canal Road,Local resolution,west-yorkshire,BDT_CI
107052792,drugs,2022-12,53.797546,-1.750225,On or near Mill Street,Court result unavailable,west-yorkshire,BDT_CI
107059652,drugs,2022-12,53.788072,-1.754121,On or near Reyhill Grove,Local resolution,west-yorkshire,BDT_CI
107042691,drugs,2022-12,53.802301,-1.763422,On or near Clarendon Court,Local resolution,west-yorkshire,BDT_CI
107052742,drugs,2022-12,53.793791,-1.755348,On or near Upper Millergate,Unable to prosecute suspect,west-yorkshire,BDT_CI
107055047,drugs,2022-12,53.788072,-1.754121,On or near Reyhill Grove,Offender given a caution,west-yorkshire,BDT_CI
107051384,drugs,2022-12,53.795742,-1.764825,On or near Water Lane,Status update unavailable,west-yorkshire,BDT_CI
107036605,drugs,2022-12,53.788072,-1.754121,On or near Reyhill Grove,Local resolution,west-yorkshire,BDT_CI
107049746,drugs,2022-12,53.793345,-1.735616,On or near Upper Seymour Street,Local resolution,west-yorkshire,BDT_CI
107059211,drugs,2022-12,53.799989,-1.758106,On or near Brearton Street,Court result unavailable,west-yorkshire,BDT_CI
107056180,drugs,2022-12,53.788072,-1.754121,On or near Reyhill Grove,Local resolution,west-yorkshire,BDT_CI
107050737,drugs,2022-12,53.788072,-1.754121,On or near Reyhill Grove,Local resolution,west-yorkshire,BDT_CI
107050734,drugs,2022-12,53.788072,-1.754121,On or near Reyhill Grove,Court result unavailable,west-yorkshire,BDT_CI
107059084,drugs,2022-12,53.795742,-1.764825,On or near Water Lane,Local resolution,west-yorkshire,BDT_CI
107044259,drugs,2022-12,53.788072,-1.754121,On or near Reyhill Grove,Formal action is not in the public interest,west-yorkshire,BDT_CI
107043704,drugs,2022-12,53.788072,-1.754121,On or near Reyhill Grove,Local resolution,west-yorkshire,BDT_CI
107043560,drugs,2022-12,53.785729,-1.773820,On or near Dirkhill Street,Unable to prosecute suspect,west-yorkshire,BDT_CI
107043341,drugs,2022-12,53.788072,-1.754121,On or near Reyhill Grove,Unable to prosecute suspect,west-yorkshire,BDT_CI
107047484,drugs,2022-12,53.793840,-1.757443,On or near Southgate,Unable to prosecute suspect,west-yorkshire,BDT_CI
107045147,drugs,2022-12,53.806855,-1.766797,On or near Blenheim Road,Local resolution,west-yorkshire,BDT_CI
107054705,drugs,2022-12,53.788601,-1.771771,On or near Oulton Terrace,Investigation complete; no suspect identified,west-yorkshire,BDT_CI
107051798,drugs,2022-12,53.788072,-1.754121,On or near Reyhill Grove,Offender given a caution,west-yorkshire,BDT_CI
107062593,drugs,2022-12,53.789196,-1.758623,On or near Howard Street,Offender given a caution,west-yorkshire,BDT_CI
107043357,drugs,2022-12,53.790009,-1.774556,On or near Woodhead Road,Unable to prosecute suspect,west-yorkshire,BDT_CI
107046635,drugs,2022-12,53.795642,-1.750570,On or near Lower Kirkgate,Local resolution,west-yorkshire,BDT_CI
107049570,drugs,2022-12,53.796237,-1.755820,On or near Rawson Square,Offender given a caution,west-yorkshire,BDT_CI
107051551,drugs,2022-12,53.790196,-1.760196,On or near Morley Street,Court result unavailable,west-yorkshire,BDT_CI
107056348,drugs,2022-12,53.794891,-1.752548,On or near Mann's Court,Further action is not in the public interest,west-yorkshire,BDT_CI
107054990,drugs,2022-12,53.806325,-1.749232,On or near Exmouth Place,Local resolution,west-yorkshire,BDT_CI
107054154,drugs,2022-12,53.791430,-1.752341,On or near ,Status update unavailable,west-yorkshire,BDT_CI
107050473,drugs,2022-12,53.788072,-1.754121,On or near Reyhill Grove,Unable to prosecute suspect,west-yorkshire,BDT_CI
107043215,drugs,2022-12,53.788072,-1.754121,On or near Reyhill Grove,Offender given a caution,west-yorkshire,BDT_CI
107057874,drugs,2022-12,53.793591,-1.741550,On or near Joseph Street,Status update unavailable,west-yorkshire,BDT_CI
107051913,drugs,2022-12,53.793833,-1.753982,On or near Ivegate,Status update unavailable,west-yorkshire,BDT_CI
107046457,drugs,2022-12,53.788072,-1.754121,On or near Reyhill Grove,Local resolution,west-yorkshire,BDT_CI
107052872,drugs,2022-12,53.788072,-1.754121,On or near Reyhill Grove,Offender given a caution,west-yorkshire,BDT_CI
107069471,drugs,2022-12,53.793304,-1.754789,On or near Aldermanbury,Local resolution,west-yorkshire,BDT_CI
107053834,drugs,2022-12,53.793591,-1.741550,On or near Joseph Street,Status update unavailable,west-yorkshire,BDT_CI
107055898,drugs,2022-12,53.796165,-1.760496,On or near Baptist Place,Unable to prosecute suspect,west-yorkshire,BDT_CI
107041185,drugs,2022-12,53.788072,-1.754121,On or near Reyhill Grove,Court result unavailable,west-yorkshire,BDT_CI
107055882,drugs,2022-12,53.788072,-1.754121,On or near Reyhill Grove,Offender given a caution,west-yorkshire,BDT_CI
107055651,drugs,2022-12,53.788072,-1.754121,On or near Reyhill Grove,Unable to prosecute suspect,west-yorkshire,BDT_CI
107050001,other-theft,2022-12,53.793594,-1.751417,On or near Broadway,Formal action is not in the public interest,west-yorkshire,BDT_CI
107039015,other-theft,2022-12,53.804859,-1.752945,On or near ,Investigation complete; no suspect identified,west-yorkshire,BDT_CI
107042783,other-theft,2022-12,53.788072,-1.754121,On or near Reyhill Grove,Investigation complete; no suspect identified,west-yorkshire,BDT_CI
107032536,other-theft,2022-12,53.797527,-1.741086,On or near Hill Side Road,Unable to prosecute suspect,west-yorkshire,BDT_CI
107039394,other-theft,2022-12,53.782075,-1.757480,On or near ,Investigation complete; no suspect identified,west-yorkshire,BDT_CI
107039562,other-theft,2022-12,53.788332,-1.736830,On or near ,Investigation complete; no suspect identified,west-yorkshire,BDT_CI
107044278,other-theft,2022-12,53.788239,-1.756519,On or near Radwell Drive,Investigation complete; no suspect identified,west-yorkshire,BDT_CI
107050662,other-theft,2022-12,53.794586,-1.749740,On or near ,Investigation complete; no suspect identified,west-yorkshire,BDT_CI
107049797,other-theft,2022-12,53.794418,-1.749773,On or near ,Investigation complete; no suspect identified,west-yorkshire,BDT_CI
107041003,other-theft,2022-12,53.796738,-1.755103,On or near Upper Piccadilly,Investigation complete; no suspect identified,west-yorkshire,BDT_CI
107067635,other-theft,2022-12,53.793791,-1.755348,On or near Upper Millergate,Investigation complete; no suspect identified,west-yorkshire,BDT_CI
107070184,other-theft,2022-12,53.792860,-1.735832,On or near Knowsley Street,Investigation complete; no suspect identified,west-yorkshire,BDT_CI
107050921,other-theft,2022-12,53.791008,-1.744010,On or near New Augustus Street,Investigation complete; no suspect identified,west-yorkshire,BDT_CI
107041961,other-theft,2022-12,53.791881,-1.761993,On or near Carlton Street,Investigation complete; no suspect identified,west-yorkshire,BDT_CI
107050266,other-theft,2022-12,53.794323,-1.751686,On or near Charles Street,Investigation complete; no suspect identified,west-yorkshire,BDT_CI
107042282,other-theft,2022-12,53.794034,-1.769358,On or near Morpeth Street,Investigation complete; no suspect identified,west-yorkshire,BDT_CI
107066421,other-theft,2022-12,53.793386,-1.755244,On or near Millergate,Investigation complete; no suspect identified,west-yorkshire,BDT_CI
107065029,other-theft,2022-12,53.791430,-1.752341,On or near ,Investigation complete; no suspect identified,west-yorkshire,BDT_CI
107047228,other-theft,2022-12,53.782075,-1.757480,On or near ,Investigation complete; no suspect identified,west-yorkshire,BDT_CI
107048226,other-theft,2022-12,53.791008,-1.744010,On or near New Augustus Street,Investigation complete; no suspect identified,west-yorkshire,BDT_CI
107032831,other-theft,2022-12,53.782075,-1.757480,On or near ,Investigation complete; no suspect identified,west-yorkshire,BDT_CI
107062687,other-theft,2022-12,53.794462,-1.753689,On or near Queensgate,Investigation complete; no suspect identified,west-yorkshire,BDT_CI
107049597,other-theft,2022-12,53.793703,-1.760586,On or near Holmfield Street,Investigation complete; no suspect identified,west-yorkshire,BDT_CI
107069759,other-theft,2022-12,53.786585,-1.774741,On or near A6177,Investigation complete; no suspect identified,west-yorkshire,BDT_CI
107040239,other-theft,2022-12,53.802346,-1.759292,On or near Back Springfield Place,Investigation complete; no suspect identified,west-yorkshire,BDT_CI
107068193,other-theft,2022-12,53.782075,-1.757480,On or near ,Investigation complete; no suspect identified,west-yorkshire,BDT_CI
107051996,other-theft,2022-12,53.804859,-1.752945,On or near ,Investigation complete; no suspect identified,west-yorkshire,BDT_CI
107068180,other-theft,2022-12,53.782075,-1.757480,On or near ,Investigation complete; no suspect identified,west-yorkshire,BDT_CI
107053375,other-theft,2022-12,53.804021,-1.743081,On or near Dover Street,Investigation complete; no suspect identified,west-yorkshire,BDT_CI
107053648,other-theft,2022-12,53.795907,-1.752664,On or near Cheapside,Investigation complete; no suspect identified,west-yorkshire,BDT_CI
107053450,other-theft,2022-12,53.794549,-1.756771,On or near ,Investigation complete; no suspect identified,west-yorkshire,BDT_CI
107044517,other-theft,2022-12,53.794982,-1.744760,On or near Scoresby Street,Unable to prosecute suspect,west-yorkshire,BDT_CI
107032261,other-theft,2022-12,53.799186,-1.735382,On or near Hendford Drive,Investigation complete; no suspect identified,west-yorkshire,BDT_CI
107069427,other-theft,2022-12,53.788247,-1.774839,On or near Swinton Place,Investigation complete; no suspect identified,west-yorkshire,BDT_CI
107054111,other-theft,2022-12,53.792767,-1.769486,On or near Campus Road,Investigation complete; no suspect identified,west-yorkshire,BDT_CI
107034662,other-theft,2022-12,53.794586,-1.749740,On or near ,Investigation complete; no suspect identified,west-yorkshire,BDT_CI
107049114,other-theft,2022-12,53.782075,-1.757480,On or near ,Investigation complete; no suspect identified,west-yorkshire,BDT_CI
107042146,other-theft,2022-12,53.802094,-1.777604,On or near Aberford Road,Investigation complete; no suspect identified,west-yorkshire,BDT_CI
107037514,other-theft,2022-12,53.796681,-1.748985,On or near Balme Street,Investigation complete; no suspect identified,west-yorkshire,BDT_CI
107049409,other-theft,2022-12,53.791430,-1.752341,On or near ,Investigation complete; no suspect identified,west-yorkshire,BDT_CI
107047257,other-theft,2022-12,53.782075,-1.757480,On or near ,Investigation complete; no suspect identified,west-yorkshire,BDT_CI
107066245,other-theft,2022-12,53.788072,-1.754121,On or near Reyhill Grove,Unable to prosecute suspect,west-yorkshire,BDT_CI
107070115,other-theft,2022-12,53.794549,-1.756771,On or near ,Investigation complete; no suspect identified,west-yorkshire,BDT_CI
107040153,other-theft,2022-12,53.782075,-1.757480,On or near ,Investigation complete; no suspect identified,west-yorkshire,BDT_CI
107048002,other-theft,2022-12,53.782075,-1.757480,On or near ,Investigation complete; no suspect identified,west-yorkshire,BDT_CI
107048679,other-theft,2022-12,53.803270,-1.767425,On or near Back Southfield Square,Unable to prosecute suspect,west-yorkshire,BDT_CI
107037798,other-theft,2022-12,53.794034,-1.769358,On or near Morpeth Street,Unable to prosecute suspect,west-yorkshire,BDT_CI
107050940,other-theft,2022-12,53.793437,-1.736633,On or near Thryberg Street,Unable to prosecute suspect,west-yorkshire,BDT_CI
107037340,other-theft,2022-12,53.786492,-1.759549,On or near Woodville Terrace,Investigation complete; no suspect identified,west-yorkshire,BDT_CI
107032542,other-theft,2022-12,53.794034,-1.769358,On or near Morpeth Street,Investigation complete; no suspect identified,west-yorkshire,BDT_CI
124974941,other-theft,2022-12,53.790729,-1.752439,Bradford Interchange (station),Status update unavailable,west-yorkshire,BDT_CI
107054744,other-theft,2022-12,53.796673,-1.758352,On or near ,Offender given a caution,west-yorkshire,BDT_CI
107044136,other-theft,2022-12,53.799423,-1.753706,On or near Hamm Strasse,Unable to prosecute suspect,west-yorkshire,BDT_CI
107050124,other-theft,2022-12,53.789631,-1.760594,On or near Lansdowne Place,Investigation complete; no suspect identified,west-yorkshire,BDT_CI
107050005,other-theft,2022-12,53.800864,-1.750965,On or near Cape Street,Unable to prosecute suspect,west-yorkshire,BDT_CI
124974939,other-theft,2022-12,53.797189,-1.752537,Bradford Forster Square (station),Status update unavailable,west-yorkshire,BDT_CI
107057439,other-theft,2022-12,53.807313,-1.766522,On or near Blenheim Mount,Investigation complete; no suspect identified,west-yorkshire,BDT_CI
107055771,other-theft,2022-12,53.803817,-1.762122,On or near Manningham Lane,Investigation complete; no suspect identified,west-yorkshire,BDT_CI
107042158,other-theft,2022-12,53.794684,-1.743957,On or near East Parade,Investigation complete; no suspect identified,west-yorkshire,BDT_CI
107035024,other-theft,2022-12,53.796012,-1.755866,On or near Rawson Place,Unable to prosecute suspect,west-yorkshire,BDT_CI
107045615,other-theft,2022-12,53.803943,-1.744417,On or near Sunnyside Lane,Investigation complete; no suspect identified,west-yorkshire,BDT_CI
107067412,other-theft,2022-12,53.793386,-1.755244,On or near Millergate,Investigation complete; no suspect identified,west-yorkshire,BDT_CI
107047298,other-theft,2022-12,53.797566,-1.746794,On or near Pine Street,Offender given a caution,west-yorkshire,BDT_CI
107041680,other-theft,2022-12,53.792539,-1.754065,On or near Channing Way,Investigation complete; no suspect identified,west-yorkshire,BDT_CI
107058734,other-theft,2022-12,53.788239,-1.756519,On or near Radwell Drive,Investigation complete; no suspect identified,west-yorkshire,BDT_CI
107065936,other-theft,2022-12,53.796001,-1.755092,On or near Darley Street,Investigation complete; no suspect identified,west-yorkshire,BDT_CI
107041943,other-theft,2022-12,53.803817,-1.762122,On or near Manningham Lane,Investigation complete; no suspect identified,west-yorkshire,BDT_CI
107067885,other-theft,2022-12,53.799354,-1.733848,On or near Lonsdale Street,Investigation complete; no suspect identified,west-yorkshire,BDT_CI
107049583,other-theft,2022-12,53.793818,-1.746968,On or near Aked Street,Investigation complete; no suspect identified,west-yorkshire,BDT_CI
107045215,other-theft,2022-12,53.794034,-1.769358,On or near Morpeth Street,Investigation complete; no suspect identified,west-yorkshire,BDT_CI
107033188,other-theft,2022-12,53.799989,-1.758106,On or near Brearton Street,Investigation complete; no suspect identified,west-yorkshire,BDT_CI
107039801,other-theft,2022-12,53.809414,-1.756502,On or near Canal Road,Investigation complete; no suspect identified,west-yorkshire,BDT_CI
107047283,other-theft,2022-12,53.782075,-1.757480,On or near ,Investigation complete; no suspect identified,west-yorkshire,BDT_CI
107039358,other-theft,2022-12,53.782075,-1.757480,On or near ,Investigation complete; no suspect identified,west-yorkshire,BDT_CI
107047708,other-theft,2022-12,53.803086,-1.760335,On or near Cornwall Place,Investigation complete; no suspect identified,west-yorkshire,BDT_CI
107069574,other-theft,2022-12,53.800864,-1.750965,On or near Cape Street,Investigation complete; no suspect identified,west-yorkshire,BDT_CI
107039496,other-theft,2022-12,53.793591,-1.741550,On or near Joseph Street,Unable to prosecute suspect,west-yorkshire,BDT_CI
107032847,other-theft,2022-12,53.797882,-1.743118,On or near New Fields Walk,Status update unavailable,west-yorkshire,BDT_CI
107044396,other-theft,2022-12,53.793501,-1.749854,On or near A6181,Investigation complete; no suspect identified,west-yorkshire,BDT_CI
107048669,other-theft,2022-12,53.794586,-1.749740,On or near ,Investigation complete; no suspect identified,west-yorkshire,BDT_CI
107041897,other-theft,2022-12,53.796681,-1.748985,On or near Balme Street,Unable to prosecute suspect,west-yorkshire,BDT_CI
107040084,other-theft,2022-12,53.794366,-1.746631,On or near Hick Street,Investigation complete; no suspect identified,west-yorkshire,BDT_CI
107038846,other-theft,2022-12,53.804859,-1.752945,On or near ,Investigation complete; no suspect identified,west-yorkshire,BDT_CI
107042266,other-theft,2022-12,53.794034,-1.769358,On or near Morpeth Street,Investigation complete; no suspect identified,west-yorkshire,BDT_CI
107050194,other-theft,2022-12,53.793594,-1.751417,On or near Broadway,Investigation complete; no suspect identified,west-yorkshire,BDT_CI
107052151,other-theft,2022-12,53.782075,-1.757480,On or near ,Investigation complete; no suspect identified,west-yorkshire,BDT_CI
107038197,other-theft,2022-12,53.797583,-1.768519,On or near Thornton Street,Investigation complete; no suspect identified,west-yorkshire,BDT_CI
107038193,other-theft,2022-12,53.782296,-1.760286,On or near ,Investigation complete; no suspect identified,west-yorkshire,BDT_CI
107038183,other-theft,2022-12,53.792204,-1.752853,On or near Norfolk Gardens,Investigation complete; no suspect identified,west-yorkshire,BDT_CI
107063595,other-theft,2022-12,53.803817,-1.762122,On or near Manningham Lane,Unable to prosecute suspect,west-yorkshire,BDT_CI
107067286,other-theft,2022-12,53.797882,-1.743118,On or near New Fields Walk,Investigation complete; no suspect identified,west-yorkshire,BDT_CI
107063876,possession-of-weapons,2022-12,53.803284,-1.770036,On or near Salt Street,Unable to prosecute suspect,west-yorkshire,BDT_CI
107055832,possession-of-weapons,2022-12,53.788072,-1.754121,On or near Reyhill Grove,Offender given a caution,west-yorkshire,BDT_CI
107053359,possession-of-weapons,2022-12,53.796978,-1.732739,On or near Feather Road,Status update unavailable,west-yorkshire,BDT_CI
107050084,possession-of-weapons,2022-12,53.789849,-1.775771,On or near Cottam Terrace,Unable to prosecute suspect,west-yorkshire,BDT_CI
107045316,possession-of-weapons,2022-12,53.793982,-1.752296,On or near Market Street,Court result unavailable,west-yorkshire,BDT_CI
107058159,possession-of-weapons,2022-12,53.781441,-1.755101,On or near Megnaway,Unable to prosecute suspect,west-yorkshire,BDT_CI
107055871,public-order,2022-12,53.788072,-1.754121,On or near Reyhill Grove,Court result unavailable,west-yorkshire,BDT_CI
107063301,public-order,2022-12,53.793791,-1.755348,On or near Upper Millergate,Unable to prosecute suspect,west-yorkshire,BDT_CI
107033878,public-order,2022-12,53.798455,-1.759374,On or near Houghton Place,Local resolution,west-yorkshire,BDT_CI
107033900,public-order,2022-12,53.794586,-1.749740,On or near ,Investigation complete; no suspect identified,west-yorkshire,BDT_CI
107051892,public-order,2022-12,53.795742,-1.764825,On or near Water Lane,Status update unavailable,west-yorkshire,BDT_CI
107034582,public-order,2022-12,53.786270,-1.756409,On or near Park Road,Investigation complete; no suspect identified,west-yorkshire,BDT_CI
107034750,public-order,2022-12,53.803817,-1.762122,On or near Manningham Lane,Investigation complete; no suspect identified,west-yorkshire,BDT_CI
107036275,public-order,2022-12,53.793785,-1.752464,On or near Bank Street,Investigation complete; no suspect identified,west-yorkshire,BDT_CI
107045597,public-order,2022-12,53.806387,-1.766117,On or near Marlborough Road,Unable to prosecute suspect,west-yorkshire,BDT_CI
107037018,public-order,2022-12,53.789909,-1.755963,On or near ,Unable to prosecute suspect,west-yorkshire,BDT_CI
107037269,public-order,2022-12,53.797512,-1.734042,On or near Barkerend Road,Unable to prosecute suspect,west-yorkshire,BDT_CI
107039628,public-order,2022-12,53.797164,-1.760870,On or near ,Unable to prosecute suspect,west-yorkshire,BDT_CI
107057014,public-order,2022-12,53.793818,-1.746968,On or near Aked Street,Unable to prosecute suspect,west-yorkshire,BDT_CI
107055093,public-order,2022-12,53.794462,-1.753689,On or near Queensgate,Unable to prosecute suspect,west-yorkshire,BDT_CI
107038601,public-order,2022-12,53.792539,-1.754065,On or near Channing Way,Investigation complete; no suspect identified,west-yorkshire,BDT_CI
107038953,public-order,2022-12,53.795742,-1.764825,On or near Water Lane,Unable to prosecute suspect,west-yorkshire,BDT_CI
107050759,public-order,2022-12,53.794982,-1.744760,On or near Scoresby Street,Unable to prosecute suspect,west-yorkshire,BDT_CI
107040025,public-order,2022-12,53.794418,-1.749773,On or near ,Investigation complete; no suspect identified,west-yorkshire,BDT_CI
107041589,public-order,2022-12,53.794297,-1.748195,On or near Well Street,Investigation complete; no suspect identified,west-yorkshire,BDT_CI
107054801,public-order,2022-12,53.797546,-1.750225,On or near Mill Street,Unable to prosecute suspect,west-yorkshire,BDT_CI
107068319,public-order,2022-12,53.791430,-1.752341,On or near ,Unable to prosecute suspect,west-yorkshire,BDT_CI
107049241,public-order,2022-12,53.788072,-1.754121,On or near Reyhill Grove,Court result unavailable,west-yorkshire,BDT_CI
107048908,public-order,2022-12,53.795742,-1.764825,On or near Water Lane,Court result unavailable,west-yorkshire,BDT_CI
107050195,public-order,2022-12,53.792735,-1.772259,On or near ,Unable to prosecute suspect,west-yorkshire,BDT_CI
107056445,public-order,2022-12,53.792384,-1.740283,On or near Robert Street,Unable to prosecute suspect,west-yorkshire,BDT_CI
107057665,public-order,2022-12,53.798666,-1.744070,On or near Kendra Way,Unable to prosecute suspect,west-yorkshire,BDT_CI
107051880,public-order,2022-12,53.799186,-1.735382,On or near Hendford Drive,Unable to prosecute suspect,west-yorkshire,BDT_CI
107048043,public-order,2022-12,53.801824,-1.772489,On or near Arnold Place,Unable to prosecute suspect,west-yorkshire,BDT_CI
107066125,public-order,2022-12,53.788072,-1.754121,On or near Reyhill Grove,Unable to prosecute suspect,west-yorkshire,BDT_CI
107038709,public-order,2022-12,53.803895,-1.769653,On or near Carlisle Place,Unable to prosecute suspect,west-yorkshire,BDT_CI
107058691,public-order,2022-12,53.794462,-1.753689,On or near Queensgate,Unable to prosecute suspect,west-yorkshire,BDT_CI
107059088,public-order,2022-12,53.795742,-1.764825,On or near Water Lane,Investigation complete; no suspect identified,west-yorkshire,BDT_CI
107045660,public-order,2022-12,53.793791,-1.755348,On or near Upper Millergate,Investigation complete; no suspect identified,west-yorkshire,BDT_CI
107065666,public-order,2022-12,53.792219,-1.778871,On or near Willowfield Street,Investigation complete; no suspect identified,west-yorkshire,BDT_CI
107055575,public-order,2022-12,53.789046,-1.764756,On or near Pemberton Drive,Unable to prosecute suspect,west-yorkshire,BDT_CI
107053027,public-order,2022-12,53.799502,-1.761509,On or near Sylhet Close,Unable to prosecute suspect,west-yorkshire,BDT_CI
107056231,public-order,2022-12,53.800855,-1.773359,On or near Jasmin Terrace,Unable to prosecute suspect,west-yorkshire,BDT_CI
107041940,public-order,2022-12,53.788072,-1.754121,On or near Reyhill Grove,Court result unavailable,west-yorkshire,BDT_CI
107053153,public-order,2022-12,53.797191,-1.752383,On or near Bradford Forster Square,Investigation complete; no suspect identified,west-yorkshire,BDT_CI
107048356,public-order,2022-12,53.794982,-1.744760,On or near Scoresby Street,Unable to prosecute suspect,west-yorkshire,BDT_CI
107033234,public-order,2022-12,53.796673,-1.758352,On or near ,Investigation complete; no suspect identified,west-yorkshire,BDT_CI
107032617,public-order,2022-12,53.794462,-1.753689,On or near Queensgate,Investigation complete; no suspect identified,west-yorkshire,BDT_CI
107044464,public-order,2022-12,53.803414,-1.745423,On or near Falmouth Avenue,Unable to prosecute suspect,west-yorkshire,BDT_CI
107058687,public-order,2022-12,53.793818,-1.746968,On or near Aked Street,Investigation complete; no suspect identified,west-yorkshire,BDT_CI
107057675,public-order,2022-12,53.797527,-1.741086,On or near Hill Side Road,Unable to prosecute suspect,west-yorkshire,BDT_CI
107048665,public-order,2022-12,53.797882,-1.743118,On or near New Fields Walk,Unable to prosecute suspect,west-yorkshire,BDT_CI
107048659,public-order,2022-12,53.790328,-1.772384,On or near Summerville Road,Status update unavailable,west-yorkshire,BDT_CI
107050654,public-order,2022-12,53.781776,-1.761048,On or near Woodcross Court,Investigation complete; no suspect identified,west-yorkshire,BDT_CI
107049092,public-order,2022-12,53.789141,-1.767457,On or near Back Laisteridge Lane,Unable to prosecute suspect,west-yorkshire,BDT_CI
107049370,public-order,2022-12,53.794586,-1.749740,On or near ,Unable to prosecute suspect,west-yorkshire,BDT_CI
107065428,public-order,2022-12,53.794891,-1.752548,On or near Mann's Court,Investigation complete; no suspect identified,west-yorkshire,BDT_CI
107058398,public-order,2022-12,53.793818,-1.746968,On or near Aked Street,Unable to prosecute suspect,west-yorkshire,BDT_CI
107052153,public-order,2022-12,53.795742,-1.764825,On or near Water Lane,Investigation complete; no suspect identified,west-yorkshire,BDT_CI
107057702,public-order,2022-12,53.791008,-1.744010,On or near New Augustus Street,Investigation complete; no suspect identified,west-yorkshire,BDT_CI
107057457,public-order,2022-12,53.798025,-1.755961,On or near Grammar School Street,Unable to prosecute suspect,west-yorkshire,BDT_CI
107054232,public-order,2022-12,53.793840,-1.757443,On or near Southgate,Court result unavailable,west-yorkshire,BDT_CI
107053690,public-order,2022-12,53.796821,-1.742806,On or near Heap Street,Unable to prosecute suspect,west-yorkshire,BDT_CI
107052813,public-order,2022-12,53.792539,-1.754065,On or near Channing Way,Investigation complete; no suspect identified,west-yorkshire,BDT_CI
107064997,public-order,2022-12,53.793661,-1.753482,On or near Tyrrel Street,Court result unavailable,west-yorkshire,BDT_CI
107055922,public-order,2022-12,53.806387,-1.766117,On or near Marlborough Road,Unable to prosecute suspect,west-yorkshire,BDT_CI
107051973,public-order,2022-12,53.788072,-1.754121,On or near Reyhill Grove,Court result unavailable,west-yorkshire,BDT_CI
107051375,public-order,2022-12,53.794586,-1.749740,On or near ,Investigation complete; no suspect identified,west-yorkshire,BDT_CI
107049835,public-order,2022-12,53.800074,-1.760109,On or near Victoria Street,Investigation complete; no suspect identified,west-yorkshire,BDT_CI
107056025,public-order,2022-12,53.793056,-1.752028,On or near Broadway,Unable to prosecute suspect,west-yorkshire,BDT_CI
107057837,public-order,2022-12,53.799186,-1.735382,On or near Hendford Drive,Unable to prosecute suspect,west-yorkshire,BDT_CI
107048522,public-order,2022-12,53.793591,-1.741550,On or near Joseph Street,Investigation complete; no suspect identified,west-yorkshire,BDT_CI
124974943,public-order,2022-12,53.790729,-1.752439,Bradford Interchange (station),Status update unavailable,west-yorkshire,BDT_CI
124974942,public-order,2022-12,53.790729,-1.752439,Bradford Interchange (station),Status update unavailable,west-yorkshire,BDT_CI
107042635,public-order,2022-12,53.793791,-1.755348,On or near Upper Millergate,Investigation complete; no suspect identified,west-yorkshire,BDT_CI
107041468,public-order,2022-12,53.796841,-1.735488,On or near ,Investigation complete; no suspect identified,west-yorkshire,BDT_CI
107040492,public-order,2022-12,53.796188,-1.762970,On or near Paradise Street,Investigation complete; no suspect identified,west-yorkshire,BDT_CI
107052434,public-order,2022-12,53.799096,-1.743551,On or near Ariba Avenue,Investigation complete; no suspect identified,west-yorkshire,BDT_CI
107039928,public-order,2022-12,53.802625,-1.754841,On or near Valley Road,Unable to prosecute suspect,west-yorkshire,BDT_CI
107039457,public-order,2022-12,53.788072,-1.754121,On or near Reyhill Grove,Local resolution,west-yorkshire,BDT_CI
107065225,public-order,2022-12,53.805854,-1.765042,On or near Walmer Villas,Unable to prosecute suspect,west-yorkshire,BDT_CI
107058267,public-order,2022-12,53.793804,-1.744282,On or near Green Street,Court result unavailable,west-yorkshire,BDT_CI
107063968,public-order,2022-12,53.794683,-1.761051,On or near Greenaire Place,Court result unavailable,west-yorkshire,BDT_CI
107063633,public-order,2022-12,53.788072,-1.754121,On or near Reyhill Grove,Court result unavailable,west-yorkshire,BDT_CI
107048093,public-order,2022-12,53.801824,-1.772489,On or near Arnold Place,Investigation complete; no suspect identified,west-yorkshire,BDT_CI
107046060,public-order,2022-12,53.788072,-1.754121,On or near Reyhill Grove,Unable to prosecute suspect,west-yorkshire,BDT_CI
107048591,public-order,2022-12,53.799047,-1.763227,On or near Sedgwick Close,Unable to prosecute suspect,west-yorkshire,BDT_CI
107070062,public-order,2022-12,53.793594,-1.751417,On or near Broadway,Unable to prosecute suspect,west-yorkshire,BDT_CI
107049719,public-order,2022-12,53.793386,-1.755244,On or near Millergate,Investigation complete; no suspect identified,west-yorkshire,BDT_CI
107049784,public-order,2022-12,53.797420,-1.754492,On or near Stone Street,Unable to prosecute suspect,west-yorkshire,BDT_CI
107069447,public-order,2022-12,53.793386,-1.755244,On or near Millergate,Investigation complete; no suspect identified,west-yorkshire,BDT_CI
107051287,public-order,2022-12,53.796681,-1.748985,On or near Balme Street,Unable to prosecute suspect,west-yorkshire,BDT_CI
107037003,public-order,2022-12,53.792539,-1.754065,On or near Channing Way,Investigation complete; no suspect identified,west-yorkshire,BDT_CI
107037001,public-order,2022-12,53.799989,-1.758106,On or near Brearton Street,Investigation complete; no suspect identified,west-yorkshire,BDT_CI
107036728,public-order,2022-12,53.794297,-1.748195,On or near Well Street,Investigation complete; no suspect identified,west-yorkshire,BDT_CI
107035987,public-order,2022-12,53.795844,-1.757219,On or near John Street,Investigation complete; no suspect identified,west-yorkshire,BDT_CI
107035145,public-order,2022-12,53.793791,-1.755348,On or near Upper Millergate,Investigation complete; no suspect identified,west-yorkshire,BDT_CI
107034763,public-order,2022-12,53.803817,-1.762122,On or near Manningham Lane,Investigation complete; no suspect identified,west-yorkshire,BDT_CI
107033743,public-order,2022-12,53.794462,-1.753689,On or near Queensgate,Investigation complete; no suspect identified,west-yorkshire,BDT_CI
107070292,public-order,2022-12,53.793594,-1.751417,On or near Broadway,Investigation complete; no suspect identified,west-yorkshire,BDT_CI
107044823,public-order,2022-12,53.796053,-1.754181,On or near Duke Street,Investigation complete; no suspect identified,west-yorkshire,BDT_CI
107057421,public-order,2022-12,53.793982,-1.752296,On or near Market Street,Unable to prosecute suspect,west-yorkshire,BDT_CI
107044356,public-order,2022-12,53.802346,-1.759292,On or near Back Springfield Place,Unable to prosecute suspect,west-yorkshire,BDT_CI
107057106,public-order,2022-12,53.799354,-1.733848,On or near Lonsdale Street,Investigation complete; no suspect identified,west-yorkshire,BDT_CI
107068226,public-order,2022-12,53.781824,-1.753278,On or near Thirkhill Court,Investigation complete; no suspect identified,west-yorkshire,BDT_CI
107043395,public-order,2022-12,53.790345,-1.758267,On or near ,Investigation complete; no suspect identified,west-yorkshire,BDT_CI
107070103,public-order,2022-12,53.795742,-1.764825,On or near Water Lane,Investigation complete; no suspect identified,west-yorkshire,BDT_CI
107069856,public-order,2022-12,53.803414,-1.745423,On or near Falmouth Avenue,Unable to prosecute suspect,west-yorkshire,BDT_CI
107031993,public-order,2022-12,53.794122,-1.751844,On or near ,Investigation complete; no suspect identified,west-yorkshire,BDT_CI
107052491,public-order,2022-12,53.799186,-1.735382,On or near Hendford Drive,Status update unavailable,west-yorkshire,BDT_CI
107052555,public-order,2022-12,53.799186,-1.735382,On or near Hendford Drive,Unable to prosecute suspect,west-yorkshire,BDT_CI
107053121,public-order,2022-12,53.799418,-1.759991,On or near Eldon Place,Unable to prosecute suspect,west-yorkshire,BDT_CI
107059433,public-order,2022-12,53.794549,-1.756771,On or near ,Unable to prosecute suspect,west-yorkshire,BDT_CI
107069141,public-order,2022-12,53.798313,-1.747184,On or near Cross Sun Street,Investigation complete; no suspect identified,west-yorkshire,BDT_CI
107057584,public-order,2022-12,53.794982,-1.744760,On or near Scoresby Street,Unable to prosecute suspect,west-yorkshire,BDT_CI
107052756,public-order,2022-12,53.782086,-1.749543,On or near Community Close,Status update unavailable,west-yorkshire,BDT_CI
107068052,public-order,2022-12,53.793818,-1.746968,On or near Aked Street,Unable to prosecute suspect,west-yorkshire,BDT_CI
107053882,public-order,2022-12,53.791430,-1.752341,On or near ,Investigation complete; no suspect identified,west-yorkshire,BDT_CI
107066785,public-order,2022-12,53.795742,-1.764825,On or near Water Lane,Unable to prosecute suspect,west-yorkshire,BDT_CI
107054080,public-order,2022-12,53.803414,-1.745423,On or near Falmouth Avenue,Unable to prosecute suspect,west-yorkshire,BDT_CI
107056243,public-order,2022-12,53.794991,-1.762385,On or near Silsbridge Street,Unable to prosecute suspect,west-yorkshire,BDT_CI
107054237,public-order,2022-12,53.793661,-1.753482,On or near Tyrrel Street,Court result unavailable,west-yorkshire,BDT_CI
107054271,public-order,2022-12,53.788332,-1.736830,On or near ,Investigation complete; no suspect identified,west-yorkshire,BDT_CI
107054553,public-order,2022-12,53.794684,-1.743957,On or near East Parade,Unable to prosecute suspect,west-yorkshire,BDT_CI
107051146,public-order,2022-12,53.795888,-1.735540,On or near Downing Close,Investigation complete; no suspect identified,west-yorkshire,BDT_CI
107050547,public-order,2022-12,53.803414,-1.745423,On or near Falmouth Avenue,Unable to prosecute suspect,west-yorkshire,BDT_CI
107039776,public-order,2022-12,53.793785,-1.752464,On or near Bank Street,Status update unavailable,west-yorkshire,BDT_CI
107041953,public-order,2022-12,53.791430,-1.752341,On or near ,Investigation complete; no suspect identified,west-yorkshire,BDT_CI
107061457,public-order,2022-12,53.784513,-1.758635,On or near St Lukes Close,Status update unavailable,west-yorkshire,BDT_CI
107061024,public-order,2022-12,53.785729,-1.773820,On or near Dirkhill Street,Unable to prosecute suspect,west-yorkshire,BDT_CI
107060825,public-order,2022-12,53.794982,-1.744760,On or near Scoresby Street,Unable to prosecute suspect,west-yorkshire,BDT_CI
107045322,public-order,2022-12,53.791430,-1.752341,On or near ,Status update unavailable,west-yorkshire,BDT_CI
107046284,public-order,2022-12,53.793833,-1.753982,On or near Ivegate,Unable to prosecute suspect,west-yorkshire,BDT_CI
107049695,robbery,2022-12,53.793791,-1.755348,On or near Upper Millergate,Investigation complete; no suspect identified,west-yorkshire,BDT_CI
107042913,robbery,2022-12,53.809557,-1.755833,On or near Queen's Road,Investigation complete; no suspect identified,west-yorkshire,BDT_CI
107041676,robbery,2022-12,53.795807,-1.761196,On or near Chain Street,Investigation complete; no suspect identified,west-yorkshire,BDT_CI
107053214,robbery,2022-12,53.794732,-1.762887,On or near Lower Grattan Road,Investigation complete; no suspect identified,west-yorkshire,BDT_CI
107060695,robbery,2022-12,53.788416,-1.755440,On or near ,Investigation complete; no suspect identified,west-yorkshire,BDT_CI
107064118,robbery,2022-12,53.804021,-1.743081,On or near Dover Street,Unable to prosecute suspect,west-yorkshire,BDT_CI
107058550,robbery,2022-12,53.793056,-1.752028,On or near Broadway,Investigation complete; no suspect identified,west-yorkshire,BDT_CI
107049627,robbery,2022-12,53.793982,-1.752296,On or near Market Street,Investigation complete; no suspect identified,west-yorkshire,BDT_CI
107055614,robbery,2022-12,53.793594,-1.751417,On or near Broadway,Investigation complete; no suspect identified,west-yorkshire,BDT_CI
107051089,robbery,2022-12,53.785051,-1.771578,On or near All Saints Road,Investigation complete; no suspect identified,west-yorkshire,BDT_CI
107057111,robbery,2022-12,53.794891,-1.752548,On or near Mann's Court,Unable to prosecute suspect,west-yorkshire,BDT_CI
107033099,robbery,2022-12,53.791430,-1.752341,On or near ,Unable to prosecute suspect,west-yorkshire,BDT_CI
107056824,robbery,2022-12,53.792735,-1.772259,On or near Shopping Area,Unable to prosecute suspect,west-yorkshire,BDT_CI
107033098,robbery,2022-12,53.791430,-1.752341,On or near ,Unable to prosecute suspect,west-yorkshire,BDT_CI
107059749,robbery,2022-12,53.793833,-1.753982,On or near Ivegate,Court result unavailable,west-yorkshire,BDT_CI
107045845,robbery,2022-12,53.793086,-1.758024,On or near New Southgate,Investigation complete; no suspect identified,west-yorkshire,BDT_CI
107049587,shoplifting,2022-12,53.794462,-1.753689,On or near Queensgate,Further investigation is not in the public interest,west-yorkshire,BDT_CI
107033605,shoplifting,2022-12,53.795642,-1.750570,On or near Lower Kirkgate,Investigation complete; no suspect identified,west-yorkshire,BDT_CI
107044170,shoplifting,2022-12,53.793386,-1.755244,On or near Millergate,Investigation complete; no suspect identified,west-yorkshire,BDT_CI
107051856,shoplifting,2022-12,53.794323,-1.751686,On or near Charles Street,Investigation complete; no suspect identified,west-yorkshire,BDT_CI
107045586,shoplifting,2022-12,53.793501,-1.749854,On or near A6181,Court result unavailable,west-yorkshire,BDT_CI
107053721,shoplifting,2022-12,53.794323,-1.751686,On or near Charles Street,Unable to prosecute suspect,west-yorkshire,BDT_CI
107049047,shoplifting,2022-12,53.794323,-1.751686,On or near Charles Street,Unable to prosecute suspect,west-yorkshire,BDT_CI
107042374,shoplifting,2022-12,53.794549,-1.756771,On or near ,Local resolution,west-yorkshire,BDT_CI
107041830,shoplifting,2022-12,53.809557,-1.755833,On or near Queen's Road,Investigation complete; no suspect identified,west-yorkshire,BDT_CI
107065190,shoplifting,2022-12,53.803006,-1.760806,On or near Springlodge Place,Local resolution,west-yorkshire,BDT_CI
107060511,shoplifting,2022-12,53.793501,-1.749854,On or near A6181,Court result unavailable,west-yorkshire,BDT_CI
107051793,shoplifting,2022-12,53.795642,-1.750570,On or near Lower Kirkgate,Offender given a caution,west-yorkshire,BDT_CI
107057898,shoplifting,2022-12,53.793501,-1.749854,On or near A6181,Court result unavailable,west-yorkshire,BDT_CI
107068167,shoplifting,2022-12,53.798373,-1.754517,On or near Hallfield Street,Court result unavailable,west-yorkshire,BDT_CI
107053932,shoplifting,2022-12,53.794586,-1.749740,On or near ,Unable to prosecute suspect,west-yorkshire,BDT_CI
107040229,shoplifting,2022-12,53.794586,-1.749740,On or near ,Court result unavailable,west-yorkshire,BDT_CI
107035273,shoplifting,2022-12,53.793501,-1.749854,On or near A6181,Investigation complete; no suspect identified,west-yorkshire,BDT_CI
107046002,shoplifting,2022-12,53.795642,-1.750570,On or near Lower Kirkgate,Investigation complete; no suspect identified,west-yorkshire,BDT_CI
107058494,shoplifting,2022-12,53.805191,-1.752716,On or near Valley Court,Status update unavailable,west-yorkshire,BDT_CI
107053722,shoplifting,2022-12,53.794549,-1.756771,On or near ,Local resolution,west-yorkshire,BDT_CI
107057950,shoplifting,2022-12,53.794586,-1.749740,On or near ,Court result unavailable,west-yorkshire,BDT_CI
107057805,shoplifting,2022-12,53.794418,-1.749773,On or near ,Local resolution,west-yorkshire,BDT_CI
107045843,shoplifting,2022-12,53.794462,-1.753689,On or near Queensgate,Investigation complete; no suspect identified,west-yorkshire,BDT_CI
107051014,shoplifting,2022-12,53.794462,-1.753689,On or near Queensgate,Unable to prosecute suspect,west-yorkshire,BDT_CI
107054196,shoplifting,2022-12,53.793501,-1.749854,On or near A6181,Court result unavailable,west-yorkshire,BDT_CI
107056476,shoplifting,2022-12,53.804021,-1.743081,On or near Dover Street,Court result unavailable,west-yorkshire,BDT_CI
107050745,shoplifting,2022-12,53.794323,-1.751686,On or near Charles Street,Unable to prosecute suspect,west-yorkshire,BDT_CI
107032906,shoplifting,2022-12,53.802625,-1.754841,On or near Valley Road,Court result unavailable,west-yorkshire,BDT_CI
107064069,shoplifting,2022-12,53.804859,-1.752945,On or near ,Investigation complete; no suspect identified,west-yorkshire,BDT_CI
107063006,shoplifting,2022-12,53.797596,-1.739765,On or near Bolton Street,Status update unavailable,west-yorkshire,BDT_CI
107046858,shoplifting,2022-12,53.798373,-1.754517,On or near Hallfield Street,Investigation complete; no suspect identified,west-yorkshire,BDT_CI
107049373,shoplifting,2022-12,53.797191,-1.752383,On or near Bradford Forster Square,Court result unavailable,west-yorkshire,BDT_CI
107049378,shoplifting,2022-12,53.799423,-1.753706,On or near Hamm Strasse,Court result unavailable,west-yorkshire,BDT_CI
107050323,shoplifting,2022-12,53.794549,-1.756771,On or near ,Local resolution,west-yorkshire,BDT_CI
107052016,shoplifting,2022-12,53.794418,-1.749773,On or near ,Unable to prosecute suspect,west-yorkshire,BDT_CI
107049141,shoplifting,2022-12,53.794323,-1.751686,On or near Charles Street,Unable to prosecute suspect,west-yorkshire,BDT_CI
107033142,shoplifting,2022-12,53.793501,-1.749854,On or near A6181,Investigation complete; no suspect identified,west-yorkshire,BDT_CI
107068216,shoplifting,2022-12,53.794586,-1.749740,On or near ,Investigation complete; no suspect identified,west-yorkshire,BDT_CI
107067204,shoplifting,2022-12,53.793501,-1.749854,On or near A6181,Unable to prosecute suspect,west-yorkshire,BDT_CI
107060541,shoplifting,2022-12,53.803006,-1.760806,On or near Springlodge Place,Investigation complete; no suspect identified,west-yorkshire,BDT_CI
107049126,shoplifting,2022-12,53.794462,-1.753689,On or near Queensgate,Investigation complete; no suspect identified,west-yorkshire,BDT_CI
107046579,shoplifting,2022-12,53.803900,-1.754105,On or near ,Investigation complete; no suspect identified,west-yorkshire,BDT_CI
107045498,shoplifting,2022-12,53.793785,-1.752464,On or near Bank Street,Court result unavailable,west-yorkshire,BDT_CI
107045631,shoplifting,2022-12,53.793501,-1.749854,On or near A6181,Court result unavailable,west-yorkshire,BDT_CI
107055304,shoplifting,2022-12,53.797191,-1.752383,On or near Bradford Forster Square,Unable to prosecute suspect,west-yorkshire,BDT_CI
107053735,shoplifting,2022-12,53.794323,-1.751686,On or near Charles Street,Investigation complete; no suspect identified,west-yorkshire,BDT_CI
107053422,shoplifting,2022-12,53.794323,-1.751686,On or near Charles Street,Unable to prosecute suspect,west-yorkshire,BDT_CI
107052109,shoplifting,2022-12,53.793501,-1.749854,On or near A6181,Court result unavailable,west-yorkshire,BDT_CI
107039383,shoplifting,2022-12,53.794462,-1.753689,On or near Queensgate,Investigation complete; no suspect identified,west-yorkshire,BDT_CI
107034120,shoplifting,2022-12,53.800279,-1.754627,On or near ,Local resolution,west-yorkshire,BDT_CI
107032511,shoplifting,2022-12,53.794586,-1.749740,On or near ,Unable to prosecute suspect,west-yorkshire,BDT_CI
107032736,shoplifting,2022-12,53.801009,-1.755670,On or near Inkersley Road,Investigation complete; no suspect identified,west-yorkshire,BDT_CI
107032843,shoplifting,2022-12,53.795642,-1.750570,On or near Lower Kirkgate,Investigation complete; no suspect identified,west-yorkshire,BDT_CI
107033049,shoplifting,2022-12,53.798655,-1.774525,On or near Glynn Terrace,Investigation complete; no suspect identified,west-yorkshire,BDT_CI
107043581,shoplifting,2022-12,53.794462,-1.753689,On or near Queensgate,Local resolution,west-yorkshire,BDT_CI
107044055,shoplifting,2022-12,53.794549,-1.756771,On or near ,Local resolution,west-yorkshire,BDT_CI
107045151,shoplifting,2022-12,53.794418,-1.749773,On or near ,Investigation complete; no suspect identified,west-yorkshire,BDT_CI
107035493,shoplifting,2022-12,53.803900,-1.754105,On or near ,Investigation complete; no suspect identified,west-yorkshire,BDT_CI
107036218,shoplifting,2022-12,53.794418,-1.749773,On or near ,Investigation complete; no suspect identified,west-yorkshire,BDT_CI
107037699,shoplifting,2022-12,53.794034,-1.769358,On or near Morpeth Street,Investigation complete; no suspect identified,west-yorkshire,BDT_CI
107040508,shoplifting,2022-12,53.794549,-1.756771,On or near ,Local resolution,west-yorkshire,BDT_CI
107040597,shoplifting,2022-12,53.794462,-1.753689,On or near Queensgate,Local resolution,west-yorkshire,BDT_CI
107045818,shoplifting,2022-12,53.794462,-1.753689,On or near Queensgate,Investigation complete; no suspect identified,west-yorkshire,BDT_CI
107046167,shoplifting,2022-12,53.794462,-1.753689,On or near Queensgate,Local resolution,west-yorkshire,BDT_CI
107049584,shoplifting,2022-12,53.794323,-1.751686,On or near Charles Street,Investigation complete; no suspect identified,west-yorkshire,BDT_CI
107052305,shoplifting,2022-12,53.794462,-1.753689,On or near Queensgate,Court result unavailable,west-yorkshire,BDT_CI
107057831,shoplifting,2022-12,53.795642,-1.750570,On or near Lower Kirkgate,Local resolution,west-yorkshire,BDT_CI
107065942,shoplifting,2022-12,53.791430,-1.752341,On or near ,Investigation complete; no suspect identified,west-yorkshire,BDT_CI
107065949,shoplifting,2022-12,53.792735,-1.772259,On or near ,Investigation complete; no suspect identified,west-yorkshire,BDT_CI
107066465,shoplifting,2022-12,53.794323,-1.751686,On or near Charles Street,Investigation complete; no suspect identified,west-yorkshire,BDT_CI
107066962,shoplifting,2022-12,53.793833,-1.753982,On or near Ivegate,Investigation complete; no suspect identified,west-yorkshire,BDT_CI
107068020,shoplifting,2022-12,53.794462,-1.753689,On or near Queensgate,Investigation complete; no suspect identified,west-yorkshire,BDT_CI
107068265,shoplifting,2022-12,53.794462,-1.753689,On or near Queensgate,Local resolution,west-yorkshire,BDT_CI
107053990,shoplifting,2022-12,53.794323,-1.751686,On or near Charles Street,Unable to prosecute suspect,west-yorkshire,BDT_CI
107054004,shoplifting,2022-12,53.794323,-1.751686,On or near Charles Street,Unable to prosecute suspect,west-yorkshire,BDT_CI
107057894,shoplifting,2022-12,53.793501,-1.749854,On or near A6181,Court result unavailable,west-yorkshire,BDT_CI
107038188,theft-from-the-person,2022-12,53.796038,-1.749955,On or near ,Investigation complete; no suspect identified,west-yorkshire,BDT_CI
107052210,theft-from-the-person,2022-12,53.794462,-1.753689,On or near Queensgate,Investigation complete; no suspect identified,west-yorkshire,BDT_CI
107067772,theft-from-the-person,2022-12,53.799418,-1.759991,On or near Eldon Place,Investigation complete; no suspect identified,west-yorkshire,BDT_CI
107049775,theft-from-the-person,2022-12,53.796483,-1.753389,On or near School Street,Investigation complete; no suspect identified,west-yorkshire,BDT_CI
107040651,theft-from-the-person,2022-12,53.806036,-1.770689,On or near Anderson Street,Investigation complete; no suspect identified,west-yorkshire,BDT_CI
107036357,theft-from-the-person,2022-12,53.795267,-1.735164,On or near Browning Street,Unable to prosecute suspect,west-yorkshire,BDT_CI
107056226,theft-from-the-person,2022-12,53.792204,-1.752853,On or near Norfolk Gardens,Investigation complete; no suspect identified,west-yorkshire,BDT_CI
107062549,theft-from-the-person,2022-12,53.797529,-1.742179,On or near Nuttall Road,Unable to prosecute suspect,west-yorkshire,BDT_CI
107058224,theft-from-the-person,2022-12,53.800864,-1.750965,On or near Cape Street,Unable to prosecute suspect,west-yorkshire,BDT_CI
107065466,theft-from-the-person,2022-12,53.794784,-1.757407,On or near ,Investigation complete; no suspect identified,west-yorkshire,BDT_CI
107066506,theft-from-the-person,2022-12,53.791256,-1.759780,On or near Southbrook Terrace,Investigation complete; no suspect identified,west-yorkshire,BDT_CI
107070163,theft-from-the-person,2022-12,53.794784,-1.757407,On or near ,Investigation complete; no suspect identified,west-yorkshire,BDT_CI
107055448,theft-from-the-person,2022-12,53.793791,-1.755348,On or near Upper Millergate,Investigation complete; no suspect identified,west-yorkshire,BDT_CI
107035504,theft-from-the-person,2022-12,53.794122,-1.751844,On or near ,Investigation complete; no suspect identified,west-yorkshire,BDT_CI
107054510,theft-from-the-person,2022-12,53.793791,-1.755348,On or near Upper Millergate,Investigation complete; no suspect identified,west-yorkshire,BDT_CI
107047328,theft-from-the-person,2022-12,53.794418,-1.749773,On or near ,Status update unavailable,west-yorkshire,BDT_CI
107036689,theft-from-the-person,2022-12,53.794418,-1.749773,On or near ,Status update unavailable,west-yorkshire,BDT_CI
107067515,vehicle-crime,2022-12,53.798057,-1.740855,On or near Butler Street West,Investigation complete; no suspect identified,west-yorkshire,BDT_CI
107050043,vehicle-crime,2022-12,53.803086,-1.760335,On or near Cornwall Place,Unable to prosecute suspect,west-yorkshire,BDT_CI
107052152,vehicle-crime,2022-12,53.782296,-1.760286,On or near ,Investigation complete; no suspect identified,west-yorkshire,BDT_CI
107068792,vehicle-crime,2022-12,53.787985,-1.764671,On or near Easby Road,Investigation complete; no suspect identified,west-yorkshire,BDT_CI
107047411,vehicle-crime,2022-12,53.782154,-1.761228,On or near Park Lane,Investigation complete; no suspect identified,west-yorkshire,BDT_CI
107039785,vehicle-crime,2022-12,53.787739,-1.767511,On or near Grantham Terrace,Investigation complete; no suspect identified,west-yorkshire,BDT_CI
107067814,vehicle-crime,2022-12,53.794673,-1.747176,On or near Currer Street,Investigation complete; no suspect identified,west-yorkshire,BDT_CI
107051701,vehicle-crime,2022-12,53.785729,-1.773820,On or near Dirkhill Street,Investigation complete; no suspect identified,west-yorkshire,BDT_CI
107047225,vehicle-crime,2022-12,53.794661,-1.758926,On or near ,Investigation complete; no suspect identified,west-yorkshire,BDT_CI
107052805,vehicle-crime,2022-12,53.790283,-1.758617,On or near Wilton Street,Investigation complete; no suspect identified,west-yorkshire,BDT_CI
107052221,vehicle-crime,2022-12,53.800547,-1.762809,On or near St Jude's Street,Court result unavailable,west-yorkshire,BDT_CI
107046327,vehicle-crime,2022-12,53.798025,-1.755961,On or near Grammar School Street,Investigation complete; no suspect identified,west-yorkshire,BDT_CI
107070216,vehicle-crime,2022-12,53.793890,-1.738391,On or near Percival Street,Investigation complete; no suspect identified,west-yorkshire,BDT_CI
107034514,vehicle-crime,2022-12,53.798748,-1.744813,On or near Tyne Street,Investigation complete; no suspect identified,west-yorkshire,BDT_CI
107035502,vehicle-crime,2022-12,53.791088,-1.739517,On or near Buck Street,Investigation complete; no suspect identified,west-yorkshire,BDT_CI
107038305,vehicle-crime,2022-12,53.790016,-1.778670,On or near Staveley Road,Investigation complete; no suspect identified,west-yorkshire,BDT_CI
107068531,vehicle-crime,2022-12,53.790196,-1.760196,On or near Morley Street,Investigation complete; no suspect identified,west-yorkshire,BDT_CI
107038386,vehicle-crime,2022-12,53.801193,-1.762289,On or near Bowland Street,Investigation complete; no suspect identified,west-yorkshire,BDT_CI
107054026,vehicle-crime,2022-12,53.803258,-1.765648,On or near Picton Street,Court result unavailable,west-yorkshire,BDT_CI
107069052,vehicle-crime,2022-12,53.786892,-1.771052,On or near Rand Place,Status update unavailable,west-yorkshire,BDT_CI
107036555,vehicle-crime,2022-12,53.805646,-1.759592,On or near Rear Rock Terrace,Investigation complete; no suspect identified,west-yorkshire,BDT_CI
107056325,vehicle-crime,2022-12,53.800855,-1.773359,On or near Jasmin Terrace,Unable to prosecute suspect,west-yorkshire,BDT_CI
107042801,vehicle-crime,2022-12,53.793555,-1.745762,On or near ,Investigation complete; no suspect identified,west-yorkshire,BDT_CI
107053204,vehicle-crime,2022-12,53.792219,-1.778871,On or near Willowfield Street,Investigation complete; no suspect identified,west-yorkshire,BDT_CI
107053416,vehicle-crime,2022-12,53.793818,-1.746968,On or near Aked Street,Investigation complete; no suspect identified,west-yorkshire,BDT_CI
107047904,vehicle-crime,2022-12,53.805070,-1.768751,On or near Back Northfield Place,Investigation complete; no suspect identified,west-yorkshire,BDT_CI
107039478,vehicle-crime,2022-12,53.790319,-1.762973,On or near Claremont,Investigation complete; no suspect identified,west-yorkshire,BDT_CI
107062853,vehicle-crime,2022-12,53.786908,-1.743458,On or near Rouse Fold,Unable to prosecute suspect,west-yorkshire,BDT_CI
107049472,vehicle-crime,2022-12,53.783880,-1.756832,On or near ,Investigation complete; no suspect identified,west-yorkshire,BDT_CI
107045810,vehicle-crime,2022-12,53.784388,-1.759121,On or near Otterburn Close,Investigation complete; no suspect identified,west-yorkshire,BDT_CI
107067902,vehicle-crime,2022-12,53.791008,-1.744010,On or near New Augustus Street,Investigation complete; no suspect identified,west-yorkshire,BDT_CI
107045862,vehicle-crime,2022-12,53.786441,-1.743461,On or near Walton Street,Status update unavailable,west-yorkshire,BDT_CI
107068517,vehicle-crime,2022-12,53.801114,-1.758555,On or near Nesfield Street,Investigation complete; no suspect identified,west-yorkshire,BDT_CI
107050434,vehicle-crime,2022-12,53.792367,-1.757876,On or near Quebec Street,Unable to prosecute suspect,west-yorkshire,BDT_CI
107056746,vehicle-crime,2022-12,53.789264,-1.761294,On or near Claremont Terrace,Unable to prosecute suspect,west-yorkshire,BDT_CI
107068794,vehicle-crime,2022-12,53.797583,-1.768519,On or near Thornton Street,Investigation complete; no suspect identified,west-yorkshire,BDT_CI
107067666,vehicle-crime,2022-12,53.800896,-1.757387,On or near Hallfield Place,Investigation complete; no suspect identified,west-yorkshire,BDT_CI
107047426,vehicle-crime,2022-12,53.804826,-1.741329,On or near Airedale Crescent,Investigation complete; no suspect identified,west-yorkshire,BDT_CI
107056270,violent-crime,2022-12,53.795742,-1.764825,On or near Water Lane,Unable to prosecute suspect,west-yorkshire,BDT_CI
107053879,violent-crime,2022-12,53.802613,-1.744623,On or near Prospect Road,Court result unavailable,west-yorkshire,BDT_CI
107053868,violent-crime,2022-12,53.802613,-1.744623,On or near Prospect Road,Investigation complete; no suspect identified,west-yorkshire,BDT_CI
107053812,violent-crime,2022-12,53.793437,-1.736633,On or near Thryberg Street,Investigation complete; no suspect identified,west-yorkshire,BDT_CI
107053746,violent-crime,2022-12,53.797546,-1.750225,On or near Mill Street,Unable to prosecute suspect,west-yorkshire,BDT_CI
124974944,violent-crime,2022-12,53.790729,-1.752439,Bradford Interchange (station),Status update unavailable,west-yorkshire,BDT_CI
107068110,violent-crime,2022-12,53.788239,-1.756519,On or near Radwell Drive,Status update unavailable,west-yorkshire,BDT_CI
107053145,violent-crime,2022-12,53.789907,-1.759363,On or near Edmund Street,Unable to prosecute suspect,west-yorkshire,BDT_CI
107053264,violent-crime,2022-12,53.793833,-1.753982,On or near Ivegate,Investigation complete; no suspect identified,west-yorkshire,BDT_CI
107052803,violent-crime,2022-12,53.788416,-1.755440,On or near ,Unable to prosecute suspect,west-yorkshire,BDT_CI
107053459,violent-crime,2022-12,53.800855,-1.773359,On or near Jasmin Terrace,Unable to prosecute suspect,west-yorkshire,BDT_CI
107053458,violent-crime,2022-12,53.800855,-1.773359,On or near Jasmin Terrace,Unable to prosecute suspect,west-yorkshire,BDT_CI
107067315,violent-crime,2022-12,53.799096,-1.743551,On or near Ariba Avenue,Unable to prosecute suspect,west-yorkshire,BDT_CI
107069375,violent-crime,2022-12,53.794982,-1.744760,On or near Scoresby Street,Investigation complete; no suspect identified,west-yorkshire,BDT_CI
107069461,violent-crime,2022-12,53.781421,-1.762977,On or near Holme Street,Action to be taken by another organisation,west-yorkshire,BDT_CI
107066757,violent-crime,2022-12,53.795069,-1.747720,On or near Church Bank,Investigation complete; no suspect identified,west-yorkshire,BDT_CI
107052715,violent-crime,2022-12,53.806387,-1.766117,On or near Marlborough Road,Unable to prosecute suspect,west-yorkshire,BDT_CI
107052576,violent-crime,2022-12,53.798666,-1.744070,On or near Kendra Way,Status update unavailable,west-yorkshire,BDT_CI
107063041,violent-crime,2022-12,53.793674,-1.759994,On or near Soho Street,Unable to prosecute suspect,west-yorkshire,BDT_CI
107050763,violent-crime,2022-12,53.803258,-1.765648,On or near Picton Street,Unable to prosecute suspect,west-yorkshire,BDT_CI
107062962,violent-crime,2022-12,53.803497,-1.759543,On or near Cornwall Terrace,Unable to prosecute suspect,west-yorkshire,BDT_CI
107052360,violent-crime,2022-12,53.808170,-1.763343,On or near Sahara Court,Unable to prosecute suspect,west-yorkshire,BDT_CI
107052332,violent-crime,2022-12,53.790862,-1.760435,On or near Grove Terrace,Investigation complete; no suspect identified,west-yorkshire,BDT_CI
107052297,violent-crime,2022-12,53.795742,-1.764825,On or near Water Lane,Unable to prosecute suspect,west-yorkshire,BDT_CI
107063418,violent-crime,2022-12,53.795742,-1.764825,On or near Water Lane,Investigation complete; no suspect identified,west-yorkshire,BDT_CI
107067938,violent-crime,2022-12,53.803006,-1.760806,On or near Springlodge Place,Unable to prosecute suspect,west-yorkshire,BDT_CI
107052233,violent-crime,2022-12,53.793703,-1.760586,On or near Holmfield Street,Unable to prosecute suspect,west-yorkshire,BDT_CI
107051776,violent-crime,2022-12,53.802486,-1.744426,On or near Southampton Street,Investigation complete; no suspect identified,west-yorkshire,BDT_CI
107036880,violent-crime,2022-12,53.794297,-1.748195,On or near Well Street,Unable to prosecute suspect,west-yorkshire,BDT_CI
107059006,violent-crime,2022-12,53.793840,-1.757443,On or near Southgate,Offender given a caution,west-yorkshire,BDT_CI
107042793,violent-crime,2022-12,53.806325,-1.749232,On or near Exmouth Place,Unable to prosecute suspect,west-yorkshire,BDT_CI
107065477,violent-crime,2022-12,53.793056,-1.752028,On or near Broadway,Investigation complete; no suspect identified,west-yorkshire,BDT_CI
107032823,violent-crime,2022-12,53.794684,-1.743957,On or near East Parade,Investigation complete; no suspect identified,west-yorkshire,BDT_CI
107051930,violent-crime,2022-12,53.795742,-1.764825,On or near Water Lane,Court result unavailable,west-yorkshire,BDT_CI
107069164,violent-crime,2022-12,53.795742,-1.764825,On or near Water Lane,Unable to prosecute suspect,west-yorkshire,BDT_CI
107069886,violent-crime,2022-12,53.803414,-1.745423,On or near Falmouth Avenue,Unable to prosecute suspect,west-yorkshire,BDT_CI
107032388,violent-crime,2022-12,53.796015,-1.766357,On or near Sugden Street,Unable to prosecute suspect,west-yorkshire,BDT_CI
107068126,violent-crime,2022-12,53.799752,-1.734939,On or near Bangla Court,Unable to prosecute suspect,west-yorkshire,BDT_CI
107070042,violent-crime,2022-12,53.795742,-1.764825,On or near Water Lane,Unable to prosecute suspect,west-yorkshire,BDT_CI
107032581,violent-crime,2022-12,53.794596,-1.745081,On or near Peckover Street,Unable to prosecute suspect,west-yorkshire,BDT_CI
107032599,violent-crime,2022-12,53.791430,-1.752341,On or near ,Unable to prosecute suspect,west-yorkshire,BDT_CI
107068142,violent-crime,2022-12,53.794684,-1.743957,On or near East Parade,Unable to prosecute suspect,west-yorkshire,BDT_CI
107032752,violent-crime,2022-12,53.799752,-1.734939,On or near Bangla Court,Unable to prosecute suspect,west-yorkshire,BDT_CI
107032760,violent-crime,2022-12,53.792367,-1.757876,On or near Quebec Street,Investigation complete; no suspect identified,west-yorkshire,BDT_CI
107051707,violent-crime,2022-12,53.793791,-1.755348,On or near Upper Millergate,Unable to prosecute suspect,west-yorkshire,BDT_CI
107032938,violent-crime,2022-12,53.802029,-1.744900,On or near Stanacre Place,Unable to prosecute suspect,west-yorkshire,BDT_CI
107033010,violent-crime,2022-12,53.794462,-1.753689,On or near Queensgate,Unable to prosecute suspect,west-yorkshire,BDT_CI
107058275,violent-crime,2022-12,53.786484,-1.769005,On or near Dirkhill Road,Unable to prosecute suspect,west-yorkshire,BDT_CI
107049638,violent-crime,2022-12,53.804021,-1.743081,On or near Dover Street,Investigation complete; no suspect identified,west-yorkshire,BDT_CI
107049851,violent-crime,2022-12,53.794982,-1.744760,On or near Scoresby Street,Unable to prosecute suspect,west-yorkshire,BDT_CI
107033258,violent-crime,2022-12,53.781421,-1.762977,On or near Holme Street,Action to be taken by another organisation,west-yorkshire,BDT_CI
107033479,violent-crime,2022-12,53.804818,-1.772928,On or near Century Place,Investigation complete; no suspect identified,west-yorkshire,BDT_CI
107050202,violent-crime,2022-12,53.793056,-1.752028,On or near Broadway,Investigation complete; no suspect identified,west-yorkshire,BDT_CI
107043344,violent-crime,2022-12,53.794982,-1.744760,On or near Scoresby Street,Unable to prosecute suspect,west-yorkshire,BDT_CI
107050537,violent-crime,2022-12,53.786908,-1.743458,On or near Rouse Fold,Investigation complete; no suspect identified,west-yorkshire,BDT_CI
107043424,violent-crime,2022-12,53.793791,-1.755348,On or near Upper Millergate,Unable to prosecute suspect,west-yorkshire,BDT_CI
107068498,violent-crime,2022-12,53.802301,-1.763422,On or near Clarendon Court,Investigation complete; no suspect identified,west-yorkshire,BDT_CI
107056455,violent-crime,2022-12,53.799752,-1.734939,On or near Bangla Court,Unable to prosecute suspect,west-yorkshire,BDT_CI
107053502,violent-crime,2022-12,53.790405,-1.761257,On or near Mannville Terrace,Unable to prosecute suspect,west-yorkshire,BDT_CI
107053781,violent-crime,2022-12,53.794732,-1.762887,On or near Lower Grattan Road,Unable to prosecute suspect,west-yorkshire,BDT_CI
107057334,violent-crime,2022-12,53.791256,-1.759780,On or near Southbrook Terrace,Investigation complete; no suspect identified,west-yorkshire,BDT_CI
107057450,violent-crime,2022-12,53.793386,-1.755244,On or near Millergate,Unable to prosecute suspect,west-yorkshire,BDT_CI
107054512,violent-crime,2022-12,53.788072,-1.754121,On or near Reyhill Grove,Court result unavailable,west-yorkshire,BDT_CI
107054359,violent-crime,2022-12,53.788072,-1.754121,On or near Reyhill Grove,Unable to prosecute suspect,west-yorkshire,BDT_CI
107056611,violent-crime,2022-12,53.803270,-1.767425,On or near Back Southfield Square,Unable to prosecute suspect,west-yorkshire,BDT_CI
107070271,violent-crime,2022-12,53.793304,-1.754789,On or near Aldermanbury,Local resolution,west-yorkshire,BDT_CI
107045299,violent-crime,2022-12,53.799752,-1.734939,On or near Bangla Court,Unable to prosecute suspect,west-yorkshire,BDT_CI
107033780,violent-crime,2022-12,53.801824,-1.772489,On or near Arnold Place,Investigation complete; no suspect identified,west-yorkshire,BDT_CI
107034341,violent-crime,2022-12,53.781908,-1.750804,On or near Upper Castle Street,Investigation complete; no suspect identified,west-yorkshire,BDT_CI
107034518,violent-crime,2022-12,53.799502,-1.761509,On or near Sylhet Close,Unable to prosecute suspect,west-yorkshire,BDT_CI
107034546,violent-crime,2022-12,53.798373,-1.754517,On or near Hallfield Street,Unable to prosecute suspect,west-yorkshire,BDT_CI
107034629,violent-crime,2022-12,53.792539,-1.754065,On or near Channing Way,Investigation complete; no suspect identified,west-yorkshire,BDT_CI
107066800,violent-crime,2022-12,53.797527,-1.741086,On or near Hill Side Road,Unable to prosecute suspect,west-yorkshire,BDT_CI
107064188,violent-crime,2022-12,53.798502,-1.769911,On or near Bilton Place,Unable to prosecute suspect,west-yorkshire,BDT_CI
107034805,violent-crime,2022-12,53.806516,-1.741714,On or near Peel Park View,Unable to prosecute suspect,west-yorkshire,BDT_CI
107062065,violent-crime,2022-12,53.793928,-1.765609,On or near Hey Street,Unable to prosecute suspect,west-yorkshire,BDT_CI
107058191,violent-crime,2022-12,53.794586,-1.749740,On or near ,Investigation complete; no suspect identified,west-yorkshire,BDT_CI
107058091,violent-crime,2022-12,53.802046,-1.752780,On or near Singleton Street,Unable to prosecute suspect,west-yorkshire,BDT_CI
107069557,violent-crime,2022-12,53.790016,-1.778670,On or near Staveley Road,Unable to prosecute suspect,west-yorkshire,BDT_CI
107035940,violent-crime,2022-12,53.792843,-1.767042,On or near Longside Lane,Unable to prosecute suspect,west-yorkshire,BDT_CI
107035985,violent-crime,2022-12,53.787477,-1.757813,On or near St George's Place,Investigation complete; no suspect identified,west-yorkshire,BDT_CI
107056642,violent-crime,2022-12,53.794661,-1.758926,On or near ,Unable to prosecute suspect,west-yorkshire,BDT_CI
107069730,violent-crime,2022-12,53.793386,-1.755244,On or near Millergate,Investigation complete; no suspect identified,west-yorkshire,BDT_CI
107036351,violent-crime,2022-12,53.795267,-1.735164,On or near Browning Street,Unable to prosecute suspect,west-yorkshire,BDT_CI
107036359,violent-crime,2022-12,53.795267,-1.735164,On or near Browning Street,Unable to prosecute suspect,west-yorkshire,BDT_CI
107055697,violent-crime,2022-12,53.795267,-1.735164,On or near Browning Street,Unable to prosecute suspect,west-yorkshire,BDT_CI
107055340,violent-crime,2022-12,53.795742,-1.764825,On or near Water Lane,Status update unavailable,west-yorkshire,BDT_CI
107052631,violent-crime,2022-12,53.794991,-1.762385,On or near Silsbridge Street,Court result unavailable,west-yorkshire,BDT_CI
107052591,violent-crime,2022-12,53.798666,-1.744070,On or near Kendra Way,Status update unavailable,west-yorkshire,BDT_CI
107051577,violent-crime,2022-12,53.796015,-1.766357,On or near Sugden Street,Unable to prosecute suspect,west-yorkshire,BDT_CI
107037238,violent-crime,2022-12,53.800896,-1.757387,On or near Hallfield Place,Unable to prosecute suspect,west-yorkshire,BDT_CI
107050679,violent-crime,2022-12,53.790972,-1.761594,On or near ,Court result unavailable,west-yorkshire,BDT_CI
107049420,violent-crime,2022-12,53.800864,-1.750965,On or near Cape Street,Unable to prosecute suspect,west-yorkshire,BDT_CI
107037625,violent-crime,2022-12,53.798666,-1.744070,On or near Kendra Way,Unable to prosecute suspect,west-yorkshire,BDT_CI
107037631,violent-crime,2022-12,53.798666,-1.744070,On or near Kendra Way,Unable to prosecute suspect,west-yorkshire,BDT_CI
107069892,violent-crime,2022-12,53.793437,-1.736633,On or near Thryberg Street,Unable to prosecute suspect,west-yorkshire,BDT_CI
107048723,violent-crime,2022-12,53.795249,-1.756554,On or near Duckett Lane,Unable to prosecute suspect,west-yorkshire,BDT_CI
107048081,violent-crime,2022-12,53.804021,-1.743081,On or near Dover Street,Unable to prosecute suspect,west-yorkshire,BDT_CI
107047555,violent-crime,2022-12,53.798655,-1.774525,On or near Glynn Terrace,Court result unavailable,west-yorkshire,BDT_CI
107045850,violent-crime,2022-12,53.787985,-1.764671,On or near Easby Road,Unable to prosecute suspect,west-yorkshire,BDT_CI
107038438,violent-crime,2022-12,53.796890,-1.758882,On or near ,Investigation complete; no suspect identified,west-yorkshire,BDT_CI
107038460,violent-crime,2022-12,53.786908,-1.743458,On or near Rouse Fold,Unable to prosecute suspect,west-yorkshire,BDT_CI
107038500,violent-crime,2022-12,53.789936,-1.764918,On or near Back Ashgrove (west),Unable to prosecute suspect,west-yorkshire,BDT_CI
107038566,violent-crime,2022-12,53.787607,-1.768801,On or near Grantham Road,Unable to prosecute suspect,west-yorkshire,BDT_CI
107063120,violent-crime,2022-12,53.792204,-1.752853,On or near Norfolk Gardens,Unable to prosecute suspect,west-yorkshire,BDT_CI
107039005,violent-crime,2022-12,53.781441,-1.755101,On or near Megnaway,Offender given a caution,west-yorkshire,BDT_CI
107063561,violent-crime,2022-12,53.795742,-1.764825,On or near Water Lane,Unable to prosecute suspect,west-yorkshire,BDT_CI
107064642,violent-crime,2022-12,53.796681,-1.748985,On or near Balme Street,Status update unavailable,west-yorkshire,BDT_CI
107065325,violent-crime,2022-12,53.798408,-1.733110,On or near Boldshay Street,Unable to prosecute suspect,west-yorkshire,BDT_CI
107065505,violent-crime,2022-12,53.793703,-1.760586,On or near Holmfield Street,Unable to prosecute suspect,west-yorkshire,BDT_CI
107039447,violent-crime,2022-12,53.793791,-1.755348,On or near Upper Millergate,Investigation complete; no suspect identified,west-yorkshire,BDT_CI
107052871,violent-crime,2022-12,53.786492,-1.759549,On or near Woodville Terrace,Unable to prosecute suspect,west-yorkshire,BDT_CI
107040002,violent-crime,2022-12,53.791430,-1.752341,On or near ,Investigation complete; no suspect identified,west-yorkshire,BDT_CI
107040043,violent-crime,2022-12,53.794684,-1.743957,On or near East Parade,Unable to prosecute suspect,west-yorkshire,BDT_CI
107053769,violent-crime,2022-12,53.805249,-1.763648,On or near Clifton Street,Investigation complete; no suspect identified,west-yorkshire,BDT_CI
107056268,violent-crime,2022-12,53.789907,-1.759363,On or near Edmund Street,Unable to prosecute suspect,west-yorkshire,BDT_CI
107036203,violent-crime,2022-12,53.795449,-1.736377,On or near Cockroft Grove,Unable to prosecute suspect,west-yorkshire,BDT_CI
107040459,violent-crime,2022-12,53.794891,-1.752548,On or near Mann's Court,Investigation complete; no suspect identified,west-yorkshire,BDT_CI
107064175,violent-crime,2022-12,53.791430,-1.752341,On or near ,Unable to prosecute suspect,west-yorkshire,BDT_CI
107069900,violent-crime,2022-12,53.800296,-1.741570,On or near Sycamore Close,Unable to prosecute suspect,west-yorkshire,BDT_CI
107033365,violent-crime,2022-12,53.799752,-1.734939,On or near Bangla Court,Unable to prosecute suspect,west-yorkshire,BDT_CI
107040974,violent-crime,2022-12,53.794462,-1.753689,On or near Queensgate,Unable to prosecute suspect,west-yorkshire,BDT_CI
107041092,violent-crime,2022-12,53.802029,-1.744900,On or near Stanacre Place,Unable to prosecute suspect,west-yorkshire,BDT_CI
107046315,violent-crime,2022-12,53.795742,-1.764825,On or near Water Lane,Investigation complete; no suspect identified,west-yorkshire,BDT_CI
107041550,violent-crime,2022-12,53.799168,-1.774917,On or near Fearnsides Street,Investigation complete; no suspect identified,west-yorkshire,BDT_CI
107041666,violent-crime,2022-12,53.806683,-1.748212,On or near Barmouth Terrace,Unable to prosecute suspect,west-yorkshire,BDT_CI
107052637,violent-crime,2022-12,53.798878,-1.768952,On or near St Michael's Road,Unable to prosecute suspect,west-yorkshire,BDT_CI
106964611,violent-crime,2022-12,53.803281,-1.741810,On or near Airedale College Terrace,Status update unavailable,west-yorkshire,BDT_CI
107041799,violent-crime,2022-12,53.797061,-1.759003,On or near Simes Street,Investigation complete; no suspect identified,west-yorkshire,BDT_CI
107054112,violent-crime,2022-12,53.793584,-1.773778,On or near Sir Isaac Holden Place,Unable to prosecute suspect,west-yorkshire,BDT_CI
107041654,violent-crime,2022-12,53.789141,-1.767457,On or near Back Laisteridge Lane,Court result unavailable,west-yorkshire,BDT_CI
107042062,violent-crime,2022-12,53.787607,-1.768801,On or near Grantham Road,Unable to prosecute suspect,west-yorkshire,BDT_CI
107056407,violent-crime,2022-12,53.789196,-1.758623,On or near Howard Street,Unable to prosecute suspect,west-yorkshire,BDT_CI
107064066,violent-crime,2022-12,53.802613,-1.744623,On or near Prospect Road,Court result unavailable,west-yorkshire,BDT_CI
107034670,violent-crime,2022-12,53.799502,-1.761509,On or near Sylhet Close,Unable to prosecute suspect,west-yorkshire,BDT_CI
107042338,violent-crime,2022-12,53.794661,-1.758926,On or near ,Investigation complete; no suspect identified,west-yorkshire,BDT_CI
107042486,violent-crime,2022-12,53.782105,-1.763748,On or near Hampden Street,Unable to prosecute suspect,west-yorkshire,BDT_CI
107044736,violent-crime,2022-12,53.787607,-1.768801,On or near Grantham Road,Unable to prosecute suspect,west-yorkshire,BDT_CI
107044269,violent-crime,2022-12,53.786492,-1.759549,On or near Woodville Terrace,Unable to prosecute suspect,west-yorkshire,BDT_CI
107043977,violent-crime,2022-12,53.808170,-1.763343,On or near Sahara Court,Unable to prosecute suspect,west-yorkshire,BDT_CI
107061040,violent-crime,2022-12,53.785704,-1.775095,On or near Turner Place,Unable to prosecute suspect,west-yorkshire,BDT_CI
107043127,violent-crime,2022-12,53.795742,-1.764825,On or near Water Lane,Status update unavailable,west-yorkshire,BDT_CI
107060848,violent-crime,2022-12,53.794982,-1.744760,On or near Scoresby Street,Unable to prosecute suspect,west-yorkshire,BDT_CI
107061579,violent-crime,2022-12,53.788910,-1.768900,On or near Shearbridge Place,Investigation complete; no suspect identified,west-yorkshire,BDT_CI
107062298,violent-crime,2022-12,53.804758,-1.760659,On or near Cliffe Terrace,Investigation complete; no suspect identified,west-yorkshire,BDT_CI
107042234,violent-crime,2022-12,53.802301,-1.763422,On or near Clarendon Court,Unable to prosecute suspect,west-yorkshire,BDT_CI
107062378,violent-crime,2022-12,53.794549,-1.756771,On or near ,Unable to prosecute suspect,west-yorkshire,BDT_CI
107050252,violent-crime,2022-12,53.781908,-1.750804,On or near Upper Castle Street,Status update unavailable,west-yorkshire,BDT_CI
107041816,violent-crime,2022-12,53.797098,-1.763846,On or near Vaughan Street,Unable to prosecute suspect,west-yorkshire,BDT_CI
107050286,violent-crime,2022-12,53.787664,-1.756856,On or near Sunrise Court,Unable to prosecute suspect,west-yorkshire,BDT_CI
107050581,violent-crime,2022-12,53.799949,-1.738930,On or near Ribbleton Grove,Status update unavailable,west-yorkshire,BDT_CI
107055805,violent-crime,2022-12,53.788072,-1.754121,On or near Reyhill Grove,Unable to prosecute suspect,west-yorkshire,BDT_CI
107055800,violent-crime,2022-12,53.793661,-1.753482,On or near Tyrrel Street,Court result unavailable,west-yorkshire,BDT_CI
107055392,violent-crime,2022-12,53.804897,-1.767203,On or near Wilson Street,Unable to prosecute suspect,west-yorkshire,BDT_CI
107055326,violent-crime,2022-12,53.788072,-1.754121,On or near Reyhill Grove,Court result unavailable,west-yorkshire,BDT_CI
107055644,violent-crime,2022-12,53.808170,-1.763343,On or near Sahara Court,Unable to prosecute suspect,west-yorkshire,BDT_CI
107051147,violent-crime,2022-12,53.794549,-1.756771,On or near ,Unable to prosecute suspect,west-yorkshire,BDT_CI
107066942,violent-crime,2022-12,53.796738,-1.755103,On or near Upper Piccadilly,Investigation complete; no suspect identified,west-yorkshire,BDT_CI
107050933,violent-crime,2022-12,53.798373,-1.754517,On or near Hallfield Street,Investigation complete; no suspect identified,west-yorkshire,BDT_CI
107051310,violent-crime,2022-12,53.789141,-1.767457,On or near Back Laisteridge Lane,Unable to prosecute suspect,west-yorkshire,BDT_CI
107054600,violent-crime,2022-12,53.798373,-1.754517,On or near Hallfield Street,Investigation complete; no suspect identified,west-yorkshire,BDT_CI
107051403,violent-crime,2022-12,53.795844,-1.752862,On or near Commerce Street,Unable to prosecute suspect,west-yorkshire,BDT_CI
107054877,violent-crime,2022-12,53.795742,-1.764825,On or near Water Lane,Unable to prosecute suspect,west-yorkshire,BDT_CI
107051429,violent-crime,2022-12,53.793304,-1.754789,On or near Aldermanbury,Investigation complete; no suspect identified,west-yorkshire,BDT_CI
107054349,violent-crime,2022-12,53.788601,-1.771771,On or near Oulton Terrace,Investigation complete; no suspect identified,west-yorkshire,BDT_CI
107051431,violent-crime,2022-12,53.793840,-1.757443,On or near Southgate,Investigation complete; no suspect identified,west-yorkshire,BDT_CI
107052074,violent-crime,2022-12,53.791256,-1.759780,On or near Southbrook Terrace,Investigation complete; no suspect identified,west-yorkshire,BDT_CI
107056078,violent-crime,2022-12,53.793056,-1.752028,On or near Broadway,Unable to prosecute suspect,west-yorkshire,BDT_CI
107047300,violent-crime,2022-12,53.799752,-1.734939,On or near Bangla Court,Unable to prosecute suspect,west-yorkshire,BDT_CI
107059357,violent-crime,2022-12,53.794122,-1.751844,On or near ,Unable to prosecute suspect,west-yorkshire,BDT_CI
107059837,violent-crime,2022-12,53.799346,-1.738600,On or near Brookfield Road,Unable to prosecute suspect,west-yorkshire,BDT_CI
107064387,violent-crime,2022-12,53.797546,-1.750225,On or near Mill Street,Unable to prosecute suspect,west-yorkshire,BDT_CI
107046395,violent-crime,2022-12,53.792933,-1.780931,On or near Princeville Street,Unable to prosecute suspect,west-yorkshire,BDT_CI
107046390,violent-crime,2022-12,53.792933,-1.780931,On or near Princeville Street,Unable to prosecute suspect,west-yorkshire,BDT_CI
107046355,violent-crime,2022-12,53.792367,-1.757876,On or near Quebec Street,Unable to prosecute suspect,west-yorkshire,BDT_CI
107059727,violent-crime,2022-12,53.793791,-1.755348,On or near Upper Millergate,Unable to prosecute suspect,west-yorkshire,BDT_CI
107045755,violent-crime,2022-12,53.795844,-1.752862,On or near Commerce Street,Unable to prosecute suspect,west-yorkshire,BDT_CI
107052987,violent-crime,2022-12,53.784513,-1.758635,On or near St Lukes Close,Unable to prosecute suspect,west-yorkshire,BDT_CI
107045796,violent-crime,2022-12,53.793703,-1.760586,On or near Holmfield Street,Unable to prosecute suspect,west-yorkshire,BDT_CI
107066927,violent-crime,2022-12,53.802623,-1.777055,On or near Tile Street,Investigation complete; no suspect identified,west-yorkshire,BDT_CI
107060703,violent-crime,2022-12,53.794549,-1.756771,On or near ,Investigation complete; no suspect identified,west-yorkshire,BDT_CI
107045283,violent-crime,2022-12,53.799752,-1.734939,On or near Bangla Court,Unable to prosecute suspect,west-yorkshire,BDT_CI
107060727,violent-crime,2022-12,53.793555,-1.745762,On or near ,Unable to prosecute suspect,west-yorkshire,BDT_CI
107044417,violent-crime,2022-12,53.787739,-1.767511,On or near Grantham Terrace,Unable to prosecute suspect,west-yorkshire,BDT_CI
107032922,violent-crime,2022-12,53.791430,-1.752341,On or near ,Offender given a caution,west-yorkshire,BDT_CI
107046682,violent-crime,2022-12,53.791881,-1.761993,On or near Carlton Street,Unable to prosecute suspect,west-yorkshire,BDT_CI
107036108,violent-crime,2022-12,53.797596,-1.739765,On or near Bolton Street,Unable to prosecute suspect,west-yorkshire,BDT_CI
124974945,violent-crime,2022-12,53.790729,-1.752439,Bradford Interchange (station),Status update unavailable,west-yorkshire,BDT_CI
107048782,violent-crime,2022-12,53.800855,-1.773359,On or near Jasmin Terrace,Unable to prosecute suspect,west-yorkshire,BDT_CI
107048797,violent-crime,2022-12,53.791430,-1.752341,On or near ,Unable to prosecute suspect,west-yorkshire,BDT_CI
107048842,violent-crime,2022-12,53.790417,-1.776770,On or near Kirkburn Place,Unable to prosecute suspect,west-yorkshire,BDT_CI
107055308,violent-crime,2022-12,53.801281,-1.775361,On or near Dalton Terrace,Unable to prosecute suspect,west-yorkshire,BDT_CI
107053068,violent-crime,2022-12,53.799418,-1.759991,On or near Eldon Place,Unable to prosecute suspect,west-yorkshire,BDT_CI
107049612,violent-crime,2022-12,53.797882,-1.743118,On or near New Fields Walk,Unable to prosecute suspect,west-yorkshire,BDT_CI
107050527,violent-crime,2022-12,53.789046,-1.764756,On or near Pemberton Drive,Unable to prosecute suspect,west-yorkshire,BDT_CI
107045761,violent-crime,2022-12,53.793386,-1.755244,On or near Millergate,Investigation complete; no suspect identified,west-yorkshire,BDT_CI
107059962,violent-crime,2022-12,53.788072,-1.754121,On or near Reyhill Grove,Unable to prosecute suspect,west-yorkshire,BDT_CI
107059648,violent-crime,2022-12,53.794684,-1.743957,On or near East Parade,Investigation complete; no suspect identified,west-yorkshire,BDT_CI
107050361,violent-crime,2022-12,53.788815,-1.756880,On or near Neal Street,Unable to prosecute suspect,west-yorkshire,BDT_CI
107050387,violent-crime,2022-12,53.806387,-1.766117,On or near Marlborough Road,Investigation complete; no suspect identified,west-yorkshire,BDT_CI
107050466,violent-crime,2022-12,53.805272,-1.766351,On or near Apsley Crescent,Unable to prosecute suspect,west-yorkshire,BDT_CI
107051061,violent-crime,2022-12,53.794683,-1.761051,On or near Greenaire Place,Unable to prosecute suspect,west-yorkshire,BDT_CI
107055811,violent-crime,2022-12,53.788072,-1.754121,On or near Reyhill Grove,Unable to prosecute suspect,west-yorkshire,BDT_CI
107054051,violent-crime,2022-12,53.794784,-1.757407,On or near ,Unable to prosecute suspect,west-yorkshire,BDT_CI
107063834,violent-crime,2022-12,53.802572,-1.773593,On or near Leyburne Street,Unable to prosecute suspect,west-yorkshire,BDT_CI
107052370,violent-crime,2022-12,53.807734,-1.761007,On or near Twickenham Court,Unable to prosecute suspect,west-yorkshire,BDT_CI
107058277,violent-crime,2022-12,53.788072,-1.754121,On or near Reyhill Grove,Court result unavailable,west-yorkshire,BDT_CI
107063511,violent-crime,2022-12,53.788072,-1.754121,On or near Reyhill Grove,Court result unavailable,west-yorkshire,BDT_CI
107052947,violent-crime,2022-12,53.793594,-1.751417,On or near Broadway,Unable to prosecute suspect,west-yorkshire,BDT_CI
107053441,violent-crime,2022-12,53.791430,-1.752341,On or near ,Investigation complete; no suspect identified,west-yorkshire,BDT_CI
107053634,violent-crime,2022-12,53.794891,-1.752548,On or near Mann's Court,Investigation complete; no suspect identified,west-yorkshire,BDT_CI
107057880,violent-crime,2022-12,53.793041,-1.753288,On or near Centenary Square,Unable to prosecute suspect,west-yorkshire,BDT_CI
107053826,violent-crime,2022-12,53.793437,-1.736633,On or near Thryberg Street,Unable to prosecute suspect,west-yorkshire,BDT_CI
107054546,violent-crime,2022-12,53.793833,-1.753982,On or near Ivegate,Investigation complete; no suspect identified,west-yorkshire,BDT_CI
107054549,violent-crime,2022-12,53.794982,-1.744760,On or near Scoresby Street,Unable to prosecute suspect,west-yorkshire,BDT_CI
107054654,violent-crime,2022-12,53.788072,-1.754121,On or near Reyhill Grove,Court result unavailable,west-yorkshire,BDT_CI
107054903,violent-crime,2022-12,53.782481,-1.767160,On or near Meggison Grove,Investigation complete; no suspect identified,west-yorkshire,BDT_CI
107055077,violent-crime,2022-12,53.806325,-1.749232,On or near Exmouth Place,Unable to prosecute suspect,west-yorkshire,BDT_CI
107052520,violent-crime,2022-12,53.797882,-1.743118,On or near New Fields Walk,Investigation complete; no suspect identified,west-yorkshire,BDT_CI
107056354,violent-crime,2022-12,53.785051,-1.771578,On or near All Saints Road,Unable to prosecute suspect,west-yorkshire,BDT_CI
107056584,violent-crime,2022-12,53.781908,-1.750804,On or near Upper Castle Street,Unable to prosecute suspect,west-yorkshire,BDT_CI
107056330,violent-crime,2022-12,53.795750,-1.734281,On or near Mavis Street,Unable to prosecute suspect,west-yorkshire,BDT_CI
107055826,violent-crime,2022-12,53.788072,-1.754121,On or near Reyhill Grove,Court result unavailable,west-yorkshire,BDT_CI
107056057,violent-crime,2022-12,53.785704,-1.775095,On or near Turner Place,Unable to prosecute suspect,west-yorkshire,BDT_CI
107056343,violent-crime,2022-12,53.794991,-1.762385,On or near Silsbridge Street,Unable to prosecute suspect,west-yorkshire,BDT_CI
107057089,violent-crime,2022-12,53.806325,-1.749232,On or near Exmouth Place,Unable to prosecute suspect,west-yorkshire,BDT_CI
107054557,violent-crime,2022-12,53.795324,-1.762444,On or near Sunbridge Road,Unable to prosecute suspect,west-yorkshire,BDT_CI
107056380,violent-crime,2022-12,53.800855,-1.773359,On or near Jasmin Terrace,Unable to prosecute suspect,west-yorkshire,BDT_CI
107052213,violent-crime,2022-12,53.789112,-1.766213,On or near Sherborne Road,Unable to prosecute suspect,west-yorkshire,BDT_CI
107051157,violent-crime,2022-12,53.786806,-1.758955,On or near Back Trinity Terrace,Unable to prosecute suspect,west-yorkshire,BDT_CI
107059481,violent-crime,2022-12,53.794991,-1.762385,On or near Silsbridge Street,Unable to prosecute suspect,west-yorkshire,BDT_CI
107060823,violent-crime,2022-12,53.793818,-1.746968,On or near Aked Street,Investigation complete; no suspect identified,west-yorkshire,BDT_CI
107062402,violent-crime,2022-12,53.806516,-1.741714,On or near Peel Park View,Unable to prosecute suspect,west-yorkshire,BDT_CI
107063037,violent-crime,2022-12,53.804814,-1.771136,On or near Lister View,Unable to prosecute suspect,west-yorkshire,BDT_CI
107057205,violent-crime,2022-12,53.794982,-1.744760,On or near Scoresby Street,Unable to prosecute suspect,west-yorkshire,BDT_CI
107063943,violent-crime,2022-12,53.794784,-1.757407,On or near ,Investigation complete; no suspect identified,west-yorkshire,BDT_CI
107065170,violent-crime,2022-12,53.795742,-1.764825,On or near Water Lane,Investigation complete; no suspect identified,west-yorkshire,BDT_CI
107057134,violent-crime,2022-12,53.792367,-1.757876,On or near Quebec Street,Unable to prosecute suspect,west-yorkshire,BDT_CI
107055272,violent-crime,2022-12,53.792539,-1.754065,On or near Channing Way,Court result unavailable,west-yorkshire,BDT_CI
107066119,violent-crime,2022-12,53.796001,-1.755092,On or near Darley Street,Investigation complete; no suspect identified,west-yorkshire,BDT_CI
107066469,violent-crime,2022-12,53.790196,-1.760196,On or near Morley Street,Unable to prosecute suspect,west-yorkshire,BDT_CI
107050207,violent-crime,2022-12,53.788416,-1.755440,On or near ,Investigation complete; no suspect identified,west-yorkshire,BDT_CI
107049887,violent-crime,2022-12,53.786492,-1.759549,On or near Woodville Terrace,Unable to prosecute suspect,west-yorkshire,BDT_CI
107049351,violent-crime,2022-12,53.796057,-1.747198,On or near Jermyn Street,Unable to prosecute suspect,west-yorkshire,BDT_CI
107056269,violent-crime,2022-12,53.794991,-1.762385,On or near Silsbridge Street,Unable to prosecute suspect,west-yorkshire,BDT_CI
107049113,violent-crime,2022-12,53.794549,-1.756771,On or near ,Investigation complete; no suspect identified,west-yorkshire,BDT_CI
107050590,violent-crime,2022-12,53.799949,-1.738930,On or near Ribbleton Grove,Status update unavailable,west-yorkshire,BDT_CI
107049093,violent-crime,2022-12,53.800855,-1.773359,On or near Jasmin Terrace,Unable to prosecute suspect,west-yorkshire,BDT_CI
107048980,violent-crime,2022-12,53.797571,-1.762522,On or near Sedgfield Terrace,Court result unavailable,west-yorkshire,BDT_CI
107048830,violent-crime,2022-12,53.803284,-1.770036,On or near Salt Street,Unable to prosecute suspect,west-yorkshire,BDT_CI
107057228,violent-crime,2022-12,53.788416,-1.755440,On or near ,Offender given a caution,west-yorkshire,BDT_CI
107048184,violent-crime,2022-12,53.791430,-1.752341,On or near Parking Area,Unable to prosecute suspect,west-yorkshire,BDT_CI
107048171,violent-crime,2022-12,53.793386,-1.755244,On or near Millergate,Investigation complete; no suspect identified,west-yorkshire,BDT_CI
107058867,violent-crime,2022-12,53.802348,-1.747160,On or near Sprinkwell Close,Unable to prosecute suspect,west-yorkshire,BDT_CI
107033102,violent-crime,2022-12,53.791430,-1.752341,On or near ,Unable to prosecute suspect,west-yorkshire,BDT_CI
107067071,violent-crime,2022-12,53.795750,-1.734281,On or near Mavis Street,Unable to prosecute suspect,west-yorkshire,BDT_CI
107065531,violent-crime,2022-12,53.803096,-1.775002,On or near Atlas Street,Investigation complete; no suspect identified,west-yorkshire,BDT_CI
107064120,violent-crime,2022-12,53.804021,-1.743081,On or near Dover Street,Unable to prosecute suspect,west-yorkshire,BDT_CI
107035713,violent-crime,2022-12,53.782097,-1.759559,On or near ,Investigation complete; no suspect identified,west-yorkshire,BDT_CI
107069620,violent-crime,2022-12,53.790251,-1.743180,On or near Dryden Street,Investigation complete; no suspect identified,west-yorkshire,BDT_CI
107033741,violent-crime,2022-12,53.796821,-1.742806,On or near Heap Street,Unable to prosecute suspect,west-yorkshire,BDT_CI
107040471,violent-crime,2022-12,53.799989,-1.758106,On or near Brearton Street,Investigation complete; no suspect identified,west-yorkshire,BDT_CI
107039591,violent-crime,2022-12,53.797098,-1.763846,On or near Vaughan Street,Unable to prosecute suspect,west-yorkshire,BDT_CI
107065561,violent-crime,2022-12,53.786212,-1.754497,On or near Heddon Grove,Investigation complete; no suspect identified,west-yorkshire,BDT_CI
107065654,violent-crime,2022-12,53.793833,-1.753982,On or near Ivegate,Unable to prosecute suspect,west-yorkshire,BDT_CI
107065451,violent-crime,2022-12,53.799186,-1.735382,On or near Hendford Drive,Unable to prosecute suspect,west-yorkshire,BDT_CI
107064747,violent-crime,2022-12,53.787001,-1.766923,On or near A647,Unable to prosecute suspect,west-yorkshire,BDT_CI
107063067,violent-crime,2022-12,53.802941,-1.738289,On or near Undercliffe Lane,Unable to prosecute suspect,west-yorkshire,BDT_CI
107062737,violent-crime,2022-12,53.794982,-1.744760,On or near Scoresby Street,Unable to prosecute suspect,west-yorkshire,BDT_CI
107045739,violent-crime,2022-12,53.788072,-1.754121,On or near Reyhill Grove,Court result unavailable,west-yorkshire,BDT_CI
107047454,violent-crime,2022-12,53.796681,-1.748985,On or near Balme Street,Unable to prosecute suspect,west-yorkshire,BDT_CI
107047779,violent-crime,2022-12,53.788072,-1.754121,On or near Reyhill Grove,Court result unavailable,west-yorkshire,BDT_CI
107047727,violent-crime,2022-12,53.805074,-1.743757,On or near Airedale Road,Unable to prosecute suspect,west-yorkshire,BDT_CI
107049522,violent-crime,2022-12,53.788486,-1.754286,On or near St Blaise Court,Court result unavailable,west-yorkshire,BDT_CI
107049600,violent-crime,2022-12,53.783416,-1.745194,On or near Linton Street,Investigation complete; no suspect identified,west-yorkshire,BDT_CI
107049919,violent-crime,2022-12,53.789909,-1.755963,On or near ,Investigation complete; no suspect identified,west-yorkshire,BDT_CI
107050032,violent-crime,2022-12,53.798408,-1.733110,On or near Boldshay Street,Unable to prosecute suspect,west-yorkshire,BDT_CI
107050362,violent-crime,2022-12,53.793056,-1.752028,On or near Broadway,Investigation complete; no suspect identified,west-yorkshire,BDT_CI
107051410,violent-crime,2022-12,53.795844,-1.752862,On or near Commerce Street,Unable to prosecute suspect,west-yorkshire,BDT_CI
107051441,violent-crime,2022-12,53.805070,-1.768751,On or near Back Northfield Place,Unable to prosecute suspect,west-yorkshire,BDT_CI
107057354,violent-crime,2022-12,53.793555,-1.745762,On or near ,Investigation complete; no suspect identified,west-yorkshire,BDT_CI
107057377,violent-crime,2022-12,53.788072,-1.754121,On or near Reyhill Grove,Local resolution,west-yorkshire,BDT_CI
107058899,violent-crime,2022-12,53.788072,-1.754121,On or near Reyhill Grove,Court result unavailable,west-yorkshire,BDT_CI
107063745,violent-crime,2022-12,53.804814,-1.771136,On or near Lister View,Unable to prosecute suspect,west-yorkshire,BDT_CI
107067597,violent-crime,2022-12,53.792384,-1.740283,On or near Robert Street,Investigation complete; no suspect identified,west-yorkshire,BDT_CI
107068592,violent-crime,2022-12,53.805410,-1.750072,On or near Cranmer Road,Unable to prosecute suspect,west-yorkshire,BDT_CI
107053584,violent-crime,2022-12,53.788877,-1.761235,On or near Lower Ashgrove,Investigation complete; no suspect identified,west-yorkshire,BDT_CI
107054482,violent-crime,2022-12,53.793791,-1.755348,On or near Upper Millergate,Unable to prosecute suspect,west-yorkshire,BDT_CI
107063597,violent-crime,2022-12,53.795742,-1.764825,On or near Water Lane,Investigation complete; no suspect identified,west-yorkshire,BDT_CI
107053534,violent-crime,2022-12,53.794511,-1.760445,On or near Vincent Street,Unable to prosecute suspect,west-yorkshire,BDT_CI
107056349,violent-crime,2022-12,53.797546,-1.750225,On or near Mill Street,Unable to prosecute suspect,west-yorkshire,BDT_CI
107056355,violent-crime,2022-12,53.807313,-1.766522,On or near Blenheim Mount,Unable to prosecute suspect,west-yorkshire,BDT_CI
107056376,violent-crime,2022-12,53.787752,-1.760422,On or near Russell Street,Unable to prosecute suspect,west-yorkshire,BDT_CI
107050461,violent-crime,2022-12,53.805272,-1.766351,On or near Apsley Crescent,Unable to prosecute suspect,west-yorkshire,BDT_CI
107049898,violent-crime,2022-12,53.802046,-1.752780,On or near Singleton Street,Unable to prosecute suspect,west-yorkshire,BDT_CI
107047105,violent-crime,2022-12,53.795742,-1.764825,On or near Water Lane,Unable to prosecute suspect,west-yorkshire,BDT_CI
107067013,violent-crime,2022-12,53.805573,-1.773091,On or near Carlisle Street,Unable to prosecute suspect,west-yorkshire,BDT_CI
107061630,violent-crime,2022-12,53.792367,-1.757876,On or near Quebec Street,Unable to prosecute suspect,west-yorkshire,BDT_CI
107069305,violent-crime,2022-12,53.794297,-1.748195,On or near Well Street,Unable to prosecute suspect,west-yorkshire,BDT_CI
107068542,violent-crime,2022-12,53.786492,-1.759549,On or near Woodville Terrace,Further investigation is not in the public interest,west-yorkshire,BDT_CI
107056411,violent-crime,2022-12,53.793840,-1.757443,On or near Southgate,Unable to prosecute suspect,west-yorkshire,BDT_CI
107052046,violent-crime,2022-12,53.802687,-1.745609,On or near Westminster Road,Unable to prosecute suspect,west-yorkshire,BDT_CI
107051443,violent-crime,2022-12,53.805035,-1.773716,On or near Anvil Street,Unable to prosecute suspect,west-yorkshire,BDT_CI
107051423,violent-crime,2022-12,53.806387,-1.766117,On or near Marlborough Road,Unable to prosecute suspect,west-yorkshire,BDT_CI
107051106,violent-crime,2022-12,53.798627,-1.760269,On or near Hallfield Road,Investigation complete; no suspect identified,west-yorkshire,BDT_CI
107051335,violent-crime,2022-12,53.786806,-1.758955,On or near Back Trinity Terrace,Unable to prosecute suspect,west-yorkshire,BDT_CI
107051309,violent-crime,2022-12,53.793818,-1.746968,On or near Aked Street,Unable to prosecute suspect,west-yorkshire,BDT_CI
107051153,violent-crime,2022-12,53.794122,-1.751844,On or near ,Investigation complete; no suspect identified,west-yorkshire,BDT_CI
107050513,violent-crime,2022-12,53.794549,-1.756771,On or near ,Unable to prosecute suspect,west-yorkshire,BDT_CI
107050975,violent-crime,2022-12,53.789141,-1.767457,On or near Back Laisteridge Lane,Unable to prosecute suspect,west-yorkshire,BDT_CI
107062207,violent-crime,2022-12,53.786492,-1.759549,On or near Woodville Terrace,Action to be taken by another organisation,west-yorkshire,BDT_CI
107062128,violent-crime,2022-12,53.803270,-1.767425,On or near Back Southfield Square,Unable to prosecute suspect,west-yorkshire,BDT_CI
107061874,violent-crime,2022-12,53.797882,-1.743118,On or near New Fields Walk,Unable to prosecute suspect,west-yorkshire,BDT_CI
107061960,violent-crime,2022-12,53.808170,-1.763343,On or near Sahara Court,Court result unavailable,west-yorkshire,BDT_CI
107061958,violent-crime,2022-12,53.790405,-1.761257,On or near Mannville Terrace,Court result unavailable,west-yorkshire,BDT_CI
107060806,violent-crime,2022-12,53.798197,-1.756188,On or near ,Unable to prosecute suspect,west-yorkshire,BDT_CI
107060798,violent-crime,2022-12,53.806387,-1.766117,On or near Marlborough Road,Unable to prosecute suspect,west-yorkshire,BDT_CI
107060644,violent-crime,2022-12,53.788239,-1.756519,On or near Radwell Drive,Unable to prosecute suspect,west-yorkshire,BDT_CI
107059872,violent-crime,2022-12,53.797546,-1.750225,On or near Mill Street,Unable to prosecute suspect,west-yorkshire,BDT_CI
107059602,violent-crime,2022-12,53.797882,-1.743118,On or near New Fields Walk,Unable to prosecute suspect,west-yorkshire,BDT_CI
107059490,violent-crime,2022-12,53.788072,-1.754121,On or near Reyhill Grove,Unable to prosecute suspect,west-yorkshire,BDT_CI
107059294,violent-crime,2022-12,53.792367,-1.757876,On or near Quebec Street,Unable to prosecute suspect,west-yorkshire,BDT_CI
107057456,violent-crime,2022-12,53.787620,-1.775464,On or near St Margaret's Place,Status update unavailable,west-yorkshire,BDT_CI
107050646,violent-crime,2022-12,53.806387,-1.766117,On or near Marlborough Road,Unable to prosecute suspect,west-yorkshire,BDT_CI
107050152,violent-crime,2022-12,53.788416,-1.755440,On or near ,Investigation complete; no suspect identified,west-yorkshire,BDT_CI
107050467,violent-crime,2022-12,53.791430,-1.752341,On or near ,Unable to prosecute suspect,west-yorkshire,BDT_CI
107050463,violent-crime,2022-12,53.797882,-1.743118,On or near New Fields Walk,Unable to prosecute suspect,west-yorkshire,BDT_CI
107049824,violent-crime,2022-12,53.793056,-1.752028,On or near Broadway,Investigation complete; no suspect identified,west-yorkshire,BDT_CI
107049645,violent-crime,2022-12,53.802556,-1.774702,On or near White's Terrace,Investigation complete; no suspect identified,west-yorkshire,BDT_CI
107049467,violent-crime,2022-12,53.790405,-1.761257,On or near Mannville Terrace,Unable to prosecute suspect,west-yorkshire,BDT_CI
107048346,violent-crime,2022-12,53.792767,-1.769486,On or near Campus Road,Unable to prosecute suspect,west-yorkshire,BDT_CI
107047748,violent-crime,2022-12,53.794684,-1.743957,On or near East Parade,Unable to prosecute suspect,west-yorkshire,BDT_CI
107047844,violent-crime,2022-12,53.792933,-1.780931,On or near Princeville Street,Unable to prosecute suspect,west-yorkshire,BDT_CI
107047395,violent-crime,2022-12,53.799752,-1.734939,On or near Bangla Court,Unable to prosecute suspect,west-yorkshire,BDT_CI
107047249,violent-crime,2022-12,53.793555,-1.745762,On or near ,Investigation complete; no suspect identified,west-yorkshire,BDT_CI
107046278,violent-crime,2022-12,53.794122,-1.751844,On or near ,Investigation complete; no suspect identified,west-yorkshire,BDT_CI
107045714,violent-crime,2022-12,53.795844,-1.752862,On or near Commerce Street,Unable to prosecute suspect,west-yorkshire,BDT_CI
107045345,violent-crime,2022-12,53.803635,-1.774908,On or near Barden Street,Offender given a caution,west-yorkshire,BDT_CI
107044187,violent-crime,2022-12,53.805272,-1.766351,On or near Apsley Crescent,Unable to prosecute suspect,west-yorkshire,BDT_CI
107043678,violent-crime,2022-12,53.791430,-1.752341,On or near ,Unable to prosecute suspect,west-yorkshire,BDT_CI
107042919,violent-crime,2022-12,53.809557,-1.755833,On or near Queen's Road,Investigation complete; no suspect identified,west-yorkshire,BDT_CI
107032203,violent-crime,2022-12,53.790417,-1.776770,On or near Kirkburn Place,Unable to prosecute suspect,west-yorkshire,BDT_CI
107040292,violent-crime,2022-12,53.793833,-1.753982,On or near Ivegate,Unable to prosecute suspect,west-yorkshire,BDT_CI
107055790,violent-crime,2022-12,53.788072,-1.754121,On or near Reyhill Grove,Unable to prosecute suspect,west-yorkshire,BDT_CI
107055647,violent-crime,2022-12,53.794784,-1.757407,On or near ,Investigation complete; no suspect identified,west-yorkshire,BDT_CI
107054971,violent-crime,2022-12,53.782481,-1.767160,On or near Meggison Grove,Investigation complete; no suspect identified,west-yorkshire,BDT_CI
107054734,violent-crime,2022-12,53.796978,-1.732739,On or near Feather Road,Unable to prosecute suspect,west-yorkshire,BDT_CI
107054378,violent-crime,2022-12,53.788072,-1.754121,On or near Reyhill Grove,Unable to prosecute suspect,west-yorkshire,BDT_CI
107054479,violent-crime,2022-12,53.788072,-1.754121,On or near Reyhill Grove,Court result unavailable,west-yorkshire,BDT_CI
107054469,violent-crime,2022-12,53.790319,-1.762973,On or near Claremont,Unable to prosecute suspect,west-yorkshire,BDT_CI
107053919,violent-crime,2022-12,53.803817,-1.762122,On or near Manningham Lane,Investigation complete; no suspect identified,west-yorkshire,BDT_CI
107054139,violent-crime,2022-12,53.792455,-1.761306,On or near Westbrook Street,Investigation complete; no suspect identified,west-yorkshire,BDT_CI
107053508,violent-crime,2022-12,53.790405,-1.761257,On or near Mannville Terrace,Unable to prosecute suspect,west-yorkshire,BDT_CI
107052951,violent-crime,2022-12,53.793056,-1.752028,On or near Broadway,Unable to prosecute suspect,west-yorkshire,BDT_CI
107053325,violent-crime,2022-12,53.800864,-1.750965,On or near Cape Street,Status update unavailable,west-yorkshire,BDT_CI
107053461,violent-crime,2022-12,53.796978,-1.732739,On or near Feather Road,Unable to prosecute suspect,west-yorkshire,BDT_CI
107053074,violent-crime,2022-12,53.798313,-1.747184,On or near Cross Sun Street,Local resolution,west-yorkshire,BDT_CI
107052563,violent-crime,2022-12,53.793840,-1.757443,On or near Southgate,Court result unavailable,west-yorkshire,BDT_CI
107052454,violent-crime,2022-12,53.798666,-1.744070,On or near Kendra Way,Investigation complete; no suspect identified,west-yorkshire,BDT_CI
107052384,violent-crime,2022-12,53.808170,-1.763343,On or near Sahara Court,Unable to prosecute suspect,west-yorkshire,BDT_CI
107052314,violent-crime,2022-12,53.799346,-1.738600,On or near Brookfield Road,Unable to prosecute suspect,west-yorkshire,BDT_CI
107051761,violent-crime,2022-12,53.802486,-1.744426,On or near Southampton Street,Investigation complete; no suspect identified,west-yorkshire,BDT_CI
107034817,violent-crime,2022-12,53.789264,-1.761294,On or near Claremont Terrace,Unable to prosecute suspect,west-yorkshire,BDT_CI
107044141,violent-crime,2022-12,53.804826,-1.741329,On or near Airedale Crescent,Investigation complete; no suspect identified,west-yorkshire,BDT_CI
107032336,violent-crime,2022-12,53.796483,-1.753389,On or near School Street,Investigation complete; no suspect identified,west-yorkshire,BDT_CI
107032339,violent-crime,2022-12,53.793304,-1.754789,On or near Aldermanbury,Investigation complete; no suspect identified,west-yorkshire,BDT_CI
107032437,violent-crime,2022-12,53.794661,-1.758926,On or near ,Unable to prosecute suspect,west-yorkshire,BDT_CI
107032587,violent-crime,2022-12,53.796483,-1.753389,On or near School Street,Investigation complete; no suspect identified,west-yorkshire,BDT_CI
107032732,violent-crime,2022-12,53.788239,-1.756519,On or near Radwell Drive,Investigation complete; no suspect identified,west-yorkshire,BDT_CI
107032946,violent-crime,2022-12,53.802078,-1.769253,On or near Fraser Street,Unable to prosecute suspect,west-yorkshire,BDT_CI
107044261,violent-crime,2022-12,53.787607,-1.768801,On or near Grantham Road,Unable to prosecute suspect,west-yorkshire,BDT_CI
107033264,violent-crime,2022-12,53.781421,-1.762977,On or near Holme Street,Action to be taken by another organisation,west-yorkshire,BDT_CI
107033265,violent-crime,2022-12,53.781421,-1.762977,On or near Holme Street,Action to be taken by another organisation,west-yorkshire,BDT_CI
107033287,violent-crime,2022-12,53.794683,-1.761051,On or near Greenaire Place,Unable to prosecute suspect,west-yorkshire,BDT_CI
107042773,violent-crime,2022-12,53.787739,-1.767511,On or near Grantham Terrace,Unable to prosecute suspect,west-yorkshire,BDT_CI
107043000,violent-crime,2022-12,53.792204,-1.752853,On or near Norfolk Gardens,Investigation complete; no suspect identified,west-yorkshire,BDT_CI
107043255,violent-crime,2022-12,53.794549,-1.756771,On or near ,Unable to prosecute suspect,west-yorkshire,BDT_CI
107043628,violent-crime,2022-12,53.782481,-1.767160,On or near Meggison Grove,Unable to prosecute suspect,west-yorkshire,BDT_CI
107043773,violent-crime,2022-12,53.786908,-1.743458,On or near Rouse Fold,Unable to prosecute suspect,west-yorkshire,BDT_CI
107044007,violent-crime,2022-12,53.795092,-1.733237,On or near Thursby Street,Unable to prosecute suspect,west-yorkshire,BDT_CI
107044544,violent-crime,2022-12,53.802572,-1.773593,On or near Leyburne Street,Unable to prosecute suspect,west-yorkshire,BDT_CI
107044749,violent-crime,2022-12,53.785704,-1.775095,On or near Turner Place,Unable to prosecute suspect,west-yorkshire,BDT_CI
107034067,violent-crime,2022-12,53.793804,-1.744282,On or near Green Street,Investigation complete; no suspect identified,west-yorkshire,BDT_CI
107034354,violent-crime,2022-12,53.794784,-1.757407,On or near ,Investigation complete; no suspect identified,west-yorkshire,BDT_CI
107034728,violent-crime,2022-12,53.798373,-1.754517,On or near Hallfield Street,Unable to prosecute suspect,west-yorkshire,BDT_CI
107034795,violent-crime,2022-12,53.806516,-1.741714,On or near Peel Park View,Unable to prosecute suspect,west-yorkshire,BDT_CI
107034881,violent-crime,2022-12,53.802616,-1.759062,On or near Cornwall Road,Investigation complete; no suspect identified,west-yorkshire,BDT_CI
107035091,violent-crime,2022-12,53.802062,-1.761009,On or near Hamilton Street,Investigation complete; no suspect identified,west-yorkshire,BDT_CI
107035269,violent-crime,2022-12,53.793840,-1.757443,On or near Southgate,Investigation complete; no suspect identified,west-yorkshire,BDT_CI
107035396,violent-crime,2022-12,53.797164,-1.756573,On or near North Parade,Investigation complete; no suspect identified,west-yorkshire,BDT_CI
107033813,violent-crime,2022-12,53.793840,-1.757443,On or near Southgate,Investigation complete; no suspect identified,west-yorkshire,BDT_CI
107036024,violent-crime,2022-12,53.787477,-1.757813,On or near St George's Place,Investigation complete; no suspect identified,west-yorkshire,BDT_CI
107036601,violent-crime,2022-12,53.785136,-1.755489,On or near Hawkshead Close,Unable to prosecute suspect,west-yorkshire,BDT_CI
107036755,violent-crime,2022-12,53.800673,-1.753987,On or near ,Court result unavailable,west-yorkshire,BDT_CI
107036835,violent-crime,2022-12,53.800296,-1.741570,On or near Sycamore Close,Unable to prosecute suspect,west-yorkshire,BDT_CI
107036947,violent-crime,2022-12,53.793833,-1.753982,On or near Ivegate,Unable to prosecute suspect,west-yorkshire,BDT_CI
107037479,violent-crime,2022-12,53.793594,-1.751417,On or near Broadway,Investigation complete; no suspect identified,west-yorkshire,BDT_CI
107038409,violent-crime,2022-12,53.789936,-1.764918,On or near Back Ashgrove (west),Unable to prosecute suspect,west-yorkshire,BDT_CI
107038540,violent-crime,2022-12,53.787607,-1.768801,On or near Grantham Road,Unable to prosecute suspect,west-yorkshire,BDT_CI
107038594,violent-crime,2022-12,53.796738,-1.755103,On or near Upper Piccadilly,Unable to prosecute suspect,west-yorkshire,BDT_CI
107039042,violent-crime,2022-12,53.794982,-1.744760,On or near Scoresby Street,Investigation complete; no suspect identified,west-yorkshire,BDT_CI
107039204,violent-crime,2022-12,53.798655,-1.774525,On or near Glynn Terrace,Unable to prosecute suspect,west-yorkshire,BDT_CI
107039789,violent-crime,2022-12,53.781441,-1.755101,On or near Megnaway,Offender given a caution,west-yorkshire,BDT_CI
107039983,violent-crime,2022-12,53.797527,-1.741086,On or near Hill Side Road,Unable to prosecute suspect,west-yorkshire,BDT_CI
107040081,violent-crime,2022-12,53.784705,-1.764947,On or near Little Horton Green,Unable to prosecute suspect,west-yorkshire,BDT_CI
107041071,violent-crime,2022-12,53.803943,-1.744417,On or near Sunnyside Lane,Investigation complete; no suspect identified,west-yorkshire,BDT_CI
107041384,violent-crime,2022-12,53.806325,-1.749232,On or near Exmouth Place,Unable to prosecute suspect,west-yorkshire,BDT_CI
107042035,violent-crime,2022-12,53.796053,-1.754181,On or near Duke Street,Unable to prosecute suspect,west-yorkshire,BDT_CI
107042197,violent-crime,2022-12,53.791430,-1.752341,On or near ,Investigation complete; no suspect identified,west-yorkshire,BDT_CI
107045413,violent-crime,2022-12,53.794982,-1.744760,On or near Scoresby Street,Unable to prosecute suspect,west-yorkshire,BDT_CI
107046860,violent-crime,2022-12,53.794034,-1.769358,On or near Morpeth Street,Investigation complete; no suspect identified,west-yorkshire,BDT_CI
107049393,violent-crime,2022-12,53.796057,-1.747198,On or near Jermyn Street,Unable to prosecute suspect,west-yorkshire,BDT_CI
107049523,violent-crime,2022-12,53.802046,-1.752780,On or near Singleton Street,Unable to prosecute suspect,west-yorkshire,BDT_CI
107050797,violent-crime,2022-12,53.794438,-1.773773,On or near Great Russell Street,Unable to prosecute suspect,west-yorkshire,BDT_CI
107051164,violent-crime,2022-12,53.804859,-1.752945,On or near ,Investigation complete; no suspect identified,west-yorkshire,BDT_CI
107053028,violent-crime,2022-12,53.799418,-1.759991,On or near Eldon Place,Unable to prosecute suspect,west-yorkshire,BDT_CI
107053237,violent-crime,2022-12,53.791881,-1.761993,On or near Carlton Street,Investigation complete; no suspect identified,west-yorkshire,BDT_CI
107053509,violent-crime,2022-12,53.803281,-1.741810,On or near Airedale College Terrace,Unable to prosecute suspect,west-yorkshire,BDT_CI
107053793,violent-crime,2022-12,53.793437,-1.736633,On or near Thryberg Street,Investigation complete; no suspect identified,west-yorkshire,BDT_CI
107055646,violent-crime,2022-12,53.797527,-1.741086,On or near Hill Side Road,Investigation complete; no suspect identified,west-yorkshire,BDT_CI
107055781,violent-crime,2022-12,53.794982,-1.744760,On or near Scoresby Street,Unable to prosecute suspect,west-yorkshire,BDT_CI
107055801,violent-crime,2022-12,53.793661,-1.753482,On or near Tyrrel Street,Court result unavailable,west-yorkshire,BDT_CI
107056265,violent-crime,2022-12,53.801918,-1.774690,On or near Grandage Terrace,Unable to prosecute suspect,west-yorkshire,BDT_CI
107056417,violent-crime,2022-12,53.788072,-1.754121,On or near Reyhill Grove,Court result unavailable,west-yorkshire,BDT_CI
107057224,violent-crime,2022-12,53.794549,-1.756771,On or near ,Investigation complete; no suspect identified,west-yorkshire,BDT_CI
107059523,violent-crime,2022-12,53.792539,-1.754065,On or near Channing Way,Unable to prosecute suspect,west-yorkshire,BDT_CI
107063565,violent-crime,2022-12,53.795742,-1.764825,On or near Water Lane,Investigation complete; no suspect identified,west-yorkshire,BDT_CI
107064071,violent-crime,2022-12,53.792367,-1.757876,On or near Quebec Street,Investigation complete; no suspect identified,west-yorkshire,BDT_CI
107064093,violent-crime,2022-12,53.802031,-1.745628,On or near Arnford Close,Unable to prosecute suspect,west-yorkshire,BDT_CI
107065522,violent-crime,2022-12,53.803096,-1.775002,On or near Atlas Street,Investigation complete; no suspect identified,west-yorkshire,BDT_CI
107065906,violent-crime,2022-12,53.799354,-1.733848,On or near Lonsdale Street,Unable to prosecute suspect,west-yorkshire,BDT_CI
107066686,violent-crime,2022-12,53.794982,-1.744760,On or near Scoresby Street,Unable to prosecute suspect,west-yorkshire,BDT_CI
107066902,violent-crime,2022-12,53.802623,-1.777055,On or near Tile Street,Investigation complete; no suspect identified,west-yorkshire,BDT_CI
107068237,violent-crime,2022-12,53.795742,-1.764825,On or near Water Lane,Court result unavailable,west-yorkshire,BDT_CI
107068448,violent-crime,2022-12,53.805854,-1.765042,On or near Walmer Villas,Investigation complete; no suspect identified,west-yorkshire,BDT_CI
107068871,violent-crime,2022-12,53.794282,-1.745296,On or near Chapel Street,Unable to prosecute suspect,west-yorkshire,BDT_CI
107070026,violent-crime,2022-12,53.793840,-1.757443,On or near Southgate,Investigation complete; no suspect identified,west-yorkshire,BDT_CI
107047639,other-crime,2022-12,53.800074,-1.760109,On or near Victoria Street,Unable to prosecute suspect,west-yorkshire,BDT_CI
107044005,other-crime,2022-12,53.793818,-1.746968,On or near Aked Street,Unable to prosecute suspect,west-yorkshire,BDT_CI
107035292,other-crime,2022-12,53.793804,-1.744282,On or near Green Street,Investigation complete; no suspect identified,west-yorkshire,BDT_CI
107053166,other-crime,2022-12,53.790129,-1.776483,On or near Flaxton Place,Unable to prosecute suspect,west-yorkshire,BDT_CI
107053933,other-crime,2022-12,53.790196,-1.760196,On or near Morley Street,Unable to prosecute suspect,west-yorkshire,BDT_CI
107062585,other-crime,2022-12,53.790862,-1.760435,On or near Grove Terrace,Investigation complete; no suspect identified,west-yorkshire,BDT_CI
107061983,other-crime,2022-12,53.808170,-1.763343,On or near Sahara Court,Court result unavailable,west-yorkshire,BDT_CI
107050061,other-crime,2022-12,53.786806,-1.758955,On or near Back Trinity Terrace,Investigation complete; no suspect identified,west-yorkshire,BDT_CI
107039441,other-crime,2022-12,53.794991,-1.762385,On or near Silsbridge Street,Unable to prosecute suspect,west-yorkshire,BDT_CI
107048455,other-crime,2022-12,53.800074,-1.760109,On or near Victoria Street,Unable to prosecute suspect,west-yorkshire,BDT_CI
107032415,other-crime,2022-12,53.805249,-1.763648,On or near Clifton Street,Unable to prosecute suspect,west-yorkshire,BDT_CI
107068100,other-crime,2022-12,53.786492,-1.759549,On or near Woodville Terrace,Further investigation is not in the public interest,west-yorkshire,BDT_CI
107057364,other-crime,2022-12,53.806325,-1.749232,On or near Exmouth Place,Investigation complete; no suspect identified,west-yorkshire,BDT_CI
107033297,other-crime,2022-12,53.791256,-1.759780,On or near Southbrook Terrace,Unable to prosecute suspect,west-yorkshire,BDT_CI
107032941,other-crime,2022-12,53.790319,-1.762973,On or near Claremont,Investigation complete; no suspect identified,west-yorkshire,BDT_CI
107062346,other-crime,2022-12,53.794549,-1.756771,On or near ,Local resolution,west-yorkshire,BDT_CI
107033792,other-crime,2022-12,53.788072,-1.754121,On or near Reyhill Grove,Status update unavailable,west-yorkshire,BDT_CI
107057144,other-crime,2022-12,53.794242,-1.734806,On or near Maudsley Street,Unable to prosecute suspect,west-yorkshire,BDT_CI
107062748,other-crime,2022-12,53.793591,-1.741550,On or near Joseph Street,Investigation complete; no suspect identified,west-yorkshire,BDT_CI
107040193,other-crime,2022-12,53.796841,-1.735488,On or near ,Court result unavailable,west-yorkshire,BDT_CI
107060768,other-crime,2022-12,53.794684,-1.743957,On or near East Parade,Unable to prosecute suspect,west-yorkshire,BDT_CI
107067536,other-crime,2022-12,53.793661,-1.753482,On or near Tyrrel Street,Local resolution,west-yorkshire,BDT_CI
107066985,other-crime,2022-12,53.791430,-1.752341,On or near ,Status update unavailable,west-yorkshire,BDT_CI
107051319,other-crime,2022-12,53.794549,-1.756771,On or near ,Investigation complete; no suspect identified,west-yorkshire,BDT_CI
107032374,burglary,2022-12,53.852270,-1.812226,On or near Nightingale Walk,Investigation complete; no suspect identified,west-yorkshire,BDT_SH
107050420,burglary,2022-12,53.861451,-1.798576,On or near Glovershaw Lane,Investigation complete; no suspect identified,west-yorkshire,BDT_SH
107046604,burglary,2022-12,53.859033,-1.809048,On or near Saltaire Road,Investigation complete; no suspect identified,west-yorkshire,BDT_SH
107040057,burglary,2022-12,53.848249,-1.793761,On or near Spring Hill,Investigation complete; no suspect identified,west-yorkshire,BDT_SH
107046642,burglary,2022-12,53.855783,-1.811435,On or near Woodlands Road,Investigation complete; no suspect identified,west-yorkshire,BDT_SH
107049572,burglary,2022-12,53.855783,-1.811435,On or near Woodlands Road,Investigation complete; no suspect identified,west-yorkshire,BDT_SH
107045710,burglary,2022-12,53.858682,-1.808822,On or near Saltaire Road,Investigation complete; no suspect identified,west-yorkshire,BDT_SH
107052543,drugs,2022-12,53.864361,-1.771770,On or near Hawksworth Road,Local resolution,west-yorkshire,BDT_SH
107036839,other-theft,2022-12,53.852771,-1.774447,On or near Strathmore Drive,Investigation complete; no suspect identified,west-yorkshire,BDT_SH
107193208,other-theft,2022-12,53.851326,-1.812048,On or near Bracken Park,Status update unavailable,west-yorkshire,BDT_SH
107032403,other-theft,2022-12,53.861581,-1.800750,On or near Raines Lane,Investigation complete; no suspect identified,west-yorkshire,BDT_SH
107040302,other-theft,2022-12,53.853744,-1.812417,On or near Odile Mews,Investigation complete; no suspect identified,west-yorkshire,BDT_SH
107049915,vehicle-crime,2022-12,53.856977,-1.810639,On or near Heather View,Investigation complete; no suspect identified,west-yorkshire,BDT_SH
107042330,vehicle-crime,2022-12,53.851954,-1.811193,On or near Finch Close,Investigation complete; no suspect identified,west-yorkshire,BDT_SH
107056233,vehicle-crime,2022-12,53.859033,-1.809048,On or near Saltaire Road,Investigation complete; no suspect identified,west-yorkshire,BDT_SH
107049926,vehicle-crime,2022-12,53.856977,-1.810639,On or near Heather View,Investigation complete; no suspect identified,west-yorkshire,BDT_SH
107036504,violent-crime,2022-12,53.855123,-1.814721,On or near Knights Way,Status update unavailable,west-yorkshire,BDT_SH
107032884,violent-crime,2022-12,53.854790,-1.772749,On or near Acre Rise,Unable to prosecute suspect,west-yorkshire,BDT_SH
107063722,violent-crime,2022-12,53.845803,-1.792921,On or near Walker Wood,Court result unavailable,west-yorkshire,BDT_SH
107063760,violent-crime,2022-12,53.845803,-1.792921,On or near Walker Wood,Status update unavailable,west-yorkshire,BDT_SH
107050987,violent-crime,2022-12,53.851138,-1.775672,On or near Hope Lane,Unable to prosecute suspect,west-yorkshire,BDT_SH
107048218,violent-crime,2022-12,53.851138,-1.775672,On or near Hope Lane,Unable to prosecute suspect,west-yorkshire,BDT_SH
107054995,violent-crime,2022-12,53.858682,-1.808822,On or near Saltaire Road,Unable to prosecute suspect,west-yorkshire,BDT_SH
107058294,violent-crime,2022-12,53.855826,-1.773838,On or near Hazebrouck Drive,Unable to prosecute suspect,west-yorkshire,BDT_SH
107032154,violent-crime,2022-12,53.855826,-1.773838,On or near Hazebrouck Drive,Unable to prosecute suspect,west-yorkshire,BDT_SH
107044265,violent-crime,2022-12,53.854109,-1.773452,On or near Springfield Road,Unable to prosecute suspect,west-yorkshire,BDT_SH
107039406,violent-crime,2022-12,53.858682,-1.808822,On or near Saltaire Road,Investigation complete; no suspect identified,west-yorkshire,BDT_SH
107047391,violent-crime,2022-12,53.846598,-1.790288,On or near Stubbings Road,Further investigation is not in the public interest,west-yorkshire,BDT_SH
107070727,anti-social-behaviour,2022-12,53.723411,-1.859916,On or near Old Market,,west-yorkshire,CDT_HX
107070374,anti-social-behaviour,2022-12,53.727668,-1.864312,On or near Corporation Street,,west-yorkshire,CDT_HX
107070363,anti-social-behaviour,2022-12,53.726362,-1.854677,On or near ,,west-yorkshire,CDT_HX
107070684,anti-social-behaviour,2022-12,53.720694,-1.865093,On or near Regent Street,,west-yorkshire,CDT_HX
107070398,anti-social-behaviour,2022-12,53.726362,-1.854677,On or near ,,west-yorkshire,CDT_HX
107070543,anti-social-behaviour,2022-12,53.731559,-1.872273,On or near Gilmour Street,,west-yorkshire,CDT_HX
107070554,anti-social-behaviour,2022-12,53.735623,-1.881644,On or near High Croft,,west-yorkshire,CDT_HX
107070560,anti-social-behaviour,2022-12,53.723411,-1.859916,On or near Old Market,,west-yorkshire,CDT_HX
107070574,anti-social-behaviour,2022-12,53.737712,-1.868752,On or near Mcburney Close,,west-yorkshire,CDT_HX
107070576,anti-social-behaviour,2022-12,53.735623,-1.881644,On or near High Croft,,west-yorkshire,CDT_HX
107070960,anti-social-behaviour,2022-12,53.726801,-1.877122,On or near Penn Street,,west-yorkshire,CDT_HX
107070749,anti-social-behaviour,2022-12,53.720694,-1.865093,On or near Regent Street,,west-yorkshire,CDT_HX
107070775,anti-social-behaviour,2022-12,53.722803,-1.854462,On or near Upper Kirkgate,,west-yorkshire,CDT_HX
107070787,anti-social-behaviour,2022-12,53.730099,-1.860637,On or near Eldon Street,,west-yorkshire,CDT_HX
107070889,anti-social-behaviour,2022-12,53.725849,-1.886794,On or near Saxon Street,,west-yorkshire,CDT_HX
107071020,anti-social-behaviour,2022-12,53.734240,-1.865762,On or near Beverley Place,,west-yorkshire,CDT_HX
107071093,anti-social-behaviour,2022-12,53.722035,-1.859163,On or near ,,west-yorkshire,CDT_HX
107071110,anti-social-behaviour,2022-12,53.734493,-1.875432,On or near Rushworth Street,,west-yorkshire,CDT_HX
107071181,anti-social-behaviour,2022-12,53.722803,-1.854462,On or near Upper Kirkgate,,west-yorkshire,CDT_HX
107071194,anti-social-behaviour,2022-12,53.723411,-1.859916,On or near Old Market,,west-yorkshire,CDT_HX
107071200,anti-social-behaviour,2022-12,53.735703,-1.864560,On or near Heap Street,,west-yorkshire,CDT_HX
107071220,anti-social-behaviour,2022-12,53.725053,-1.881674,On or near Burlington Street,,west-yorkshire,CDT_HX
107071245,anti-social-behaviour,2022-12,53.732384,-1.862039,On or near Range Street,,west-yorkshire,CDT_HX
107071529,anti-social-behaviour,2022-12,53.722803,-1.854462,On or near Upper Kirkgate,,west-yorkshire,CDT_HX
107071541,anti-social-behaviour,2022-12,53.724557,-1.863701,On or near St James Road,,west-yorkshire,CDT_HX
107071543,anti-social-behaviour,2022-12,53.723411,-1.859916,On or near Old Market,,west-yorkshire,CDT_HX
107071590,anti-social-behaviour,2022-12,53.722612,-1.860783,On or near ,,west-yorkshire,CDT_HX
107071618,anti-social-behaviour,2022-12,53.723411,-1.859916,On or near Old Market,,west-yorkshire,CDT_HX
107071638,anti-social-behaviour,2022-12,53.731660,-1.850324,On or near Jerwood Hill Road,,west-yorkshire,CDT_HX
107071646,anti-social-behaviour,2022-12,53.729212,-1.862928,On or near ,,west-yorkshire,CDT_HX
107071994,anti-social-behaviour,2022-12,53.725198,-1.873853,On or near Stansfield Close,,west-yorkshire,CDT_HX
107071974,anti-social-behaviour,2022-12,53.730099,-1.860637,On or near Eldon Street,,west-yorkshire,CDT_HX
107072041,anti-social-behaviour,2022-12,53.724395,-1.855397,On or near Well Lane,,west-yorkshire,CDT_HX
107072301,anti-social-behaviour,2022-12,53.725551,-1.860591,On or near ,,west-yorkshire,CDT_HX
107072478,anti-social-behaviour,2022-12,53.722903,-1.879937,On or near Oak Place,,west-yorkshire,CDT_HX
107072069,anti-social-behaviour,2022-12,53.732896,-1.878772,On or near Lee Mount Gardens,,west-yorkshire,CDT_HX
107070389,anti-social-behaviour,2022-12,53.726362,-1.854677,On or near ,,west-yorkshire,CDT_HX
107072089,anti-social-behaviour,2022-12,53.730143,-1.867579,On or near Woodside Mount,,west-yorkshire,CDT_HX
107033226,bicycle-theft,2022-12,53.725471,-1.861213,On or near Broad Street Plaza,Investigation complete; no suspect identified,west-yorkshire,CDT_HX
107050410,bicycle-theft,2022-12,53.716117,-1.862895,On or near Heath Lea,Investigation complete; no suspect identified,west-yorkshire,CDT_HX
107061575,burglary,2022-12,53.724194,-1.860277,On or near Town Hall Street East,Investigation complete; no suspect identified,west-yorkshire,CDT_HX
107069795,burglary,2022-12,53.732382,-1.860250,On or near Range Gardens,Investigation complete; no suspect identified,west-yorkshire,CDT_HX
107052936,burglary,2022-12,53.721323,-1.864878,On or near Carlton Place,Investigation complete; no suspect identified,west-yorkshire,CDT_HX
107050981,burglary,2022-12,53.721578,-1.876668,On or near Park Terrace,Investigation complete; no suspect identified,west-yorkshire,CDT_HX
107056952,burglary,2022-12,53.725018,-1.882614,On or near Alfred Street,Investigation complete; no suspect identified,west-yorkshire,CDT_HX
107045719,burglary,2022-12,53.723875,-1.856292,On or near Smithy Street,Investigation complete; no suspect identified,west-yorkshire,CDT_HX
107033684,burglary,2022-12,53.722618,-1.882681,On or near Gibbet Street,Investigation complete; no suspect identified,west-yorkshire,CDT_HX
107032030,burglary,2022-12,53.725551,-1.860591,On or near ,Investigation complete; no suspect identified,west-yorkshire,CDT_HX
107047381,burglary,2022-12,53.723953,-1.878707,On or near Victoria Road,Unable to prosecute suspect,west-yorkshire,CDT_HX
107038403,burglary,2022-12,53.722318,-1.862238,On or near George Street,Unable to prosecute suspect,west-yorkshire,CDT_HX
107067606,burglary,2022-12,53.725908,-1.874063,On or near Crossley Gardens,Investigation complete; no suspect identified,west-yorkshire,CDT_HX
107043808,burglary,2022-12,53.720850,-1.860485,On or near Ward's End,Investigation complete; no suspect identified,west-yorkshire,CDT_HX
107054220,burglary,2022-12,53.719564,-1.867748,On or near West Parade,Investigation complete; no suspect identified,west-yorkshire,CDT_HX
107049000,burglary,2022-12,53.726764,-1.876774,On or near Howard Street,Investigation complete; no suspect identified,west-yorkshire,CDT_HX
107055075,burglary,2022-12,53.726362,-1.854677,On or near ,Investigation complete; no suspect identified,west-yorkshire,CDT_HX
107063393,burglary,2022-12,53.718290,-1.878496,On or near Belmont Place,Unable to prosecute suspect,west-yorkshire,CDT_HX
107055480,burglary,2022-12,53.719105,-1.867143,On or near South Street,Investigation complete; no suspect identified,west-yorkshire,CDT_HX
107052283,burglary,2022-12,53.717604,-1.858875,On or near Hunger Hill,Investigation complete; no suspect identified,west-yorkshire,CDT_HX
107070173,burglary,2022-12,53.725908,-1.874063,On or near Crossley Gardens,Investigation complete; no suspect identified,west-yorkshire,CDT_HX
107064654,burglary,2022-12,53.725845,-1.882581,On or near Wainman Street,Investigation complete; no suspect identified,west-yorkshire,CDT_HX
107064587,burglary,2022-12,53.721177,-1.855150,On or near Church Street,Investigation complete; no suspect identified,west-yorkshire,CDT_HX
107032089,burglary,2022-12,53.719860,-1.866444,On or near Arches Street,Investigation complete; no suspect identified,west-yorkshire,CDT_HX
107056742,burglary,2022-12,53.715437,-1.874019,On or near Emscote Place,Investigation complete; no suspect identified,west-yorkshire,CDT_HX
107041859,burglary,2022-12,53.720816,-1.878761,On or near Frank Street,Investigation complete; no suspect identified,west-yorkshire,CDT_HX
107054335,burglary,2022-12,53.737278,-1.865934,On or near Simpson Street,Unable to prosecute suspect,west-yorkshire,CDT_HX
107054343,burglary,2022-12,53.721340,-1.890777,On or near Hardwick Close,Investigation complete; no suspect identified,west-yorkshire,CDT_HX
107041259,burglary,2022-12,53.724244,-1.881858,On or near Alabama Street,Investigation complete; no suspect identified,west-yorkshire,CDT_HX
107040011,burglary,2022-12,53.721755,-1.865756,On or near Bland Street,Investigation complete; no suspect identified,west-yorkshire,CDT_HX
107059040,burglary,2022-12,53.721340,-1.890777,On or near Hardwick Close,Investigation complete; no suspect identified,west-yorkshire,CDT_HX
107039255,burglary,2022-12,53.716063,-1.879957,On or near Constitutional Street,Investigation complete; no suspect identified,west-yorkshire,CDT_HX
107037302,burglary,2022-12,53.716063,-1.879957,On or near Constitutional Street,Investigation complete; no suspect identified,west-yorkshire,CDT_HX
107044222,burglary,2022-12,53.737594,-1.875984,On or near Friendly Street,Unable to prosecute suspect,west-yorkshire,CDT_HX
107061847,burglary,2022-12,53.720816,-1.878761,On or near Frank Street,Investigation complete; no suspect identified,west-yorkshire,CDT_HX
107036594,burglary,2022-12,53.728086,-1.877528,On or near Summerscale Street,Investigation complete; no suspect identified,west-yorkshire,CDT_HX
107032904,burglary,2022-12,53.726982,-1.887276,On or near Cusworth Close,Investigation complete; no suspect identified,west-yorkshire,CDT_HX
107052888,criminal-damage-arson,2022-12,53.724279,-1.864202,On or near Victoria Street,Court result unavailable,west-yorkshire,CDT_HX
107068854,criminal-damage-arson,2022-12,53.725846,-1.884551,On or near Ramsgate Street,Unable to prosecute suspect,west-yorkshire,CDT_HX
107053896,criminal-damage-arson,2022-12,53.734493,-1.875432,On or near Rushworth Street,Investigation complete; no suspect identified,west-yorkshire,CDT_HX
107066589,criminal-damage-arson,2022-12,53.716069,-1.886108,On or near Irving Street,Investigation complete; no suspect identified,west-yorkshire,CDT_HX
107066043,criminal-damage-arson,2022-12,53.734493,-1.875432,On or near Rushworth Street,Investigation complete; no suspect identified,west-yorkshire,CDT_HX
107065678,criminal-damage-arson,2022-12,53.728025,-1.854641,On or near New Bank,Unable to prosecute suspect,west-yorkshire,CDT_HX
107060926,criminal-damage-arson,2022-12,53.725908,-1.874063,On or near Crossley Gardens,Unable to prosecute suspect,west-yorkshire,CDT_HX
107056368,criminal-damage-arson,2022-12,53.730610,-1.866819,On or near Woodside Crescent,Unable to prosecute suspect,west-yorkshire,CDT_HX
107057108,criminal-damage-arson,2022-12,53.726764,-1.876774,On or near Howard Street,Unable to prosecute suspect,west-yorkshire,CDT_HX
107063408,criminal-damage-arson,2022-12,53.725840,-1.878428,On or near Little Baines Street,Unable to prosecute suspect,west-yorkshire,CDT_HX
107063451,criminal-damage-arson,2022-12,53.717164,-1.885030,On or near Devon Street,Investigation complete; no suspect identified,west-yorkshire,CDT_HX
107050135,criminal-damage-arson,2022-12,53.728390,-1.884650,On or near Back Blackwood Grove,Offender given a caution,west-yorkshire,CDT_HX
107049877,criminal-damage-arson,2022-12,53.723563,-1.874661,On or near Back Grosvenor Terrace,Investigation complete; no suspect identified,west-yorkshire,CDT_HX
107046960,criminal-damage-arson,2022-12,53.723563,-1.874661,On or near Back Grosvenor Terrace,Investigation complete; no suspect identified,west-yorkshire,CDT_HX
107046498,criminal-damage-arson,2022-12,53.723563,-1.874661,On or near Back Grosvenor Terrace,Investigation complete; no suspect identified,west-yorkshire,CDT_HX
107039620,criminal-damage-arson,2022-12,53.734508,-1.864912,On or near Brougham Street,Investigation complete; no suspect identified,west-yorkshire,CDT_HX
107044904,criminal-damage-arson,2022-12,53.722875,-1.862570,On or near Silver Street,Unable to prosecute suspect,west-yorkshire,CDT_HX
107044684,criminal-damage-arson,2022-12,53.719651,-1.881932,On or near Kingston Street,Investigation complete; no suspect identified,west-yorkshire,CDT_HX
107044489,criminal-damage-arson,2022-12,53.728390,-1.884650,On or near Back Blackwood Grove,Investigation complete; no suspect identified,west-yorkshire,CDT_HX
107044297,criminal-damage-arson,2022-12,53.723875,-1.856292,On or near Smithy Street,Unable to prosecute suspect,west-yorkshire,CDT_HX
107032595,criminal-damage-arson,2022-12,53.734918,-1.869322,On or near Canterbury Crescent,Investigation complete; no suspect identified,west-yorkshire,CDT_HX
107048231,criminal-damage-arson,2022-12,53.722875,-1.862570,On or near Silver Street,Court result unavailable,west-yorkshire,CDT_HX
107032463,criminal-damage-arson,2022-12,53.730119,-1.862152,On or near Randolph Street,Unable to prosecute suspect,west-yorkshire,CDT_HX
107038873,criminal-damage-arson,2022-12,53.727320,-1.851552,On or near Godley Road,Unable to prosecute suspect,west-yorkshire,CDT_HX
107050974,criminal-damage-arson,2022-12,53.736732,-1.868195,On or near Crown Road,Unable to prosecute suspect,west-yorkshire,CDT_HX
107051975,criminal-damage-arson,2022-12,53.736680,-1.878579,On or near Ovenden Terrace,Unable to prosecute suspect,west-yorkshire,CDT_HX
107052017,criminal-damage-arson,2022-12,53.720455,-1.868897,On or near Stirling Street,Unable to prosecute suspect,west-yorkshire,CDT_HX
107053804,criminal-damage-arson,2022-12,53.721086,-1.861939,On or near Fountain Street,Unable to prosecute suspect,west-yorkshire,CDT_HX
107055859,criminal-damage-arson,2022-12,53.719860,-1.866444,On or near Arches Street,Unable to prosecute suspect,west-yorkshire,CDT_HX
107039876,criminal-damage-arson,2022-12,53.722318,-1.862238,On or near George Street,Unable to prosecute suspect,west-yorkshire,CDT_HX
107040520,criminal-damage-arson,2022-12,53.726287,-1.865228,On or near ,Unable to prosecute suspect,west-yorkshire,CDT_HX
107040739,criminal-damage-arson,2022-12,53.737278,-1.865934,On or near Simpson Street,Status update unavailable,west-yorkshire,CDT_HX
107042055,criminal-damage-arson,2022-12,53.721654,-1.855648,On or near ,Investigation complete; no suspect identified,west-yorkshire,CDT_HX
107044332,criminal-damage-arson,2022-12,53.723563,-1.874661,On or near Back Grosvenor Terrace,Investigation complete; no suspect identified,west-yorkshire,CDT_HX
107046847,criminal-damage-arson,2022-12,53.722479,-1.861965,On or near George Square,Court result unavailable,west-yorkshire,CDT_HX
107048982,criminal-damage-arson,2022-12,53.722035,-1.859163,On or near ,Further investigation is not in the public interest,west-yorkshire,CDT_HX
107047005,criminal-damage-arson,2022-12,53.721323,-1.864878,On or near Carlton Place,Unable to prosecute suspect,west-yorkshire,CDT_HX
107049002,criminal-damage-arson,2022-12,53.730610,-1.866819,On or near Woodside Crescent,Unable to prosecute suspect,west-yorkshire,CDT_HX
107043153,criminal-damage-arson,2022-12,53.737278,-1.865934,On or near Simpson Street,Status update unavailable,west-yorkshire,CDT_HX
107059677,criminal-damage-arson,2022-12,53.723875,-1.856292,On or near Smithy Street,Status update unavailable,west-yorkshire,CDT_HX
107060482,criminal-damage-arson,2022-12,53.728260,-1.863022,On or near ,Investigation complete; no suspect identified,west-yorkshire,CDT_HX
107061783,criminal-damage-arson,2022-12,53.710791,-1.866382,On or near Third Avenue,Status update unavailable,west-yorkshire,CDT_HX
107062271,criminal-damage-arson,2022-12,53.728787,-1.868325,On or near Lee Bridge,Unable to prosecute suspect,west-yorkshire,CDT_HX
107069230,criminal-damage-arson,2022-12,53.724268,-1.854382,On or near ,Investigation complete; no suspect identified,west-yorkshire,CDT_HX
107062985,criminal-damage-arson,2022-12,53.715437,-1.874019,On or near Emscote Place,Investigation complete; no suspect identified,west-yorkshire,CDT_HX
107056729,criminal-damage-arson,2022-12,53.726648,-1.869060,On or near Mount Pleasant Avenue,Court result unavailable,west-yorkshire,CDT_HX
107055764,criminal-damage-arson,2022-12,53.721873,-1.883335,On or near Eton Street,Unable to prosecute suspect,west-yorkshire,CDT_HX
107051729,criminal-damage-arson,2022-12,53.714892,-1.877111,On or near Supermarket,Court result unavailable,west-yorkshire,CDT_HX
107060458,criminal-damage-arson,2022-12,53.722318,-1.862238,On or near George Street,Court result unavailable,west-yorkshire,CDT_HX
107068547,criminal-damage-arson,2022-12,53.734597,-1.880571,On or near Field Close,Investigation complete; no suspect identified,west-yorkshire,CDT_HX
107066727,drugs,2022-12,53.726287,-1.865228,On or near ,Local resolution,west-yorkshire,CDT_HX
107051285,drugs,2022-12,53.716010,-1.881320,On or near Thorn Tree Street,Unable to prosecute suspect,west-yorkshire,CDT_HX
107059827,drugs,2022-12,53.717674,-1.873285,On or near Norfolk Place,Offender given a caution,west-yorkshire,CDT_HX
107054528,drugs,2022-12,53.732383,-1.868830,On or near Terrace Gardens,Court result unavailable,west-yorkshire,CDT_HX
107064924,drugs,2022-12,53.727081,-1.862117,On or near ,Status update unavailable,west-yorkshire,CDT_HX
107048935,drugs,2022-12,53.724279,-1.864202,On or near Victoria Street,Unable to prosecute suspect,west-yorkshire,CDT_HX
107056092,drugs,2022-12,53.720633,-1.858789,On or near ,Status update unavailable,west-yorkshire,CDT_HX
107062959,drugs,2022-12,53.728781,-1.879996,On or near Back Victor Terrace,Court result unavailable,west-yorkshire,CDT_HX
107057340,drugs,2022-12,53.728025,-1.854641,On or near New Bank,Court result unavailable,west-yorkshire,CDT_HX
107052061,drugs,2022-12,53.719376,-1.860369,On or near Portland Place,Local resolution,west-yorkshire,CDT_HX
107051026,drugs,2022-12,53.730143,-1.867579,On or near Woodside Mount,Investigation complete; no suspect identified,west-yorkshire,CDT_HX
107050809,drugs,2022-12,53.722682,-1.875300,On or near Dombey Street,Local resolution,west-yorkshire,CDT_HX
107062524,drugs,2022-12,53.723298,-1.888605,On or near Newstead Terrace,Local resolution,west-yorkshire,CDT_HX
107062142,drugs,2022-12,53.722318,-1.862238,On or near George Street,Offender given a caution,west-yorkshire,CDT_HX
107059950,drugs,2022-12,53.720029,-1.857442,On or near Wellington Place,Status update unavailable,west-yorkshire,CDT_HX
107059735,drugs,2022-12,53.717674,-1.873285,On or near Norfolk Place,Offender given a caution,west-yorkshire,CDT_HX
107059082,drugs,2022-12,53.726287,-1.865228,On or near ,Court result unavailable,west-yorkshire,CDT_HX
107057859,drugs,2022-12,53.722875,-1.862570,On or near Silver Street,Court result unavailable,west-yorkshire,CDT_HX
107050701,drugs,2022-12,53.724816,-1.862003,On or near Great Albion Street,Local resolution,west-yorkshire,CDT_HX
107048282,drugs,2022-12,53.711494,-1.868107,On or near Rufford Villas,Local resolution,west-yorkshire,CDT_HX
107044859,drugs,2022-12,53.726287,-1.865228,On or near ,Offender given a caution,west-yorkshire,CDT_HX
107041741,drugs,2022-12,53.719240,-1.859021,On or near Clare Road,Local resolution,west-yorkshire,CDT_HX
107054100,drugs,2022-12,53.720655,-1.862441,On or near Carlton Terrace,Court result unavailable,west-yorkshire,CDT_HX
107054292,drugs,2022-12,53.726287,-1.865228,On or near ,Offender given a caution,west-yorkshire,CDT_HX
107053888,drugs,2022-12,53.720227,-1.857987,On or near New Road,Offender given a caution,west-yorkshire,CDT_HX
107052877,drugs,2022-12,53.725053,-1.881674,On or near Burlington Street,Status update unavailable,west-yorkshire,CDT_HX
107052009,drugs,2022-12,53.725301,-1.862077,On or near Orange Street,Court result unavailable,west-yorkshire,CDT_HX
107038190,drugs,2022-12,53.734493,-1.875432,On or near Rushworth Street,Status update unavailable,west-yorkshire,CDT_HX
107033256,drugs,2022-12,53.733510,-1.872085,On or near Ovenden Road,Local resolution,west-yorkshire,CDT_HX
107052150,drugs,2022-12,53.722971,-1.859493,On or near Russell Street,Court result unavailable,west-yorkshire,CDT_HX
107032613,drugs,2022-12,53.721526,-1.861711,On or near Back Commercial Street,Local resolution,west-yorkshire,CDT_HX
107044159,drugs,2022-12,53.736076,-1.876413,On or near Ovenden Crescent,Local resolution,west-yorkshire,CDT_HX
107040920,drugs,2022-12,53.721664,-1.864135,On or near Bull Green,Court result unavailable,west-yorkshire,CDT_HX
107053758,drugs,2022-12,53.726287,-1.865228,On or near ,Court result unavailable,west-yorkshire,CDT_HX
107054641,drugs,2022-12,53.731146,-1.864362,On or near Woodside Grove,Investigation complete; no suspect identified,west-yorkshire,CDT_HX
107055370,drugs,2022-12,53.719527,-1.874416,On or near ,Local resolution,west-yorkshire,CDT_HX
107056189,drugs,2022-12,53.718388,-1.886708,On or near Herbert Street,Investigation complete; no suspect identified,west-yorkshire,CDT_HX
107064666,drugs,2022-12,53.725849,-1.886794,On or near Saxon Street,Investigation complete; no suspect identified,west-yorkshire,CDT_HX
107054036,drugs,2022-12,53.722692,-1.867663,On or near Bedford Street,Court result unavailable,west-yorkshire,CDT_HX
107056015,other-theft,2022-12,53.722035,-1.859163,On or near ,Investigation complete; no suspect identified,west-yorkshire,CDT_HX
107033239,other-theft,2022-12,53.737594,-1.875984,On or near Friendly Street,Investigation complete; no suspect identified,west-yorkshire,CDT_HX
107039699,other-theft,2022-12,53.719117,-1.861855,On or near St John's Place,Investigation complete; no suspect identified,west-yorkshire,CDT_HX
107068138,other-theft,2022-12,53.732383,-1.868830,On or near Terrace Gardens,Investigation complete; no suspect identified,west-yorkshire,CDT_HX
107062039,other-theft,2022-12,53.726362,-1.854677,On or near ,Investigation complete; no suspect identified,west-yorkshire,CDT_HX
107032457,other-theft,2022-12,53.717604,-1.858875,On or near Hunger Hill,Unable to prosecute suspect,west-yorkshire,CDT_HX
107034247,other-theft,2022-12,53.714892,-1.877111,On or near ,Investigation complete; no suspect identified,west-yorkshire,CDT_HX
107032930,other-theft,2022-12,53.735627,-1.868607,On or near Grantham Road,Investigation complete; no suspect identified,west-yorkshire,CDT_HX
107053635,other-theft,2022-12,53.722968,-1.891288,On or near Spring Hall Place,Unable to prosecute suspect,west-yorkshire,CDT_HX
107042811,other-theft,2022-12,53.725551,-1.860591,On or near ,Investigation complete; no suspect identified,west-yorkshire,CDT_HX
107032651,other-theft,2022-12,53.711605,-1.863107,On or near Linden Mews,Investigation complete; no suspect identified,west-yorkshire,CDT_HX
107042515,other-theft,2022-12,53.731076,-1.865635,On or near Woodside Place,Status update unavailable,west-yorkshire,CDT_HX
107068078,other-theft,2022-12,53.724279,-1.864202,On or near Victoria Street,Unable to prosecute suspect,west-yorkshire,CDT_HX
107064899,other-theft,2022-12,53.719803,-1.864459,On or near Blackwall,Investigation complete; no suspect identified,west-yorkshire,CDT_HX
107042854,other-theft,2022-12,53.717073,-1.874832,On or near Hyde Park,Investigation complete; no suspect identified,west-yorkshire,CDT_HX
107040968,other-theft,2022-12,53.725053,-1.881674,On or near Burlington Street,Investigation complete; no suspect identified,west-yorkshire,CDT_HX
107044642,other-theft,2022-12,53.713988,-1.872463,On or near Industrial Terrace,Investigation complete; no suspect identified,west-yorkshire,CDT_HX
107055059,other-theft,2022-12,53.736460,-1.866164,On or near Fern Street,Unable to prosecute suspect,west-yorkshire,CDT_HX
107060811,other-theft,2022-12,53.721007,-1.880594,On or near Rose Street,Unable to prosecute suspect,west-yorkshire,CDT_HX
107064940,other-theft,2022-12,53.716657,-1.881152,On or near Maple Street,Investigation complete; no suspect identified,west-yorkshire,CDT_HX
107066640,other-theft,2022-12,53.736226,-1.874230,On or near Robert Street,Investigation complete; no suspect identified,west-yorkshire,CDT_HX
107033846,other-theft,2022-12,53.719094,-1.881948,On or near Kingston Court,Investigation complete; no suspect identified,west-yorkshire,CDT_HX
107035947,other-theft,2022-12,53.731146,-1.864362,On or near Woodside Grove,Investigation complete; no suspect identified,west-yorkshire,CDT_HX
107062500,other-theft,2022-12,53.721664,-1.864135,On or near Bull Green,Status update unavailable,west-yorkshire,CDT_HX
107069383,other-theft,2022-12,53.722971,-1.859493,On or near Russell Street,Investigation complete; no suspect identified,west-yorkshire,CDT_HX
107052026,other-theft,2022-12,53.724817,-1.888995,On or near ,Status update unavailable,west-yorkshire,CDT_HX
107050244,other-theft,2022-12,53.725848,-1.885915,On or near Lytham Street,Status update unavailable,west-yorkshire,CDT_HX
107055939,other-theft,2022-12,53.719240,-1.859021,On or near Clare Road,Investigation complete; no suspect identified,west-yorkshire,CDT_HX
107033271,other-theft,2022-12,53.719105,-1.867143,On or near South Street,Investigation complete; no suspect identified,west-yorkshire,CDT_HX
107053705,possession-of-weapons,2022-12,53.722875,-1.862570,On or near Silver Street,Court result unavailable,west-yorkshire,CDT_HX
107049040,possession-of-weapons,2022-12,53.721345,-1.877153,On or near Back Park Terrace,Unable to prosecute suspect,west-yorkshire,CDT_HX
107038479,possession-of-weapons,2022-12,53.719860,-1.866444,On or near Arches Street,Status update unavailable,west-yorkshire,CDT_HX
107052089,public-order,2022-12,53.722200,-1.869649,On or near Harvest Court,Investigation complete; no suspect identified,west-yorkshire,CDT_HX
107051055,public-order,2022-12,53.722479,-1.861965,On or near George Square,Investigation complete; no suspect identified,west-yorkshire,CDT_HX
107051390,public-order,2022-12,53.724279,-1.864202,On or near Victoria Street,Unable to prosecute suspect,west-yorkshire,CDT_HX
107035367,public-order,2022-12,53.720029,-1.857442,On or near Wellington Place,Unable to prosecute suspect,west-yorkshire,CDT_HX
107055055,public-order,2022-12,53.718289,-1.877374,On or near Mayfield Mount,Unable to prosecute suspect,west-yorkshire,CDT_HX
107035929,public-order,2022-12,53.722971,-1.859493,On or near Russell Street,Investigation complete; no suspect identified,west-yorkshire,CDT_HX
107055279,public-order,2022-12,53.736226,-1.874230,On or near Robert Street,Offender given a caution,west-yorkshire,CDT_HX
107036426,public-order,2022-12,53.723411,-1.859916,On or near Old Market,Unable to prosecute suspect,west-yorkshire,CDT_HX
107054902,public-order,2022-12,53.722875,-1.862570,On or near Silver Street,Unable to prosecute suspect,west-yorkshire,CDT_HX
107058087,public-order,2022-12,53.718358,-1.858221,On or near Hope Hall Street,Unable to prosecute suspect,west-yorkshire,CDT_HX
107036831,public-order,2022-12,53.715814,-1.882791,On or near Carrholme Court,Unable to prosecute suspect,west-yorkshire,CDT_HX
107036833,public-order,2022-12,53.726362,-1.854677,On or near ,Investigation complete; no suspect identified,west-yorkshire,CDT_HX
107054829,public-order,2022-12,53.728425,-1.850927,On or near Webb's Terrace,Court result unavailable,west-yorkshire,CDT_HX
107051859,public-order,2022-12,53.721664,-1.864135,On or near Bull Green,Unable to prosecute suspect,west-yorkshire,CDT_HX
107054870,public-order,2022-12,53.720633,-1.858789,On or near ,Status update unavailable,west-yorkshire,CDT_HX
107054105,public-order,2022-12,53.725551,-1.860591,On or near ,Unable to prosecute suspect,west-yorkshire,CDT_HX
107052002,public-order,2022-12,53.731559,-1.872273,On or near Gilmour Street,Unable to prosecute suspect,west-yorkshire,CDT_HX
107051321,public-order,2022-12,53.731559,-1.872273,On or near Gilmour Street,Investigation complete; no suspect identified,west-yorkshire,CDT_HX
107037430,public-order,2022-12,53.722971,-1.859493,On or near Russell Street,Investigation complete; no suspect identified,west-yorkshire,CDT_HX
107037519,public-order,2022-12,53.716010,-1.881320,On or near Thorn Tree Street,Investigation complete; no suspect identified,west-yorkshire,CDT_HX
124975699,public-order,2022-12,53.721446,-1.853315,Halifax (station),Status update unavailable,west-yorkshire,CDT_HX
107037581,public-order,2022-12,53.724279,-1.864202,On or near Victoria Street,Court result unavailable,west-yorkshire,CDT_HX
107037592,public-order,2022-12,53.726362,-1.854677,On or near ,Investigation complete; no suspect identified,west-yorkshire,CDT_HX
107037598,public-order,2022-12,53.719240,-1.859021,On or near Clare Road,Investigation complete; no suspect identified,west-yorkshire,CDT_HX
107065668,public-order,2022-12,53.727320,-1.851552,On or near Godley Road,Investigation complete; no suspect identified,west-yorkshire,CDT_HX
107043806,public-order,2022-12,53.729212,-1.862928,On or near ,Unable to prosecute suspect,west-yorkshire,CDT_HX
107042677,public-order,2022-12,53.728348,-1.878042,On or near Diamond Street,Unable to prosecute suspect,west-yorkshire,CDT_HX
107054034,public-order,2022-12,53.721664,-1.864135,On or near Bull Green,Status update unavailable,west-yorkshire,CDT_HX
107054166,public-order,2022-12,53.722875,-1.862570,On or near Silver Street,Unable to prosecute suspect,west-yorkshire,CDT_HX
107069168,public-order,2022-12,53.722875,-1.862570,On or near Silver Street,Offender given a caution,west-yorkshire,CDT_HX
107038514,public-order,2022-12,53.720850,-1.860485,On or near Ward's End,Local resolution,west-yorkshire,CDT_HX
107050575,public-order,2022-12,53.726287,-1.865228,On or near ,Court result unavailable,west-yorkshire,CDT_HX
107038719,public-order,2022-12,53.724702,-1.881781,On or near Walsh Street,Unable to prosecute suspect,west-yorkshire,CDT_HX
107038756,public-order,2022-12,53.724702,-1.881781,On or near Walsh Street,Unable to prosecute suspect,west-yorkshire,CDT_HX
107062017,public-order,2022-12,53.721327,-1.860499,On or near Alexandra Street,Investigation complete; no suspect identified,west-yorkshire,CDT_HX
107039212,public-order,2022-12,53.723875,-1.856292,On or near Smithy Street,Unable to prosecute suspect,west-yorkshire,CDT_HX
107043074,public-order,2022-12,53.724817,-1.888995,On or near ,Unable to prosecute suspect,west-yorkshire,CDT_HX
107049606,public-order,2022-12,53.725846,-1.884551,On or near Ramsgate Street,Offender given a caution,west-yorkshire,CDT_HX
107059193,public-order,2022-12,53.722479,-1.861965,On or near George Square,Unable to prosecute suspect,west-yorkshire,CDT_HX
107032015,public-order,2022-12,53.713927,-1.874357,On or near Ivy Street,Unable to prosecute suspect,west-yorkshire,CDT_HX
107047348,public-order,2022-12,53.721664,-1.864135,On or near Bull Green,Unable to prosecute suspect,west-yorkshire,CDT_HX
107032866,public-order,2022-12,53.721664,-1.864135,On or near Bull Green,Investigation complete; no suspect identified,west-yorkshire,CDT_HX
107059156,public-order,2022-12,53.724557,-1.863701,On or near St James Road,Unable to prosecute suspect,west-yorkshire,CDT_HX
107053639,public-order,2022-12,53.724279,-1.864202,On or near Victoria Street,Unable to prosecute suspect,west-yorkshire,CDT_HX
107040955,public-order,2022-12,53.716523,-1.881849,On or near Raleigh Street,Unable to prosecute suspect,west-yorkshire,CDT_HX
107059346,public-order,2022-12,53.736622,-1.874698,On or near Regency Way,Unable to prosecute suspect,west-yorkshire,CDT_HX
107033338,public-order,2022-12,53.735065,-1.864425,On or near Brewery Street,Investigation complete; no suspect identified,west-yorkshire,CDT_HX
107068144,public-order,2022-12,53.718358,-1.858221,On or near Hope Hall Street,Unable to prosecute suspect,west-yorkshire,CDT_HX
107057826,public-order,2022-12,53.718358,-1.858221,On or near Hope Hall Street,Investigation complete; no suspect identified,west-yorkshire,CDT_HX
107067135,public-order,2022-12,53.715286,-1.885050,On or near Wilson Road,Unable to prosecute suspect,west-yorkshire,CDT_HX
107039488,public-order,2022-12,53.723693,-1.862082,On or near ,Status update unavailable,west-yorkshire,CDT_HX
107053333,public-order,2022-12,53.723280,-1.863023,On or near Central Street,Court result unavailable,west-yorkshire,CDT_HX
107048444,public-order,2022-12,53.721323,-1.864878,On or near Carlton Place,Unable to prosecute suspect,west-yorkshire,CDT_HX
107051270,public-order,2022-12,53.734520,-1.875842,On or near Ovenden Close,Unable to prosecute suspect,west-yorkshire,CDT_HX
107063106,public-order,2022-12,53.722875,-1.862570,On or near Silver Street,Status update unavailable,west-yorkshire,CDT_HX
107052176,public-order,2022-12,53.722971,-1.859493,On or near Russell Street,Unable to prosecute suspect,west-yorkshire,CDT_HX
107032822,public-order,2022-12,53.724817,-1.888995,On or near ,Investigation complete; no suspect identified,west-yorkshire,CDT_HX
107048293,public-order,2022-12,53.725301,-1.862077,On or near Orange Street,Court result unavailable,west-yorkshire,CDT_HX
107051822,public-order,2022-12,53.736680,-1.878579,On or near Ovenden Terrace,Investigation complete; no suspect identified,west-yorkshire,CDT_HX
107046225,public-order,2022-12,53.720116,-1.855457,On or near School Street,Investigation complete; no suspect identified,west-yorkshire,CDT_HX
107054167,public-order,2022-12,53.722903,-1.879937,On or near Oak Place,Investigation complete; no suspect identified,west-yorkshire,CDT_HX
107056506,public-order,2022-12,53.720633,-1.858789,On or near ,Unable to prosecute suspect,west-yorkshire,CDT_HX
107049556,public-order,2022-12,53.716864,-1.856453,On or near ,Investigation complete; no suspect identified,west-yorkshire,CDT_HX
107066243,public-order,2022-12,53.725519,-1.863471,On or near Burdock Way,Unable to prosecute suspect,west-yorkshire,CDT_HX
107048894,public-order,2022-12,53.716194,-1.885502,On or near Norman Street,Unable to prosecute suspect,west-yorkshire,CDT_HX
107057944,public-order,2022-12,53.722875,-1.862570,On or near Silver Street,Court result unavailable,west-yorkshire,CDT_HX
107055769,public-order,2022-12,53.736622,-1.874698,On or near Regency Way,Court result unavailable,west-yorkshire,CDT_HX
107050241,public-order,2022-12,53.725844,-1.881717,On or near Womersley Street,Investigation complete; no suspect identified,west-yorkshire,CDT_HX
107036670,public-order,2022-12,53.726287,-1.865228,On or near ,Unable to prosecute suspect,west-yorkshire,CDT_HX
107050969,public-order,2022-12,53.724279,-1.864202,On or near Victoria Street,Investigation complete; no suspect identified,west-yorkshire,CDT_HX
107062105,public-order,2022-12,53.722479,-1.861965,On or near George Square,Offender given a caution,west-yorkshire,CDT_HX
107033421,public-order,2022-12,53.721664,-1.864135,On or near Bull Green,Unable to prosecute suspect,west-yorkshire,CDT_HX
107031994,public-order,2022-12,53.720655,-1.862441,On or near Carlton Terrace,Investigation complete; no suspect identified,west-yorkshire,CDT_HX
107032017,public-order,2022-12,53.721007,-1.880594,On or near Rose Street,Investigation complete; no suspect identified,west-yorkshire,CDT_HX
107032069,public-order,2022-12,53.734817,-1.867700,On or near Palm Street,Investigation complete; no suspect identified,west-yorkshire,CDT_HX
107060833,public-order,2022-12,53.716776,-1.882637,On or near Bruce Street,Offender given a caution,west-yorkshire,CDT_HX
107055257,public-order,2022-12,53.724817,-1.888995,On or near ,Unable to prosecute suspect,west-yorkshire,CDT_HX
107055940,public-order,2022-12,53.723693,-1.862082,On or near ,Investigation complete; no suspect identified,west-yorkshire,CDT_HX
107069618,public-order,2022-12,53.722971,-1.859493,On or near Russell Street,Unable to prosecute suspect,west-yorkshire,CDT_HX
107047030,public-order,2022-12,53.721177,-1.855150,On or near Church Street,Investigation complete; no suspect identified,west-yorkshire,CDT_HX
107032243,public-order,2022-12,53.723211,-1.862096,On or near ,Investigation complete; no suspect identified,west-yorkshire,CDT_HX
107069344,public-order,2022-12,53.721256,-1.877563,On or near Clarendon Place,Status update unavailable,west-yorkshire,CDT_HX
107033675,public-order,2022-12,53.722035,-1.859163,On or near ,Unable to prosecute suspect,west-yorkshire,CDT_HX
107051261,public-order,2022-12,53.734520,-1.875842,On or near Ovenden Close,Unable to prosecute suspect,west-yorkshire,CDT_HX
107051234,public-order,2022-12,53.723333,-1.861811,On or near Crown Street,Investigation complete; no suspect identified,west-yorkshire,CDT_HX
107055382,public-order,2022-12,53.736622,-1.874698,On or near Regency Way,Court result unavailable,west-yorkshire,CDT_HX
107056496,public-order,2022-12,53.720633,-1.858789,On or near ,Unable to prosecute suspect,west-yorkshire,CDT_HX
107034446,public-order,2022-12,53.720227,-1.857987,On or near New Road,Unable to prosecute suspect,west-yorkshire,CDT_HX
107034580,public-order,2022-12,53.734493,-1.875432,On or near Rushworth Street,Investigation complete; no suspect identified,west-yorkshire,CDT_HX
107034646,public-order,2022-12,53.721526,-1.861711,On or near Back Commercial Street,Investigation complete; no suspect identified,west-yorkshire,CDT_HX
107051229,public-order,2022-12,53.720227,-1.857987,On or near New Road,Investigation complete; no suspect identified,west-yorkshire,CDT_HX
107034700,public-order,2022-12,53.722318,-1.862238,On or near George Street,Unable to prosecute suspect,west-yorkshire,CDT_HX
107057931,public-order,2022-12,53.715579,-1.881110,On or near Lombard Street,Court result unavailable,west-yorkshire,CDT_HX
107034958,public-order,2022-12,53.734958,-1.864759,On or near Iona Place,Unable to prosecute suspect,west-yorkshire,CDT_HX
107048255,public-order,2022-12,53.715711,-1.878488,On or near Trafalgar Square,Investigation complete; no suspect identified,west-yorkshire,CDT_HX
107052216,public-order,2022-12,53.719527,-1.874416,On or near ,Unable to prosecute suspect,west-yorkshire,CDT_HX
107051727,public-order,2022-12,53.715579,-1.881110,On or near Lombard Street,Investigation complete; no suspect identified,west-yorkshire,CDT_HX
107049174,public-order,2022-12,53.720655,-1.862441,On or near Carlton Terrace,Investigation complete; no suspect identified,west-yorkshire,CDT_HX
107051687,public-order,2022-12,53.723411,-1.859916,On or near Old Market,Investigation complete; no suspect identified,west-yorkshire,CDT_HX
107067339,public-order,2022-12,53.719418,-1.857808,On or near Union Street South,Investigation complete; no suspect identified,west-yorkshire,CDT_HX
107047926,public-order,2022-12,53.716211,-1.875123,On or near Laurel Street,Investigation complete; no suspect identified,west-yorkshire,CDT_HX
107041336,public-order,2022-12,53.723280,-1.863023,On or near Central Street,Unable to prosecute suspect,west-yorkshire,CDT_HX
107053707,robbery,2022-12,53.722802,-1.861282,On or near Upper George Yard,Court result unavailable,west-yorkshire,CDT_HX
107064316,robbery,2022-12,53.720029,-1.857442,On or near Wellington Place,Investigation complete; no suspect identified,west-yorkshire,CDT_HX
107053810,robbery,2022-12,53.720850,-1.860485,On or near Ward's End,Investigation complete; no suspect identified,west-yorkshire,CDT_HX
107043675,robbery,2022-12,53.722875,-1.862570,On or near Silver Street,Investigation complete; no suspect identified,west-yorkshire,CDT_HX
107053755,robbery,2022-12,53.716069,-1.886108,On or near Irving Street,Unable to prosecute suspect,west-yorkshire,CDT_HX
107064507,shoplifting,2022-12,53.722612,-1.860783,On or near ,Investigation complete; no suspect identified,west-yorkshire,CDT_HX
107064318,shoplifting,2022-12,53.720207,-1.855881,On or near Bath Street,Court result unavailable,west-yorkshire,CDT_HX
107043070,shoplifting,2022-12,53.722971,-1.859493,On or near Russell Street,Investigation complete; no suspect identified,west-yorkshire,CDT_HX
107059090,shoplifting,2022-12,53.726362,-1.854677,On or near ,Local resolution,west-yorkshire,CDT_HX
107053870,shoplifting,2022-12,53.723875,-1.856292,On or near Smithy Street,Unable to prosecute suspect,west-yorkshire,CDT_HX
107054548,shoplifting,2022-12,53.722035,-1.859163,On or near ,Unable to prosecute suspect,west-yorkshire,CDT_HX
107068370,shoplifting,2022-12,53.727442,-1.871573,On or near ,Investigation complete; no suspect identified,west-yorkshire,CDT_HX
107054334,shoplifting,2022-12,53.720227,-1.857987,On or near New Road,Court result unavailable,west-yorkshire,CDT_HX
107054250,shoplifting,2022-12,53.726362,-1.854677,On or near ,Court result unavailable,west-yorkshire,CDT_HX
107063706,shoplifting,2022-12,53.722971,-1.859493,On or near Russell Street,Unable to prosecute suspect,west-yorkshire,CDT_HX
107063377,shoplifting,2022-12,53.726362,-1.854677,On or near ,Unable to prosecute suspect,west-yorkshire,CDT_HX
107039693,shoplifting,2022-12,53.722971,-1.859493,On or near Russell Street,Investigation complete; no suspect identified,west-yorkshire,CDT_HX
107039897,shoplifting,2022-12,53.723875,-1.856292,On or near Smithy Street,Court result unavailable,west-yorkshire,CDT_HX
107064227,shoplifting,2022-12,53.726362,-1.854677,On or near ,Investigation complete; no suspect identified,west-yorkshire,CDT_HX
107052928,shoplifting,2022-12,53.726362,-1.854677,On or near ,Local resolution,west-yorkshire,CDT_HX
107050333,shoplifting,2022-12,53.722971,-1.859493,On or near Russell Street,Investigation complete; no suspect identified,west-yorkshire,CDT_HX
107041866,shoplifting,2022-12,53.722971,-1.859493,On or near Russell Street,Unable to prosecute suspect,west-yorkshire,CDT_HX
107048054,shoplifting,2022-12,53.714833,-1.881051,On or near ,Investigation complete; no suspect identified,west-yorkshire,CDT_HX
107055985,shoplifting,2022-12,53.726362,-1.854677,On or near ,Court result unavailable,west-yorkshire,CDT_HX
107047944,shoplifting,2022-12,53.723182,-1.855764,On or near Causeway,Investigation complete; no suspect identified,west-yorkshire,CDT_HX
107050536,shoplifting,2022-12,53.716864,-1.856453,On or near ,Investigation complete; no suspect identified,west-yorkshire,CDT_HX
107062192,shoplifting,2022-12,53.722971,-1.859493,On or near Russell Street,Unable to prosecute suspect,west-yorkshire,CDT_HX
107069349,shoplifting,2022-12,53.727287,-1.877651,On or near Violet Street North,Unable to prosecute suspect,west-yorkshire,CDT_HX
107051907,shoplifting,2022-12,53.722612,-1.860783,On or near ,Investigation complete; no suspect identified,west-yorkshire,CDT_HX
107055524,shoplifting,2022-12,53.722612,-1.860783,On or near ,Status update unavailable,west-yorkshire,CDT_HX
107065317,shoplifting,2022-12,53.722612,-1.860783,On or near ,Court result unavailable,west-yorkshire,CDT_HX
107065576,shoplifting,2022-12,53.712428,-1.860013,On or near Elm Gardens,Investigation complete; no suspect identified,west-yorkshire,CDT_HX
107054899,shoplifting,2022-12,53.725572,-1.871336,On or near Horne Street,Further investigation is not in the public interest,west-yorkshire,CDT_HX
107032813,shoplifting,2022-12,53.722971,-1.859493,On or near Russell Street,Investigation complete; no suspect identified,west-yorkshire,CDT_HX
107063352,shoplifting,2022-12,53.726362,-1.854677,On or near ,Local resolution,west-yorkshire,CDT_HX
107033143,shoplifting,2022-12,53.722035,-1.859163,On or near ,Court result unavailable,west-yorkshire,CDT_HX
107066900,shoplifting,2022-12,53.722035,-1.859163,On or near ,Investigation complete; no suspect identified,west-yorkshire,CDT_HX
107066016,shoplifting,2022-12,53.717308,-1.859391,On or near ,Unable to prosecute suspect,west-yorkshire,CDT_HX
107049363,theft-from-the-person,2022-12,53.726675,-1.860815,On or near ,Investigation complete; no suspect identified,west-yorkshire,CDT_HX
107050214,theft-from-the-person,2022-12,53.737278,-1.865934,On or near Simpson Street,Unable to prosecute suspect,west-yorkshire,CDT_HX
107035825,theft-from-the-person,2022-12,53.722035,-1.859163,On or near ,Investigation complete; no suspect identified,west-yorkshire,CDT_HX
124975700,theft-from-the-person,2022-12,53.721446,-1.853315,Halifax (station),Status update unavailable,west-yorkshire,CDT_HX
107051652,theft-from-the-person,2022-12,53.723875,-1.856292,On or near Smithy Street,Investigation complete; no suspect identified,west-yorkshire,CDT_HX
107055258,theft-from-the-person,2022-12,53.719527,-1.874416,On or near ,Investigation complete; no suspect identified,west-yorkshire,CDT_HX
107036719,theft-from-the-person,2022-12,53.720744,-1.861577,On or near ,Investigation complete; no suspect identified,west-yorkshire,CDT_HX
107045230,theft-from-the-person,2022-12,53.722035,-1.859163,On or near ,Investigation complete; no suspect identified,west-yorkshire,CDT_HX
107050283,theft-from-the-person,2022-12,53.724817,-1.888995,On or near ,Investigation complete; no suspect identified,west-yorkshire,CDT_HX
107052247,theft-from-the-person,2022-12,53.718875,-1.887677,On or near Surrey Street,Offender given a caution,west-yorkshire,CDT_HX
107033009,vehicle-crime,2022-12,53.718721,-1.886495,On or near Pear Street,Investigation complete; no suspect identified,west-yorkshire,CDT_HX
107045362,vehicle-crime,2022-12,53.717604,-1.858875,On or near Hunger Hill,Unable to prosecute suspect,west-yorkshire,CDT_HX
107037392,vehicle-crime,2022-12,53.733100,-1.866963,On or near Chester Road,Investigation complete; no suspect identified,west-yorkshire,CDT_HX
107036489,vehicle-crime,2022-12,53.717259,-1.871740,On or near Arden Road,Investigation complete; no suspect identified,west-yorkshire,CDT_HX
107036408,vehicle-crime,2022-12,53.727320,-1.851552,On or near Godley Road,Investigation complete; no suspect identified,west-yorkshire,CDT_HX
107067752,vehicle-crime,2022-12,53.719649,-1.879886,On or near Conway Street,Investigation complete; no suspect identified,west-yorkshire,CDT_HX
107068692,vehicle-crime,2022-12,53.728260,-1.863022,On or near ,Investigation complete; no suspect identified,west-yorkshire,CDT_HX
107032111,vehicle-crime,2022-12,53.726362,-1.854677,On or near ,Investigation complete; no suspect identified,west-yorkshire,CDT_HX
107067487,vehicle-crime,2022-12,53.721056,-1.866910,On or near ,Investigation complete; no suspect identified,west-yorkshire,CDT_HX
107067253,vehicle-crime,2022-12,53.713286,-1.863828,On or near Emily Way,Investigation complete; no suspect identified,west-yorkshire,CDT_HX
107032778,vehicle-crime,2022-12,53.736680,-1.878579,On or near Ovenden Terrace,Investigation complete; no suspect identified,west-yorkshire,CDT_HX
107044697,vehicle-crime,2022-12,53.713587,-1.875767,On or near Mellor Terrace,Investigation complete; no suspect identified,west-yorkshire,CDT_HX
107052112,vehicle-crime,2022-12,53.721507,-1.886639,On or near Pavilion Close,Investigation complete; no suspect identified,west-yorkshire,CDT_HX
107032861,vehicle-crime,2022-12,53.722822,-1.871390,On or near Madni Close,Investigation complete; no suspect identified,west-yorkshire,CDT_HX
107050989,vehicle-crime,2022-12,53.733569,-1.861156,On or near Woodlands Grove,Unable to prosecute suspect,west-yorkshire,CDT_HX
107068482,vehicle-crime,2022-12,53.723875,-1.881117,On or near Raven Street,Investigation complete; no suspect identified,west-yorkshire,CDT_HX
107039073,vehicle-crime,2022-12,53.727706,-1.883864,On or near Dyson Road,Investigation complete; no suspect identified,west-yorkshire,CDT_HX
107066776,vehicle-crime,2022-12,53.724816,-1.862003,On or near Great Albion Street,Unable to prosecute suspect,west-yorkshire,CDT_HX
107037796,vehicle-crime,2022-12,53.714752,-1.856990,On or near Simmonds Lane,Investigation complete; no suspect identified,west-yorkshire,CDT_HX
107042959,violent-crime,2022-12,53.730119,-1.862152,On or near Randolph Street,Investigation complete; no suspect identified,west-yorkshire,CDT_HX
107042969,violent-crime,2022-12,53.730119,-1.862152,On or near Randolph Street,Investigation complete; no suspect identified,west-yorkshire,CDT_HX
107042979,violent-crime,2022-12,53.723693,-1.862082,On or near ,Investigation complete; no suspect identified,west-yorkshire,CDT_HX
107042981,violent-crime,2022-12,53.723693,-1.862082,On or near ,Investigation complete; no suspect identified,west-yorkshire,CDT_HX
107043493,violent-crime,2022-12,53.737064,-1.867511,On or near West View,Unable to prosecute suspect,west-yorkshire,CDT_HX
107043743,violent-crime,2022-12,53.722971,-1.859493,On or near Russell Street,Investigation complete; no suspect identified,west-yorkshire,CDT_HX
107052422,violent-crime,2022-12,53.735623,-1.881644,On or near High Croft,Unable to prosecute suspect,west-yorkshire,CDT_HX
107043841,violent-crime,2022-12,53.726362,-1.854677,On or near ,Investigation complete; no suspect identified,west-yorkshire,CDT_HX
107043884,violent-crime,2022-12,53.736226,-1.874230,On or near Robert Street,Unable to prosecute suspect,west-yorkshire,CDT_HX
107050643,violent-crime,2022-12,53.718388,-1.886708,On or near Herbert Street,Unable to prosecute suspect,west-yorkshire,CDT_HX
107046925,violent-crime,2022-12,53.734727,-1.867640,On or near Rawson Street North,Unable to prosecute suspect,west-yorkshire,CDT_HX
107044495,violent-crime,2022-12,53.728390,-1.884650,On or near Back Blackwood Grove,Investigation complete; no suspect identified,west-yorkshire,CDT_HX
107044501,violent-crime,2022-12,53.722318,-1.862238,On or near George Street,Investigation complete; no suspect identified,west-yorkshire,CDT_HX
107044552,violent-crime,2022-12,53.720672,-1.861562,On or near ,Investigation complete; no suspect identified,west-yorkshire,CDT_HX
107044562,violent-crime,2022-12,53.724279,-1.864202,On or near Victoria Street,Unable to prosecute suspect,west-yorkshire,CDT_HX
107035359,violent-crime,2022-12,53.725198,-1.873853,On or near Stansfield Close,Unable to prosecute suspect,west-yorkshire,CDT_HX
107035157,violent-crime,2022-12,53.725551,-1.860591,On or near ,Unable to prosecute suspect,west-yorkshire,CDT_HX
107045056,violent-crime,2022-12,53.721007,-1.880594,On or near Rose Street,Unable to prosecute suspect,west-yorkshire,CDT_HX
107045068,violent-crime,2022-12,53.721172,-1.859029,On or near ,Investigation complete; no suspect identified,west-yorkshire,CDT_HX
107032841,violent-crime,2022-12,53.725198,-1.873853,On or near Stansfield Close,Unable to prosecute suspect,west-yorkshire,CDT_HX
107033874,violent-crime,2022-12,53.723333,-1.861811,On or near Crown Street,Investigation complete; no suspect identified,west-yorkshire,CDT_HX
107033928,violent-crime,2022-12,53.717866,-1.876406,On or near Mayfield Avenue,Unable to prosecute suspect,west-yorkshire,CDT_HX
107033951,violent-crime,2022-12,53.716063,-1.879957,On or near Constitutional Street,Unable to prosecute suspect,west-yorkshire,CDT_HX
107034413,violent-crime,2022-12,53.722470,-1.862253,On or near Black Swan Passage,Investigation complete; no suspect identified,west-yorkshire,CDT_HX
107034671,violent-crime,2022-12,53.719203,-1.858324,On or near Clare Street,Investigation complete; no suspect identified,west-yorkshire,CDT_HX
107034760,violent-crime,2022-12,53.722875,-1.862570,On or near Silver Street,Investigation complete; no suspect identified,west-yorkshire,CDT_HX
107034973,violent-crime,2022-12,53.724395,-1.855397,On or near Well Lane,Unable to prosecute suspect,west-yorkshire,CDT_HX
107035132,violent-crime,2022-12,53.735687,-1.883478,On or near Croft Fold,Investigation complete; no suspect identified,west-yorkshire,CDT_HX
107035180,violent-crime,2022-12,53.720850,-1.860485,On or near Ward's End,Investigation complete; no suspect identified,west-yorkshire,CDT_HX
107035422,violent-crime,2022-12,53.715440,-1.877398,On or near Haugh Shaw Road,Unable to prosecute suspect,west-yorkshire,CDT_HX
107035894,violent-crime,2022-12,53.723411,-1.859916,On or near Old Market,Unable to prosecute suspect,west-yorkshire,CDT_HX
107036222,violent-crime,2022-12,53.737278,-1.865934,On or near Simpson Street,Unable to prosecute suspect,west-yorkshire,CDT_HX
107036236,violent-crime,2022-12,53.722803,-1.854462,On or near Upper Kirkgate,Investigation complete; no suspect identified,west-yorkshire,CDT_HX
107036580,violent-crime,2022-12,53.727187,-1.886078,On or near Queensway,Investigation complete; no suspect identified,west-yorkshire,CDT_HX
107037014,violent-crime,2022-12,53.735627,-1.868607,On or near Grantham Road,Action to be taken by another organisation,west-yorkshire,CDT_HX
107037032,violent-crime,2022-12,53.735627,-1.868607,On or near Grantham Road,Action to be taken by another organisation,west-yorkshire,CDT_HX
107037058,violent-crime,2022-12,53.735627,-1.868607,On or near Grantham Road,Action to be taken by another organisation,west-yorkshire,CDT_HX
107044845,violent-crime,2022-12,53.728448,-1.879345,On or near Rosebery Terrace,Action to be taken by another organisation,west-yorkshire,CDT_HX
107044847,violent-crime,2022-12,53.728448,-1.879345,On or near Rosebery Terrace,Action to be taken by another organisation,west-yorkshire,CDT_HX
107063349,violent-crime,2022-12,53.718290,-1.878496,On or near Belmont Place,Unable to prosecute suspect,west-yorkshire,CDT_HX
107045552,violent-crime,2022-12,53.720850,-1.860485,On or near Ward's End,Court result unavailable,west-yorkshire,CDT_HX
107037629,violent-crime,2022-12,53.724279,-1.864202,On or near Victoria Street,Unable to prosecute suspect,west-yorkshire,CDT_HX
107037772,violent-crime,2022-12,53.725840,-1.878428,On or near Little Baines Street,Unable to prosecute suspect,west-yorkshire,CDT_HX
107037936,violent-crime,2022-12,53.730610,-1.866819,On or near Woodside Crescent,Court result unavailable,west-yorkshire,CDT_HX
107038002,violent-crime,2022-12,53.720824,-1.886399,On or near Kingston Drive,Unable to prosecute suspect,west-yorkshire,CDT_HX
107038207,violent-crime,2022-12,53.724059,-1.860687,On or near Crossley Street,Investigation complete; no suspect identified,west-yorkshire,CDT_HX
107038236,violent-crime,2022-12,53.725301,-1.862077,On or near Orange Street,Investigation complete; no suspect identified,west-yorkshire,CDT_HX
107038334,violent-crime,2022-12,53.722875,-1.862570,On or near Silver Street,Unable to prosecute suspect,west-yorkshire,CDT_HX
107038366,violent-crime,2022-12,53.722875,-1.862570,On or near Silver Street,Unable to prosecute suspect,west-yorkshire,CDT_HX
107038372,violent-crime,2022-12,53.737060,-1.864146,On or near Sandforth Avenue,Unable to prosecute suspect,west-yorkshire,CDT_HX
107038538,violent-crime,2022-12,53.728447,-1.878451,On or near Ladywood Terrace,Unable to prosecute suspect,west-yorkshire,CDT_HX
107038799,violent-crime,2022-12,53.720744,-1.861577,On or near ,Investigation complete; no suspect identified,west-yorkshire,CDT_HX
107039160,violent-crime,2022-12,53.718875,-1.887677,On or near Surrey Street,Unable to prosecute suspect,west-yorkshire,CDT_HX
107039236,violent-crime,2022-12,53.723182,-1.855764,On or near Causeway,Investigation complete; no suspect identified,west-yorkshire,CDT_HX
107059499,violent-crime,2022-12,53.736622,-1.874698,On or near Regency Way,Court result unavailable,west-yorkshire,CDT_HX
107039560,violent-crime,2022-12,53.734508,-1.864912,On or near Brougham Street,Investigation complete; no suspect identified,west-yorkshire,CDT_HX
107040097,violent-crime,2022-12,53.721323,-1.864878,On or near Carlton Place,Unable to prosecute suspect,west-yorkshire,CDT_HX
107040755,violent-crime,2022-12,53.711605,-1.863107,On or near Linden Mews,Action to be taken by another organisation,west-yorkshire,CDT_HX
107040895,violent-crime,2022-12,53.716470,-1.882153,On or near Pohlman Street,Unable to prosecute suspect,west-yorkshire,CDT_HX
107062225,violent-crime,2022-12,53.721664,-1.864135,On or near Bull Green,Unable to prosecute suspect,west-yorkshire,CDT_HX
107041011,violent-crime,2022-12,53.716470,-1.882153,On or near Pohlman Street,Unable to prosecute suspect,west-yorkshire,CDT_HX
107041173,violent-crime,2022-12,53.725519,-1.863471,On or near Burdock Way,Unable to prosecute suspect,west-yorkshire,CDT_HX
107064218,violent-crime,2022-12,53.733603,-1.875071,On or near Columbus Street,Unable to prosecute suspect,west-yorkshire,CDT_HX
107041449,violent-crime,2022-12,53.724506,-1.874340,On or near Grosvenor Terrace,Investigation complete; no suspect identified,west-yorkshire,CDT_HX
107041482,violent-crime,2022-12,53.724506,-1.874340,On or near Grosvenor Terrace,Investigation complete; no suspect identified,west-yorkshire,CDT_HX
107041596,violent-crime,2022-12,53.734597,-1.880571,On or near Field Close,Investigation complete; no suspect identified,west-yorkshire,CDT_HX
107041668,violent-crime,2022-12,53.716273,-1.883214,On or near Summer Street,Investigation complete; no suspect identified,west-yorkshire,CDT_HX
107041824,violent-crime,2022-12,53.720102,-1.865913,On or near Kent Street,Investigation complete; no suspect identified,west-yorkshire,CDT_HX
107038064,violent-crime,2022-12,53.720824,-1.886399,On or near Kingston Drive,Unable to prosecute suspect,west-yorkshire,CDT_HX
107041908,violent-crime,2022-12,53.723693,-1.862082,On or near ,Investigation complete; no suspect identified,west-yorkshire,CDT_HX
107041912,violent-crime,2022-12,53.719117,-1.861855,On or near St John's Place,Unable to prosecute suspect,west-yorkshire,CDT_HX
107042617,violent-crime,2022-12,53.721340,-1.890777,On or near Hardwick Close,Unable to prosecute suspect,west-yorkshire,CDT_HX
107045404,violent-crime,2022-12,53.722903,-1.879937,On or near Oak Place,Unable to prosecute suspect,west-yorkshire,CDT_HX
107045451,violent-crime,2022-12,53.721338,-1.870000,On or near Church Place,Unable to prosecute suspect,west-yorkshire,CDT_HX
107045494,violent-crime,2022-12,53.714854,-1.875839,On or near Emscote Avenue,Unable to prosecute suspect,west-yorkshire,CDT_HX
107045576,violent-crime,2022-12,53.727287,-1.877651,On or near Violet Street North,Unable to prosecute suspect,west-yorkshire,CDT_HX
107045731,violent-crime,2022-12,53.711770,-1.866470,On or near First Avenue,Unable to prosecute suspect,west-yorkshire,CDT_HX
107046435,violent-crime,2022-12,53.730119,-1.862152,On or near Randolph Street,Court result unavailable,west-yorkshire,CDT_HX
107056238,violent-crime,2022-12,53.726648,-1.869060,On or near Mount Pleasant Avenue,Unable to prosecute suspect,west-yorkshire,CDT_HX
107046563,violent-crime,2022-12,53.720672,-1.861562,On or near ,Investigation complete; no suspect identified,west-yorkshire,CDT_HX
107058582,violent-crime,2022-12,53.718290,-1.878496,On or near Belmont Place,Unable to prosecute suspect,west-yorkshire,CDT_HX
107047462,violent-crime,2022-12,53.719564,-1.867748,On or near West Parade,Investigation complete; no suspect identified,west-yorkshire,CDT_HX
107047985,violent-crime,2022-12,53.733883,-1.876329,On or near Wheatley Lane,Unable to prosecute suspect,west-yorkshire,CDT_HX
107048543,violent-crime,2022-12,53.721664,-1.864135,On or near Bull Green,Unable to prosecute suspect,west-yorkshire,CDT_HX
107049136,violent-crime,2022-12,53.736226,-1.874230,On or near Robert Street,Unable to prosecute suspect,west-yorkshire,CDT_HX
107049298,violent-crime,2022-12,53.713278,-1.864692,On or near Charlotte Close,Unable to prosecute suspect,west-yorkshire,CDT_HX
107049313,violent-crime,2022-12,53.723563,-1.874661,On or near Back Grosvenor Terrace,Investigation complete; no suspect identified,west-yorkshire,CDT_HX
107049329,violent-crime,2022-12,53.723693,-1.862082,On or near ,Investigation complete; no suspect identified,west-yorkshire,CDT_HX
107049616,violent-crime,2022-12,53.734597,-1.880571,On or near Field Close,Investigation complete; no suspect identified,west-yorkshire,CDT_HX
107049617,violent-crime,2022-12,53.722710,-1.875801,On or near Preston Place,Investigation complete; no suspect identified,west-yorkshire,CDT_HX
107049998,violent-crime,2022-12,53.714833,-1.881051,On or near ,Unable to prosecute suspect,west-yorkshire,CDT_HX
107049553,violent-crime,2022-12,53.717604,-1.858875,On or near Hunger Hill,Unable to prosecute suspect,west-yorkshire,CDT_HX
107056367,violent-crime,2022-12,53.731049,-1.858299,On or near Range Bank,Unable to prosecute suspect,west-yorkshire,CDT_HX
107051044,violent-crime,2022-12,53.730143,-1.867579,On or near Woodside Mount,Unable to prosecute suspect,west-yorkshire,CDT_HX
107051208,violent-crime,2022-12,53.734414,-1.877327,On or near Ovenden Avenue,Unable to prosecute suspect,west-yorkshire,CDT_HX
107051981,violent-crime,2022-12,53.725848,-1.886218,On or near Redcar Street,Investigation complete; no suspect identified,west-yorkshire,CDT_HX
107052458,violent-crime,2022-12,53.725848,-1.886218,On or near Redcar Street,Investigation complete; no suspect identified,west-yorkshire,CDT_HX
107053659,violent-crime,2022-12,53.725849,-1.886794,On or near Saxon Street,Unable to prosecute suspect,west-yorkshire,CDT_HX
107042503,violent-crime,2022-12,53.725471,-1.861213,On or near Broad Street Plaza,Unable to prosecute suspect,west-yorkshire,CDT_HX
107053813,violent-crime,2022-12,53.724279,-1.864202,On or near Victoria Street,Court result unavailable,west-yorkshire,CDT_HX
107053860,violent-crime,2022-12,53.722710,-1.875801,On or near Preston Place,Investigation complete; no suspect identified,west-yorkshire,CDT_HX
107054399,violent-crime,2022-12,53.728448,-1.879345,On or near Rosebery Terrace,Unable to prosecute suspect,west-yorkshire,CDT_HX
107054409,violent-crime,2022-12,53.728448,-1.879345,On or near Rosebery Terrace,Unable to prosecute suspect,west-yorkshire,CDT_HX
107054422,violent-crime,2022-12,53.728448,-1.879345,On or near Rosebery Terrace,Unable to prosecute suspect,west-yorkshire,CDT_HX
107054554,violent-crime,2022-12,53.723411,-1.859916,On or near Old Market,Investigation complete; no suspect identified,west-yorkshire,CDT_HX
107044804,violent-crime,2022-12,53.728448,-1.879345,On or near Rosebery Terrace,Action to be taken by another organisation,west-yorkshire,CDT_HX
107054647,violent-crime,2022-12,53.714854,-1.875839,On or near Emscote Avenue,Unable to prosecute suspect,west-yorkshire,CDT_HX
107054696,violent-crime,2022-12,53.727365,-1.884593,On or near Blackwood Grove,Unable to prosecute suspect,west-yorkshire,CDT_HX
107056603,violent-crime,2022-12,53.720451,-1.882399,On or near Vincent Street,Unable to prosecute suspect,west-yorkshire,CDT_HX
107044805,violent-crime,2022-12,53.728448,-1.879345,On or near Rosebery Terrace,Action to be taken by another organisation,west-yorkshire,CDT_HX
107055825,violent-crime,2022-12,53.721526,-1.861286,On or near Commercial Street,Unable to prosecute suspect,west-yorkshire,CDT_HX
107055961,violent-crime,2022-12,53.725214,-1.880976,On or near Alexander Terrace,Investigation complete; no suspect identified,west-yorkshire,CDT_HX
107056208,violent-crime,2022-12,53.726674,-1.867589,On or near Dene Place,Unable to prosecute suspect,west-yorkshire,CDT_HX
107056311,violent-crime,2022-12,53.719055,-1.888479,On or near Back Ripon Street,Unable to prosecute suspect,west-yorkshire,CDT_HX
107062581,violent-crime,2022-12,53.716240,-1.886638,On or near Stanley Road,Unable to prosecute suspect,west-yorkshire,CDT_HX
107060660,violent-crime,2022-12,53.725001,-1.868052,On or near ,Unable to prosecute suspect,west-yorkshire,CDT_HX
107063243,violent-crime,2022-12,53.733605,-1.877436,On or near Buxton Street,Unable to prosecute suspect,west-yorkshire,CDT_HX
107063284,violent-crime,2022-12,53.737854,-1.866675,On or near Gordon Street,Investigation complete; no suspect identified,west-yorkshire,CDT_HX
107063638,violent-crime,2022-12,53.722479,-1.861965,On or near George Square,Investigation complete; no suspect identified,west-yorkshire,CDT_HX
107063679,violent-crime,2022-12,53.722479,-1.861965,On or near George Square,Investigation complete; no suspect identified,west-yorkshire,CDT_HX
107063683,violent-crime,2022-12,53.722479,-1.861965,On or near George Square,Investigation complete; no suspect identified,west-yorkshire,CDT_HX
107064223,violent-crime,2022-12,53.725908,-1.874063,On or near Crossley Gardens,Unable to prosecute suspect,west-yorkshire,CDT_HX
107058034,violent-crime,2022-12,53.720029,-1.857442,On or near Wellington Place,Unable to prosecute suspect,west-yorkshire,CDT_HX
107049713,violent-crime,2022-12,53.737060,-1.864146,On or near Sandforth Avenue,Unable to prosecute suspect,west-yorkshire,CDT_HX
107064935,violent-crime,2022-12,53.713968,-1.870220,On or near Savile Park Gardens,Unable to prosecute suspect,west-yorkshire,CDT_HX
107065362,violent-crime,2022-12,53.727442,-1.871573,On or near ,Investigation complete; no suspect identified,west-yorkshire,CDT_HX
107065777,violent-crime,2022-12,53.719055,-1.888479,On or near Back Ripon Street,Investigation complete; no suspect identified,west-yorkshire,CDT_HX
107065985,violent-crime,2022-12,53.720850,-1.860485,On or near Ward's End,Investigation complete; no suspect identified,west-yorkshire,CDT_HX
107064308,violent-crime,2022-12,53.720029,-1.857442,On or near Wellington Place,Investigation complete; no suspect identified,west-yorkshire,CDT_HX
107066152,violent-crime,2022-12,53.732954,-1.874012,On or near Woodville Street,Unable to prosecute suspect,west-yorkshire,CDT_HX
107049804,violent-crime,2022-12,53.723693,-1.862082,On or near ,Unable to prosecute suspect,west-yorkshire,CDT_HX
107049416,violent-crime,2022-12,53.716852,-1.878272,On or near West Royd Close,Investigation complete; no suspect identified,west-yorkshire,CDT_HX
107066034,violent-crime,2022-12,53.722035,-1.859163,On or near ,Unable to prosecute suspect,west-yorkshire,CDT_HX
107062510,violent-crime,2022-12,53.714854,-1.875839,On or near Emscote Avenue,Unable to prosecute suspect,west-yorkshire,CDT_HX
107060654,violent-crime,2022-12,53.725001,-1.868052,On or near Shopping Area,Court result unavailable,west-yorkshire,CDT_HX
107062434,violent-crime,2022-12,53.720227,-1.857987,On or near New Road,Unable to prosecute suspect,west-yorkshire,CDT_HX
107066853,violent-crime,2022-12,53.715654,-1.884882,On or near Thornton Street,Unable to prosecute suspect,west-yorkshire,CDT_HX
107063486,violent-crime,2022-12,53.716852,-1.878272,On or near West Royd Close,Investigation complete; no suspect identified,west-yorkshire,CDT_HX
107062446,violent-crime,2022-12,53.714854,-1.875839,On or near Emscote Avenue,Unable to prosecute suspect,west-yorkshire,CDT_HX
107060817,violent-crime,2022-12,53.717773,-1.857677,On or near Heath View Street,Unable to prosecute suspect,west-yorkshire,CDT_HX
107059381,violent-crime,2022-12,53.723563,-1.874661,On or near Back Grosvenor Terrace,Investigation complete; no suspect identified,west-yorkshire,CDT_HX
107066929,violent-crime,2022-12,53.736460,-1.866164,On or near Fern Street,Unable to prosecute suspect,west-yorkshire,CDT_HX
107066804,violent-crime,2022-12,53.722875,-1.862570,On or near Silver Street,Investigation complete; no suspect identified,west-yorkshire,CDT_HX
107061549,violent-crime,2022-12,53.734918,-1.869322,On or near Canterbury Crescent,Unable to prosecute suspect,west-yorkshire,CDT_HX
107032974,violent-crime,2022-12,53.721327,-1.860499,On or near Alexandra Street,Investigation complete; no suspect identified,west-yorkshire,CDT_HX
107060217,violent-crime,2022-12,53.724279,-1.864202,On or near Victoria Street,Unable to prosecute suspect,west-yorkshire,CDT_HX
107059712,violent-crime,2022-12,53.722875,-1.862570,On or near Silver Street,Court result unavailable,west-yorkshire,CDT_HX
107059198,violent-crime,2022-12,53.723693,-1.862082,On or near ,Unable to prosecute suspect,west-yorkshire,CDT_HX
107055735,violent-crime,2022-12,53.730610,-1.866819,On or near Woodside Crescent,Unable to prosecute suspect,west-yorkshire,CDT_HX
107052185,violent-crime,2022-12,53.722875,-1.862570,On or near Silver Street,Court result unavailable,west-yorkshire,CDT_HX
107052117,violent-crime,2022-12,53.723333,-1.861811,On or near Crown Street,Investigation complete; no suspect identified,west-yorkshire,CDT_HX
107051942,violent-crime,2022-12,53.714892,-1.877111,On or near ,Unable to prosecute suspect,west-yorkshire,CDT_HX
107051837,violent-crime,2022-12,53.722971,-1.859493,On or near Russell Street,Investigation complete; no suspect identified,west-yorkshire,CDT_HX
107051292,violent-crime,2022-12,53.714892,-1.877111,On or near ,Investigation complete; no suspect identified,west-yorkshire,CDT_HX
107050303,violent-crime,2022-12,53.713927,-1.874357,On or near Ivy Street,Investigation complete; no suspect identified,west-yorkshire,CDT_HX
107050159,violent-crime,2022-12,53.727442,-1.871573,On or near ,Status update unavailable,west-yorkshire,CDT_HX
107049994,violent-crime,2022-12,53.722766,-1.868981,On or near Back Clarence Street,Status update unavailable,west-yorkshire,CDT_HX
107049986,violent-crime,2022-12,53.722766,-1.868981,On or near Back Clarence Street,Unable to prosecute suspect,west-yorkshire,CDT_HX
107049867,violent-crime,2022-12,53.714833,-1.881051,On or near ,Investigation complete; no suspect identified,west-yorkshire,CDT_HX
107049418,violent-crime,2022-12,53.723043,-1.885665,On or near Ashbourne Grove,Investigation complete; no suspect identified,west-yorkshire,CDT_HX
107047359,violent-crime,2022-12,53.721755,-1.865756,On or near Bland Street,Unable to prosecute suspect,west-yorkshire,CDT_HX
107047007,violent-crime,2022-12,53.734958,-1.864759,On or near Iona Place,Unable to prosecute suspect,west-yorkshire,CDT_HX
107046496,violent-crime,2022-12,53.724279,-1.864202,On or near Victoria Street,Unable to prosecute suspect,west-yorkshire,CDT_HX
107053361,violent-crime,2022-12,53.736680,-1.878579,On or near Ovenden Terrace,Unable to prosecute suspect,west-yorkshire,CDT_HX
107063621,violent-crime,2022-12,53.734390,-1.863124,On or near Woodlands Road,Unable to prosecute suspect,west-yorkshire,CDT_HX
107063411,violent-crime,2022-12,53.718290,-1.878496,On or near Belmont Place,Unable to prosecute suspect,west-yorkshire,CDT_HX
107063762,violent-crime,2022-12,53.722035,-1.859163,On or near ,Status update unavailable,west-yorkshire,CDT_HX
107063544,violent-crime,2022-12,53.720694,-1.865093,On or near Regent Street,Unable to prosecute suspect,west-yorkshire,CDT_HX
107063874,violent-crime,2022-12,53.726648,-1.869060,On or near Mount Pleasant Avenue,Investigation complete; no suspect identified,west-yorkshire,CDT_HX
107063897,violent-crime,2022-12,53.726674,-1.867589,On or near Dene Place,Unable to prosecute suspect,west-yorkshire,CDT_HX
107063899,violent-crime,2022-12,53.720102,-1.865913,On or near Kent Street,Unable to prosecute suspect,west-yorkshire,CDT_HX
107063904,violent-crime,2022-12,53.720029,-1.857442,On or near Wellington Place,Court result unavailable,west-yorkshire,CDT_HX
107069941,violent-crime,2022-12,53.731901,-1.872636,On or near Lilac Street,Unable to prosecute suspect,west-yorkshire,CDT_HX
107069605,violent-crime,2022-12,53.724557,-1.863701,On or near St James Road,Unable to prosecute suspect,west-yorkshire,CDT_HX
107069516,violent-crime,2022-12,53.723280,-1.863023,On or near Central Street,Status update unavailable,west-yorkshire,CDT_HX
107064165,violent-crime,2022-12,53.730099,-1.860637,On or near Eldon Street,Unable to prosecute suspect,west-yorkshire,CDT_HX
107067784,violent-crime,2022-12,53.713927,-1.874357,On or near Ivy Street,Unable to prosecute suspect,west-yorkshire,CDT_HX
107056491,violent-crime,2022-12,53.728957,-1.867370,On or near ,Unable to prosecute suspect,west-yorkshire,CDT_HX
107056414,violent-crime,2022-12,53.721151,-1.890641,On or near Buckland Place,Unable to prosecute suspect,west-yorkshire,CDT_HX
107056256,violent-crime,2022-12,53.726287,-1.865228,On or near Police Station,Court result unavailable,west-yorkshire,CDT_HX
107055974,violent-crime,2022-12,53.737060,-1.864146,On or near Sandforth Avenue,Unable to prosecute suspect,west-yorkshire,CDT_HX
107056219,violent-crime,2022-12,53.719527,-1.874416,On or near ,Unable to prosecute suspect,west-yorkshire,CDT_HX
107056066,violent-crime,2022-12,53.725053,-1.881674,On or near Burlington Street,Unable to prosecute suspect,west-yorkshire,CDT_HX
107056005,violent-crime,2022-12,53.734508,-1.864912,On or near Brougham Street,Unable to prosecute suspect,west-yorkshire,CDT_HX
107055532,violent-crime,2022-12,53.722479,-1.861965,On or near George Square,Status update unavailable,west-yorkshire,CDT_HX
107051924,violent-crime,2022-12,53.725053,-1.881674,On or near Burlington Street,Investigation complete; no suspect identified,west-yorkshire,CDT_HX
107051503,violent-crime,2022-12,53.715392,-1.874595,On or near Laurel Mount,Unable to prosecute suspect,west-yorkshire,CDT_HX
107051460,violent-crime,2022-12,53.721151,-1.890641,On or near Buckland Place,Unable to prosecute suspect,west-yorkshire,CDT_HX
107051901,violent-crime,2022-12,53.736680,-1.878579,On or near Ovenden Terrace,Unable to prosecute suspect,west-yorkshire,CDT_HX
107051296,violent-crime,2022-12,53.715579,-1.881110,On or near Lombard Street,Court result unavailable,west-yorkshire,CDT_HX
107051265,violent-crime,2022-12,53.734520,-1.875842,On or near Ovenden Close,Unable to prosecute suspect,west-yorkshire,CDT_HX
107051101,violent-crime,2022-12,53.722682,-1.875300,On or near Dombey Street,Unable to prosecute suspect,west-yorkshire,CDT_HX
107051351,violent-crime,2022-12,53.722971,-1.859493,On or near Russell Street,Court result unavailable,west-yorkshire,CDT_HX
107050970,violent-crime,2022-12,53.720694,-1.865093,On or near Regent Street,Unable to prosecute suspect,west-yorkshire,CDT_HX
107050569,violent-crime,2022-12,53.725301,-1.862077,On or near Orange Street,Unable to prosecute suspect,west-yorkshire,CDT_HX
107064262,violent-crime,2022-12,53.724817,-1.888995,On or near ,Status update unavailable,west-yorkshire,CDT_HX
107050315,violent-crime,2022-12,53.719658,-1.855761,On or near Lilly Lane,Unable to prosecute suspect,west-yorkshire,CDT_HX
107068106,violent-crime,2022-12,53.719803,-1.864474,On or near Trinity Place,Investigation complete; no suspect identified,west-yorkshire,CDT_HX
107062931,violent-crime,2022-12,53.723298,-1.888605,On or near Newstead Terrace,Unable to prosecute suspect,west-yorkshire,CDT_HX
107062615,violent-crime,2022-12,53.723563,-1.874661,On or near Back Grosvenor Terrace,Investigation complete; no suspect identified,west-yorkshire,CDT_HX
107062597,violent-crime,2022-12,53.721172,-1.859029,On or near Parking Area,Unable to prosecute suspect,west-yorkshire,CDT_HX
107057609,violent-crime,2022-12,53.712428,-1.860013,On or near Elm Gardens,Investigation complete; no suspect identified,west-yorkshire,CDT_HX
107064909,violent-crime,2022-12,53.728203,-1.877300,On or near Diamond Terrace,Offender given a caution,west-yorkshire,CDT_HX
107062239,violent-crime,2022-12,53.721720,-1.884093,On or near Harrow Street,Unable to prosecute suspect,west-yorkshire,CDT_HX
107062175,violent-crime,2022-12,53.721327,-1.860499,On or near Alexandra Street,Investigation complete; no suspect identified,west-yorkshire,CDT_HX
107067132,violent-crime,2022-12,53.715078,-1.884126,On or near St Paul's Road,Unable to prosecute suspect,west-yorkshire,CDT_HX
107062290,violent-crime,2022-12,53.726982,-1.887276,On or near Cusworth Close,Unable to prosecute suspect,west-yorkshire,CDT_HX
107062037,violent-crime,2022-12,53.723693,-1.862082,On or near ,Offender given a caution,west-yorkshire,CDT_HX
107061693,violent-crime,2022-12,53.719376,-1.860369,On or near Portland Place,Investigation complete; no suspect identified,west-yorkshire,CDT_HX
107061628,violent-crime,2022-12,53.718290,-1.878496,On or near Belmont Place,Unable to prosecute suspect,west-yorkshire,CDT_HX
107065263,violent-crime,2022-12,53.737783,-1.876408,On or near Oakdale Close,Unable to prosecute suspect,west-yorkshire,CDT_HX
107060686,violent-crime,2022-12,53.737278,-1.865934,On or near Simpson Street,Unable to prosecute suspect,west-yorkshire,CDT_HX
107060471,violent-crime,2022-12,53.719803,-1.864474,On or near Trinity Place,Unable to prosecute suspect,west-yorkshire,CDT_HX
107068267,violent-crime,2022-12,53.715654,-1.884882,On or near Thornton Street,Unable to prosecute suspect,west-yorkshire,CDT_HX
107059930,violent-crime,2022-12,53.725346,-1.878778,On or near Oak Lane,Unable to prosecute suspect,west-yorkshire,CDT_HX
107060068,violent-crime,2022-12,53.714582,-1.873446,On or near Glebe Gardens,Unable to prosecute suspect,west-yorkshire,CDT_HX
107059592,violent-crime,2022-12,53.723280,-1.863023,On or near Central Street,Offender given a caution,west-yorkshire,CDT_HX
107059404,violent-crime,2022-12,53.722971,-1.859493,On or near Russell Street,Court result unavailable,west-yorkshire,CDT_HX
107038610,violent-crime,2022-12,53.735623,-1.881644,On or near High Croft,Unable to prosecute suspect,west-yorkshire,CDT_HX
107059133,violent-crime,2022-12,53.719055,-1.888479,On or near Back Ripon Street,Unable to prosecute suspect,west-yorkshire,CDT_HX
107041585,violent-crime,2022-12,53.720102,-1.865913,On or near Kent Street,Unable to prosecute suspect,west-yorkshire,CDT_HX
107059216,violent-crime,2022-12,53.720518,-1.868563,On or near Daisy Street,Unable to prosecute suspect,west-yorkshire,CDT_HX
107058592,violent-crime,2022-12,53.719239,-1.858081,On or near ,Unable to prosecute suspect,west-yorkshire,CDT_HX
107069744,violent-crime,2022-12,53.719872,-1.869808,On or near Aked's Road,Investigation complete; no suspect identified,west-yorkshire,CDT_HX
107058232,violent-crime,2022-12,53.729808,-1.865245,On or near Lake View,Unable to prosecute suspect,west-yorkshire,CDT_HX
107057688,violent-crime,2022-12,53.715654,-1.884882,On or near Thornton Street,Unable to prosecute suspect,west-yorkshire,CDT_HX
107057278,violent-crime,2022-12,53.722035,-1.859163,On or near ,Unable to prosecute suspect,west-yorkshire,CDT_HX
107042700,violent-crime,2022-12,53.716273,-1.883214,On or near Summer Street,Unable to prosecute suspect,west-yorkshire,CDT_HX
107050684,violent-crime,2022-12,53.731559,-1.872273,On or near Gilmour Street,Unable to prosecute suspect,west-yorkshire,CDT_HX
107050660,violent-crime,2022-12,53.723693,-1.862082,On or near ,Investigation complete; no suspect identified,west-yorkshire,CDT_HX
107050668,violent-crime,2022-12,53.736732,-1.868195,On or near Crown Road,Unable to prosecute suspect,west-yorkshire,CDT_HX
107049629,violent-crime,2022-12,53.722802,-1.861282,On or near Upper George Yard,Investigation complete; no suspect identified,west-yorkshire,CDT_HX
107049423,violent-crime,2022-12,53.720850,-1.860485,On or near Ward's End,Unable to prosecute suspect,west-yorkshire,CDT_HX
107049413,violent-crime,2022-12,53.723411,-1.859916,On or near Old Market,Unable to prosecute suspect,west-yorkshire,CDT_HX
107049661,violent-crime,2022-12,53.731864,-1.871560,On or near Old Lee Bank,Unable to prosecute suspect,west-yorkshire,CDT_HX
107049509,violent-crime,2022-12,53.717674,-1.873285,On or near Norfolk Place,Investigation complete; no suspect identified,west-yorkshire,CDT_HX
107049172,violent-crime,2022-12,53.734817,-1.867700,On or near Palm Street,Unable to prosecute suspect,west-yorkshire,CDT_HX
107049076,violent-crime,2022-12,53.736226,-1.874230,On or near Robert Street,Court result unavailable,west-yorkshire,CDT_HX
107033066,violent-crime,2022-12,53.711605,-1.863107,On or near Linden Mews,Action to be taken by another organisation,west-yorkshire,CDT_HX
107048602,violent-crime,2022-12,53.724279,-1.864202,On or near Victoria Street,Status update unavailable,west-yorkshire,CDT_HX
107069904,violent-crime,2022-12,53.722937,-1.869511,On or near Gerrard Street,Investigation complete; no suspect identified,west-yorkshire,CDT_HX
107047741,violent-crime,2022-12,53.723205,-1.860280,On or near Corn Market,Unable to prosecute suspect,west-yorkshire,CDT_HX
107048102,violent-crime,2022-12,53.737162,-1.875273,On or near Earl Terrace,Unable to prosecute suspect,west-yorkshire,CDT_HX
107047697,violent-crime,2022-12,53.714833,-1.881051,On or near ,Unable to prosecute suspect,west-yorkshire,CDT_HX
107047070,violent-crime,2022-12,53.722479,-1.861965,On or near George Square,Investigation complete; no suspect identified,west-yorkshire,CDT_HX
107047061,violent-crime,2022-12,53.722875,-1.862570,On or near Silver Street,Investigation complete; no suspect identified,west-yorkshire,CDT_HX
107047056,violent-crime,2022-12,53.734958,-1.864759,On or near Iona Place,Unable to prosecute suspect,west-yorkshire,CDT_HX
107049959,violent-crime,2022-12,53.725001,-1.868052,On or near ,Unable to prosecute suspect,west-yorkshire,CDT_HX
107047246,violent-crime,2022-12,53.720102,-1.865913,On or near Kent Street,Investigation complete; no suspect identified,west-yorkshire,CDT_HX
107047220,violent-crime,2022-12,53.725346,-1.878778,On or near Oak Lane,Unable to prosecute suspect,west-yorkshire,CDT_HX
107046855,violent-crime,2022-12,53.725848,-1.885915,On or near Lytham Street,Status update unavailable,west-yorkshire,CDT_HX
107057446,violent-crime,2022-12,53.725551,-1.860591,On or near ,Unable to prosecute suspect,west-yorkshire,CDT_HX
107047009,violent-crime,2022-12,53.723043,-1.885665,On or near Ashbourne Grove,Investigation complete; no suspect identified,west-yorkshire,CDT_HX
107046215,violent-crime,2022-12,53.722971,-1.859493,On or near Russell Street,Investigation complete; no suspect identified,west-yorkshire,CDT_HX
107050576,violent-crime,2022-12,53.721664,-1.864135,On or near Bull Green,Unable to prosecute suspect,west-yorkshire,CDT_HX
107045721,violent-crime,2022-12,53.723411,-1.859916,On or near Old Market,Investigation complete; no suspect identified,west-yorkshire,CDT_HX
107045702,violent-crime,2022-12,53.736460,-1.866164,On or near Fern Street,Unable to prosecute suspect,west-yorkshire,CDT_HX
107045461,violent-crime,2022-12,53.725908,-1.874063,On or near Crossley Gardens,Unable to prosecute suspect,west-yorkshire,CDT_HX
107045534,violent-crime,2022-12,53.727848,-1.856825,On or near Spring Terrace,Unable to prosecute suspect,west-yorkshire,CDT_HX
107063926,violent-crime,2022-12,53.735858,-1.874928,On or near Turney Street,Unable to prosecute suspect,west-yorkshire,CDT_HX
107044796,violent-crime,2022-12,53.728448,-1.879345,On or near Rosebery Terrace,Action to be taken by another organisation,west-yorkshire,CDT_HX
107044793,violent-crime,2022-12,53.728448,-1.879345,On or near Rosebery Terrace,Action to be taken by another organisation,west-yorkshire,CDT_HX
107044989,violent-crime,2022-12,53.725346,-1.878778,On or near Oak Lane,Unable to prosecute suspect,west-yorkshire,CDT_HX
107052521,violent-crime,2022-12,53.727966,-1.857961,On or near Pollard Street North,Unable to prosecute suspect,west-yorkshire,CDT_HX
107054256,violent-crime,2022-12,53.715440,-1.877398,On or near Haugh Shaw Road,Unable to prosecute suspect,west-yorkshire,CDT_HX
107041899,violent-crime,2022-12,53.734817,-1.867700,On or near Palm Street,Unable to prosecute suspect,west-yorkshire,CDT_HX
107041723,violent-crime,2022-12,53.721755,-1.865756,On or near Bland Street,Unable to prosecute suspect,west-yorkshire,CDT_HX
107041780,violent-crime,2022-12,53.725346,-1.878778,On or near Oak Lane,Unable to prosecute suspect,west-yorkshire,CDT_HX
107041764,violent-crime,2022-12,53.730119,-1.862152,On or near Randolph Street,Unable to prosecute suspect,west-yorkshire,CDT_HX
107038906,violent-crime,2022-12,53.722318,-1.862238,On or near George Street,Unable to prosecute suspect,west-yorkshire,CDT_HX
107040445,violent-crime,2022-12,53.722875,-1.862570,On or near Silver Street,Unable to prosecute suspect,west-yorkshire,CDT_HX
107039926,violent-crime,2022-12,53.723875,-1.856292,On or near Smithy Street,Court result unavailable,west-yorkshire,CDT_HX
107062109,violent-crime,2022-12,53.719376,-1.860369,On or near Portland Place,Unable to prosecute suspect,west-yorkshire,CDT_HX
107055208,violent-crime,2022-12,53.726764,-1.876774,On or near Howard Street,Unable to prosecute suspect,west-yorkshire,CDT_HX
107055186,violent-crime,2022-12,53.714833,-1.881051,On or near ,Unable to prosecute suspect,west-yorkshire,CDT_HX
107055431,violent-crime,2022-12,53.723818,-1.861658,On or near Waterhouse Street,Status update unavailable,west-yorkshire,CDT_HX
107055127,violent-crime,2022-12,53.721327,-1.860499,On or near Alexandra Street,Court result unavailable,west-yorkshire,CDT_HX
107055098,violent-crime,2022-12,53.722875,-1.862570,On or near Silver Street,Unable to prosecute suspect,west-yorkshire,CDT_HX
107054955,violent-crime,2022-12,53.711535,-1.865122,On or near Heath Street,Unable to prosecute suspect,west-yorkshire,CDT_HX
107054752,violent-crime,2022-12,53.719976,-1.874445,On or near ,Status update unavailable,west-yorkshire,CDT_HX
107054429,violent-crime,2022-12,53.725997,-1.865561,On or near Richmond Street,Investigation complete; no suspect identified,west-yorkshire,CDT_HX
107054407,violent-crime,2022-12,53.729813,-1.869717,On or near A629,Unable to prosecute suspect,west-yorkshire,CDT_HX
107056463,violent-crime,2022-12,53.721151,-1.890641,On or near Buckland Place,Unable to prosecute suspect,west-yorkshire,CDT_HX
107049598,violent-crime,2022-12,53.721172,-1.859029,On or near ,Unable to prosecute suspect,west-yorkshire,CDT_HX
107053796,violent-crime,2022-12,53.724279,-1.864202,On or near Victoria Street,Court result unavailable,west-yorkshire,CDT_HX
107053734,violent-crime,2022-12,53.713634,-1.877948,On or near Rockville Terrace,Further investigation is not in the public interest,west-yorkshire,CDT_HX
107053691,violent-crime,2022-12,53.724279,-1.864202,On or near Victoria Street,Court result unavailable,west-yorkshire,CDT_HX
107051846,violent-crime,2022-12,53.713968,-1.870220,On or near Savile Park Gardens,Offender given a caution,west-yorkshire,CDT_HX
107053575,violent-crime,2022-12,53.730099,-1.860637,On or near Eldon Street,Investigation complete; no suspect identified,west-yorkshire,CDT_HX
107053228,violent-crime,2022-12,53.736947,-1.876016,On or near Lentilfield Terrace,Unable to prosecute suspect,west-yorkshire,CDT_HX
107053202,violent-crime,2022-12,53.725053,-1.881674,On or near Burlington Street,Investigation complete; no suspect identified,west-yorkshire,CDT_HX
107053207,violent-crime,2022-12,53.723311,-1.883240,On or near Arundel Street,Unable to prosecute suspect,west-yorkshire,CDT_HX
107053185,violent-crime,2022-12,53.736947,-1.876016,On or near Lentilfield Terrace,Status update unavailable,west-yorkshire,CDT_HX
107052212,violent-crime,2022-12,53.726674,-1.867589,On or near Dene Place,Offender given a caution,west-yorkshire,CDT_HX
107052725,violent-crime,2022-12,53.729390,-1.887240,On or near Pellon New Road,Unable to prosecute suspect,west-yorkshire,CDT_HX
107053043,violent-crime,2022-12,53.723700,-1.860491,On or near Princess Street,Unable to prosecute suspect,west-yorkshire,CDT_HX
107052580,violent-crime,2022-12,53.718476,-1.883920,On or near Summergate Place,Unable to prosecute suspect,west-yorkshire,CDT_HX
107052579,violent-crime,2022-12,53.718476,-1.883920,On or near Summergate Place,Unable to prosecute suspect,west-yorkshire,CDT_HX
107053107,violent-crime,2022-12,53.723280,-1.863023,On or near Central Street,Court result unavailable,west-yorkshire,CDT_HX
107052855,violent-crime,2022-12,53.728448,-1.879345,On or near Rosebery Terrace,Action to be taken by another organisation,west-yorkshire,CDT_HX
107052511,violent-crime,2022-12,53.713988,-1.872463,On or near Industrial Terrace,Unable to prosecute suspect,west-yorkshire,CDT_HX
107052698,violent-crime,2022-12,53.726648,-1.869060,On or near Mount Pleasant Avenue,Unable to prosecute suspect,west-yorkshire,CDT_HX
107052536,violent-crime,2022-12,53.727966,-1.857961,On or near Pollard Street North,Unable to prosecute suspect,west-yorkshire,CDT_HX
107052015,violent-crime,2022-12,53.725158,-1.879173,On or near Hanson Lane,Investigation complete; no suspect identified,west-yorkshire,CDT_HX
107056523,violent-crime,2022-12,53.721151,-1.890641,On or near Buckland Place,Unable to prosecute suspect,west-yorkshire,CDT_HX
107063369,violent-crime,2022-12,53.718290,-1.878496,On or near Belmont Place,Unable to prosecute suspect,west-yorkshire,CDT_HX
107053051,violent-crime,2022-12,53.722318,-1.862238,On or near George Street,Unable to prosecute suspect,west-yorkshire,CDT_HX
107052256,violent-crime,2022-12,53.714833,-1.881051,On or near ,Unable to prosecute suspect,west-yorkshire,CDT_HX
107042707,violent-crime,2022-12,53.716273,-1.883214,On or near Summer Street,Unable to prosecute suspect,west-yorkshire,CDT_HX
107038564,violent-crime,2022-12,53.725847,-1.884915,On or near Naylor Street,Unable to prosecute suspect,west-yorkshire,CDT_HX
107055161,violent-crime,2022-12,53.722682,-1.875300,On or near Dombey Street,Unable to prosecute suspect,west-yorkshire,CDT_HX
107036502,violent-crime,2022-12,53.713278,-1.864692,On or near Charlotte Close,Unable to prosecute suspect,west-yorkshire,CDT_HX
107056240,violent-crime,2022-12,53.721323,-1.864878,On or near Carlton Place,Unable to prosecute suspect,west-yorkshire,CDT_HX
107056807,violent-crime,2022-12,53.725846,-1.884551,On or near Ramsgate Street,Court result unavailable,west-yorkshire,CDT_HX
107063035,violent-crime,2022-12,53.726648,-1.869060,On or near Mount Pleasant Avenue,Investigation complete; no suspect identified,west-yorkshire,CDT_HX
107062253,violent-crime,2022-12,53.726982,-1.887276,On or near Cusworth Close,Unable to prosecute suspect,west-yorkshire,CDT_HX
107032173,violent-crime,2022-12,53.714752,-1.856990,On or near Simmonds Lane,Investigation complete; no suspect identified,west-yorkshire,CDT_HX
107032216,violent-crime,2022-12,53.727182,-1.880577,On or near Wadsworth Street,Unable to prosecute suspect,west-yorkshire,CDT_HX
107061049,violent-crime,2022-12,53.729813,-1.869717,On or near A629,Unable to prosecute suspect,west-yorkshire,CDT_HX
107032524,violent-crime,2022-12,53.724194,-1.860277,On or near Town Hall Street East,Investigation complete; no suspect identified,west-yorkshire,CDT_HX
107032585,violent-crime,2022-12,53.722850,-1.881271,On or near Boston Street,Unable to prosecute suspect,west-yorkshire,CDT_HX
107032593,violent-crime,2022-12,53.733100,-1.866963,On or near Chester Road,Unable to prosecute suspect,west-yorkshire,CDT_HX
107058626,violent-crime,2022-12,53.724816,-1.862003,On or near Great Albion Street,Investigation complete; no suspect identified,west-yorkshire,CDT_HX
107032765,violent-crime,2022-12,53.725053,-1.881674,On or near Burlington Street,Investigation complete; no suspect identified,west-yorkshire,CDT_HX
107052863,violent-crime,2022-12,53.723693,-1.862082,On or near ,Investigation complete; no suspect identified,west-yorkshire,CDT_HX
107032920,violent-crime,2022-12,53.725847,-1.884915,On or near Naylor Street,Unable to prosecute suspect,west-yorkshire,CDT_HX
107033191,violent-crime,2022-12,53.721337,-1.869591,On or near West Grove Terrace,Unable to prosecute suspect,west-yorkshire,CDT_HX
107052539,violent-crime,2022-12,53.713988,-1.872463,On or near Industrial Terrace,Unable to prosecute suspect,west-yorkshire,CDT_HX
107033307,violent-crime,2022-12,53.735703,-1.864560,On or near Heap Street,Unable to prosecute suspect,west-yorkshire,CDT_HX
107033433,violent-crime,2022-12,53.719651,-1.881932,On or near Kingston Street,Investigation complete; no suspect identified,west-yorkshire,CDT_HX
107033462,violent-crime,2022-12,53.719651,-1.881932,On or near Kingston Street,Investigation complete; no suspect identified,west-yorkshire,CDT_HX
107053513,violent-crime,2022-12,53.722712,-1.886894,On or near Thrum Hall Close,Unable to prosecute suspect,west-yorkshire,CDT_HX
107054172,violent-crime,2022-12,53.720585,-1.863835,On or near Ferguson Street,Unable to prosecute suspect,west-yorkshire,CDT_HX
107054197,violent-crime,2022-12,53.716063,-1.879957,On or near Constitutional Street,Unable to prosecute suspect,west-yorkshire,CDT_HX
107054700,violent-crime,2022-12,53.721338,-1.870000,On or near Church Place,Unable to prosecute suspect,west-yorkshire,CDT_HX
107054817,violent-crime,2022-12,53.730143,-1.867579,On or near Woodside Mount,Unable to prosecute suspect,west-yorkshire,CDT_HX
107057921,violent-crime,2022-12,53.716929,-1.850952,On or near Jubilee Street,Unable to prosecute suspect,west-yorkshire,CDT_HX
107063240,violent-crime,2022-12,53.737060,-1.864146,On or near Sandforth Avenue,Investigation complete; no suspect identified,west-yorkshire,CDT_HX
107063256,violent-crime,2022-12,53.733605,-1.877436,On or near Buxton Street,Unable to prosecute suspect,west-yorkshire,CDT_HX
107069418,violent-crime,2022-12,53.725846,-1.884551,On or near Ramsgate Street,Unable to prosecute suspect,west-yorkshire,CDT_HX
107067137,violent-crime,2022-12,53.715078,-1.884126,On or near St Paul's Road,Unable to prosecute suspect,west-yorkshire,CDT_HX
107054968,violent-crime,2022-12,53.723411,-1.859916,On or near Old Market,Unable to prosecute suspect,west-yorkshire,CDT_HX
107054766,violent-crime,2022-12,53.726764,-1.876774,On or near Howard Street,Unable to prosecute suspect,west-yorkshire,CDT_HX
107056577,violent-crime,2022-12,53.726648,-1.869060,On or near Mount Pleasant Avenue,Unable to prosecute suspect,west-yorkshire,CDT_HX
107051985,violent-crime,2022-12,53.725053,-1.881674,On or near Burlington Street,Investigation complete; no suspect identified,west-yorkshire,CDT_HX
107051823,violent-crime,2022-12,53.714575,-1.866461,On or near Back Glen Terrace,Investigation complete; no suspect identified,west-yorkshire,CDT_HX
107051207,violent-crime,2022-12,53.720102,-1.865913,On or near Kent Street,Unable to prosecute suspect,west-yorkshire,CDT_HX
107051214,violent-crime,2022-12,53.734414,-1.877327,On or near Ovenden Avenue,Unable to prosecute suspect,west-yorkshire,CDT_HX
107048316,violent-crime,2022-12,53.720744,-1.861577,On or near ,Investigation complete; no suspect identified,west-yorkshire,CDT_HX
107066865,violent-crime,2022-12,53.720850,-1.860485,On or near Ward's End,Investigation complete; no suspect identified,west-yorkshire,CDT_HX
107067115,violent-crime,2022-12,53.727337,-1.874120,On or near Sefton Terrace,Unable to prosecute suspect,west-yorkshire,CDT_HX
107067584,violent-crime,2022-12,53.722937,-1.869511,On or near Gerrard Street,Investigation complete; no suspect identified,west-yorkshire,CDT_HX
107055206,violent-crime,2022-12,53.714833,-1.881051,On or near ,Unable to prosecute suspect,west-yorkshire,CDT_HX
107054213,other-crime,2022-12,53.722968,-1.891288,On or near Spring Hall Place,Court result unavailable,west-yorkshire,CDT_HX
107051814,other-crime,2022-12,53.714575,-1.866461,On or near Back Glen Terrace,Further investigation is not in the public interest,west-yorkshire,CDT_HX
107040779,other-crime,2022-12,53.717164,-1.885030,On or near Devon Street,Unable to prosecute suspect,west-yorkshire,CDT_HX
107033273,other-crime,2022-12,53.726287,-1.865228,On or near ,Unable to prosecute suspect,west-yorkshire,CDT_HX
107066709,other-crime,2022-12,53.726287,-1.865228,On or near ,Status update unavailable,west-yorkshire,CDT_HX
107063828,other-crime,2022-12,53.724406,-1.891375,On or near Spring Hall Gardens,Further action is not in the public interest,west-yorkshire,CDT_HX
107052244,other-crime,2022-12,53.720744,-1.861577,On or near ,Status update unavailable,west-yorkshire,CDT_HX
107044877,other-crime,2022-12,53.725847,-1.884915,On or near Naylor Street,Further investigation is not in the public interest,west-yorkshire,CDT_HX
107047980,other-crime,2022-12,53.724817,-1.888995,On or near ,Investigation complete; no suspect identified,west-yorkshire,CDT_HX
107066529,other-crime,2022-12,53.726674,-1.867589,On or near Dene Place,Unable to prosecute suspect,west-yorkshire,CDT_HX
107053471,other-crime,2022-12,53.732896,-1.878772,On or near Lee Mount Gardens,Status update unavailable,west-yorkshire,CDT_HX
107054861,other-crime,2022-12,53.716518,-1.876470,On or near Woodbine Street,Unable to prosecute suspect,west-yorkshire,CDT_HX
107056924,other-crime,2022-12,53.732383,-1.868830,On or near Terrace Gardens,Court result unavailable,west-yorkshire,CDT_HX
107046486,other-crime,2022-12,53.724279,-1.864202,On or near Victoria Street,Unable to prosecute suspect,west-yorkshire,CDT_HX
107049095,other-crime,2022-12,53.722971,-1.859493,On or near Russell Street,Offender given a caution,west-yorkshire,CDT_HX
107063863,other-crime,2022-12,53.726648,-1.869060,On or near Mount Pleasant Avenue,Unable to prosecute suspect,west-yorkshire,CDT_HX
107063850,other-crime,2022-12,53.724406,-1.891375,On or near Spring Hall Gardens,Further action is not in the public interest,west-yorkshire,CDT_HX
107057036,other-crime,2022-12,53.725848,-1.885915,On or near Lytham Street,Unable to prosecute suspect,west-yorkshire,CDT_HX
107072470,anti-social-behaviour,2022-12,53.712380,-1.902375,On or near Oxford Street,,west-yorkshire,CDT_VL
107070977,anti-social-behaviour,2022-12,53.706465,-1.913023,On or near Water Street,,west-yorkshire,CDT_VL
107071228,anti-social-behaviour,2022-12,53.709484,-1.912123,On or near Greenups Terrace,,west-yorkshire,CDT_VL
107072354,anti-social-behaviour,2022-12,53.704284,-1.931312,On or near Moorland View,,west-yorkshire,CDT_VL
107036252,burglary,2022-12,53.705741,-1.932688,On or near Eastwood Avenue,Investigation complete; no suspect identified,west-yorkshire,CDT_VL
107045198,burglary,2022-12,53.704227,-1.912786,On or near Scar Head Road,Investigation complete; no suspect identified,west-yorkshire,CDT_VL
107052113,burglary,2022-12,53.714449,-1.904446,On or near Dam Head Road,Investigation complete; no suspect identified,west-yorkshire,CDT_VL
107034450,burglary,2022-12,53.705661,-1.934400,On or near Longbottom Avenue,Investigation complete; no suspect identified,west-yorkshire,CDT_VL
107056020,burglary,2022-12,53.705225,-1.927311,On or near Richmond Gardens,Investigation complete; no suspect identified,west-yorkshire,CDT_VL
107053546,burglary,2022-12,53.704227,-1.912786,On or near Scar Head Road,Investigation complete; no suspect identified,west-yorkshire,CDT_VL
107032157,criminal-damage-arson,2022-12,53.710995,-1.912196,On or near Wallis Street,Investigation complete; no suspect identified,west-yorkshire,CDT_VL
107054488,criminal-damage-arson,2022-12,53.705907,-1.925416,On or near Tillotson Avenue,Unable to prosecute suspect,west-yorkshire,CDT_VL
107057611,criminal-damage-arson,2022-12,53.712252,-1.911557,On or near Clement Street,Court result unavailable,west-yorkshire,CDT_VL
107039464,criminal-damage-arson,2022-12,53.704284,-1.931312,On or near Moorland View,Investigation complete; no suspect identified,west-yorkshire,CDT_VL
107063363,drugs,2022-12,53.726071,-1.917045,On or near Heath Hill Road,Status update unavailable,west-yorkshire,CDT_VL
107058662,drugs,2022-12,53.715586,-1.939127,On or near Beulah Place,Investigation complete; no suspect identified,west-yorkshire,CDT_VL
107040801,drugs,2022-12,53.724916,-1.899603,On or near Sandhall Avenue,Court result unavailable,west-yorkshire,CDT_VL
107054831,drugs,2022-12,53.719275,-1.903041,On or near Bairstow Court,Local resolution,west-yorkshire,CDT_VL
107050409,drugs,2022-12,53.710418,-1.910531,On or near Eagles Cliffe,Local resolution,west-yorkshire,CDT_VL
107046905,other-theft,2022-12,53.713829,-1.916311,On or near ,Investigation complete; no suspect identified,west-yorkshire,CDT_VL
107034081,other-theft,2022-12,53.707290,-1.909962,On or near Station Road,Investigation complete; no suspect identified,west-yorkshire,CDT_VL
107041399,other-theft,2022-12,53.709553,-1.896564,On or near ,Investigation complete; no suspect identified,west-yorkshire,CDT_VL
107069232,other-theft,2022-12,53.719277,-1.906633,On or near ,Investigation complete; no suspect identified,west-yorkshire,CDT_VL
107038676,other-theft,2022-12,53.709871,-1.912623,On or near Chapel Street,Investigation complete; no suspect identified,west-yorkshire,CDT_VL
107064957,other-theft,2022-12,53.713829,-1.916311,On or near ,Investigation complete; no suspect identified,west-yorkshire,CDT_VL
107032027,other-theft,2022-12,53.713829,-1.916311,On or near ,Investigation complete; no suspect identified,west-yorkshire,CDT_VL
107036567,public-order,2022-12,53.704284,-1.931312,On or near Moorland View,Unable to prosecute suspect,west-yorkshire,CDT_VL
107032356,public-order,2022-12,53.706233,-1.914887,On or near Damson Close,Unable to prosecute suspect,west-yorkshire,CDT_VL
107052438,public-order,2022-12,53.712380,-1.902375,On or near Oxford Street,Unable to prosecute suspect,west-yorkshire,CDT_VL
107051473,public-order,2022-12,53.708433,-1.911732,On or near Town Hall Street,Unable to prosecute suspect,west-yorkshire,CDT_VL
107033424,public-order,2022-12,53.707508,-1.913567,On or near The Nook,Unable to prosecute suspect,west-yorkshire,CDT_VL
107044699,public-order,2022-12,53.719068,-1.892828,On or near Old Mill Grove,Unable to prosecute suspect,west-yorkshire,CDT_VL
107056863,public-order,2022-12,53.711044,-1.906393,On or near Sunny Bank Drive,Unable to prosecute suspect,west-yorkshire,CDT_VL
107059235,public-order,2022-12,53.710507,-1.898486,On or near Walker Lane,Court result unavailable,west-yorkshire,CDT_VL
107070290,public-order,2022-12,53.726641,-1.910027,On or near Kirkstone Drive,Investigation complete; no suspect identified,west-yorkshire,CDT_VL
107050413,shoplifting,2022-12,53.712655,-1.908874,On or near Lord Street,Investigation complete; no suspect identified,west-yorkshire,CDT_VL
107052764,shoplifting,2022-12,53.709070,-1.910094,On or near ,Investigation complete; no suspect identified,west-yorkshire,CDT_VL
107066356,vehicle-crime,2022-12,53.713656,-1.914221,On or near Dalton Street,Investigation complete; no suspect identified,west-yorkshire,CDT_VL
107050299,vehicle-crime,2022-12,53.725682,-1.901526,On or near Highroad Well Lane,Investigation complete; no suspect identified,west-yorkshire,CDT_VL
107059818,violent-crime,2022-12,53.713965,-1.918614,On or near Daisy Mount,Unable to prosecute suspect,west-yorkshire,CDT_VL
107069455,violent-crime,2022-12,53.712380,-1.902375,On or near Oxford Street,Unable to prosecute suspect,west-yorkshire,CDT_VL
107050848,violent-crime,2022-12,53.712455,-1.906708,On or near Victoria Avenue,Unable to prosecute suspect,west-yorkshire,CDT_VL
107049432,violent-crime,2022-12,53.724916,-1.899603,On or near Sandhall Avenue,Unable to prosecute suspect,west-yorkshire,CDT_VL
107049251,violent-crime,2022-12,53.709615,-1.906154,On or near Parking Area,Court result unavailable,west-yorkshire,CDT_VL
107049236,violent-crime,2022-12,53.709615,-1.906154,On or near Parking Area,Court result unavailable,west-yorkshire,CDT_VL
107049450,violent-crime,2022-12,53.724916,-1.899603,On or near Sandhall Avenue,Unable to prosecute suspect,west-yorkshire,CDT_VL
107048925,violent-crime,2022-12,53.711893,-1.900331,On or near East Parade,Action to be taken by another organisation,west-yorkshire,CDT_VL
107049208,violent-crime,2022-12,53.709615,-1.906154,On or near Parking Area,Court result unavailable,west-yorkshire,CDT_VL
107046873,violent-crime,2022-12,53.711893,-1.900331,On or near East Parade,Action to be taken by another organisation,west-yorkshire,CDT_VL
107046790,violent-crime,2022-12,53.711893,-1.900331,On or near East Parade,Action to be taken by another organisation,west-yorkshire,CDT_VL
107046687,violent-crime,2022-12,53.711893,-1.900331,On or near East Parade,Action to be taken by another organisation,west-yorkshire,CDT_VL
107046363,violent-crime,2022-12,53.712268,-1.908345,On or near Princess Street,Action to be taken by another organisation,west-yorkshire,CDT_VL
107042060,violent-crime,2022-12,53.725352,-1.904604,On or near Golf Crescent,Unable to prosecute suspect,west-yorkshire,CDT_VL
107053866,violent-crime,2022-12,53.712384,-1.907360,On or near Union Street,Unable to prosecute suspect,west-yorkshire,CDT_VL
107040086,violent-crime,2022-12,53.711720,-1.908392,On or near Pleasant Street,Action to be taken by another organisation,west-yorkshire,CDT_VL
107055248,violent-crime,2022-12,53.712492,-1.907087,On or near Claremont Street,Unable to prosecute suspect,west-yorkshire,CDT_VL
107054731,violent-crime,2022-12,53.705741,-1.932688,On or near Eastwood Avenue,Unable to prosecute suspect,west-yorkshire,CDT_VL
107054730,violent-crime,2022-12,53.710507,-1.898486,On or near Walker Lane,Court result unavailable,west-yorkshire,CDT_VL
107054579,violent-crime,2022-12,53.712890,-1.910935,On or near Milton Avenue,Unable to prosecute suspect,west-yorkshire,CDT_VL
107056440,violent-crime,2022-12,53.713707,-1.922554,On or near Timmey Lane,Unable to prosecute suspect,west-yorkshire,CDT_VL
107054720,violent-crime,2022-12,53.710507,-1.898486,On or near Walker Lane,Court result unavailable,west-yorkshire,CDT_VL
107054168,violent-crime,2022-12,53.712492,-1.907087,On or near Claremont Street,Unable to prosecute suspect,west-yorkshire,CDT_VL
107033976,violent-crime,2022-12,53.713965,-1.918614,On or near Daisy Mount,Unable to prosecute suspect,west-yorkshire,CDT_VL
107032086,violent-crime,2022-12,53.710995,-1.912196,On or near Wallis Street,Investigation complete; no suspect identified,west-yorkshire,CDT_VL
107043997,violent-crime,2022-12,53.710507,-1.898486,On or near Walker Lane,Unable to prosecute suspect,west-yorkshire,CDT_VL
107032619,violent-crime,2022-12,53.703696,-1.925738,On or near Higher Brockwell,Unable to prosecute suspect,west-yorkshire,CDT_VL
107032620,violent-crime,2022-12,53.705656,-1.926204,On or near Tennyson Avenue,Unable to prosecute suspect,west-yorkshire,CDT_VL
107032622,violent-crime,2022-12,53.707508,-1.913567,On or near The Nook,Unable to prosecute suspect,west-yorkshire,CDT_VL
107032883,violent-crime,2022-12,53.706233,-1.914887,On or near Damson Close,Unable to prosecute suspect,west-yorkshire,CDT_VL
107032928,violent-crime,2022-12,53.706538,-1.914720,On or near Foundry Street,Unable to prosecute suspect,west-yorkshire,CDT_VL
107042698,violent-crime,2022-12,53.711947,-1.899876,On or near Grove Street,Unable to prosecute suspect,west-yorkshire,CDT_VL
107043999,violent-crime,2022-12,53.710507,-1.898486,On or near Walker Lane,Unable to prosecute suspect,west-yorkshire,CDT_VL
107044215,violent-crime,2022-12,53.710418,-1.910531,On or near Eagles Cliffe,Unable to prosecute suspect,west-yorkshire,CDT_VL
107046691,violent-crime,2022-12,53.711893,-1.900331,On or near East Parade,Action to be taken by another organisation,west-yorkshire,CDT_VL
107045273,violent-crime,2022-12,53.711947,-1.899876,On or near Grove Street,Unable to prosecute suspect,west-yorkshire,CDT_VL
107034118,violent-crime,2022-12,53.709809,-1.913410,On or near Dale Street,Investigation complete; no suspect identified,west-yorkshire,CDT_VL
107034251,violent-crime,2022-12,53.713965,-1.918614,On or near Daisy Mount,Unable to prosecute suspect,west-yorkshire,CDT_VL
107035227,violent-crime,2022-12,53.709472,-1.907503,On or near Wharf Street,Investigation complete; no suspect identified,west-yorkshire,CDT_VL
107062605,violent-crime,2022-12,53.721489,-1.896217,On or near Low Moor Terrace,Unable to prosecute suspect,west-yorkshire,CDT_VL
107038151,violent-crime,2022-12,53.726641,-1.910027,On or near Kirkstone Drive,Investigation complete; no suspect identified,west-yorkshire,CDT_VL
107040781,violent-crime,2022-12,53.709052,-1.910337,On or near Smith's Yard,Investigation complete; no suspect identified,west-yorkshire,CDT_VL
107041233,violent-crime,2022-12,53.704284,-1.931312,On or near Moorland View,Unable to prosecute suspect,west-yorkshire,CDT_VL
107041611,violent-crime,2022-12,53.713863,-1.891766,On or near Crestfield Drive,Unable to prosecute suspect,west-yorkshire,CDT_VL
107042458,violent-crime,2022-12,53.719068,-1.892828,On or near Old Mill Grove,Investigation complete; no suspect identified,west-yorkshire,CDT_VL
107042466,violent-crime,2022-12,53.719068,-1.892828,On or near Old Mill Grove,Investigation complete; no suspect identified,west-yorkshire,CDT_VL
107045991,violent-crime,2022-12,53.712532,-1.913299,On or near Milton Street,Investigation complete; no suspect identified,west-yorkshire,CDT_VL
107049372,violent-crime,2022-12,53.713965,-1.918614,On or near Daisy Mount,Unable to prosecute suspect,west-yorkshire,CDT_VL
107056526,violent-crime,2022-12,53.713707,-1.922554,On or near Timmey Lane,Unable to prosecute suspect,west-yorkshire,CDT_VL
107052500,violent-crime,2022-12,53.724916,-1.899603,On or near Sandhall Avenue,Unable to prosecute suspect,west-yorkshire,CDT_VL
107052821,violent-crime,2022-12,53.710960,-1.901773,On or near Park Street,Unable to prosecute suspect,west-yorkshire,CDT_VL
107063859,violent-crime,2022-12,53.712634,-1.917768,On or near Hollins Lane,Unable to prosecute suspect,west-yorkshire,CDT_VL
107054937,violent-crime,2022-12,53.710960,-1.901773,On or near Park Street,Unable to prosecute suspect,west-yorkshire,CDT_VL
107056811,violent-crime,2022-12,53.711044,-1.906393,On or near Sunny Bank Drive,Unable to prosecute suspect,west-yorkshire,CDT_VL
107064891,violent-crime,2022-12,53.708329,-1.905006,On or near Holmes Road,Investigation complete; no suspect identified,west-yorkshire,CDT_VL
107064989,violent-crime,2022-12,53.711779,-1.893453,On or near Atalanta Terrace,Investigation complete; no suspect identified,west-yorkshire,CDT_VL
107065957,violent-crime,2022-12,53.708329,-1.905006,On or near Holmes Road,Investigation complete; no suspect identified,west-yorkshire,CDT_VL
107066814,violent-crime,2022-12,53.717043,-1.900183,On or near Beech Gardens,Unable to prosecute suspect,west-yorkshire,CDT_VL
107059196,violent-crime,2022-12,53.712492,-1.907087,On or near Claremont Street,Unable to prosecute suspect,west-yorkshire,CDT_VL
107060561,violent-crime,2022-12,53.712455,-1.906708,On or near Victoria Avenue,Status update unavailable,west-yorkshire,CDT_VL
107063826,violent-crime,2022-12,53.712634,-1.917768,On or near Hollins Lane,Unable to prosecute suspect,west-yorkshire,CDT_VL
107064412,violent-crime,2022-12,53.705837,-1.914752,On or near West Street,Unable to prosecute suspect,west-yorkshire,CDT_VL
107053749,violent-crime,2022-12,53.715586,-1.939127,On or near Beulah Place,Court result unavailable,west-yorkshire,CDT_VL
107068770,violent-crime,2022-12,53.705834,-1.910434,On or near Allan Terrace,Unable to prosecute suspect,west-yorkshire,CDT_VL
107064525,violent-crime,2022-12,53.717043,-1.900183,On or near Beech Gardens,Unable to prosecute suspect,west-yorkshire,CDT_VL
107033581,violent-crime,2022-12,53.711576,-1.897196,On or near Norland View,Unable to prosecute suspect,west-yorkshire,CDT_VL
107064505,violent-crime,2022-12,53.704284,-1.931312,On or near Moorland View,Unable to prosecute suspect,west-yorkshire,CDT_VL
107049262,violent-crime,2022-12,53.709615,-1.906154,On or near Parking Area,Court result unavailable,west-yorkshire,CDT_VL
107046871,violent-crime,2022-12,53.711893,-1.900331,On or near East Parade,Action to be taken by another organisation,west-yorkshire,CDT_VL
107068741,violent-crime,2022-12,53.705834,-1.910434,On or near Allan Terrace,Unable to prosecute suspect,west-yorkshire,CDT_VL
107056106,violent-crime,2022-12,53.710418,-1.910531,On or near Eagles Cliffe,Status update unavailable,west-yorkshire,CDT_VL
107056024,violent-crime,2022-12,53.710507,-1.898486,On or near Walker Lane,Unable to prosecute suspect,west-yorkshire,CDT_VL
107056013,violent-crime,2022-12,53.723152,-1.896334,On or near Hubert Street,Investigation complete; no suspect identified,west-yorkshire,CDT_VL
107035221,violent-crime,2022-12,53.709472,-1.907503,On or near Wharf Street,Investigation complete; no suspect identified,west-yorkshire,CDT_VL
107062573,violent-crime,2022-12,53.711237,-1.912286,On or near Newton Street,Unable to prosecute suspect,west-yorkshire,CDT_VL
107062059,violent-crime,2022-12,53.705837,-1.914752,On or near West Street,Court result unavailable,west-yorkshire,CDT_VL
107061156,violent-crime,2022-12,53.711893,-1.900331,On or near East Parade,Unable to prosecute suspect,west-yorkshire,CDT_VL
107060575,violent-crime,2022-12,53.711557,-1.907453,On or near Villa Street,Unable to prosecute suspect,west-yorkshire,CDT_VL
107069843,violent-crime,2022-12,53.705834,-1.910434,On or near Allan Terrace,Unable to prosecute suspect,west-yorkshire,CDT_VL
107057851,violent-crime,2022-12,53.707648,-1.920459,On or near Boston Street,Unable to prosecute suspect,west-yorkshire,CDT_VL
107062968,violent-crime,2022-12,53.724055,-1.901378,On or near Well Royd Close,Unable to prosecute suspect,west-yorkshire,CDT_VL
107066886,other-crime,2022-12,53.712655,-1.908874,On or near Lord Street,Investigation complete; no suspect identified,west-yorkshire,CDT_VL
107063656,other-crime,2022-12,53.713852,-1.911054,On or near Beech Avenue,Further action is not in the public interest,west-yorkshire,CDT_VL
107053091,other-crime,2022-12,53.712492,-1.907087,On or near Claremont Street,Unable to prosecute suspect,west-yorkshire,CDT_VL
107070741,anti-social-behaviour,2022-12,53.709361,-1.670574,On or near Goose Hill,,west-yorkshire,KDT_BS
107072142,anti-social-behaviour,2022-12,53.713629,-1.644980,On or near Charles Jones Court,,west-yorkshire,KDT_BS
107072364,anti-social-behaviour,2022-12,53.723897,-1.649213,On or near Loxley Street,,west-yorkshire,KDT_BS
107071479,anti-social-behaviour,2022-12,53.727233,-1.652883,On or near Roman Road,,west-yorkshire,KDT_BS
107072396,anti-social-behaviour,2022-12,53.712722,-1.651336,On or near West Park Grove,,west-yorkshire,KDT_BS
107053778,burglary,2022-12,53.722168,-1.666973,On or near Houldsworth Avenue,Investigation complete; no suspect identified,west-yorkshire,KDT_BS
107053785,burglary,2022-12,53.712040,-1.664114,On or near Trueman Avenue,Investigation complete; no suspect identified,west-yorkshire,KDT_BS
107053831,burglary,2022-12,53.711956,-1.666327,On or near Chapel Avenue,Investigation complete; no suspect identified,west-yorkshire,KDT_BS
107053958,burglary,2022-12,53.710346,-1.666051,On or near Green Court,Investigation complete; no suspect identified,west-yorkshire,KDT_BS
107054978,burglary,2022-12,53.709830,-1.664798,On or near Deacons Walk,Investigation complete; no suspect identified,west-yorkshire,KDT_BS
107049428,burglary,2022-12,53.711911,-1.650479,On or near Holyoake Avenue,Investigation complete; no suspect identified,west-yorkshire,KDT_BS
107038219,burglary,2022-12,53.715347,-1.683770,On or near Firthcliffe View,Investigation complete; no suspect identified,west-yorkshire,KDT_BS
107037765,burglary,2022-12,53.727496,-1.644257,On or near ,Investigation complete; no suspect identified,west-yorkshire,KDT_BS
107041109,burglary,2022-12,53.730536,-1.657312,On or near Brownhill Garth,Investigation complete; no suspect identified,west-yorkshire,KDT_BS
107059721,burglary,2022-12,53.713118,-1.667484,On or near Fairmoor Way,Investigation complete; no suspect identified,west-yorkshire,KDT_BS
107062473,burglary,2022-12,53.720668,-1.642239,On or near Spring Lane,Investigation complete; no suspect identified,west-yorkshire,KDT_BS
107059661,burglary,2022-12,53.713118,-1.667484,On or near Fairmoor Way,Investigation complete; no suspect identified,west-yorkshire,KDT_BS
107067210,burglary,2022-12,53.722851,-1.687093,On or near Lower Lane,Investigation complete; no suspect identified,west-yorkshire,KDT_BS
107052324,burglary,2022-12,53.716002,-1.666779,On or near Crabtree Avenue,Investigation complete; no suspect identified,west-yorkshire,KDT_BS
107058705,criminal-damage-arson,2022-12,53.709160,-1.672802,On or near Cemetery Road,Unable to prosecute suspect,west-yorkshire,KDT_BS
107051645,criminal-damage-arson,2022-12,53.725889,-1.660472,On or near Park Street,Investigation complete; no suspect identified,west-yorkshire,KDT_BS
107069365,criminal-damage-arson,2022-12,53.725918,-1.658017,On or near Smithies Moor Crescent,Investigation complete; no suspect identified,west-yorkshire,KDT_BS
107048367,criminal-damage-arson,2022-12,53.713546,-1.675723,On or near Westfield Close,Unable to prosecute suspect,west-yorkshire,KDT_BS
107069408,criminal-damage-arson,2022-12,53.725918,-1.658017,On or near Smithies Moor Crescent,Investigation complete; no suspect identified,west-yorkshire,KDT_BS
107065026,criminal-damage-arson,2022-12,53.735716,-1.667973,On or near Priestley Square,Unable to prosecute suspect,west-yorkshire,KDT_BS
107063071,criminal-damage-arson,2022-12,53.713307,-1.677270,On or near New North Road,Investigation complete; no suspect identified,west-yorkshire,KDT_BS
107056608,criminal-damage-arson,2022-12,53.722385,-1.651529,On or near Laurel Drive,Court result unavailable,west-yorkshire,KDT_BS
107053291,criminal-damage-arson,2022-12,53.733077,-1.656322,On or near Moon Close,Investigation complete; no suspect identified,west-yorkshire,KDT_BS
107052143,criminal-damage-arson,2022-12,53.713546,-1.675723,On or near Westfield Close,Unable to prosecute suspect,west-yorkshire,KDT_BS
107049039,criminal-damage-arson,2022-12,53.713971,-1.654356,On or near Mortimer Street,Unable to prosecute suspect,west-yorkshire,KDT_BS
107040437,criminal-damage-arson,2022-12,53.711979,-1.674659,On or near Milton Street,Investigation complete; no suspect identified,west-yorkshire,KDT_BS
107038432,criminal-damage-arson,2022-12,53.707589,-1.660407,On or near Heights Lane,Unable to prosecute suspect,west-yorkshire,KDT_BS
107035462,criminal-damage-arson,2022-12,53.712137,-1.673401,On or near Grosvenor Street,Investigation complete; no suspect identified,west-yorkshire,KDT_BS
107065495,criminal-damage-arson,2022-12,53.728155,-1.657786,On or near Newley Avenue,Investigation complete; no suspect identified,west-yorkshire,KDT_BS
107032149,criminal-damage-arson,2022-12,53.726757,-1.683597,On or near ,Investigation complete; no suspect identified,west-yorkshire,KDT_BS
107063156,criminal-damage-arson,2022-12,53.713307,-1.677270,On or near New North Road,Status update unavailable,west-yorkshire,KDT_BS
107056987,criminal-damage-arson,2022-12,53.722385,-1.651529,On or near Laurel Drive,Court result unavailable,west-yorkshire,KDT_BS
107051811,criminal-damage-arson,2022-12,53.711111,-1.653629,On or near ,Unable to prosecute suspect,west-yorkshire,KDT_BS
107052000,criminal-damage-arson,2022-12,53.719296,-1.643341,On or near Centenary Way,Investigation complete; no suspect identified,west-yorkshire,KDT_BS
107059932,criminal-damage-arson,2022-12,53.729319,-1.659156,On or near The Crossings,Unable to prosecute suspect,west-yorkshire,KDT_BS
107069987,criminal-damage-arson,2022-12,53.709160,-1.672802,On or near Cemetery Road,Investigation complete; no suspect identified,west-yorkshire,KDT_BS
107037220,drugs,2022-12,53.720562,-1.661515,On or near Brighton Close,Local resolution,west-yorkshire,KDT_BS
107051667,drugs,2022-12,53.730771,-1.660933,On or near Smithies Lane,Status update unavailable,west-yorkshire,KDT_BS
107046706,drugs,2022-12,53.717676,-1.674130,On or near Field Close,Local resolution,west-yorkshire,KDT_BS
107055900,drugs,2022-12,53.722342,-1.646210,On or near A652,Status update unavailable,west-yorkshire,KDT_BS
107054339,drugs,2022-12,53.708145,-1.669553,On or near A638,Local resolution,west-yorkshire,KDT_BS
107052472,drugs,2022-12,53.712137,-1.673401,On or near Grosvenor Street,Investigation complete; no suspect identified,west-yorkshire,KDT_BS
107052095,drugs,2022-12,53.725918,-1.658017,On or near Smithies Moor Crescent,Local resolution,west-yorkshire,KDT_BS
107055942,drugs,2022-12,53.731041,-1.658066,On or near Brownhill Close,Status update unavailable,west-yorkshire,KDT_BS
107057904,drugs,2022-12,53.710695,-1.672003,On or near Battye Street,Court result unavailable,west-yorkshire,KDT_BS
107035199,other-theft,2022-12,53.710398,-1.662172,On or near Lyndale Crescent,Investigation complete; no suspect identified,west-yorkshire,KDT_BS
107058179,other-theft,2022-12,53.710695,-1.672003,On or near Battye Street,Court result unavailable,west-yorkshire,KDT_BS
107056284,other-theft,2022-12,53.720562,-1.661515,On or near Brighton Close,Investigation complete; no suspect identified,west-yorkshire,KDT_BS
107051357,other-theft,2022-12,53.711450,-1.671951,On or near Upper Battye Street,Unable to prosecute suspect,west-yorkshire,KDT_BS
107050959,other-theft,2022-12,53.720118,-1.638864,On or near Lansdowne Close,Unable to prosecute suspect,west-yorkshire,KDT_BS
107059946,other-theft,2022-12,53.714060,-1.666628,On or near Stonedene Court,Unable to prosecute suspect,west-yorkshire,KDT_BS
107059539,other-theft,2022-12,53.711960,-1.667872,On or near Longfield Court,Status update unavailable,west-yorkshire,KDT_BS
107045985,other-theft,2022-12,53.728882,-1.683669,On or near Charles Street,Investigation complete; no suspect identified,west-yorkshire,KDT_BS
107042893,other-theft,2022-12,53.733611,-1.660880,On or near Wesley Close,Investigation complete; no suspect identified,west-yorkshire,KDT_BS
107033848,other-theft,2022-12,53.713042,-1.644046,On or near Gordale Close,Unable to prosecute suspect,west-yorkshire,KDT_BS
107036487,other-theft,2022-12,53.714313,-1.645323,On or near Arncliffe Road,Investigation complete; no suspect identified,west-yorkshire,KDT_BS
107052570,other-theft,2022-12,53.735716,-1.667973,On or near Priestley Square,Investigation complete; no suspect identified,west-yorkshire,KDT_BS
107058568,other-theft,2022-12,53.730264,-1.662817,On or near The Avenue,Unable to prosecute suspect,west-yorkshire,KDT_BS
107055479,other-theft,2022-12,53.717591,-1.663070,On or near White Lee Road,Unable to prosecute suspect,west-yorkshire,KDT_BS
107049333,possession-of-weapons,2022-12,53.729319,-1.659156,On or near The Crossings,Unable to prosecute suspect,west-yorkshire,KDT_BS
107065591,public-order,2022-12,53.714745,-1.680456,On or near Almondroyd,Investigation complete; no suspect identified,west-yorkshire,KDT_BS
107058206,public-order,2022-12,53.715220,-1.663664,On or near Fairfield Drive,Unable to prosecute suspect,west-yorkshire,KDT_BS
107032273,public-order,2022-12,53.713118,-1.667484,On or near Fairmoor Way,Investigation complete; no suspect identified,west-yorkshire,KDT_BS
107069662,public-order,2022-12,53.709352,-1.657621,On or near Common Road,Unable to prosecute suspect,west-yorkshire,KDT_BS
107045987,public-order,2022-12,53.714060,-1.666628,On or near Stonedene Court,Unable to prosecute suspect,west-yorkshire,KDT_BS
107051890,public-order,2022-12,53.732309,-1.661451,On or near ,Unable to prosecute suspect,west-yorkshire,KDT_BS
107037548,public-order,2022-12,53.708145,-1.669553,On or near A638,Investigation complete; no suspect identified,west-yorkshire,KDT_BS
107057968,public-order,2022-12,53.708755,-1.662701,On or near Kilpin Close,Court result unavailable,west-yorkshire,KDT_BS
107065430,public-order,2022-12,53.725661,-1.659246,On or near Smithies Moor Rise,Unable to prosecute suspect,west-yorkshire,KDT_BS
107044387,public-order,2022-12,53.734124,-1.664408,On or near Middlegate,Unable to prosecute suspect,west-yorkshire,KDT_BS
107055375,public-order,2022-12,53.719575,-1.649597,On or near Fairview Crescent,Unable to prosecute suspect,west-yorkshire,KDT_BS
107038454,public-order,2022-12,53.709125,-1.666576,On or near Grove Street,Unable to prosecute suspect,west-yorkshire,KDT_BS
107038518,public-order,2022-12,53.707589,-1.660407,On or near Heights Lane,Unable to prosecute suspect,west-yorkshire,KDT_BS
107054176,public-order,2022-12,53.715830,-1.673008,On or near Wood Avenue,Unable to prosecute suspect,west-yorkshire,KDT_BS
107061845,public-order,2022-12,53.708224,-1.662432,On or near Kilpin Court,Court result unavailable,west-yorkshire,KDT_BS
107039922,public-order,2022-12,53.719309,-1.641856,On or near Victoria Street,Unable to prosecute suspect,west-yorkshire,KDT_BS
107052050,public-order,2022-12,53.710232,-1.654417,On or near Fountains Avenue,Unable to prosecute suspect,west-yorkshire,KDT_BS
107040689,public-order,2022-12,53.718758,-1.656181,On or near Enfield Drive,Unable to prosecute suspect,west-yorkshire,KDT_BS
107054371,public-order,2022-12,53.730393,-1.660860,On or near John Street,Offender given a caution,west-yorkshire,KDT_BS
107051243,public-order,2022-12,53.708755,-1.662701,On or near Kilpin Close,Court result unavailable,west-yorkshire,KDT_BS
107034374,public-order,2022-12,53.719899,-1.652959,On or near Fairview Avenue,Investigation complete; no suspect identified,west-yorkshire,KDT_BS
107067844,public-order,2022-12,53.712722,-1.651336,On or near West Park Grove,Investigation complete; no suspect identified,west-yorkshire,KDT_BS
107065826,public-order,2022-12,53.731942,-1.658605,On or near Nelson Street,Unable to prosecute suspect,west-yorkshire,KDT_BS
107062173,robbery,2022-12,53.722342,-1.646210,On or near A652,Investigation complete; no suspect identified,west-yorkshire,KDT_BS
107053025,robbery,2022-12,53.720118,-1.638864,On or near Lansdowne Close,Investigation complete; no suspect identified,west-yorkshire,KDT_BS
107060836,robbery,2022-12,53.711974,-1.672781,On or near Brighton Street,Investigation complete; no suspect identified,west-yorkshire,KDT_BS
107045613,robbery,2022-12,53.735716,-1.667973,On or near Priestley Square,Investigation complete; no suspect identified,west-yorkshire,KDT_BS
107032979,vehicle-crime,2022-12,53.731036,-1.665797,On or near Martin Street,Investigation complete; no suspect identified,west-yorkshire,KDT_BS
107038368,vehicle-crime,2022-12,53.712040,-1.664114,On or near Trueman Avenue,Investigation complete; no suspect identified,west-yorkshire,KDT_BS
107051592,vehicle-crime,2022-12,53.716485,-1.679140,On or near Prospect Road,Court result unavailable,west-yorkshire,KDT_BS
107032993,vehicle-crime,2022-12,53.728915,-1.656446,On or near Brookroyd Lane,Investigation complete; no suspect identified,west-yorkshire,KDT_BS
107065005,vehicle-crime,2022-12,53.720118,-1.638864,On or near Lansdowne Close,Investigation complete; no suspect identified,west-yorkshire,KDT_BS
107035872,vehicle-crime,2022-12,53.717331,-1.672906,On or near Leeds Old Road,Investigation complete; no suspect identified,west-yorkshire,KDT_BS
107063057,vehicle-crime,2022-12,53.734644,-1.654429,On or near Sycamore Way,Investigation complete; no suspect identified,west-yorkshire,KDT_BS
107036613,vehicle-crime,2022-12,53.725397,-1.651837,On or near Park Drive,Unable to prosecute suspect,west-yorkshire,KDT_BS
107052038,vehicle-crime,2022-12,53.713971,-1.654356,On or near Mortimer Street,Status update unavailable,west-yorkshire,KDT_BS
107038599,vehicle-crime,2022-12,53.720216,-1.660109,On or near Oakwell Croft,Investigation complete; no suspect identified,west-yorkshire,KDT_BS
107042623,vehicle-crime,2022-12,53.716656,-1.662850,On or near Dale Lane,Investigation complete; no suspect identified,west-yorkshire,KDT_BS
107049449,vehicle-crime,2022-12,53.711911,-1.650479,On or near Holyoake Avenue,Investigation complete; no suspect identified,west-yorkshire,KDT_BS
107047818,vehicle-crime,2022-12,53.720216,-1.660109,On or near Oakwell Croft,Unable to prosecute suspect,west-yorkshire,KDT_BS
107046253,vehicle-crime,2022-12,53.725397,-1.651837,On or near Park Drive,Investigation complete; no suspect identified,west-yorkshire,KDT_BS
107045753,vehicle-crime,2022-12,53.716047,-1.670203,On or near Marled Close,Unable to prosecute suspect,west-yorkshire,KDT_BS
107054060,violent-crime,2022-12,53.709160,-1.672802,On or near Cemetery Road,Unable to prosecute suspect,west-yorkshire,KDT_BS
107054313,violent-crime,2022-12,53.709687,-1.661875,On or near Tidswell Street,Court result unavailable,west-yorkshire,KDT_BS
107053973,violent-crime,2022-12,53.713118,-1.667484,On or near Fairmoor Way,Court result unavailable,west-yorkshire,KDT_BS
107049368,violent-crime,2022-12,53.708115,-1.658964,On or near Lord Street,Unable to prosecute suspect,west-yorkshire,KDT_BS
107054151,violent-crime,2022-12,53.722168,-1.666973,On or near Houldsworth Avenue,Unable to prosecute suspect,west-yorkshire,KDT_BS
107047724,violent-crime,2022-12,53.715830,-1.673008,On or near Wood Avenue,Investigation complete; no suspect identified,west-yorkshire,KDT_BS
107053496,violent-crime,2022-12,53.721265,-1.646719,On or near Ruby Street,Unable to prosecute suspect,west-yorkshire,KDT_BS
107053186,violent-crime,2022-12,53.713971,-1.654356,On or near Mortimer Street,Unable to prosecute suspect,west-yorkshire,KDT_BS
107052479,violent-crime,2022-12,53.731043,-1.662022,On or near Carr Street,Unable to prosecute suspect,west-yorkshire,KDT_BS
107052655,violent-crime,2022-12,53.723415,-1.685907,On or near Willow Close,Unable to prosecute suspect,west-yorkshire,KDT_BS
107052366,violent-crime,2022-12,53.720859,-1.646116,On or near Pearl Street,Unable to prosecute suspect,west-yorkshire,KDT_BS
107052179,violent-crime,2022-12,53.708928,-1.660245,On or near Halifax Road,Unable to prosecute suspect,west-yorkshire,KDT_BS
107052119,violent-crime,2022-12,53.708928,-1.660245,On or near Halifax Road,Unable to prosecute suspect,west-yorkshire,KDT_BS
107064041,violent-crime,2022-12,53.729319,-1.659156,On or near The Crossings,Investigation complete; no suspect identified,west-yorkshire,KDT_BS
107052022,violent-crime,2022-12,53.719296,-1.643341,On or near Centenary Way,Unable to prosecute suspect,west-yorkshire,KDT_BS
107039011,violent-crime,2022-12,53.721277,-1.641445,On or near Transvaal Terrace,Unable to prosecute suspect,west-yorkshire,KDT_BS
107037803,violent-crime,2022-12,53.716482,-1.678019,On or near Leeds Road,Unable to prosecute suspect,west-yorkshire,KDT_BS
107043004,violent-crime,2022-12,53.721277,-1.641445,On or near Transvaal Terrace,Investigation complete; no suspect identified,west-yorkshire,KDT_BS
107064077,violent-crime,2022-12,53.732305,-1.663270,On or near Low Lane,Unable to prosecute suspect,west-yorkshire,KDT_BS
107032483,violent-crime,2022-12,53.714987,-1.673560,On or near Briar Close,Unable to prosecute suspect,west-yorkshire,KDT_BS
107033268,violent-crime,2022-12,53.713157,-1.661953,On or near Hollinbank Lane,Unable to prosecute suspect,west-yorkshire,KDT_BS
107033455,violent-crime,2022-12,53.735716,-1.667973,On or near Priestley Square,Unable to prosecute suspect,west-yorkshire,KDT_BS
107043498,violent-crime,2022-12,53.717264,-1.671452,On or near Joan Royd,Unable to prosecute suspect,west-yorkshire,KDT_BS
107043715,violent-crime,2022-12,53.715917,-1.665356,On or near Fairfield Avenue,Action to be taken by another organisation,west-yorkshire,KDT_BS
107043741,violent-crime,2022-12,53.717264,-1.671452,On or near Joan Royd,Unable to prosecute suspect,west-yorkshire,KDT_BS
107044394,violent-crime,2022-12,53.731220,-1.663121,On or near ,Unable to prosecute suspect,west-yorkshire,KDT_BS
107064907,violent-crime,2022-12,53.729438,-1.644407,On or near Upper Batley Lane,Unable to prosecute suspect,west-yorkshire,KDT_BS
107035341,violent-crime,2022-12,53.719202,-1.657556,On or near Horner Crescent,Unable to prosecute suspect,west-yorkshire,KDT_BS
107065420,violent-crime,2022-12,53.714927,-1.668136,On or near Dale Lane,Status update unavailable,west-yorkshire,KDT_BS
107039697,violent-crime,2022-12,53.709125,-1.666576,On or near Grove Street,Unable to prosecute suspect,west-yorkshire,KDT_BS
107034388,violent-crime,2022-12,53.716730,-1.666986,On or near Curwen Crescent,Unable to prosecute suspect,west-yorkshire,KDT_BS
107037781,violent-crime,2022-12,53.710232,-1.654417,On or near Fountains Avenue,Unable to prosecute suspect,west-yorkshire,KDT_BS
107037848,violent-crime,2022-12,53.717000,-1.645209,On or near North Bank Road,Unable to prosecute suspect,west-yorkshire,KDT_BS
107037973,violent-crime,2022-12,53.711494,-1.674951,On or near Eldon Street,Unable to prosecute suspect,west-yorkshire,KDT_BS
107047324,violent-crime,2022-12,53.712722,-1.651336,On or near West Park Grove,Unable to prosecute suspect,west-yorkshire,KDT_BS
107039253,violent-crime,2022-12,53.712722,-1.651336,On or near West Park Grove,Unable to prosecute suspect,west-yorkshire,KDT_BS
107039822,violent-crime,2022-12,53.713787,-1.646570,On or near Burnsall Avenue,Investigation complete; no suspect identified,west-yorkshire,KDT_BS
107062053,violent-crime,2022-12,53.721265,-1.646719,On or near Ruby Street,Further action is not in the public interest,west-yorkshire,KDT_BS
107040836,violent-crime,2022-12,53.711257,-1.668941,On or near ,Investigation complete; no suspect identified,west-yorkshire,KDT_BS
107046229,violent-crime,2022-12,53.715830,-1.673008,On or near Wood Avenue,Investigation complete; no suspect identified,west-yorkshire,KDT_BS
107070186,violent-crime,2022-12,53.709872,-1.660525,On or near Batley Road,Investigation complete; no suspect identified,west-yorkshire,KDT_BS
107047857,violent-crime,2022-12,53.733483,-1.666399,On or near Oxford Road,Unable to prosecute suspect,west-yorkshire,KDT_BS
107070041,violent-crime,2022-12,53.734124,-1.664408,On or near Middlegate,Unable to prosecute suspect,west-yorkshire,KDT_BS
107049043,violent-crime,2022-12,53.716435,-1.670882,On or near Hadfield Road,Unable to prosecute suspect,west-yorkshire,KDT_BS
107051104,violent-crime,2022-12,53.717264,-1.671452,On or near Joan Royd,Unable to prosecute suspect,west-yorkshire,KDT_BS
107056649,violent-crime,2022-12,53.722385,-1.651529,On or near Laurel Drive,Unable to prosecute suspect,west-yorkshire,KDT_BS
107069351,violent-crime,2022-12,53.725918,-1.658017,On or near Smithies Moor Crescent,Investigation complete; no suspect identified,west-yorkshire,KDT_BS
107056533,violent-crime,2022-12,53.713277,-1.656634,On or near Crowther Street,Unable to prosecute suspect,west-yorkshire,KDT_BS
107055707,violent-crime,2022-12,53.709160,-1.672802,On or near Cemetery Road,Unable to prosecute suspect,west-yorkshire,KDT_BS
107055878,violent-crime,2022-12,53.708224,-1.662432,On or near Kilpin Court,Court result unavailable,west-yorkshire,KDT_BS
107064365,violent-crime,2022-12,53.729564,-1.653940,On or near Chevins Close,Court result unavailable,west-yorkshire,KDT_BS
107051409,violent-crime,2022-12,53.719899,-1.652959,On or near Fairview Avenue,Investigation complete; no suspect identified,west-yorkshire,KDT_BS
107051228,violent-crime,2022-12,53.708224,-1.662432,On or near Kilpin Court,Court result unavailable,west-yorkshire,KDT_BS
107065230,violent-crime,2022-12,53.711545,-1.673845,On or near Jeremy Lane,Unable to prosecute suspect,west-yorkshire,KDT_BS
107050909,violent-crime,2022-12,53.718515,-1.649697,On or near Pynate Road,Unable to prosecute suspect,west-yorkshire,KDT_BS
107051180,violent-crime,2022-12,53.717591,-1.663070,On or near White Lee Road,Unable to prosecute suspect,west-yorkshire,KDT_BS
107051163,violent-crime,2022-12,53.722534,-1.647330,On or near Denham Street,Unable to prosecute suspect,west-yorkshire,KDT_BS
107062030,violent-crime,2022-12,53.721265,-1.646719,On or near Ruby Street,Further action is not in the public interest,west-yorkshire,KDT_BS
107061721,violent-crime,2022-12,53.712722,-1.651336,On or near West Park Grove,Unable to prosecute suspect,west-yorkshire,KDT_BS
107060638,violent-crime,2022-12,53.730697,-1.660434,On or near Union Street,Court result unavailable,west-yorkshire,KDT_BS
107059942,violent-crime,2022-12,53.734802,-1.668905,On or near Cambridge Road,Unable to prosecute suspect,west-yorkshire,KDT_BS
107059949,violent-crime,2022-12,53.734319,-1.666635,On or near Bronte Road,Unable to prosecute suspect,west-yorkshire,KDT_BS
107059176,violent-crime,2022-12,53.720118,-1.638864,On or near Lansdowne Close,Unable to prosecute suspect,west-yorkshire,KDT_BS
107059895,violent-crime,2022-12,53.722342,-1.646210,On or near A652,Unable to prosecute suspect,west-yorkshire,KDT_BS
107060144,violent-crime,2022-12,53.730697,-1.660434,On or near Union Street,Court result unavailable,west-yorkshire,KDT_BS
107056229,violent-crime,2022-12,53.719296,-1.643341,On or near Centenary Way,Unable to prosecute suspect,west-yorkshire,KDT_BS
107059205,violent-crime,2022-12,53.718793,-1.671894,On or near Berwick Avenue,Investigation complete; no suspect identified,west-yorkshire,KDT_BS
107059145,violent-crime,2022-12,53.720118,-1.638864,On or near Lansdowne Close,Unable to prosecute suspect,west-yorkshire,KDT_BS
107057793,violent-crime,2022-12,53.709635,-1.675571,On or near Darley Street,Unable to prosecute suspect,west-yorkshire,KDT_BS
107051673,violent-crime,2022-12,53.710232,-1.654417,On or near Fountains Avenue,Unable to prosecute suspect,west-yorkshire,KDT_BS
107056677,violent-crime,2022-12,53.713859,-1.649766,On or near Towngate Road,Unable to prosecute suspect,west-yorkshire,KDT_BS
107049874,violent-crime,2022-12,53.723897,-1.649213,On or near Loxley Street,Court result unavailable,west-yorkshire,KDT_BS
107047703,violent-crime,2022-12,53.708755,-1.662701,On or near Kilpin Close,Unable to prosecute suspect,west-yorkshire,KDT_BS
107046853,violent-crime,2022-12,53.710232,-1.654417,On or near Fountains Avenue,Unable to prosecute suspect,west-yorkshire,KDT_BS
107046419,violent-crime,2022-12,53.719063,-1.652708,On or near Beech Tree Mews,Investigation complete; no suspect identified,west-yorkshire,KDT_BS
107046401,violent-crime,2022-12,53.719063,-1.652708,On or near Beech Tree Mews,Investigation complete; no suspect identified,west-yorkshire,KDT_BS
107066677,violent-crime,2022-12,53.713157,-1.661953,On or near Hollinbank Lane,Unable to prosecute suspect,west-yorkshire,KDT_BS
107051072,violent-crime,2022-12,53.716284,-1.671459,On or near Lonsbrough Avenue,Unable to prosecute suspect,west-yorkshire,KDT_BS
107043165,violent-crime,2022-12,53.721922,-1.646971,On or near Hampson Street,Unable to prosecute suspect,west-yorkshire,KDT_BS
107032668,violent-crime,2022-12,53.735716,-1.667973,On or near Priestley Square,Unable to prosecute suspect,west-yorkshire,KDT_BS
107032682,violent-crime,2022-12,53.718758,-1.656181,On or near Enfield Drive,Unable to prosecute suspect,west-yorkshire,KDT_BS
107055356,violent-crime,2022-12,53.714060,-1.666628,On or near Stonedene Court,Offender given a caution,west-yorkshire,KDT_BS
107051276,violent-crime,2022-12,53.721922,-1.646971,On or near Hampson Street,Unable to prosecute suspect,west-yorkshire,KDT_BS
107054673,violent-crime,2022-12,53.719296,-1.643341,On or near Centenary Way,Court result unavailable,west-yorkshire,KDT_BS
107054631,violent-crime,2022-12,53.719296,-1.643341,On or near Centenary Way,Unable to prosecute suspect,west-yorkshire,KDT_BS
107049445,violent-crime,2022-12,53.734319,-1.666635,On or near Bronte Road,Unable to prosecute suspect,west-yorkshire,KDT_BS
107054287,violent-crime,2022-12,53.733196,-1.673253,On or near Monk Ings,Unable to prosecute suspect,west-yorkshire,KDT_BS
107054473,violent-crime,2022-12,53.721265,-1.646719,On or near Ruby Street,Court result unavailable,west-yorkshire,KDT_BS
107054054,violent-crime,2022-12,53.709160,-1.672802,On or near Cemetery Road,Unable to prosecute suspect,west-yorkshire,KDT_BS
107069421,violent-crime,2022-12,53.733726,-1.657211,On or near Stonefield Place,Unable to prosecute suspect,west-yorkshire,KDT_BS
107053346,violent-crime,2022-12,53.722617,-1.650936,On or near The Avenue,Unable to prosecute suspect,west-yorkshire,KDT_BS
107054346,violent-crime,2022-12,53.730393,-1.660860,On or near John Street,Offender given a caution,west-yorkshire,KDT_BS
107054048,violent-crime,2022-12,53.709160,-1.672802,On or near Cemetery Road,Unable to prosecute suspect,west-yorkshire,KDT_BS
107069357,violent-crime,2022-12,53.725918,-1.658017,On or near Smithies Moor Crescent,Investigation complete; no suspect identified,west-yorkshire,KDT_BS
107070037,violent-crime,2022-12,53.734124,-1.664408,On or near Middlegate,Unable to prosecute suspect,west-yorkshire,KDT_BS
107052830,violent-crime,2022-12,53.712571,-1.655186,On or near Havercroft Way,Unable to prosecute suspect,west-yorkshire,KDT_BS
107054367,violent-crime,2022-12,53.731319,-1.651501,On or near Rectory Drive,Unable to prosecute suspect,west-yorkshire,KDT_BS
107055816,violent-crime,2022-12,53.717264,-1.671452,On or near Joan Royd,Unable to prosecute suspect,west-yorkshire,KDT_BS
107056144,violent-crime,2022-12,53.721277,-1.641445,On or near Transvaal Terrace,Action to be taken by another organisation,west-yorkshire,KDT_BS
107061768,violent-crime,2022-12,53.712722,-1.651336,On or near West Park Grove,Unable to prosecute suspect,west-yorkshire,KDT_BS
107042749,violent-crime,2022-12,53.722385,-1.651529,On or near Laurel Drive,Unable to prosecute suspect,west-yorkshire,KDT_BS
107056632,violent-crime,2022-12,53.710695,-1.672003,On or near Battye Street,Investigation complete; no suspect identified,west-yorkshire,KDT_BS
107058203,violent-crime,2022-12,53.715220,-1.663664,On or near Fairfield Drive,Unable to prosecute suspect,west-yorkshire,KDT_BS
107064656,violent-crime,2022-12,53.718515,-1.649697,On or near Pynate Road,Unable to prosecute suspect,west-yorkshire,KDT_BS
107069870,violent-crime,2022-12,53.713787,-1.646570,On or near Burnsall Avenue,Unable to prosecute suspect,west-yorkshire,KDT_BS
107052056,violent-crime,2022-12,53.711494,-1.674951,On or near Eldon Street,Unable to prosecute suspect,west-yorkshire,KDT_BS
107052415,other-crime,2022-12,53.732728,-1.650822,On or near Tweed Close,Investigation complete; no suspect identified,west-yorkshire,KDT_BS
107069075,other-crime,2022-12,53.713118,-1.667484,On or near Fairmoor Way,Unable to prosecute suspect,west-yorkshire,KDT_BS
107045187,other-crime,2022-12,53.714833,-1.657046,On or near Mortimer Terrace,Unable to prosecute suspect,west-yorkshire,KDT_BS
107052110,other-crime,2022-12,53.734644,-1.654429,On or near Sycamore Way,Court result unavailable,west-yorkshire,KDT_BS
107062814,other-crime,2022-12,53.718758,-1.656181,On or near Enfield Drive,Unable to prosecute suspect,west-yorkshire,KDT_BS
107043837,other-crime,2022-12,53.734124,-1.664408,On or near Middlegate,Unable to prosecute suspect,west-yorkshire,KDT_BS
107071410,anti-social-behaviour,2022-12,53.680468,-1.655887,On or near Commercial Street,,west-yorkshire,KDT_DEW
107072567,anti-social-behaviour,2022-12,53.683009,-1.674231,On or near Shill Bank Avenue,,west-yorkshire,KDT_DEW
107071571,anti-social-behaviour,2022-12,53.691079,-1.642247,On or near Hanover Gardens,,west-yorkshire,KDT_DEW
107072003,anti-social-behaviour,2022-12,53.687329,-1.644686,On or near Cemetery Road,,west-yorkshire,KDT_DEW
107070524,anti-social-behaviour,2022-12,53.674788,-1.640795,On or near Navigation Road,,west-yorkshire,KDT_DEW
107072439,anti-social-behaviour,2022-12,53.679901,-1.655634,On or near Aire Street,,west-yorkshire,KDT_DEW
107071573,anti-social-behaviour,2022-12,53.669073,-1.669420,On or near Sands Lane,,west-yorkshire,KDT_DEW
107043353,burglary,2022-12,53.674788,-1.640795,On or near Navigation Road,Investigation complete; no suspect identified,west-yorkshire,KDT_DEW
107061402,burglary,2022-12,53.678500,-1.672207,On or near Crescent Walk,Investigation complete; no suspect identified,west-yorkshire,KDT_DEW
107036018,burglary,2022-12,53.687329,-1.644686,On or near Cemetery Road,Status update unavailable,west-yorkshire,KDT_DEW
107064480,burglary,2022-12,53.687159,-1.650972,On or near Burgh Mill Gardens,Investigation complete; no suspect identified,west-yorkshire,KDT_DEW
107061853,burglary,2022-12,53.682554,-1.647058,On or near Craven Road,Investigation complete; no suspect identified,west-yorkshire,KDT_DEW
107050226,criminal-damage-arson,2022-12,53.687693,-1.643124,On or near Whitworth Road,Investigation complete; no suspect identified,west-yorkshire,KDT_DEW
107035101,criminal-damage-arson,2022-12,53.683514,-1.668550,On or near Field Lane,Investigation complete; no suspect identified,west-yorkshire,KDT_DEW
107049065,criminal-damage-arson,2022-12,53.671440,-1.642368,On or near King Edward Street,Unable to prosecute suspect,west-yorkshire,KDT_DEW
107049830,criminal-damage-arson,2022-12,53.683279,-1.661557,On or near Heron Close,Unable to prosecute suspect,west-yorkshire,KDT_DEW
107043489,criminal-damage-arson,2022-12,53.671440,-1.642368,On or near King Edward Street,Offender given a caution,west-yorkshire,KDT_DEW
107070196,criminal-damage-arson,2022-12,53.681507,-1.670549,On or near Cravendale Road,Investigation complete; no suspect identified,west-yorkshire,KDT_DEW
107068570,criminal-damage-arson,2022-12,53.674346,-1.637424,On or near Nursery Street,Investigation complete; no suspect identified,west-yorkshire,KDT_DEW
107033150,criminal-damage-arson,2022-12,53.672654,-1.645491,On or near Blackers Court,Investigation complete; no suspect identified,west-yorkshire,KDT_DEW
107069582,criminal-damage-arson,2022-12,53.690283,-1.655988,On or near Beckett Crescent,Investigation complete; no suspect identified,west-yorkshire,KDT_DEW
107050085,criminal-damage-arson,2022-12,53.689032,-1.643233,On or near Park Avenue,Investigation complete; no suspect identified,west-yorkshire,KDT_DEW
107042619,criminal-damage-arson,2022-12,53.684683,-1.668556,On or near Northstead,Investigation complete; no suspect identified,west-yorkshire,KDT_DEW
107040227,criminal-damage-arson,2022-12,53.691079,-1.642247,On or near Hanover Gardens,Investigation complete; no suspect identified,west-yorkshire,KDT_DEW
107050274,criminal-damage-arson,2022-12,53.687025,-1.654334,On or near Pilgrim Crescent,Unable to prosecute suspect,west-yorkshire,KDT_DEW
107056228,criminal-damage-arson,2022-12,53.679656,-1.630838,On or near Manor Close,Status update unavailable,west-yorkshire,KDT_DEW
107032943,drugs,2022-12,53.683868,-1.632557,On or near B6409,Local resolution,west-yorkshire,KDT_DEW
107038570,drugs,2022-12,53.682364,-1.631556,On or near Clement Terrace,Local resolution,west-yorkshire,KDT_DEW
107053030,drugs,2022-12,53.689404,-1.638294,On or near Pinfold Hill,Unable to prosecute suspect,west-yorkshire,KDT_DEW
107058023,drugs,2022-12,53.679002,-1.668328,On or near Bradbury Street,Court result unavailable,west-yorkshire,KDT_DEW
107044487,other-theft,2022-12,53.683036,-1.667948,On or near Clarkson Street,Unable to prosecute suspect,west-yorkshire,KDT_DEW
107044605,other-theft,2022-12,53.674788,-1.640795,On or near Navigation Road,Investigation complete; no suspect identified,west-yorkshire,KDT_DEW
107054568,other-theft,2022-12,53.689418,-1.642836,On or near St John Parade,Unable to prosecute suspect,west-yorkshire,KDT_DEW
107032731,other-theft,2022-12,53.677878,-1.661766,On or near Netherfield Road,Investigation complete; no suspect identified,west-yorkshire,KDT_DEW
107049062,other-theft,2022-12,53.679755,-1.655060,On or near ,Unable to prosecute suspect,west-yorkshire,KDT_DEW
107049239,other-theft,2022-12,53.679755,-1.655060,On or near ,Investigation complete; no suspect identified,west-yorkshire,KDT_DEW
107044981,public-order,2022-12,53.682877,-1.672037,On or near Spring Place Gardens,Unable to prosecute suspect,west-yorkshire,KDT_DEW
107049822,public-order,2022-12,53.673208,-1.638372,On or near Kilner View,Court result unavailable,west-yorkshire,KDT_DEW
107066802,public-order,2022-12,53.682283,-1.668393,On or near Craven Street,Unable to prosecute suspect,west-yorkshire,KDT_DEW
107046361,public-order,2022-12,53.672654,-1.645491,On or near Blackers Court,Unable to prosecute suspect,west-yorkshire,KDT_DEW
107044716,public-order,2022-12,53.678500,-1.672207,On or near Crescent Walk,Investigation complete; no suspect identified,west-yorkshire,KDT_DEW
107046372,public-order,2022-12,53.673208,-1.638372,On or near Kilner View,Court result unavailable,west-yorkshire,KDT_DEW
107044121,public-order,2022-12,53.682877,-1.672037,On or near Spring Place Gardens,Investigation complete; no suspect identified,west-yorkshire,KDT_DEW
107052248,public-order,2022-12,53.690019,-1.642362,On or near Thornton Street,Unable to prosecute suspect,west-yorkshire,KDT_DEW
107062311,public-order,2022-12,53.679002,-1.668328,On or near Bradbury Street,Unable to prosecute suspect,west-yorkshire,KDT_DEW
107046151,public-order,2022-12,53.689404,-1.638294,On or near Pinfold Hill,Investigation complete; no suspect identified,west-yorkshire,KDT_DEW
107053698,public-order,2022-12,53.679369,-1.664525,On or near ,Investigation complete; no suspect identified,west-yorkshire,KDT_DEW
107052295,public-order,2022-12,53.690019,-1.642362,On or near Thornton Street,Unable to prosecute suspect,west-yorkshire,KDT_DEW
107067856,public-order,2022-12,53.680286,-1.663296,On or near ,Investigation complete; no suspect identified,west-yorkshire,KDT_DEW
107066712,public-order,2022-12,53.681776,-1.633196,On or near The Sidings,Investigation complete; no suspect identified,west-yorkshire,KDT_DEW
107054523,public-order,2022-12,53.684712,-1.644254,On or near Fall Lane,Unable to prosecute suspect,west-yorkshire,KDT_DEW
107058273,public-order,2022-12,53.681827,-1.635315,On or near Cardwell Terrace,Unable to prosecute suspect,west-yorkshire,KDT_DEW
107065236,public-order,2022-12,53.681827,-1.635315,On or near Cardwell Terrace,Investigation complete; no suspect identified,west-yorkshire,KDT_DEW
107066659,public-order,2022-12,53.679883,-1.662053,On or near ,Investigation complete; no suspect identified,west-yorkshire,KDT_DEW
107062983,public-order,2022-12,53.679002,-1.668328,On or near Bradbury Street,Unable to prosecute suspect,west-yorkshire,KDT_DEW
107034946,public-order,2022-12,53.679755,-1.655060,On or near ,Investigation complete; no suspect identified,west-yorkshire,KDT_DEW
107051854,public-order,2022-12,53.670805,-1.643281,On or near Edward Close,Investigation complete; no suspect identified,west-yorkshire,KDT_DEW
107032804,public-order,2022-12,53.677878,-1.661766,On or near Netherfield Road,Offender given a caution,west-yorkshire,KDT_DEW
107036525,public-order,2022-12,53.684683,-1.668556,On or near Northstead,Investigation complete; no suspect identified,west-yorkshire,KDT_DEW
107036557,public-order,2022-12,53.684683,-1.668556,On or near Northstead,Investigation complete; no suspect identified,west-yorkshire,KDT_DEW
107060056,robbery,2022-12,53.691079,-1.642247,On or near Hanover Gardens,Investigation complete; no suspect identified,west-yorkshire,KDT_DEW
107048518,theft-from-the-person,2022-12,53.679391,-1.638258,On or near Millwater Avenue,Investigation complete; no suspect identified,west-yorkshire,KDT_DEW
107040787,theft-from-the-person,2022-12,53.671155,-1.637224,On or near Lees Hall Road,Investigation complete; no suspect identified,west-yorkshire,KDT_DEW
107053329,vehicle-crime,2022-12,53.681100,-1.629644,On or near Pentland Road,Investigation complete; no suspect identified,west-yorkshire,KDT_DEW
107043016,vehicle-crime,2022-12,53.691093,-1.643973,On or near Hanover Street,Investigation complete; no suspect identified,west-yorkshire,KDT_DEW
107063624,vehicle-crime,2022-12,53.674788,-1.640795,On or near Navigation Road,Unable to prosecute suspect,west-yorkshire,KDT_DEW
107054451,vehicle-crime,2022-12,53.675256,-1.639193,On or near ,Investigation complete; no suspect identified,west-yorkshire,KDT_DEW
107038140,vehicle-crime,2022-12,53.671213,-1.641613,On or near Tudor Way,Investigation complete; no suspect identified,west-yorkshire,KDT_DEW
107045127,vehicle-crime,2022-12,53.674788,-1.640795,On or near Navigation Road,Investigation complete; no suspect identified,west-yorkshire,KDT_DEW
107032636,vehicle-crime,2022-12,53.679100,-1.664800,On or near Foundry Street,Investigation complete; no suspect identified,west-yorkshire,KDT_DEW
107050008,vehicle-crime,2022-12,53.671155,-1.637224,On or near Lees Hall Road,Investigation complete; no suspect identified,west-yorkshire,KDT_DEW
107067735,vehicle-crime,2022-12,53.670629,-1.635806,On or near Chestnut Terrace,Investigation complete; no suspect identified,west-yorkshire,KDT_DEW
107053261,violent-crime,2022-12,53.687693,-1.643124,On or near Whitworth Road,Unable to prosecute suspect,west-yorkshire,KDT_DEW
107035337,violent-crime,2022-12,53.688016,-1.652115,On or near Crow Nest View,Unable to prosecute suspect,west-yorkshire,KDT_DEW
107050312,violent-crime,2022-12,53.671681,-1.632739,On or near Parker Road,Unable to prosecute suspect,west-yorkshire,KDT_DEW
107032049,violent-crime,2022-12,53.681827,-1.635315,On or near Cardwell Terrace,Unable to prosecute suspect,west-yorkshire,KDT_DEW
107032277,violent-crime,2022-12,53.681827,-1.635315,On or near Cardwell Terrace,Unable to prosecute suspect,west-yorkshire,KDT_DEW
107032471,violent-crime,2022-12,53.689354,-1.657889,On or near Meadow Bank,Unable to prosecute suspect,west-yorkshire,KDT_DEW
107032783,violent-crime,2022-12,53.670999,-1.645081,On or near Ouzelwell Crescent,Investigation complete; no suspect identified,west-yorkshire,KDT_DEW
107032794,violent-crime,2022-12,53.670999,-1.645081,On or near Ouzelwell Crescent,Investigation complete; no suspect identified,west-yorkshire,KDT_DEW
107032909,violent-crime,2022-12,53.683857,-1.662445,On or near Kingfisher Crescent,Investigation complete; no suspect identified,west-yorkshire,KDT_DEW
107032913,violent-crime,2022-12,53.683857,-1.662445,On or near Kingfisher Crescent,Investigation complete; no suspect identified,west-yorkshire,KDT_DEW
107032966,violent-crime,2022-12,53.675611,-1.636686,On or near Dale Street,Unable to prosecute suspect,west-yorkshire,KDT_DEW
107032978,violent-crime,2022-12,53.675611,-1.636686,On or near Dale Street,Unable to prosecute suspect,west-yorkshire,KDT_DEW
107043174,violent-crime,2022-12,53.678500,-1.672207,On or near Crescent Walk,Unable to prosecute suspect,west-yorkshire,KDT_DEW
107043872,violent-crime,2022-12,53.681885,-1.667715,On or near Beacon Street,Investigation complete; no suspect identified,west-yorkshire,KDT_DEW
107044985,violent-crime,2022-12,53.681990,-1.672937,On or near Spring Place Court,Unable to prosecute suspect,west-yorkshire,KDT_DEW
107045042,violent-crime,2022-12,53.682877,-1.672037,On or near Spring Place Gardens,Unable to prosecute suspect,west-yorkshire,KDT_DEW
107033761,violent-crime,2022-12,53.680531,-1.656038,On or near Ravens Street,Unable to prosecute suspect,west-yorkshire,KDT_DEW
107033833,violent-crime,2022-12,53.684683,-1.668556,On or near Northstead,Investigation complete; no suspect identified,west-yorkshire,KDT_DEW
107034259,violent-crime,2022-12,53.682426,-1.649179,On or near Stoney Bank Street,Unable to prosecute suspect,west-yorkshire,KDT_DEW
107035056,violent-crime,2022-12,53.672654,-1.645491,On or near Blackers Court,Investigation complete; no suspect identified,west-yorkshire,KDT_DEW
107035288,violent-crime,2022-12,53.677260,-1.635098,On or near Savile Mews,Unable to prosecute suspect,west-yorkshire,KDT_DEW
107035496,violent-crime,2022-12,53.679818,-1.639738,On or near Old Mill View,Unable to prosecute suspect,west-yorkshire,KDT_DEW
107036500,violent-crime,2022-12,53.678500,-1.672207,On or near Crescent Walk,Unable to prosecute suspect,west-yorkshire,KDT_DEW
107037614,violent-crime,2022-12,53.685625,-1.645942,On or near Temple Road,Unable to prosecute suspect,west-yorkshire,KDT_DEW
107038143,violent-crime,2022-12,53.683036,-1.667948,On or near Clarkson Street,Unable to prosecute suspect,west-yorkshire,KDT_DEW
107038996,violent-crime,2022-12,53.672654,-1.645491,On or near Blackers Court,Investigation complete; no suspect identified,west-yorkshire,KDT_DEW
107039504,violent-crime,2022-12,53.681594,-1.663236,On or near Sackville Street,Unable to prosecute suspect,west-yorkshire,KDT_DEW
107042615,violent-crime,2022-12,53.682407,-1.639777,On or near Water Lane,Unable to prosecute suspect,west-yorkshire,KDT_DEW
107049354,violent-crime,2022-12,53.671681,-1.632739,On or near Parker Road,Unable to prosecute suspect,west-yorkshire,KDT_DEW
107050144,violent-crime,2022-12,53.674346,-1.637424,On or near Nursery Street,Unable to prosecute suspect,west-yorkshire,KDT_DEW
107050302,violent-crime,2022-12,53.671681,-1.632739,On or near Parker Road,Unable to prosecute suspect,west-yorkshire,KDT_DEW
107051980,violent-crime,2022-12,53.678500,-1.672207,On or near Crescent Walk,Investigation complete; no suspect identified,west-yorkshire,KDT_DEW
107036527,violent-crime,2022-12,53.678500,-1.672207,On or near Crescent Walk,Unable to prosecute suspect,west-yorkshire,KDT_DEW
107056176,violent-crime,2022-12,53.670805,-1.643281,On or near Edward Close,Unable to prosecute suspect,west-yorkshire,KDT_DEW
107060039,violent-crime,2022-12,53.688016,-1.652115,On or near Crow Nest View,Unable to prosecute suspect,west-yorkshire,KDT_DEW
107065550,violent-crime,2022-12,53.677785,-1.663720,On or near Church Street,Unable to prosecute suspect,west-yorkshire,KDT_DEW
107067239,violent-crime,2022-12,53.681827,-1.635315,On or near Cardwell Terrace,Investigation complete; no suspect identified,west-yorkshire,KDT_DEW
107069379,violent-crime,2022-12,53.678782,-1.666861,On or near Duke Street,Unable to prosecute suspect,west-yorkshire,KDT_DEW
107050978,violent-crime,2022-12,53.673208,-1.638372,On or near Kilner View,Court result unavailable,west-yorkshire,KDT_DEW
107051746,violent-crime,2022-12,53.684524,-1.650433,On or near Ravens Avenue,Unable to prosecute suspect,west-yorkshire,KDT_DEW
107053526,violent-crime,2022-12,53.680475,-1.658248,On or near Tanhouse Street,Unable to prosecute suspect,west-yorkshire,KDT_DEW
107053528,violent-crime,2022-12,53.680475,-1.658248,On or near Tanhouse Street,Unable to prosecute suspect,west-yorkshire,KDT_DEW
107054537,violent-crime,2022-12,53.680475,-1.658248,On or near Tanhouse Street,Unable to prosecute suspect,west-yorkshire,KDT_DEW
107062219,violent-crime,2022-12,53.677878,-1.661766,On or near Netherfield Road,Local resolution,west-yorkshire,KDT_DEW
107061760,violent-crime,2022-12,53.690019,-1.642362,On or near Thornton Street,Court result unavailable,west-yorkshire,KDT_DEW
107051834,violent-crime,2022-12,53.680168,-1.633619,On or near Selbourne Avenue,Unable to prosecute suspect,west-yorkshire,KDT_DEW
107051189,violent-crime,2022-12,53.675256,-1.639193,On or near ,Investigation complete; no suspect identified,west-yorkshire,KDT_DEW
107053784,violent-crime,2022-12,53.678500,-1.672207,On or near Crescent Walk,Unable to prosecute suspect,west-yorkshire,KDT_DEW
107056433,violent-crime,2022-12,53.670629,-1.635806,On or near Chestnut Terrace,Unable to prosecute suspect,west-yorkshire,KDT_DEW
107062198,violent-crime,2022-12,53.682426,-1.649179,On or near Stoney Bank Street,Unable to prosecute suspect,west-yorkshire,KDT_DEW
107041692,violent-crime,2022-12,53.681776,-1.633196,On or near The Sidings,Unable to prosecute suspect,west-yorkshire,KDT_DEW
107057545,violent-crime,2022-12,53.681776,-1.633196,On or near The Sidings,Unable to prosecute suspect,west-yorkshire,KDT_DEW
107055848,violent-crime,2022-12,53.688618,-1.655275,On or near Beckett Walk,Unable to prosecute suspect,west-yorkshire,KDT_DEW
107046527,violent-crime,2022-12,53.675743,-1.638562,On or near Centenary Square,Offender given a caution,west-yorkshire,KDT_DEW
107042921,violent-crime,2022-12,53.678782,-1.666861,On or near Duke Street,Unable to prosecute suspect,west-yorkshire,KDT_DEW
107053225,violent-crime,2022-12,53.684683,-1.668556,On or near Northstead,Unable to prosecute suspect,west-yorkshire,KDT_DEW
107065335,violent-crime,2022-12,53.674394,-1.635455,On or near Victoria Drive,Investigation complete; no suspect identified,west-yorkshire,KDT_DEW
107050326,violent-crime,2022-12,53.671681,-1.632739,On or near Parker Road,Unable to prosecute suspect,west-yorkshire,KDT_DEW
107058125,violent-crime,2022-12,53.679935,-1.661175,On or near Union Street,Unable to prosecute suspect,west-yorkshire,KDT_DEW
107058284,violent-crime,2022-12,53.678001,-1.667079,On or near Fox Street,Unable to prosecute suspect,west-yorkshire,KDT_DEW
107058598,violent-crime,2022-12,53.691093,-1.643973,On or near Hanover Street,Unable to prosecute suspect,west-yorkshire,KDT_DEW
107059999,violent-crime,2022-12,53.688016,-1.652115,On or near Crow Nest View,Unable to prosecute suspect,west-yorkshire,KDT_DEW
107063317,violent-crime,2022-12,53.682407,-1.639777,On or near Water Lane,Status update unavailable,west-yorkshire,KDT_DEW
107067690,violent-crime,2022-12,53.677534,-1.664207,On or near Bell Street,Unable to prosecute suspect,west-yorkshire,KDT_DEW
107054284,violent-crime,2022-12,53.691079,-1.642247,On or near Hanover Gardens,Investigation complete; no suspect identified,west-yorkshire,KDT_DEW
107066445,violent-crime,2022-12,53.683857,-1.662445,On or near Kingfisher Crescent,Investigation complete; no suspect identified,west-yorkshire,KDT_DEW
107067840,violent-crime,2022-12,53.680286,-1.663296,On or near ,Investigation complete; no suspect identified,west-yorkshire,KDT_DEW
107070113,violent-crime,2022-12,53.690499,-1.643812,On or near Unity Court,Investigation complete; no suspect identified,west-yorkshire,KDT_DEW
107049798,violent-crime,2022-12,53.671547,-1.645001,On or near Ouzelwell Road,Unable to prosecute suspect,west-yorkshire,KDT_DEW
107049081,violent-crime,2022-12,53.684023,-1.648166,On or near Ravens Crescent,Unable to prosecute suspect,west-yorkshire,KDT_DEW
107067417,violent-crime,2022-12,53.681827,-1.635315,On or near Cardwell Terrace,Investigation complete; no suspect identified,west-yorkshire,KDT_DEW
107064147,violent-crime,2022-12,53.674788,-1.640795,On or near Navigation Road,Unable to prosecute suspect,west-yorkshire,KDT_DEW
107070286,violent-crime,2022-12,53.671697,-1.638324,On or near Eyre Street,Unable to prosecute suspect,west-yorkshire,KDT_DEW
107069236,violent-crime,2022-12,53.681507,-1.670549,On or near Cravendale Road,Investigation complete; no suspect identified,west-yorkshire,KDT_DEW
107069130,violent-crime,2022-12,53.674504,-1.633063,On or near Slaithwaite Close,Unable to prosecute suspect,west-yorkshire,KDT_DEW
107068477,violent-crime,2022-12,53.685625,-1.645942,On or near Temple Road,Unable to prosecute suspect,west-yorkshire,KDT_DEW
107056374,violent-crime,2022-12,53.687025,-1.654334,On or near Pilgrim Crescent,Unable to prosecute suspect,west-yorkshire,KDT_DEW
107056064,violent-crime,2022-12,53.674394,-1.635455,On or near Victoria Drive,Unable to prosecute suspect,west-yorkshire,KDT_DEW
107051628,violent-crime,2022-12,53.679002,-1.668328,On or near Bradbury Street,Unable to prosecute suspect,west-yorkshire,KDT_DEW
107051904,violent-crime,2022-12,53.672654,-1.645491,On or near Blackers Court,Unable to prosecute suspect,west-yorkshire,KDT_DEW
107051347,violent-crime,2022-12,53.682891,-1.630537,On or near St Mary's Place,Unable to prosecute suspect,west-yorkshire,KDT_DEW
107051019,violent-crime,2022-12,53.671681,-1.632739,On or near Parker Road,Unable to prosecute suspect,west-yorkshire,KDT_DEW
107051017,violent-crime,2022-12,53.671681,-1.632739,On or near Parker Road,Unable to prosecute suspect,west-yorkshire,KDT_DEW
107050294,violent-crime,2022-12,53.687025,-1.654334,On or near Pilgrim Crescent,Unable to prosecute suspect,west-yorkshire,KDT_DEW
107050812,violent-crime,2022-12,53.690283,-1.655988,On or near Beckett Crescent,Unable to prosecute suspect,west-yorkshire,KDT_DEW
107062338,violent-crime,2022-12,53.679818,-1.639738,On or near Old Mill View,Court result unavailable,west-yorkshire,KDT_DEW
107062210,violent-crime,2022-12,53.677878,-1.661766,On or near Netherfield Road,Unable to prosecute suspect,west-yorkshire,KDT_DEW
107062153,violent-crime,2022-12,53.681646,-1.640995,On or near Island View,Status update unavailable,west-yorkshire,KDT_DEW
107061829,violent-crime,2022-12,53.690019,-1.642362,On or near Thornton Street,Court result unavailable,west-yorkshire,KDT_DEW
107057825,violent-crime,2022-12,53.678782,-1.666861,On or near Duke Street,Unable to prosecute suspect,west-yorkshire,KDT_DEW
107057261,violent-crime,2022-12,53.681776,-1.633196,On or near The Sidings,Unable to prosecute suspect,west-yorkshire,KDT_DEW
107050638,violent-crime,2022-12,53.689418,-1.642836,On or near St John Parade,Unable to prosecute suspect,west-yorkshire,KDT_DEW
107049865,violent-crime,2022-12,53.674788,-1.640795,On or near Navigation Road,Investigation complete; no suspect identified,west-yorkshire,KDT_DEW
107049377,violent-crime,2022-12,53.671681,-1.632739,On or near Parker Road,Court result unavailable,west-yorkshire,KDT_DEW
107049332,violent-crime,2022-12,53.671681,-1.632739,On or near Parker Road,Unable to prosecute suspect,west-yorkshire,KDT_DEW
107048789,violent-crime,2022-12,53.679883,-1.662053,On or near ,Status update unavailable,west-yorkshire,KDT_DEW
107049048,violent-crime,2022-12,53.671440,-1.642368,On or near King Edward Street,Court result unavailable,west-yorkshire,KDT_DEW
107048609,violent-crime,2022-12,53.677772,-1.672319,On or near The Crescent,Unable to prosecute suspect,west-yorkshire,KDT_DEW
107048584,violent-crime,2022-12,53.677772,-1.672319,On or near The Crescent,Unable to prosecute suspect,west-yorkshire,KDT_DEW
107046539,violent-crime,2022-12,53.675743,-1.638562,On or near Centenary Square,Unable to prosecute suspect,west-yorkshire,KDT_DEW
107045704,violent-crime,2022-12,53.681885,-1.667715,On or near Beacon Street,Investigation complete; no suspect identified,west-yorkshire,KDT_DEW
107032742,violent-crime,2022-12,53.677785,-1.663720,On or near Church Street,Unable to prosecute suspect,west-yorkshire,KDT_DEW
107041171,violent-crime,2022-12,53.680475,-1.658248,On or near Tanhouse Street,Unable to prosecute suspect,west-yorkshire,KDT_DEW
107040339,violent-crime,2022-12,53.682261,-1.667000,On or near Lee Street,Unable to prosecute suspect,west-yorkshire,KDT_DEW
107055814,violent-crime,2022-12,53.688618,-1.655275,On or near Beckett Walk,Unable to prosecute suspect,west-yorkshire,KDT_DEW
107055207,violent-crime,2022-12,53.678782,-1.666861,On or near Duke Street,Status update unavailable,west-yorkshire,KDT_DEW
107054989,violent-crime,2022-12,53.680463,-1.657295,On or near Crawshaw Street,Unable to prosecute suspect,west-yorkshire,KDT_DEW
107054433,violent-crime,2022-12,53.671783,-1.631149,On or near Pioneer Street,Unable to prosecute suspect,west-yorkshire,KDT_DEW
107054650,violent-crime,2022-12,53.680489,-1.666454,On or near Myrtle Avenue,Unable to prosecute suspect,west-yorkshire,KDT_DEW
107054230,violent-crime,2022-12,53.687693,-1.643124,On or near Whitworth Road,Unable to prosecute suspect,west-yorkshire,KDT_DEW
107054190,violent-crime,2022-12,53.671450,-1.645819,On or near Ouzelwell Lane,Unable to prosecute suspect,west-yorkshire,KDT_DEW
107054063,violent-crime,2022-12,53.690019,-1.642362,On or near Thornton Street,Unable to prosecute suspect,west-yorkshire,KDT_DEW
107053841,violent-crime,2022-12,53.678500,-1.672207,On or near Crescent Walk,Unable to prosecute suspect,west-yorkshire,KDT_DEW
107053527,violent-crime,2022-12,53.684683,-1.668556,On or near Northstead,Unable to prosecute suspect,west-yorkshire,KDT_DEW
107053187,violent-crime,2022-12,53.690019,-1.642362,On or near Thornton Street,Unable to prosecute suspect,west-yorkshire,KDT_DEW
107053298,violent-crime,2022-12,53.689418,-1.642836,On or near St John Parade,Unable to prosecute suspect,west-yorkshire,KDT_DEW
107052202,other-crime,2022-12,53.689318,-1.654739,On or near Beckett Grove,Unable to prosecute suspect,west-yorkshire,KDT_DEW
107053287,other-crime,2022-12,53.678782,-1.666861,On or near Duke Street,Unable to prosecute suspect,west-yorkshire,KDT_DEW
107070328,anti-social-behaviour,2022-12,53.651737,-1.756715,On or near Ridgeway Close,,west-yorkshire,KDT_HUD
107070767,anti-social-behaviour,2022-12,53.645390,-1.786022,On or near ,,west-yorkshire,KDT_HUD
107070923,anti-social-behaviour,2022-12,53.654628,-1.768939,On or near ,,west-yorkshire,KDT_HUD
107070698,anti-social-behaviour,2022-12,53.647525,-1.782018,On or near Church Street,,west-yorkshire,KDT_HUD
107070659,anti-social-behaviour,2022-12,53.645340,-1.786642,On or near ,,west-yorkshire,KDT_HUD
107071016,anti-social-behaviour,2022-12,53.635154,-1.748160,On or near Hudroyd,,west-yorkshire,KDT_HUD
107070588,anti-social-behaviour,2022-12,53.651737,-1.756715,On or near Ridgeway Close,,west-yorkshire,KDT_HUD
107071346,anti-social-behaviour,2022-12,53.656158,-1.774514,On or near Galloway Street,,west-yorkshire,KDT_HUD
107070334,anti-social-behaviour,2022-12,53.638693,-1.751481,On or near Tinderley Grove,,west-yorkshire,KDT_HUD
107071350,anti-social-behaviour,2022-12,53.638099,-1.747664,On or near ,,west-yorkshire,KDT_HUD
107070759,anti-social-behaviour,2022-12,53.651737,-1.756715,On or near Ridgeway Close,,west-yorkshire,KDT_HUD
107071354,anti-social-behaviour,2022-12,53.649551,-1.760071,On or near Longfield Close,,west-yorkshire,KDT_HUD
107071642,anti-social-behaviour,2022-12,53.651071,-1.784753,On or near ,,west-yorkshire,KDT_HUD
107071985,anti-social-behaviour,2022-12,53.638099,-1.747664,On or near ,,west-yorkshire,KDT_HUD
107072269,anti-social-behaviour,2022-12,53.645340,-1.786642,On or near ,,west-yorkshire,KDT_HUD
107072179,anti-social-behaviour,2022-12,53.634913,-1.749008,On or near Brickbank,,west-yorkshire,KDT_HUD
107072256,anti-social-behaviour,2022-12,53.646954,-1.779403,On or near ,,west-yorkshire,KDT_HUD
107072260,anti-social-behaviour,2022-12,53.643070,-1.746781,On or near Oaklands Drive,,west-yorkshire,KDT_HUD
107072623,anti-social-behaviour,2022-12,53.648534,-1.782965,On or near John William Street,,west-yorkshire,KDT_HUD
107072262,anti-social-behaviour,2022-12,53.650978,-1.750335,On or near Cow Heys,,west-yorkshire,KDT_HUD
107072254,anti-social-behaviour,2022-12,53.645575,-1.762968,On or near Batley Street,,west-yorkshire,KDT_HUD
107070330,anti-social-behaviour,2022-12,53.646201,-1.780663,On or near Cross Church Street,,west-yorkshire,KDT_HUD
107045297,bicycle-theft,2022-12,53.639306,-1.779640,On or near King's Bridge Road,Investigation complete; no suspect identified,west-yorkshire,KDT_HUD
107061283,bicycle-theft,2022-12,53.643609,-1.788542,On or near ,Investigation complete; no suspect identified,west-yorkshire,KDT_HUD
107061423,bicycle-theft,2022-12,53.643609,-1.788542,On or near ,Investigation complete; no suspect identified,west-yorkshire,KDT_HUD
107060532,bicycle-theft,2022-12,53.641615,-1.743417,On or near Fernside Crescent,Investigation complete; no suspect identified,west-yorkshire,KDT_HUD
107054084,bicycle-theft,2022-12,53.653046,-1.764091,On or near Edge Hill Close,Unable to prosecute suspect,west-yorkshire,KDT_HUD
107035817,bicycle-theft,2022-12,53.653095,-1.780688,On or near Ray Street,Investigation complete; no suspect identified,west-yorkshire,KDT_HUD
107037228,bicycle-theft,2022-12,53.656255,-1.755055,On or near Rawthorpe Crescent,Investigation complete; no suspect identified,west-yorkshire,KDT_HUD
107043081,bicycle-theft,2022-12,53.651122,-1.754994,On or near Ridgeway,Investigation complete; no suspect identified,west-yorkshire,KDT_HUD
107064320,burglary,2022-12,53.648109,-1.781697,On or near Byram Street,Court result unavailable,west-yorkshire,KDT_HUD
107055748,burglary,2022-12,53.639501,-1.783299,On or near Colne Road,Investigation complete; no suspect identified,west-yorkshire,KDT_HUD
107036050,burglary,2022-12,53.651540,-1.775779,On or near Gasworks Street,Investigation complete; no suspect identified,west-yorkshire,KDT_HUD
107063961,burglary,2022-12,53.646644,-1.782083,On or near Market Place,Court result unavailable,west-yorkshire,KDT_HUD
107054794,burglary,2022-12,53.632384,-1.774640,On or near Roger Lane,Investigation complete; no suspect identified,west-yorkshire,KDT_HUD
107054596,burglary,2022-12,53.647525,-1.782018,On or near Church Street,Unable to prosecute suspect,west-yorkshire,KDT_HUD
107049153,burglary,2022-12,53.641052,-1.766820,On or near Kilburn Close,Investigation complete; no suspect identified,west-yorkshire,KDT_HUD
107045729,burglary,2022-12,53.646859,-1.753869,On or near Henley Croft,Investigation complete; no suspect identified,west-yorkshire,KDT_HUD
107064310,burglary,2022-12,53.651258,-1.778851,On or near Lower Fitzwilliam Street,Court result unavailable,west-yorkshire,KDT_HUD
107058869,burglary,2022-12,53.649930,-1.780008,On or near Union Street,Unable to prosecute suspect,west-yorkshire,KDT_HUD
107056018,burglary,2022-12,53.651258,-1.778851,On or near Lower Fitzwilliam Street,Unable to prosecute suspect,west-yorkshire,KDT_HUD
107051838,burglary,2022-12,53.650116,-1.759705,On or near Longfield Avenue,Investigation complete; no suspect identified,west-yorkshire,KDT_HUD
107057517,burglary,2022-12,53.645364,-1.785009,On or near Threadneedle Street,Investigation complete; no suspect identified,west-yorkshire,KDT_HUD
107032244,burglary,2022-12,53.644795,-1.746559,On or near Green Lea Road,Investigation complete; no suspect identified,west-yorkshire,KDT_HUD
107055779,burglary,2022-12,53.651122,-1.754994,On or near Ridgeway,Court result unavailable,west-yorkshire,KDT_HUD
107037865,burglary,2022-12,53.631978,-1.755135,On or near Rushbearers Walk,Investigation complete; no suspect identified,west-yorkshire,KDT_HUD
107056439,burglary,2022-12,53.645886,-1.785218,On or near Supermarket,Unable to prosecute suspect,west-yorkshire,KDT_HUD
107056641,criminal-damage-arson,2022-12,53.649565,-1.754140,On or near New Grove Drive,Investigation complete; no suspect identified,west-yorkshire,KDT_HUD
107060268,criminal-damage-arson,2022-12,53.643899,-1.775184,On or near Sand Street,Investigation complete; no suspect identified,west-yorkshire,KDT_HUD
107068472,criminal-damage-arson,2022-12,53.651177,-1.746551,On or near First Avenue,Investigation complete; no suspect identified,west-yorkshire,KDT_HUD
107068026,criminal-damage-arson,2022-12,53.643684,-1.770814,On or near Silver Street West,Investigation complete; no suspect identified,west-yorkshire,KDT_HUD
107056933,criminal-damage-arson,2022-12,53.651122,-1.754994,On or near Ridgeway,Court result unavailable,west-yorkshire,KDT_HUD
107061436,criminal-damage-arson,2022-12,53.633313,-1.771157,On or near Wood Lane,Investigation complete; no suspect identified,west-yorkshire,KDT_HUD
107062265,criminal-damage-arson,2022-12,53.643761,-1.785590,On or near ,Court result unavailable,west-yorkshire,KDT_HUD
107062561,criminal-damage-arson,2022-12,53.653095,-1.780688,On or near Ray Street,Status update unavailable,west-yorkshire,KDT_HUD
107049345,criminal-damage-arson,2022-12,53.651122,-1.754994,On or near Ridgeway,Unable to prosecute suspect,west-yorkshire,KDT_HUD
107045457,criminal-damage-arson,2022-12,53.645518,-1.766220,On or near Hampshire Street,Investigation complete; no suspect identified,west-yorkshire,KDT_HUD
124975841,criminal-damage-arson,2022-12,53.647649,-1.785073,Huddersfield (station),Status update unavailable,west-yorkshire,KDT_HUD
107039808,criminal-damage-arson,2022-12,53.645340,-1.786642,On or near ,Investigation complete; no suspect identified,west-yorkshire,KDT_HUD
107061537,criminal-damage-arson,2022-12,53.634770,-1.767066,On or near Hall Cross Grove,Court result unavailable,west-yorkshire,KDT_HUD
107067916,criminal-damage-arson,2022-12,53.643267,-1.773796,On or near Colne Street,Investigation complete; no suspect identified,west-yorkshire,KDT_HUD
107035238,criminal-damage-arson,2022-12,53.640616,-1.778453,On or near Commercial Street,Investigation complete; no suspect identified,west-yorkshire,KDT_HUD
107056041,criminal-damage-arson,2022-12,53.645244,-1.763922,On or near Schofield Lane,Investigation complete; no suspect identified,west-yorkshire,KDT_HUD
107034237,criminal-damage-arson,2022-12,53.629832,-1.770314,On or near Fanny Moor Crescent,Unable to prosecute suspect,west-yorkshire,KDT_HUD
107045005,criminal-damage-arson,2022-12,53.636623,-1.750026,On or near Lancaster Crescent,Investigation complete; no suspect identified,west-yorkshire,KDT_HUD
107044987,criminal-damage-arson,2022-12,53.636623,-1.750026,On or near Lancaster Crescent,Investigation complete; no suspect identified,west-yorkshire,KDT_HUD
107063051,criminal-damage-arson,2022-12,53.651737,-1.756715,On or near Ridgeway Close,Local resolution,west-yorkshire,KDT_HUD
107043860,criminal-damage-arson,2022-12,53.636642,-1.783041,On or near Greenwood Street,Investigation complete; no suspect identified,west-yorkshire,KDT_HUD
107043397,criminal-damage-arson,2022-12,53.645041,-1.766147,On or near Highroyd Lane,Investigation complete; no suspect identified,west-yorkshire,KDT_HUD
107033124,criminal-damage-arson,2022-12,53.645340,-1.786642,On or near ,Investigation complete; no suspect identified,west-yorkshire,KDT_HUD
107032958,criminal-damage-arson,2022-12,53.642543,-1.748736,On or near Greenhead Lane,Investigation complete; no suspect identified,west-yorkshire,KDT_HUD
107065234,criminal-damage-arson,2022-12,53.636746,-1.744369,On or near Hulbert Croft,Investigation complete; no suspect identified,west-yorkshire,KDT_HUD
107032362,criminal-damage-arson,2022-12,53.644644,-1.774378,On or near ,Investigation complete; no suspect identified,west-yorkshire,KDT_HUD
107032091,criminal-damage-arson,2022-12,53.646717,-1.750360,On or near Marlow Close,Unable to prosecute suspect,west-yorkshire,KDT_HUD
107058646,criminal-damage-arson,2022-12,53.646628,-1.783005,On or near Chancery Close,Unable to prosecute suspect,west-yorkshire,KDT_HUD
107055896,criminal-damage-arson,2022-12,53.646998,-1.751553,On or near Eton Avenue,Unable to prosecute suspect,west-yorkshire,KDT_HUD
107054924,criminal-damage-arson,2022-12,53.647923,-1.755088,On or near Holly Tree Court,Unable to prosecute suspect,west-yorkshire,KDT_HUD
107065044,criminal-damage-arson,2022-12,53.646531,-1.784019,On or near Brooks Yard,Investigation complete; no suspect identified,west-yorkshire,KDT_HUD
107044940,criminal-damage-arson,2022-12,53.641739,-1.755396,On or near Forest Road,Investigation complete; no suspect identified,west-yorkshire,KDT_HUD
107049350,criminal-damage-arson,2022-12,53.641615,-1.743417,On or near Fernside Crescent,Unable to prosecute suspect,west-yorkshire,KDT_HUD
107049389,criminal-damage-arson,2022-12,53.651122,-1.754994,On or near Ridgeway,Court result unavailable,west-yorkshire,KDT_HUD
107050725,criminal-damage-arson,2022-12,53.656749,-1.768473,On or near Bradley Mills Lane,Unable to prosecute suspect,west-yorkshire,KDT_HUD
107064450,drugs,2022-12,53.643761,-1.785590,On or near ,Status update unavailable,west-yorkshire,KDT_HUD
107052825,drugs,2022-12,53.643761,-1.785590,On or near Police Station,Offender given a caution,west-yorkshire,KDT_HUD
107054155,drugs,2022-12,53.643761,-1.785590,On or near Police Station,Court result unavailable,west-yorkshire,KDT_HUD
124975842,drugs,2022-12,53.647649,-1.785073,Huddersfield (station),Status update unavailable,west-yorkshire,KDT_HUD
107054231,drugs,2022-12,53.642778,-1.766961,On or near Poplar Street,Investigation complete; no suspect identified,west-yorkshire,KDT_HUD
107054085,drugs,2022-12,53.634770,-1.767066,On or near Hall Cross Grove,Further investigation is not in the public interest,west-yorkshire,KDT_HUD
107035085,drugs,2022-12,53.648123,-1.779412,On or near Tomlinson's Yard,Local resolution,west-yorkshire,KDT_HUD
107050137,drugs,2022-12,53.643384,-1.764341,On or near Chapel Street,Local resolution,west-yorkshire,KDT_HUD
107032412,drugs,2022-12,53.656419,-1.769897,On or near Town Crescent,Local resolution,west-yorkshire,KDT_HUD
107058774,drugs,2022-12,53.636623,-1.750026,On or near Lancaster Crescent,Status update unavailable,west-yorkshire,KDT_HUD
107055494,drugs,2022-12,53.648118,-1.781667,On or near St Peter's Street,Local resolution,west-yorkshire,KDT_HUD
107051900,drugs,2022-12,53.646201,-1.780663,On or near Cross Church Street,Local resolution,west-yorkshire,KDT_HUD
107041603,drugs,2022-12,53.634151,-1.749875,On or near High Croft Crescent,Local resolution,west-yorkshire,KDT_HUD
107058739,drugs,2022-12,53.651071,-1.784753,On or near ,Court result unavailable,west-yorkshire,KDT_HUD
107046392,drugs,2022-12,53.646722,-1.785138,On or near Half Moon Street,Court result unavailable,west-yorkshire,KDT_HUD
107050785,drugs,2022-12,53.646201,-1.780663,On or near Cross Church Street,Offender given a caution,west-yorkshire,KDT_HUD
107049883,drugs,2022-12,53.643761,-1.785590,On or near ,Offender given a caution,west-yorkshire,KDT_HUD
107063521,drugs,2022-12,53.647097,-1.774123,On or near ,Local resolution,west-yorkshire,KDT_HUD
107040220,drugs,2022-12,53.651071,-1.784753,On or near ,Local resolution,west-yorkshire,KDT_HUD
107050835,drugs,2022-12,53.656402,-1.757051,On or near Nether Crescent,Local resolution,west-yorkshire,KDT_HUD
107040670,drugs,2022-12,53.648123,-1.779412,On or near Tomlinson's Yard,Unable to prosecute suspect,west-yorkshire,KDT_HUD
107032635,drugs,2022-12,53.643609,-1.788542,On or near ,Offender given a caution,west-yorkshire,KDT_HUD
107050013,drugs,2022-12,53.646644,-1.782083,On or near Market Place,Unable to prosecute suspect,west-yorkshire,KDT_HUD
107058357,drugs,2022-12,53.643761,-1.785590,On or near ,Court result unavailable,west-yorkshire,KDT_HUD
107036006,drugs,2022-12,53.643761,-1.785590,On or near Police Station,Court result unavailable,west-yorkshire,KDT_HUD
107048547,drugs,2022-12,53.655961,-1.770112,On or near Town Avenue,Local resolution,west-yorkshire,KDT_HUD
107046241,drugs,2022-12,53.648672,-1.780196,On or near Primitive Street,Status update unavailable,west-yorkshire,KDT_HUD
107044564,drugs,2022-12,53.646954,-1.779403,On or near ,Unable to prosecute suspect,west-yorkshire,KDT_HUD
107069104,drugs,2022-12,53.635228,-1.767079,On or near Hall Cross Road,Court result unavailable,west-yorkshire,KDT_HUD
107057126,drugs,2022-12,53.643761,-1.785590,On or near Police Station,Court result unavailable,west-yorkshire,KDT_HUD
107053917,drugs,2022-12,53.648123,-1.779412,On or near Tomlinson's Yard,Local resolution,west-yorkshire,KDT_HUD
107049365,drugs,2022-12,53.651122,-1.754994,On or near Ridgeway,Court result unavailable,west-yorkshire,KDT_HUD
107051931,drugs,2022-12,53.646201,-1.780663,On or near Cross Church Street,Offender given a caution,west-yorkshire,KDT_HUD
107052417,drugs,2022-12,53.643761,-1.785590,On or near ,Local resolution,west-yorkshire,KDT_HUD
107052298,drugs,2022-12,53.643761,-1.785590,On or near ,Status update unavailable,west-yorkshire,KDT_HUD
107060677,drugs,2022-12,53.644390,-1.783138,On or near Ramsden Street,Court result unavailable,west-yorkshire,KDT_HUD
107037412,drugs,2022-12,53.647373,-1.783114,On or near ,Local resolution,west-yorkshire,KDT_HUD
107034057,other-theft,2022-12,53.642778,-1.766961,On or near Poplar Street,Investigation complete; no suspect identified,west-yorkshire,KDT_HUD
107042385,other-theft,2022-12,53.643745,-1.783898,On or near ,Status update unavailable,west-yorkshire,KDT_HUD
107044884,other-theft,2022-12,53.646201,-1.780663,On or near Cross Church Street,Investigation complete; no suspect identified,west-yorkshire,KDT_HUD
107044369,other-theft,2022-12,53.651737,-1.756715,On or near Ridgeway Close,Unable to prosecute suspect,west-yorkshire,KDT_HUD
107050016,other-theft,2022-12,53.646457,-1.759438,On or near Standiforth Road,Investigation complete; no suspect identified,west-yorkshire,KDT_HUD
107043754,other-theft,2022-12,53.643663,-1.778729,On or near ,Investigation complete; no suspect identified,west-yorkshire,KDT_HUD
107052954,other-theft,2022-12,53.646998,-1.751553,On or near Eton Avenue,Investigation complete; no suspect identified,west-yorkshire,KDT_HUD
107033139,other-theft,2022-12,53.633329,-1.747823,On or near Northgate,Investigation complete; no suspect identified,west-yorkshire,KDT_HUD
107054819,other-theft,2022-12,53.651737,-1.756715,On or near Ridgeway Close,Unable to prosecute suspect,west-yorkshire,KDT_HUD
107054986,other-theft,2022-12,53.650294,-1.782442,On or near ,Investigation complete; no suspect identified,west-yorkshire,KDT_HUD
107032903,other-theft,2022-12,53.644098,-1.780704,On or near ,Investigation complete; no suspect identified,west-yorkshire,KDT_HUD
107052653,other-theft,2022-12,53.643853,-1.784048,On or near ,Investigation complete; no suspect identified,west-yorkshire,KDT_HUD
107032454,other-theft,2022-12,53.646201,-1.780663,On or near Cross Church Street,Investigation complete; no suspect identified,west-yorkshire,KDT_HUD
107039263,other-theft,2022-12,53.637465,-1.785820,On or near Queens Mill Road,Investigation complete; no suspect identified,west-yorkshire,KDT_HUD
107058611,other-theft,2022-12,53.645886,-1.785218,On or near ,Investigation complete; no suspect identified,west-yorkshire,KDT_HUD
107069536,other-theft,2022-12,53.644814,-1.779036,On or near Zetland Street,Investigation complete; no suspect identified,west-yorkshire,KDT_HUD
107032102,other-theft,2022-12,53.654628,-1.768939,On or near ,Investigation complete; no suspect identified,west-yorkshire,KDT_HUD
107037121,other-theft,2022-12,53.642778,-1.766961,On or near Poplar Street,Investigation complete; no suspect identified,west-yorkshire,KDT_HUD
107052462,other-theft,2022-12,53.648068,-1.783709,On or near St George's Square,Investigation complete; no suspect identified,west-yorkshire,KDT_HUD
107066028,other-theft,2022-12,53.648854,-1.781042,On or near Northumberland Street,Investigation complete; no suspect identified,west-yorkshire,KDT_HUD
107054657,other-theft,2022-12,53.652808,-1.775848,On or near Grove Road,Unable to prosecute suspect,west-yorkshire,KDT_HUD
124975843,other-theft,2022-12,53.647649,-1.785073,Huddersfield (station),Status update unavailable,west-yorkshire,KDT_HUD
107040379,other-theft,2022-12,53.648714,-1.750742,On or near Standiforth Place,Investigation complete; no suspect identified,west-yorkshire,KDT_HUD
107040551,other-theft,2022-12,53.645886,-1.785218,On or near ,Unable to prosecute suspect,west-yorkshire,KDT_HUD
107048164,other-theft,2022-12,53.647056,-1.762218,On or near West Place,Investigation complete; no suspect identified,west-yorkshire,KDT_HUD
107053475,other-theft,2022-12,53.644814,-1.779036,On or near Zetland Street,Investigation complete; no suspect identified,west-yorkshire,KDT_HUD
107045485,other-theft,2022-12,53.646201,-1.780663,On or near Cross Church Street,Investigation complete; no suspect identified,west-yorkshire,KDT_HUD
107048717,other-theft,2022-12,53.643899,-1.775184,On or near Sand Street,Investigation complete; no suspect identified,west-yorkshire,KDT_HUD
107061238,other-theft,2022-12,53.641615,-1.743417,On or near Fernside Crescent,Local resolution,west-yorkshire,KDT_HUD
107061404,other-theft,2022-12,53.643720,-1.780524,On or near Queensgate,Investigation complete; no suspect identified,west-yorkshire,KDT_HUD
107035969,other-theft,2022-12,53.642798,-1.758808,On or near Senior Street,Investigation complete; no suspect identified,west-yorkshire,KDT_HUD
107035544,other-theft,2022-12,53.648534,-1.782965,On or near John William Street,Investigation complete; no suspect identified,west-yorkshire,KDT_HUD
107035404,other-theft,2022-12,53.647525,-1.782018,On or near Church Street,Investigation complete; no suspect identified,west-yorkshire,KDT_HUD
107060742,other-theft,2022-12,53.649565,-1.754140,On or near New Grove Drive,Investigation complete; no suspect identified,west-yorkshire,KDT_HUD
107065785,other-theft,2022-12,53.652453,-1.755168,On or near Barnby Royd,Investigation complete; no suspect identified,west-yorkshire,KDT_HUD
107064895,other-theft,2022-12,53.640440,-1.775596,On or near Kings Mill Lane,Investigation complete; no suspect identified,west-yorkshire,KDT_HUD
107069389,other-theft,2022-12,53.646571,-1.786455,On or near Henry Street,Investigation complete; no suspect identified,west-yorkshire,KDT_HUD
107034153,other-theft,2022-12,53.643510,-1.759787,On or near View Street,Investigation complete; no suspect identified,west-yorkshire,KDT_HUD
107065291,other-theft,2022-12,53.642268,-1.768129,On or near Smithy Lane,Investigation complete; no suspect identified,west-yorkshire,KDT_HUD
107047586,other-theft,2022-12,53.646542,-1.785048,On or near Sergeantson Street,Investigation complete; no suspect identified,west-yorkshire,KDT_HUD
107048858,other-theft,2022-12,53.648545,-1.784448,On or near Huddersfield,Investigation complete; no suspect identified,west-yorkshire,KDT_HUD
107067265,other-theft,2022-12,53.646555,-1.787075,On or near ,Investigation complete; no suspect identified,west-yorkshire,KDT_HUD
107066072,other-theft,2022-12,53.653095,-1.780688,On or near Ray Street,Investigation complete; no suspect identified,west-yorkshire,KDT_HUD
107069494,other-theft,2022-12,53.656742,-1.755899,On or near Nether Close,Investigation complete; no suspect identified,west-yorkshire,KDT_HUD
107036166,other-theft,2022-12,53.651071,-1.784753,On or near ,Investigation complete; no suspect identified,west-yorkshire,KDT_HUD
107037837,other-theft,2022-12,53.645102,-1.760641,On or near Green Mount,Investigation complete; no suspect identified,west-yorkshire,KDT_HUD
107056247,possession-of-weapons,2022-12,53.643761,-1.785590,On or near ,Court result unavailable,west-yorkshire,KDT_HUD
107050793,possession-of-weapons,2022-12,53.646201,-1.780663,On or near Cross Church Street,Unable to prosecute suspect,west-yorkshire,KDT_HUD
107058751,possession-of-weapons,2022-12,53.636623,-1.750026,On or near Lancaster Crescent,Status update unavailable,west-yorkshire,KDT_HUD
107043948,possession-of-weapons,2022-12,53.637397,-1.777880,On or near Moss Street,Unable to prosecute suspect,west-yorkshire,KDT_HUD
107055216,possession-of-weapons,2022-12,53.646201,-1.780663,On or near Cross Church Street,Offender given a caution,west-yorkshire,KDT_HUD
107053000,possession-of-weapons,2022-12,53.648534,-1.782965,On or near John William Street,Court result unavailable,west-yorkshire,KDT_HUD
107047199,possession-of-weapons,2022-12,53.646722,-1.785138,On or near Half Moon Street,Court result unavailable,west-yorkshire,KDT_HUD
107043952,possession-of-weapons,2022-12,53.637397,-1.777880,On or near Moss Street,Unable to prosecute suspect,west-yorkshire,KDT_HUD
107034339,possession-of-weapons,2022-12,53.643761,-1.785590,On or near Police Station,Court result unavailable,west-yorkshire,KDT_HUD
107034596,public-order,2022-12,53.646722,-1.785138,On or near Half Moon Street,Investigation complete; no suspect identified,west-yorkshire,KDT_HUD
107055932,public-order,2022-12,53.651122,-1.754994,On or near Ridgeway,Unable to prosecute suspect,west-yorkshire,KDT_HUD
107051712,public-order,2022-12,53.631910,-1.775550,On or near Ashenhurst Rise,Unable to prosecute suspect,west-yorkshire,KDT_HUD
107056501,public-order,2022-12,53.646201,-1.780663,On or near Cross Church Street,Unable to prosecute suspect,west-yorkshire,KDT_HUD
107034310,public-order,2022-12,53.646628,-1.783005,On or near Chancery Close,Unable to prosecute suspect,west-yorkshire,KDT_HUD
107056029,public-order,2022-12,53.643761,-1.785590,On or near ,Court result unavailable,west-yorkshire,KDT_HUD
107054791,public-order,2022-12,53.647438,-1.783470,On or near Station Street,Unable to prosecute suspect,west-yorkshire,KDT_HUD
107056115,public-order,2022-12,53.643267,-1.773796,On or near Colne Street,Court result unavailable,west-yorkshire,KDT_HUD
107049687,public-order,2022-12,53.645499,-1.784630,On or near Market Street,Unable to prosecute suspect,west-yorkshire,KDT_HUD
107067212,public-order,2022-12,53.646201,-1.780663,On or near Cross Church Street,Investigation complete; no suspect identified,west-yorkshire,KDT_HUD
107059459,public-order,2022-12,53.646201,-1.780663,On or near Cross Church Street,Investigation complete; no suspect identified,west-yorkshire,KDT_HUD
107064723,public-order,2022-12,53.648545,-1.784448,On or near Huddersfield,Unable to prosecute suspect,west-yorkshire,KDT_HUD
107042899,public-order,2022-12,53.648118,-1.781667,On or near St Peter's Street,Unable to prosecute suspect,west-yorkshire,KDT_HUD
107034977,public-order,2022-12,53.652894,-1.755316,On or near North Carr,Unable to prosecute suspect,west-yorkshire,KDT_HUD
107065706,public-order,2022-12,53.645340,-1.786642,On or near ,Investigation complete; no suspect identified,west-yorkshire,KDT_HUD
107065432,public-order,2022-12,53.646531,-1.784019,On or near Brooks Yard,Unable to prosecute suspect,west-yorkshire,KDT_HUD
107063584,public-order,2022-12,53.645499,-1.784630,On or near Market Street,Court result unavailable,west-yorkshire,KDT_HUD
107055109,public-order,2022-12,53.643761,-1.785590,On or near ,Court result unavailable,west-yorkshire,KDT_HUD
107055803,public-order,2022-12,53.647315,-1.785180,On or near Temple Close,Investigation complete; no suspect identified,west-yorkshire,KDT_HUD
107052869,public-order,2022-12,53.645340,-1.786642,On or near ,Investigation complete; no suspect identified,west-yorkshire,KDT_HUD
107070155,public-order,2022-12,53.646644,-1.782083,On or near Market Place,Investigation complete; no suspect identified,west-yorkshire,KDT_HUD
107066859,public-order,2022-12,53.646628,-1.783005,On or near Chancery Close,Unable to prosecute suspect,west-yorkshire,KDT_HUD
107069265,public-order,2022-12,53.643830,-1.771614,On or near Carr Pit Road,Investigation complete; no suspect identified,west-yorkshire,KDT_HUD
107056471,public-order,2022-12,53.643761,-1.785590,On or near Police Station,Further investigation is not in the public interest,west-yorkshire,KDT_HUD
107056288,public-order,2022-12,53.645886,-1.785218,On or near ,Unable to prosecute suspect,west-yorkshire,KDT_HUD
107056000,public-order,2022-12,53.649999,-1.750734,On or near Long Lane,Unable to prosecute suspect,west-yorkshire,KDT_HUD
107050893,public-order,2022-12,53.636338,-1.751389,On or near Town End,Further investigation is not in the public interest,west-yorkshire,KDT_HUD
107061612,public-order,2022-12,53.652808,-1.775848,On or near Grove Road,Investigation complete; no suspect identified,west-yorkshire,KDT_HUD
107061236,public-order,2022-12,53.638693,-1.751481,On or near Tinderley Grove,Court result unavailable,west-yorkshire,KDT_HUD
107060664,public-order,2022-12,53.646201,-1.780663,On or near Cross Church Street,Unable to prosecute suspect,west-yorkshire,KDT_HUD
107060490,public-order,2022-12,53.655722,-1.772231,On or near Town Terrace,Unable to prosecute suspect,west-yorkshire,KDT_HUD
107060776,public-order,2022-12,53.643761,-1.785590,On or near ,Court result unavailable,west-yorkshire,KDT_HUD
107059035,public-order,2022-12,53.650465,-1.745890,On or near The Grange,Unable to prosecute suspect,west-yorkshire,KDT_HUD
107058938,public-order,2022-12,53.638099,-1.747664,On or near ,Unable to prosecute suspect,west-yorkshire,KDT_HUD
107057776,public-order,2022-12,53.640541,-1.758609,On or near Bancroft Avenue,Unable to prosecute suspect,west-yorkshire,KDT_HUD
107048314,public-order,2022-12,53.646665,-1.788784,On or near Back Greenhead Road,Unable to prosecute suspect,west-yorkshire,KDT_HUD
107048312,public-order,2022-12,53.643988,-1.789296,On or near Spring Grove Street,Unable to prosecute suspect,west-yorkshire,KDT_HUD
107047942,public-order,2022-12,53.650294,-1.782442,On or near ,Unable to prosecute suspect,west-yorkshire,KDT_HUD
107047493,public-order,2022-12,53.645340,-1.786642,On or near ,Unable to prosecute suspect,west-yorkshire,KDT_HUD
107046735,public-order,2022-12,53.636842,-1.751628,On or near Lisa Head Way,Unable to prosecute suspect,west-yorkshire,KDT_HUD
107045907,public-order,2022-12,53.653046,-1.764091,On or near Edge Hill Close,Court result unavailable,west-yorkshire,KDT_HUD
107040683,public-order,2022-12,53.648672,-1.780196,On or near Primitive Street,Unable to prosecute suspect,west-yorkshire,KDT_HUD
107055321,public-order,2022-12,53.634688,-1.748873,On or near Supermarket,Unable to prosecute suspect,west-yorkshire,KDT_HUD
107054592,public-order,2022-12,53.647438,-1.783470,On or near Station Street,Court result unavailable,west-yorkshire,KDT_HUD
107054671,public-order,2022-12,53.644390,-1.783138,On or near Ramsden Street,Unable to prosecute suspect,west-yorkshire,KDT_HUD
107053217,public-order,2022-12,53.646954,-1.779403,On or near ,Offender given a caution,west-yorkshire,KDT_HUD
107052606,public-order,2022-12,53.642709,-1.787836,On or near Prospect Street,Unable to prosecute suspect,west-yorkshire,KDT_HUD
107052155,public-order,2022-12,53.645340,-1.786642,On or near ,Status update unavailable,west-yorkshire,KDT_HUD
107036649,public-order,2022-12,53.643224,-1.760545,On or near Osborne Street,Unable to prosecute suspect,west-yorkshire,KDT_HUD
107032410,public-order,2022-12,53.648672,-1.780196,On or near Primitive Street,Unable to prosecute suspect,west-yorkshire,KDT_HUD
107032567,public-order,2022-12,53.644795,-1.746559,On or near Green Lea Road,Investigation complete; no suspect identified,west-yorkshire,KDT_HUD
107032901,public-order,2022-12,53.636029,-1.767724,On or near Oaken Bank Crescent,Unable to prosecute suspect,west-yorkshire,KDT_HUD
107033203,public-order,2022-12,53.639501,-1.783299,On or near Colne Road,Investigation complete; no suspect identified,west-yorkshire,KDT_HUD
107044718,public-order,2022-12,53.646159,-1.779032,On or near ,Investigation complete; no suspect identified,west-yorkshire,KDT_HUD
107034347,public-order,2022-12,53.655170,-1.760856,On or near Brown Royd Avenue,Investigation complete; no suspect identified,west-yorkshire,KDT_HUD
107035373,public-order,2022-12,53.647525,-1.782018,On or near Church Street,Unable to prosecute suspect,west-yorkshire,KDT_HUD
107037155,public-order,2022-12,53.648123,-1.779412,On or near Tomlinson's Yard,Unable to prosecute suspect,west-yorkshire,KDT_HUD
107039312,public-order,2022-12,53.645340,-1.786642,On or near ,Investigation complete; no suspect identified,west-yorkshire,KDT_HUD
107039336,public-order,2022-12,53.651071,-1.784753,On or near ,Investigation complete; no suspect identified,west-yorkshire,KDT_HUD
107039626,public-order,2022-12,53.646556,-1.777580,On or near ,Investigation complete; no suspect identified,west-yorkshire,KDT_HUD
107040951,public-order,2022-12,53.646842,-1.783411,On or near ,Investigation complete; no suspect identified,west-yorkshire,KDT_HUD
107040982,public-order,2022-12,53.648123,-1.779412,On or near Tomlinson's Yard,Unable to prosecute suspect,west-yorkshire,KDT_HUD
107046544,public-order,2022-12,53.646201,-1.780663,On or near Cross Church Street,Investigation complete; no suspect identified,west-yorkshire,KDT_HUD
107046569,public-order,2022-12,53.640541,-1.758609,On or near Bancroft Avenue,Unable to prosecute suspect,west-yorkshire,KDT_HUD
107047558,public-order,2022-12,53.644098,-1.780704,On or near ,Unable to prosecute suspect,west-yorkshire,KDT_HUD
107049182,public-order,2022-12,53.649083,-1.783674,On or near ,Unable to prosecute suspect,west-yorkshire,KDT_HUD
107049644,public-order,2022-12,53.645499,-1.784630,On or near Market Street,Unable to prosecute suspect,west-yorkshire,KDT_HUD
107049747,public-order,2022-12,53.646531,-1.784019,On or near Brooks Yard,Unable to prosecute suspect,west-yorkshire,KDT_HUD
107050727,public-order,2022-12,53.644390,-1.783138,On or near Ramsden Street,Unable to prosecute suspect,west-yorkshire,KDT_HUD
107055044,public-order,2022-12,53.645499,-1.784630,On or near Market Street,Unable to prosecute suspect,west-yorkshire,KDT_HUD
107056145,public-order,2022-12,53.633928,-1.750950,On or near Highlands Avenue,Unable to prosecute suspect,west-yorkshire,KDT_HUD
107057087,public-order,2022-12,53.644390,-1.783138,On or near Ramsden Street,Investigation complete; no suspect identified,west-yorkshire,KDT_HUD
107058020,public-order,2022-12,53.638219,-1.752724,On or near Rockley Close,Unable to prosecute suspect,west-yorkshire,KDT_HUD
107065961,public-order,2022-12,53.643864,-1.761752,On or near Trevelyan Street,Investigation complete; no suspect identified,west-yorkshire,KDT_HUD
107070177,public-order,2022-12,53.643267,-1.773796,On or near Colne Street,Investigation complete; no suspect identified,west-yorkshire,KDT_HUD
107055241,public-order,2022-12,53.650776,-1.785329,On or near Bath Street,Investigation complete; no suspect identified,west-yorkshire,KDT_HUD
107044638,public-order,2022-12,53.641966,-1.751901,On or near Hallas Grove,Unable to prosecute suspect,west-yorkshire,KDT_HUD
107045884,public-order,2022-12,53.653046,-1.764091,On or near Edge Hill Close,Unable to prosecute suspect,west-yorkshire,KDT_HUD
107034368,public-order,2022-12,53.646628,-1.783005,On or near Chancery Close,Unable to prosecute suspect,west-yorkshire,KDT_HUD
107056030,public-order,2022-12,53.646628,-1.783005,On or near Chancery Close,Unable to prosecute suspect,west-yorkshire,KDT_HUD
107061571,robbery,2022-12,53.647373,-1.783114,On or near ,Investigation complete; no suspect identified,west-yorkshire,KDT_HUD
107046788,robbery,2022-12,53.648068,-1.783709,On or near St George's Square,Investigation complete; no suspect identified,west-yorkshire,KDT_HUD
107058440,robbery,2022-12,53.643853,-1.784048,On or near ,Court result unavailable,west-yorkshire,KDT_HUD
107051520,robbery,2022-12,53.646531,-1.784019,On or near Brooks Yard,Unable to prosecute suspect,west-yorkshire,KDT_HUD
107042552,robbery,2022-12,53.648534,-1.782965,On or near John William Street,Investigation complete; no suspect identified,west-yorkshire,KDT_HUD
107040924,robbery,2022-12,53.633401,-1.774998,On or near Ashenhurst Road,Investigation complete; no suspect identified,west-yorkshire,KDT_HUD
107064252,robbery,2022-12,53.652808,-1.775848,On or near Grove Road,Investigation complete; no suspect identified,west-yorkshire,KDT_HUD
107055245,robbery,2022-12,53.645725,-1.759645,On or near ,Investigation complete; no suspect identified,west-yorkshire,KDT_HUD
107049027,shoplifting,2022-12,53.644390,-1.783138,On or near Ramsden Street,Investigation complete; no suspect identified,west-yorkshire,KDT_HUD
107034899,shoplifting,2022-12,53.647097,-1.774123,On or near ,Investigation complete; no suspect identified,west-yorkshire,KDT_HUD
107055475,shoplifting,2022-12,53.645886,-1.785218,On or near ,Local resolution,west-yorkshire,KDT_HUD
107047343,shoplifting,2022-12,53.646644,-1.782083,On or near Market Place,Court result unavailable,west-yorkshire,KDT_HUD
107032364,shoplifting,2022-12,53.652428,-1.779405,On or near Great Northern Street,Investigation complete; no suspect identified,west-yorkshire,KDT_HUD
107053718,shoplifting,2022-12,53.646644,-1.782083,On or near Market Place,Unable to prosecute suspect,west-yorkshire,KDT_HUD
107061617,shoplifting,2022-12,53.634688,-1.748873,On or near Supermarket,Unable to prosecute suspect,west-yorkshire,KDT_HUD
107033999,shoplifting,2022-12,53.634688,-1.748873,On or near ,Investigation complete; no suspect identified,west-yorkshire,KDT_HUD
107069498,shoplifting,2022-12,53.646159,-1.779032,On or near ,Investigation complete; no suspect identified,west-yorkshire,KDT_HUD
107055474,shoplifting,2022-12,53.647097,-1.774123,On or near ,Investigation complete; no suspect identified,west-yorkshire,KDT_HUD
107065698,shoplifting,2022-12,53.645725,-1.759645,On or near ,Investigation complete; no suspect identified,west-yorkshire,KDT_HUD
107063906,shoplifting,2022-12,53.652428,-1.779405,On or near Great Northern Street,Court result unavailable,west-yorkshire,KDT_HUD
107048406,shoplifting,2022-12,53.645802,-1.778532,On or near ,Investigation complete; no suspect identified,west-yorkshire,KDT_HUD
107034299,shoplifting,2022-12,53.653350,-1.778090,On or near ,Investigation complete; no suspect identified,west-yorkshire,KDT_HUD
107050606,shoplifting,2022-12,53.645499,-1.784630,On or near Market Street,Investigation complete; no suspect identified,west-yorkshire,KDT_HUD
107048408,shoplifting,2022-12,53.645802,-1.778532,On or near ,Investigation complete; no suspect identified,west-yorkshire,KDT_HUD
107032038,shoplifting,2022-12,53.644098,-1.780704,On or near ,Investigation complete; no suspect identified,west-yorkshire,KDT_HUD
107041353,shoplifting,2022-12,53.650294,-1.782442,On or near ,Investigation complete; no suspect identified,west-yorkshire,KDT_HUD
107054013,shoplifting,2022-12,53.646159,-1.779032,On or near ,Investigation complete; no suspect identified,west-yorkshire,KDT_HUD
107055343,shoplifting,2022-12,53.656749,-1.768473,On or near Bradley Mills Lane,Investigation complete; no suspect identified,west-yorkshire,KDT_HUD
107053747,shoplifting,2022-12,53.645499,-1.784630,On or near Market Street,Investigation complete; no suspect identified,west-yorkshire,KDT_HUD
107053054,shoplifting,2022-12,53.645802,-1.778532,On or near ,Court result unavailable,west-yorkshire,KDT_HUD
107052443,shoplifting,2022-12,53.645886,-1.785218,On or near ,Court result unavailable,west-yorkshire,KDT_HUD
107058170,shoplifting,2022-12,53.653350,-1.778090,On or near ,Unable to prosecute suspect,west-yorkshire,KDT_HUD
107063289,shoplifting,2022-12,53.634688,-1.748873,On or near Supermarket,Unable to prosecute suspect,west-yorkshire,KDT_HUD
107050384,shoplifting,2022-12,53.634688,-1.748873,On or near ,Investigation complete; no suspect identified,west-yorkshire,KDT_HUD
107052182,shoplifting,2022-12,53.646556,-1.777580,On or near ,Court result unavailable,west-yorkshire,KDT_HUD
107048419,shoplifting,2022-12,53.645802,-1.778532,On or near ,Investigation complete; no suspect identified,west-yorkshire,KDT_HUD
107063313,shoplifting,2022-12,53.634688,-1.748873,On or near Supermarket,Local resolution,west-yorkshire,KDT_HUD
107065694,shoplifting,2022-12,53.645725,-1.759645,On or near ,Investigation complete; no suspect identified,west-yorkshire,KDT_HUD
107050639,shoplifting,2022-12,53.643853,-1.784048,On or near ,Investigation complete; no suspect identified,west-yorkshire,KDT_HUD
107052410,shoplifting,2022-12,53.645886,-1.785218,On or near ,Court result unavailable,west-yorkshire,KDT_HUD
107061653,shoplifting,2022-12,53.645940,-1.785308,On or near ,Court result unavailable,west-yorkshire,KDT_HUD
107053780,shoplifting,2022-12,53.645499,-1.784630,On or near Market Street,Investigation complete; no suspect identified,west-yorkshire,KDT_HUD
107056537,shoplifting,2022-12,53.653350,-1.778090,On or near ,Investigation complete; no suspect identified,west-yorkshire,KDT_HUD
107055936,shoplifting,2022-12,53.646556,-1.777580,On or near ,Court result unavailable,west-yorkshire,KDT_HUD
107050009,shoplifting,2022-12,53.643853,-1.784048,On or near ,Investigation complete; no suspect identified,west-yorkshire,KDT_HUD
107033819,shoplifting,2022-12,53.646159,-1.779032,On or near ,Investigation complete; no suspect identified,west-yorkshire,KDT_HUD
107052049,shoplifting,2022-12,53.647097,-1.774123,On or near ,Unable to prosecute suspect,west-yorkshire,KDT_HUD
107033993,shoplifting,2022-12,53.634688,-1.748873,On or near ,Investigation complete; no suspect identified,west-yorkshire,KDT_HUD
107054157,shoplifting,2022-12,53.645176,-1.775555,On or near Aspley Place,Court result unavailable,west-yorkshire,KDT_HUD
107053042,shoplifting,2022-12,53.645802,-1.778532,On or near ,Court result unavailable,west-yorkshire,KDT_HUD
107055319,shoplifting,2022-12,53.656749,-1.768473,On or near Bradley Mills Lane,Investigation complete; no suspect identified,west-yorkshire,KDT_HUD
107052045,shoplifting,2022-12,53.645886,-1.785218,On or near ,Local resolution,west-yorkshire,KDT_HUD
107056553,shoplifting,2022-12,53.634688,-1.748873,On or near ,Further action is not in the public interest,west-yorkshire,KDT_HUD
107047272,shoplifting,2022-12,53.642562,-1.769082,On or near ,Unable to prosecute suspect,west-yorkshire,KDT_HUD
107051870,shoplifting,2022-12,53.643853,-1.784048,On or near ,Unable to prosecute suspect,west-yorkshire,KDT_HUD
107054822,shoplifting,2022-12,53.650294,-1.782442,On or near ,Status update unavailable,west-yorkshire,KDT_HUD
107054809,shoplifting,2022-12,53.650294,-1.782442,On or near ,Status update unavailable,west-yorkshire,KDT_HUD
107052394,shoplifting,2022-12,53.643260,-1.784339,On or near ,Unable to prosecute suspect,west-yorkshire,KDT_HUD
107054805,shoplifting,2022-12,53.644390,-1.783138,On or near Ramsden Street,Court result unavailable,west-yorkshire,KDT_HUD
107039075,shoplifting,2022-12,53.642489,-1.785311,On or near ,Investigation complete; no suspect identified,west-yorkshire,KDT_HUD
107039349,shoplifting,2022-12,53.656749,-1.768473,On or near Bradley Mills Lane,Investigation complete; no suspect identified,west-yorkshire,KDT_HUD
107039424,shoplifting,2022-12,53.646201,-1.780663,On or near Cross Church Street,Investigation complete; no suspect identified,west-yorkshire,KDT_HUD
107061561,shoplifting,2022-12,53.645886,-1.785218,On or near ,Investigation complete; no suspect identified,west-yorkshire,KDT_HUD
107054144,shoplifting,2022-12,53.634688,-1.748873,On or near ,Court result unavailable,west-yorkshire,KDT_HUD
107053036,shoplifting,2022-12,53.647097,-1.774123,On or near ,Court result unavailable,west-yorkshire,KDT_HUD
107055977,shoplifting,2022-12,53.656749,-1.768473,On or near Bradley Mills Lane,Court result unavailable,west-yorkshire,KDT_HUD
107032509,theft-from-the-person,2022-12,53.646201,-1.780663,On or near Cross Church Street,Investigation complete; no suspect identified,west-yorkshire,KDT_HUD
107045735,theft-from-the-person,2022-12,53.646644,-1.782083,On or near Market Place,Investigation complete; no suspect identified,west-yorkshire,KDT_HUD
107054027,theft-from-the-person,2022-12,53.645340,-1.786642,On or near ,Investigation complete; no suspect identified,west-yorkshire,KDT_HUD
107033930,theft-from-the-person,2022-12,53.643853,-1.784048,On or near ,Investigation complete; no suspect identified,west-yorkshire,KDT_HUD
107050426,theft-from-the-person,2022-12,53.647160,-1.783095,On or near ,Status update unavailable,west-yorkshire,KDT_HUD
107046123,theft-from-the-person,2022-12,53.648534,-1.782965,On or near John William Street,Investigation complete; no suspect identified,west-yorkshire,KDT_HUD
107037201,theft-from-the-person,2022-12,53.633401,-1.774998,On or near Ashenhurst Road,Investigation complete; no suspect identified,west-yorkshire,KDT_HUD
107037697,theft-from-the-person,2022-12,53.651071,-1.784753,On or near ,Investigation complete; no suspect identified,west-yorkshire,KDT_HUD
107040319,theft-from-the-person,2022-12,53.643853,-1.784048,On or near ,Investigation complete; no suspect identified,west-yorkshire,KDT_HUD
107045563,theft-from-the-person,2022-12,53.645340,-1.786642,On or near ,Investigation complete; no suspect identified,west-yorkshire,KDT_HUD
107038999,theft-from-the-person,2022-12,53.646159,-1.779032,On or near ,Investigation complete; no suspect identified,west-yorkshire,KDT_HUD
107065702,theft-from-the-person,2022-12,53.644814,-1.779036,On or near Zetland Street,Investigation complete; no suspect identified,west-yorkshire,KDT_HUD
107068492,theft-from-the-person,2022-12,53.646201,-1.780663,On or near Cross Church Street,Investigation complete; no suspect identified,west-yorkshire,KDT_HUD
107042037,theft-from-the-person,2022-12,53.646644,-1.782083,On or near Market Place,Investigation complete; no suspect identified,west-yorkshire,KDT_HUD
107049760,vehicle-crime,2022-12,53.654370,-1.774690,On or near Thistle Street,Investigation complete; no suspect identified,west-yorkshire,KDT_HUD
107067739,vehicle-crime,2022-12,53.645575,-1.762968,On or near Batley Street,Investigation complete; no suspect identified,west-yorkshire,KDT_HUD
107061565,vehicle-crime,2022-12,53.647097,-1.774123,On or near ,Investigation complete; no suspect identified,west-yorkshire,KDT_HUD
107068922,vehicle-crime,2022-12,53.655170,-1.760856,On or near Brown Royd Avenue,Investigation complete; no suspect identified,west-yorkshire,KDT_HUD
107054192,vehicle-crime,2022-12,53.643761,-1.785590,On or near ,Investigation complete; no suspect identified,west-yorkshire,KDT_HUD
107063578,vehicle-crime,2022-12,53.646330,-1.745869,On or near Rowlands Avenue,Investigation complete; no suspect identified,west-yorkshire,KDT_HUD
107061557,vehicle-crime,2022-12,53.647004,-1.772354,On or near Lincoln Street,Unable to prosecute suspect,west-yorkshire,KDT_HUD
107032063,vehicle-crime,2022-12,53.649540,-1.778028,On or near ,Investigation complete; no suspect identified,west-yorkshire,KDT_HUD
107065635,vehicle-crime,2022-12,53.646556,-1.777580,On or near ,Investigation complete; no suspect identified,west-yorkshire,KDT_HUD
107068176,vehicle-crime,2022-12,53.643899,-1.775184,On or near Sand Street,Investigation complete; no suspect identified,west-yorkshire,KDT_HUD
107068668,vehicle-crime,2022-12,53.645802,-1.778532,On or near ,Investigation complete; no suspect identified,west-yorkshire,KDT_HUD
107051815,violent-crime,2022-12,53.633799,-1.771517,On or near Longley Court,Court result unavailable,west-yorkshire,KDT_HUD
107051717,violent-crime,2022-12,53.636029,-1.767724,On or near Oaken Bank Crescent,Unable to prosecute suspect,west-yorkshire,KDT_HUD
107050018,violent-crime,2022-12,53.647525,-1.782018,On or near Church Street,Unable to prosecute suspect,west-yorkshire,KDT_HUD
107044030,violent-crime,2022-12,53.646201,-1.780663,On or near Cross Church Street,Unable to prosecute suspect,west-yorkshire,KDT_HUD
107049648,violent-crime,2022-12,53.646954,-1.779403,On or near ,Investigation complete; no suspect identified,west-yorkshire,KDT_HUD
107044459,violent-crime,2022-12,53.642558,-1.773996,On or near Carforth Street,Unable to prosecute suspect,west-yorkshire,KDT_HUD
107044556,violent-crime,2022-12,53.646201,-1.780663,On or near Cross Church Street,Investigation complete; no suspect identified,west-yorkshire,KDT_HUD
107047214,violent-crime,2022-12,53.637966,-1.779344,On or near Riley Street,Investigation complete; no suspect identified,west-yorkshire,KDT_HUD
107056488,violent-crime,2022-12,53.646954,-1.779403,On or near ,Unable to prosecute suspect,west-yorkshire,KDT_HUD
107063171,violent-crime,2022-12,53.634497,-1.751944,On or near High Close,Unable to prosecute suspect,west-yorkshire,KDT_HUD
107063617,violent-crime,2022-12,53.645499,-1.784630,On or near Market Street,Offender given a caution,west-yorkshire,KDT_HUD
107045022,violent-crime,2022-12,53.636623,-1.750026,On or near Lancaster Crescent,Investigation complete; no suspect identified,west-yorkshire,KDT_HUD
107045162,violent-crime,2022-12,53.646457,-1.759438,On or near Standiforth Road,Unable to prosecute suspect,west-yorkshire,KDT_HUD
107045271,violent-crime,2022-12,53.655722,-1.772231,On or near Town Terrace,Unable to prosecute suspect,west-yorkshire,KDT_HUD
107063456,violent-crime,2022-12,53.634497,-1.751944,On or near High Close,Unable to prosecute suspect,west-yorkshire,KDT_HUD
107045343,violent-crime,2022-12,53.637198,-1.749917,On or near De Lacy Avenue,Unable to prosecute suspect,west-yorkshire,KDT_HUD
107033745,violent-crime,2022-12,53.638099,-1.747664,On or near ,Investigation complete; no suspect identified,west-yorkshire,KDT_HUD
107034053,violent-crime,2022-12,53.645886,-1.785218,On or near ,Unable to prosecute suspect,west-yorkshire,KDT_HUD
107063588,violent-crime,2022-12,53.634531,-1.778546,On or near Newsome Road,Court result unavailable,west-yorkshire,KDT_HUD
107065285,violent-crime,2022-12,53.646644,-1.782083,On or near Market Place,Unable to prosecute suspect,west-yorkshire,KDT_HUD
107034318,violent-crime,2022-12,53.642459,-1.769519,On or near Mulberry Street,Unable to prosecute suspect,west-yorkshire,KDT_HUD
107034349,violent-crime,2022-12,53.656158,-1.774514,On or near Galloway Street,Investigation complete; no suspect identified,west-yorkshire,KDT_HUD
107034372,violent-crime,2022-12,53.647373,-1.783114,On or near ,Investigation complete; no suspect identified,west-yorkshire,KDT_HUD
107043548,violent-crime,2022-12,53.629832,-1.770314,On or near Fanny Moor Crescent,Unable to prosecute suspect,west-yorkshire,KDT_HUD
107034623,violent-crime,2022-12,53.653760,-1.780609,On or near Lower Viaduct Street,Unable to prosecute suspect,west-yorkshire,KDT_HUD
107065847,violent-crime,2022-12,53.649852,-1.781249,On or near ,Investigation complete; no suspect identified,west-yorkshire,KDT_HUD
107052945,violent-crime,2022-12,53.646998,-1.751553,On or near Eton Avenue,Unable to prosecute suspect,west-yorkshire,KDT_HUD
107052943,violent-crime,2022-12,53.646998,-1.751553,On or near Eton Avenue,Unable to prosecute suspect,west-yorkshire,KDT_HUD
107035634,violent-crime,2022-12,53.643373,-1.754403,On or near Brian Avenue,Unable to prosecute suspect,west-yorkshire,KDT_HUD
107035658,violent-crime,2022-12,53.648545,-1.784448,On or near Huddersfield,Investigation complete; no suspect identified,west-yorkshire,KDT_HUD
107035803,violent-crime,2022-12,53.641615,-1.743417,On or near Fernside Crescent,Investigation complete; no suspect identified,west-yorkshire,KDT_HUD
107035831,violent-crime,2022-12,53.646201,-1.780663,On or near Cross Church Street,Investigation complete; no suspect identified,west-yorkshire,KDT_HUD
107036028,violent-crime,2022-12,53.639501,-1.783299,On or near Colne Road,Investigation complete; no suspect identified,west-yorkshire,KDT_HUD
107040353,violent-crime,2022-12,53.650776,-1.785329,On or near Bath Street,Unable to prosecute suspect,west-yorkshire,KDT_HUD
107036597,violent-crime,2022-12,53.634151,-1.749875,On or near High Croft Crescent,Unable to prosecute suspect,west-yorkshire,KDT_HUD
107036841,violent-crime,2022-12,53.648068,-1.783709,On or near St George's Square,Unable to prosecute suspect,west-yorkshire,KDT_HUD
107036997,violent-crime,2022-12,53.645499,-1.784630,On or near Market Street,Unable to prosecute suspect,west-yorkshire,KDT_HUD
107037048,violent-crime,2022-12,53.648534,-1.782965,On or near John William Street,Further investigation is not in the public interest,west-yorkshire,KDT_HUD
107068438,violent-crime,2022-12,53.654209,-1.768548,On or near ,Investigation complete; no suspect identified,west-yorkshire,KDT_HUD
107049834,violent-crime,2022-12,53.646644,-1.782083,On or near Market Place,Investigation complete; no suspect identified,west-yorkshire,KDT_HUD
107037799,violent-crime,2022-12,53.643070,-1.746781,On or near Oaklands Drive,Unable to prosecute suspect,west-yorkshire,KDT_HUD
107060882,violent-crime,2022-12,53.644390,-1.783138,On or near Ramsden Street,Unable to prosecute suspect,west-yorkshire,KDT_HUD
107038376,violent-crime,2022-12,53.646954,-1.779403,On or near ,Investigation complete; no suspect identified,west-yorkshire,KDT_HUD
107038858,violent-crime,2022-12,53.629300,-1.769001,On or near New Laithe Close,Unable to prosecute suspect,west-yorkshire,KDT_HUD
107056153,violent-crime,2022-12,53.643267,-1.773796,On or near Colne Street,Court result unavailable,west-yorkshire,KDT_HUD
107039570,violent-crime,2022-12,53.654373,-1.753764,On or near St James Way,Unable to prosecute suspect,west-yorkshire,KDT_HUD
107039651,violent-crime,2022-12,53.641716,-1.785436,On or near Dale Street,Unable to prosecute suspect,west-yorkshire,KDT_HUD
107053446,violent-crime,2022-12,53.646201,-1.780663,On or near Cross Church Street,Investigation complete; no suspect identified,west-yorkshire,KDT_HUD
107039957,violent-crime,2022-12,53.646201,-1.780663,On or near Cross Church Street,Investigation complete; no suspect identified,west-yorkshire,KDT_HUD
107040356,violent-crime,2022-12,53.643720,-1.780524,On or near Queensgate,Unable to prosecute suspect,west-yorkshire,KDT_HUD
107064999,violent-crime,2022-12,53.646954,-1.779403,On or near ,Unable to prosecute suspect,west-yorkshire,KDT_HUD
107049999,violent-crime,2022-12,53.644390,-1.783138,On or near Ramsden Street,Unable to prosecute suspect,west-yorkshire,KDT_HUD
107049415,violent-crime,2022-12,53.641615,-1.743417,On or near Fernside Crescent,Unable to prosecute suspect,west-yorkshire,KDT_HUD
107046109,violent-crime,2022-12,53.654942,-1.777773,On or near Diamond Street,Unable to prosecute suspect,west-yorkshire,KDT_HUD
107046139,violent-crime,2022-12,53.649905,-1.744744,On or near Lees Close,Investigation complete; no suspect identified,west-yorkshire,KDT_HUD
107046386,violent-crime,2022-12,53.645499,-1.784630,On or near Market Street,Unable to prosecute suspect,west-yorkshire,KDT_HUD
107046548,violent-crime,2022-12,53.648545,-1.784448,On or near Huddersfield,Unable to prosecute suspect,west-yorkshire,KDT_HUD
107055461,violent-crime,2022-12,53.646201,-1.780663,On or near Cross Church Street,Local resolution,west-yorkshire,KDT_HUD
107048342,violent-crime,2022-12,53.643373,-1.754403,On or near Brian Avenue,Unable to prosecute suspect,west-yorkshire,KDT_HUD
107061168,violent-crime,2022-12,53.649930,-1.780008,On or near Union Street,Court result unavailable,west-yorkshire,KDT_HUD
107051075,violent-crime,2022-12,53.648123,-1.779412,On or near Tomlinson's Yard,Unable to prosecute suspect,west-yorkshire,KDT_HUD
107048879,violent-crime,2022-12,53.642558,-1.773996,On or near Carforth Street,Unable to prosecute suspect,west-yorkshire,KDT_HUD
107049331,violent-crime,2022-12,53.651122,-1.754994,On or near Ridgeway,Unable to prosecute suspect,west-yorkshire,KDT_HUD
107056398,violent-crime,2022-12,53.645499,-1.784630,On or near Market Street,Court result unavailable,west-yorkshire,KDT_HUD
107058907,violent-crime,2022-12,53.636623,-1.750026,On or near Lancaster Crescent,Unable to prosecute suspect,west-yorkshire,KDT_HUD
107049734,violent-crime,2022-12,53.643267,-1.773796,On or near Colne Street,Investigation complete; no suspect identified,west-yorkshire,KDT_HUD
107051324,violent-crime,2022-12,53.649473,-1.780797,On or near Friendly Street,Unable to prosecute suspect,west-yorkshire,KDT_HUD
107050002,violent-crime,2022-12,53.646531,-1.784019,On or near Brooks Yard,Investigation complete; no suspect identified,west-yorkshire,KDT_HUD
107055040,violent-crime,2022-12,53.643267,-1.773796,On or near Colne Street,Unable to prosecute suspect,west-yorkshire,KDT_HUD
107052419,violent-crime,2022-12,53.649473,-1.780797,On or near Friendly Street,Unable to prosecute suspect,west-yorkshire,KDT_HUD
107052598,violent-crime,2022-12,53.635463,-1.745436,On or near Farfield Road,Unable to prosecute suspect,west-yorkshire,KDT_HUD
107058600,violent-crime,2022-12,53.648068,-1.755949,On or near Dyson Street,Unable to prosecute suspect,west-yorkshire,KDT_HUD
107056930,violent-crime,2022-12,53.641716,-1.785436,On or near Dale Street,Action to be taken by another organisation,west-yorkshire,KDT_HUD
107056801,violent-crime,2022-12,53.632382,-1.773521,On or near Ashenhurst Avenue,Court result unavailable,west-yorkshire,KDT_HUD
107034996,violent-crime,2022-12,53.633928,-1.750950,On or near Highlands Avenue,Unable to prosecute suspect,west-yorkshire,KDT_HUD
107050754,violent-crime,2022-12,53.648123,-1.779412,On or near Tomlinson's Yard,Status update unavailable,west-yorkshire,KDT_HUD
107050153,violent-crime,2022-12,53.646954,-1.779403,On or near ,Unable to prosecute suspect,west-yorkshire,KDT_HUD
107060108,violent-crime,2022-12,53.641615,-1.743417,On or near Fernside Crescent,Investigation complete; no suspect identified,west-yorkshire,KDT_HUD
107065740,violent-crime,2022-12,53.641716,-1.785436,On or near Dale Street,Investigation complete; no suspect identified,west-yorkshire,KDT_HUD
107049771,violent-crime,2022-12,53.648545,-1.784448,On or near Huddersfield,Court result unavailable,west-yorkshire,KDT_HUD
107049564,violent-crime,2022-12,53.649855,-1.746272,On or near Tolson Crescent,Investigation complete; no suspect identified,west-yorkshire,KDT_HUD
107049654,violent-crime,2022-12,53.634706,-1.776322,On or near Worcester Grove,Investigation complete; no suspect identified,west-yorkshire,KDT_HUD
107057336,violent-crime,2022-12,53.648545,-1.784448,On or near Huddersfield,Court result unavailable,west-yorkshire,KDT_HUD
107049524,violent-crime,2022-12,53.652862,-1.757389,On or near Rawthorpe Lane,Court result unavailable,west-yorkshire,KDT_HUD
107049786,violent-crime,2022-12,53.648545,-1.784448,On or near Huddersfield,Court result unavailable,west-yorkshire,KDT_HUD
107049210,violent-crime,2022-12,53.647964,-1.753272,On or near Walton Croft,Unable to prosecute suspect,west-yorkshire,KDT_HUD
107048464,violent-crime,2022-12,53.641716,-1.785436,On or near Dale Street,Action to be taken by another organisation,west-yorkshire,KDT_HUD
107048349,violent-crime,2022-12,53.648333,-1.745041,On or near Myers Croft,Unable to prosecute suspect,west-yorkshire,KDT_HUD
107057156,violent-crime,2022-12,53.646998,-1.751553,On or near Eton Avenue,Investigation complete; no suspect identified,west-yorkshire,KDT_HUD
107053633,violent-crime,2022-12,53.634151,-1.749875,On or near High Croft Crescent,Unable to prosecute suspect,west-yorkshire,KDT_HUD
107048540,violent-crime,2022-12,53.648333,-1.745041,On or near Myers Croft,Unable to prosecute suspect,west-yorkshire,KDT_HUD
107055766,violent-crime,2022-12,53.651122,-1.754994,On or near Ridgeway,Court result unavailable,west-yorkshire,KDT_HUD
107058559,violent-crime,2022-12,53.644390,-1.783138,On or near Ramsden Street,Unable to prosecute suspect,west-yorkshire,KDT_HUD
107060092,violent-crime,2022-12,53.641615,-1.743417,On or near Fernside Crescent,Unable to prosecute suspect,west-yorkshire,KDT_HUD
107047440,violent-crime,2022-12,53.646656,-1.778800,On or near Oldgate,Unable to prosecute suspect,west-yorkshire,KDT_HUD
107047341,violent-crime,2022-12,53.644795,-1.746559,On or near Green Lea Road,Investigation complete; no suspect identified,west-yorkshire,KDT_HUD
107047022,violent-crime,2022-12,53.651071,-1.784753,On or near ,Investigation complete; no suspect identified,west-yorkshire,KDT_HUD
107060113,violent-crime,2022-12,53.641615,-1.743417,On or near Fernside Crescent,Unable to prosecute suspect,west-yorkshire,KDT_HUD
107046593,violent-crime,2022-12,53.648545,-1.784448,On or near Huddersfield,Unable to prosecute suspect,west-yorkshire,KDT_HUD
107046537,violent-crime,2022-12,53.645499,-1.784630,On or near Market Street,Unable to prosecute suspect,west-yorkshire,KDT_HUD
107046423,violent-crime,2022-12,53.641615,-1.743417,On or near Fernside Crescent,Status update unavailable,west-yorkshire,KDT_HUD
107046189,violent-crime,2022-12,53.649129,-1.751859,On or near Standiforth Lane,Unable to prosecute suspect,west-yorkshire,KDT_HUD
107046099,violent-crime,2022-12,53.643988,-1.789296,On or near Spring Grove Street,Unable to prosecute suspect,west-yorkshire,KDT_HUD
107046009,violent-crime,2022-12,53.640899,-1.753238,On or near Rosemeade Court,Unable to prosecute suspect,west-yorkshire,KDT_HUD
107045864,violent-crime,2022-12,53.640541,-1.758609,On or near Bancroft Avenue,Investigation complete; no suspect identified,west-yorkshire,KDT_HUD
107055604,violent-crime,2022-12,53.643761,-1.785590,On or near ,Court result unavailable,west-yorkshire,KDT_HUD
107044790,violent-crime,2022-12,53.636029,-1.767724,On or near Oaken Bank Crescent,Unable to prosecute suspect,west-yorkshire,KDT_HUD
107052940,violent-crime,2022-12,53.646998,-1.751553,On or near Eton Avenue,Unable to prosecute suspect,west-yorkshire,KDT_HUD
107050031,violent-crime,2022-12,53.631910,-1.775550,On or near Ashenhurst Rise,Unable to prosecute suspect,west-yorkshire,KDT_HUD
107041981,violent-crime,2022-12,53.651003,-1.762861,On or near Dalton Fold Road,Status update unavailable,west-yorkshire,KDT_HUD
107063799,violent-crime,2022-12,53.634531,-1.778546,On or near Newsome Road,Unable to prosecute suspect,west-yorkshire,KDT_HUD
107060369,violent-crime,2022-12,53.653046,-1.764091,On or near Edge Hill Close,Unable to prosecute suspect,west-yorkshire,KDT_HUD
107046353,violent-crime,2022-12,53.655722,-1.772231,On or near Town Terrace,Unable to prosecute suspect,west-yorkshire,KDT_HUD
107055622,violent-crime,2022-12,53.646954,-1.779403,On or near ,Unable to prosecute suspect,west-yorkshire,KDT_HUD
107055615,violent-crime,2022-12,53.643761,-1.785590,On or near ,Court result unavailable,west-yorkshire,KDT_HUD
107046141,violent-crime,2022-12,53.645340,-1.786642,On or near ,Investigation complete; no suspect identified,west-yorkshire,KDT_HUD
107055456,violent-crime,2022-12,53.644814,-1.779036,On or near Zetland Street,Investigation complete; no suspect identified,west-yorkshire,KDT_HUD
107055167,violent-crime,2022-12,53.646717,-1.750360,On or near Marlow Close,Unable to prosecute suspect,west-yorkshire,KDT_HUD
107055138,violent-crime,2022-12,53.644760,-1.759962,On or near Green Mount Close,Court result unavailable,west-yorkshire,KDT_HUD
107055071,violent-crime,2022-12,53.645585,-1.763920,On or near Leef Street,Unable to prosecute suspect,west-yorkshire,KDT_HUD
107054784,violent-crime,2022-12,53.649129,-1.751859,On or near Standiforth Lane,Unable to prosecute suspect,west-yorkshire,KDT_HUD
107054755,violent-crime,2022-12,53.633295,-1.776405,On or near Tunnacliffe Road,Offender given a caution,west-yorkshire,KDT_HUD
107055014,violent-crime,2022-12,53.653350,-1.778090,On or near ,Investigation complete; no suspect identified,west-yorkshire,KDT_HUD
107063077,violent-crime,2022-12,53.646954,-1.779403,On or near ,Investigation complete; no suspect identified,west-yorkshire,KDT_HUD
107054518,violent-crime,2022-12,53.636312,-1.784480,On or near Primrose Hill Road,Unable to prosecute suspect,west-yorkshire,KDT_HUD
107054123,violent-crime,2022-12,53.653046,-1.764091,On or near Edge Hill Close,Unable to prosecute suspect,west-yorkshire,KDT_HUD
107054001,violent-crime,2022-12,53.646717,-1.750360,On or near Marlow Close,Unable to prosecute suspect,west-yorkshire,KDT_HUD
107053862,violent-crime,2022-12,53.636642,-1.783041,On or near Greenwood Street,Unable to prosecute suspect,west-yorkshire,KDT_HUD
107053950,violent-crime,2022-12,53.643267,-1.773796,On or near Colne Street,Unable to prosecute suspect,west-yorkshire,KDT_HUD
107053956,violent-crime,2022-12,53.643224,-1.760545,On or near Osborne Street,Unable to prosecute suspect,west-yorkshire,KDT_HUD
107053923,violent-crime,2022-12,53.643224,-1.760545,On or near Osborne Street,Unable to prosecute suspect,west-yorkshire,KDT_HUD
107054170,violent-crime,2022-12,53.656090,-1.771911,On or near Town Place,Unable to prosecute suspect,west-yorkshire,KDT_HUD
107054145,violent-crime,2022-12,53.654373,-1.753764,On or near St James Way,Unable to prosecute suspect,west-yorkshire,KDT_HUD
107053795,violent-crime,2022-12,53.645340,-1.786642,On or near ,Status update unavailable,west-yorkshire,KDT_HUD
107054017,violent-crime,2022-12,53.647373,-1.783114,On or near ,Unable to prosecute suspect,west-yorkshire,KDT_HUD
107053900,violent-crime,2022-12,53.648621,-1.753707,On or near Sunbury Grove,Unable to prosecute suspect,west-yorkshire,KDT_HUD
107053582,violent-crime,2022-12,53.629300,-1.769001,On or near New Laithe Close,Court result unavailable,west-yorkshire,KDT_HUD
107053566,violent-crime,2022-12,53.629300,-1.769001,On or near New Laithe Close,Court result unavailable,west-yorkshire,KDT_HUD
107053568,violent-crime,2022-12,53.629300,-1.769001,On or near New Laithe Close,Court result unavailable,west-yorkshire,KDT_HUD
107053234,violent-crime,2022-12,53.644390,-1.783138,On or near Ramsden Street,Status update unavailable,west-yorkshire,KDT_HUD
107052486,violent-crime,2022-12,53.635314,-1.779207,On or near Stile Common Road,Unable to prosecute suspect,west-yorkshire,KDT_HUD
107052178,violent-crime,2022-12,53.643663,-1.778729,On or near ,Investigation complete; no suspect identified,west-yorkshire,KDT_HUD
107061930,violent-crime,2022-12,53.642459,-1.769519,On or near Mulberry Street,Unable to prosecute suspect,west-yorkshire,KDT_HUD
107051731,violent-crime,2022-12,53.636029,-1.767724,On or near Oaken Bank Crescent,Unable to prosecute suspect,west-yorkshire,KDT_HUD
107039566,violent-crime,2022-12,53.646201,-1.780663,On or near Cross Church Street,Offender given a caution,west-yorkshire,KDT_HUD
107060962,violent-crime,2022-12,53.644390,-1.783138,On or near Ramsden Street,Unable to prosecute suspect,west-yorkshire,KDT_HUD
107036609,violent-crime,2022-12,53.643224,-1.760545,On or near Osborne Street,Unable to prosecute suspect,west-yorkshire,KDT_HUD
107035826,violent-crime,2022-12,53.642742,-1.740703,On or near Greenside Avenue,Unable to prosecute suspect,west-yorkshire,KDT_HUD
107056905,violent-crime,2022-12,53.632382,-1.773521,On or near Ashenhurst Avenue,Court result unavailable,west-yorkshire,KDT_HUD
107056306,violent-crime,2022-12,53.629832,-1.770314,On or near Fanny Moor Crescent,Unable to prosecute suspect,west-yorkshire,KDT_HUD
107056291,violent-crime,2022-12,53.640110,-1.745408,On or near Fernside Avenue,Unable to prosecute suspect,west-yorkshire,KDT_HUD
107055958,violent-crime,2022-12,53.656749,-1.768473,On or near Bradley Mills Lane,Unable to prosecute suspect,west-yorkshire,KDT_HUD
107055612,violent-crime,2022-12,53.646954,-1.779403,On or near ,Unable to prosecute suspect,west-yorkshire,KDT_HUD
107049547,violent-crime,2022-12,53.646531,-1.784019,On or near Brooks Yard,Investigation complete; no suspect identified,west-yorkshire,KDT_HUD
107032514,violent-crime,2022-12,53.646571,-1.786455,On or near Henry Street,Investigation complete; no suspect identified,west-yorkshire,KDT_HUD
107032611,violent-crime,2022-12,53.637198,-1.749917,On or near De Lacy Avenue,Unable to prosecute suspect,west-yorkshire,KDT_HUD
107052703,violent-crime,2022-12,53.637198,-1.749917,On or near De Lacy Avenue,Unable to prosecute suspect,west-yorkshire,KDT_HUD
107052440,violent-crime,2022-12,53.646201,-1.780663,On or near Cross Church Street,Unable to prosecute suspect,west-yorkshire,KDT_HUD
107033121,violent-crime,2022-12,53.646998,-1.751553,On or near Eton Avenue,Unable to prosecute suspect,west-yorkshire,KDT_HUD
107052079,violent-crime,2022-12,53.636126,-1.767396,On or near ,Unable to prosecute suspect,west-yorkshire,KDT_HUD
107033453,violent-crime,2022-12,53.650776,-1.785329,On or near Bath Street,Unable to prosecute suspect,west-yorkshire,KDT_HUD
107033537,violent-crime,2022-12,53.646571,-1.786455,On or near Henry Street,Investigation complete; no suspect identified,west-yorkshire,KDT_HUD
107060014,violent-crime,2022-12,53.646542,-1.785048,On or near Sergeantson Street,Unable to prosecute suspect,west-yorkshire,KDT_HUD
107059993,violent-crime,2022-12,53.641615,-1.743417,On or near Fernside Crescent,Unable to prosecute suspect,west-yorkshire,KDT_HUD
107069270,violent-crime,2022-12,53.652894,-1.755316,On or near North Carr,Unable to prosecute suspect,west-yorkshire,KDT_HUD
107059874,violent-crime,2022-12,53.629300,-1.769001,On or near New Laithe Close,Court result unavailable,west-yorkshire,KDT_HUD
107060111,violent-crime,2022-12,53.643761,-1.785590,On or near ,Court result unavailable,west-yorkshire,KDT_HUD
107060102,violent-crime,2022-12,53.641615,-1.743417,On or near Fernside Crescent,Unable to prosecute suspect,west-yorkshire,KDT_HUD
107060080,violent-crime,2022-12,53.641615,-1.743417,On or near Fernside Crescent,Status update unavailable,west-yorkshire,KDT_HUD
107056474,violent-crime,2022-12,53.650116,-1.759705,On or near Longfield Avenue,Unable to prosecute suspect,west-yorkshire,KDT_HUD
107057250,violent-crime,2022-12,53.643761,-1.785590,On or near ,Court result unavailable,west-yorkshire,KDT_HUD
107058807,violent-crime,2022-12,53.650465,-1.745890,On or near The Grange,Action to be taken by another organisation,west-yorkshire,KDT_HUD
107058452,violent-crime,2022-12,53.648123,-1.779412,On or near Tomlinson's Yard,Unable to prosecute suspect,west-yorkshire,KDT_HUD
107032798,violent-crime,2022-12,53.646457,-1.759438,On or near Standiforth Road,Unable to prosecute suspect,west-yorkshire,KDT_HUD
107053737,violent-crime,2022-12,53.646201,-1.780663,On or near Cross Church Street,Investigation complete; no suspect identified,west-yorkshire,KDT_HUD
107054162,violent-crime,2022-12,53.644644,-1.774378,On or near ,Unable to prosecute suspect,west-yorkshire,KDT_HUD
107054906,violent-crime,2022-12,53.647923,-1.755088,On or near Holly Tree Court,Unable to prosecute suspect,west-yorkshire,KDT_HUD
107054029,violent-crime,2022-12,53.646644,-1.782083,On or near Market Place,Unable to prosecute suspect,west-yorkshire,KDT_HUD
107053887,violent-crime,2022-12,53.648621,-1.753707,On or near Sunbury Grove,Unable to prosecute suspect,west-yorkshire,KDT_HUD
107055070,violent-crime,2022-12,53.645585,-1.763920,On or near Leef Street,Unable to prosecute suspect,west-yorkshire,KDT_HUD
107052055,violent-crime,2022-12,53.636126,-1.767396,On or near ,Unable to prosecute suspect,west-yorkshire,KDT_HUD
107052072,violent-crime,2022-12,53.629300,-1.769001,On or near New Laithe Close,Unable to prosecute suspect,west-yorkshire,KDT_HUD
107051833,violent-crime,2022-12,53.641966,-1.751901,On or near Hallas Grove,Unable to prosecute suspect,west-yorkshire,KDT_HUD
107035444,violent-crime,2022-12,53.653760,-1.780609,On or near Lower Viaduct Street,Unable to prosecute suspect,west-yorkshire,KDT_HUD
107051114,violent-crime,2022-12,53.653669,-1.752135,On or near Cross Fields,Unable to prosecute suspect,west-yorkshire,KDT_HUD
107051346,violent-crime,2022-12,53.643609,-1.788542,On or near ,Unable to prosecute suspect,west-yorkshire,KDT_HUD
107037028,violent-crime,2022-12,53.648534,-1.782965,On or near John William Street,Further investigation is not in the public interest,west-yorkshire,KDT_HUD
107051176,violent-crime,2022-12,53.646201,-1.780663,On or near Cross Church Street,Investigation complete; no suspect identified,west-yorkshire,KDT_HUD
107055874,violent-crime,2022-12,53.643586,-1.757518,On or near Belton Street,Court result unavailable,west-yorkshire,KDT_HUD
107062587,violent-crime,2022-12,53.646201,-1.780663,On or near Cross Church Street,Court result unavailable,west-yorkshire,KDT_HUD
107056011,violent-crime,2022-12,53.656402,-1.757051,On or near Nether Crescent,Unable to prosecute suspect,west-yorkshire,KDT_HUD
107056046,violent-crime,2022-12,53.643761,-1.785590,On or near ,Court result unavailable,west-yorkshire,KDT_HUD
107055743,violent-crime,2022-12,53.629300,-1.769001,On or near New Laithe Close,Unable to prosecute suspect,west-yorkshire,KDT_HUD
107061491,violent-crime,2022-12,53.648545,-1.784448,On or near Huddersfield,Unable to prosecute suspect,west-yorkshire,KDT_HUD
107061434,violent-crime,2022-12,53.646954,-1.779403,On or near ,Investigation complete; no suspect identified,west-yorkshire,KDT_HUD
107056317,violent-crime,2022-12,53.645102,-1.760641,On or near Green Mount,Unable to prosecute suspect,west-yorkshire,KDT_HUD
107056364,violent-crime,2022-12,53.645102,-1.760641,On or near Green Mount,Unable to prosecute suspect,west-yorkshire,KDT_HUD
107061417,violent-crime,2022-12,53.648123,-1.779412,On or near Tomlinson's Yard,Unable to prosecute suspect,west-yorkshire,KDT_HUD
107061415,violent-crime,2022-12,53.633313,-1.771157,On or near Wood Lane,Investigation complete; no suspect identified,west-yorkshire,KDT_HUD
107056556,violent-crime,2022-12,53.653046,-1.764091,On or near Edge Hill Close,Unable to prosecute suspect,west-yorkshire,KDT_HUD
107061149,violent-crime,2022-12,53.646457,-1.759438,On or near Standiforth Road,Unable to prosecute suspect,west-yorkshire,KDT_HUD
107068490,violent-crime,2022-12,53.639187,-1.759903,On or near Somerset Road,Investigation complete; no suspect identified,west-yorkshire,KDT_HUD
107061158,violent-crime,2022-12,53.638693,-1.751481,On or near Tinderley Grove,Court result unavailable,west-yorkshire,KDT_HUD
107060870,violent-crime,2022-12,53.646201,-1.780663,On or near Cross Church Street,Unable to prosecute suspect,west-yorkshire,KDT_HUD
107060868,violent-crime,2022-12,53.643761,-1.785590,On or near ,Court result unavailable,west-yorkshire,KDT_HUD
107060844,violent-crime,2022-12,53.643267,-1.773796,On or near Colne Street,Local resolution,west-yorkshire,KDT_HUD
107055447,violent-crime,2022-12,53.646644,-1.782083,On or near Market Place,Unable to prosecute suspect,west-yorkshire,KDT_HUD
107069064,violent-crime,2022-12,53.645340,-1.786642,On or near ,Status update unavailable,west-yorkshire,KDT_HUD
107055937,violent-crime,2022-12,53.646998,-1.751553,On or near Eton Avenue,Unable to prosecute suspect,west-yorkshire,KDT_HUD
107068897,violent-crime,2022-12,53.634135,-1.764166,On or near Hey Lane,Unable to prosecute suspect,west-yorkshire,KDT_HUD
107060478,violent-crime,2022-12,53.653046,-1.764091,On or near Edge Hill Close,Unable to prosecute suspect,west-yorkshire,KDT_HUD
107060045,violent-crime,2022-12,53.641615,-1.743417,On or near Fernside Crescent,Investigation complete; no suspect identified,west-yorkshire,KDT_HUD
107053305,other-crime,2022-12,53.647004,-1.772354,On or near Lincoln Street,Unable to prosecute suspect,west-yorkshire,KDT_HUD
107050349,other-crime,2022-12,53.654942,-1.777773,On or near Diamond Street,Investigation complete; no suspect identified,west-yorkshire,KDT_HUD
107061644,other-crime,2022-12,53.656742,-1.755899,On or near Nether Close,Unable to prosecute suspect,west-yorkshire,KDT_HUD
107039680,other-crime,2022-12,53.646644,-1.782083,On or near Market Place,Court result unavailable,west-yorkshire,KDT_HUD
107035828,other-crime,2022-12,53.643260,-1.784339,On or near ,Status update unavailable,west-yorkshire,KDT_HUD
107052836,other-crime,2022-12,53.651678,-1.782102,On or near Oxford Street,Offender given a caution,west-yorkshire,KDT_HUD
107052845,other-crime,2022-12,53.651678,-1.782102,On or near Oxford Street,Offender given a caution,west-yorkshire,KDT_HUD
107032375,other-crime,2022-12,53.644795,-1.746559,On or near Green Lea Road,Investigation complete; no suspect identified,west-yorkshire,KDT_HUD
107033564,other-crime,2022-12,53.638503,-1.778162,On or near Permain Court,Unable to prosecute suspect,west-yorkshire,KDT_HUD
107032935,other-crime,2022-12,53.636200,-1.781743,On or near Prince Street,Formal action is not in the public interest,west-yorkshire,KDT_HUD
107043981,other-crime,2022-12,53.640541,-1.758609,On or near Bancroft Avenue,Unable to prosecute suspect,west-yorkshire,KDT_HUD
107055351,other-crime,2022-12,53.656749,-1.768473,On or near Bradley Mills Lane,Status update unavailable,west-yorkshire,KDT_HUD
107071362,anti-social-behaviour,2022-12,53.611602,-1.751353,On or near Beech Court,,west-yorkshire,KDT_RUR
107058860,other-theft,2022-12,53.612744,-1.726602,On or near Storthes Hall Lane,Investigation complete; no suspect identified,west-yorkshire,KDT_RUR
107060274,possession-of-weapons,2022-12,53.628721,-1.740955,On or near St Helen's Gate,Further action is not in the public interest,west-yorkshire,KDT_RUR
107051098,public-order,2022-12,53.617871,-1.712646,On or near Hall Lane,Unable to prosecute suspect,west-yorkshire,KDT_RUR
107053413,violent-crime,2022-12,53.613154,-1.713555,On or near Penistone Road,Unable to prosecute suspect,west-yorkshire,KDT_RUR
107071162,anti-social-behaviour,2022-12,53.802493,-1.543579,On or near Merrion Way,,west-yorkshire,LDT_CITY
107071150,anti-social-behaviour,2022-12,53.796834,-1.535886,On or near ,,west-yorkshire,LDT_CITY
107070771,anti-social-behaviour,2022-12,53.796033,-1.541964,On or near Duncan Street,,west-yorkshire,LDT_CITY
107072487,anti-social-behaviour,2022-12,53.797864,-1.545800,On or near ,,west-yorkshire,LDT_CITY
107070763,anti-social-behaviour,2022-12,53.796525,-1.541290,On or near Central Road,,west-yorkshire,LDT_CITY
107070761,anti-social-behaviour,2022-12,53.796834,-1.535886,On or near ,,west-yorkshire,LDT_CITY
107070721,anti-social-behaviour,2022-12,53.802863,-1.541525,On or near Jacob Street,,west-yorkshire,LDT_CITY
107070568,anti-social-behaviour,2022-12,53.798090,-1.534411,On or near ,,west-yorkshire,LDT_CITY
107070473,anti-social-behaviour,2022-12,53.808448,-1.549619,On or near Blenheim Avenue,,west-yorkshire,LDT_CITY
107070396,anti-social-behaviour,2022-12,53.796440,-1.569347,On or near Artist Street,,west-yorkshire,LDT_CITY
107070348,anti-social-behaviour,2022-12,53.796834,-1.535886,On or near ,,west-yorkshire,LDT_CITY
107070346,anti-social-behaviour,2022-12,53.793535,-1.546803,On or near Neville Street,,west-yorkshire,LDT_CITY
107072203,anti-social-behaviour,2022-12,53.799196,-1.537041,On or near Lydia Street,,west-yorkshire,LDT_CITY
107072173,anti-social-behaviour,2022-12,53.787999,-1.546817,On or near Meadow Road,,west-yorkshire,LDT_CITY
107072079,anti-social-behaviour,2022-12,53.788745,-1.542165,On or near Kidacre Street,,west-yorkshire,LDT_CITY
107071959,anti-social-behaviour,2022-12,53.798144,-1.539284,On or near Harewood Street,,west-yorkshire,LDT_CITY
107071944,anti-social-behaviour,2022-12,53.797778,-1.532866,On or near St Cecilia Street,,west-yorkshire,LDT_CITY
107071942,anti-social-behaviour,2022-12,53.798144,-1.539284,On or near Harewood Street,,west-yorkshire,LDT_CITY
107071940,anti-social-behaviour,2022-12,53.801398,-1.534693,On or near Brunswick Court,,west-yorkshire,LDT_CITY
107071933,anti-social-behaviour,2022-12,53.796697,-1.546359,On or near Lower Basinghall Street,,west-yorkshire,LDT_CITY
107071930,anti-social-behaviour,2022-12,53.802493,-1.543579,On or near Merrion Way,,west-yorkshire,LDT_CITY
107071925,anti-social-behaviour,2022-12,53.794244,-1.534818,On or near The Chandlers,,west-yorkshire,LDT_CITY
107071918,anti-social-behaviour,2022-12,53.806157,-1.557205,On or near Cromer Road,,west-yorkshire,LDT_CITY
107071916,anti-social-behaviour,2022-12,53.795991,-1.540218,On or near ,,west-yorkshire,LDT_CITY
107071914,anti-social-behaviour,2022-12,53.800938,-1.543535,On or near ,,west-yorkshire,LDT_CITY
107071906,anti-social-behaviour,2022-12,53.797550,-1.536202,On or near ,,west-yorkshire,LDT_CITY
107072344,anti-social-behaviour,2022-12,53.804714,-1.536858,On or near Lovell Park Mews,,west-yorkshire,LDT_CITY
107072286,anti-social-behaviour,2022-12,53.800938,-1.543535,On or near ,,west-yorkshire,LDT_CITY
107071904,anti-social-behaviour,2022-12,53.796834,-1.535886,On or near ,,west-yorkshire,LDT_CITY
107072150,anti-social-behaviour,2022-12,53.793675,-1.545769,On or near Pitt Row,,west-yorkshire,LDT_CITY
107071783,anti-social-behaviour,2022-12,53.797092,-1.532190,On or near ,,west-yorkshire,LDT_CITY
107071764,anti-social-behaviour,2022-12,53.796834,-1.535886,On or near ,,west-yorkshire,LDT_CITY
107071865,anti-social-behaviour,2022-12,53.795506,-1.528899,On or near The Garth,,west-yorkshire,LDT_CITY
107071858,anti-social-behaviour,2022-12,53.794080,-1.544009,On or near ,,west-yorkshire,LDT_CITY
107071856,anti-social-behaviour,2022-12,53.796278,-1.537756,On or near Harper Street,,west-yorkshire,LDT_CITY
107071854,anti-social-behaviour,2022-12,53.794964,-1.537330,On or near High Court Lane,,west-yorkshire,LDT_CITY
107072517,anti-social-behaviour,2022-12,53.795337,-1.545615,On or near Mill Hill,,west-yorkshire,LDT_CITY
107071848,anti-social-behaviour,2022-12,53.803405,-1.535354,On or near Concord Street,,west-yorkshire,LDT_CITY
107071504,anti-social-behaviour,2022-12,53.800729,-1.535946,On or near Bridge Street,,west-yorkshire,LDT_CITY
107071502,anti-social-behaviour,2022-12,53.794244,-1.534818,On or near The Chandlers,,west-yorkshire,LDT_CITY
107072629,anti-social-behaviour,2022-12,53.801445,-1.551744,On or near ,,west-yorkshire,LDT_CITY
107071498,anti-social-behaviour,2022-12,53.797581,-1.544831,On or near ,,west-yorkshire,LDT_CITY
107072503,anti-social-behaviour,2022-12,53.796033,-1.541964,On or near Duncan Street,,west-yorkshire,LDT_CITY
107071489,anti-social-behaviour,2022-12,53.793701,-1.543052,On or near Concordia Street,,west-yorkshire,LDT_CITY
107071474,anti-social-behaviour,2022-12,53.793701,-1.543052,On or near Concordia Street,,west-yorkshire,LDT_CITY
107071468,anti-social-behaviour,2022-12,53.794979,-1.534339,On or near ,,west-yorkshire,LDT_CITY
107071708,anti-social-behaviour,2022-12,53.798896,-1.543208,On or near ,,west-yorkshire,LDT_CITY
107071706,anti-social-behaviour,2022-12,53.798363,-1.544671,On or near ,,west-yorkshire,LDT_CITY
107072285,anti-social-behaviour,2022-12,53.802493,-1.543579,On or near Merrion Way,,west-yorkshire,LDT_CITY
107071384,anti-social-behaviour,2022-12,53.797550,-1.536202,On or near ,,west-yorkshire,LDT_CITY
107071380,anti-social-behaviour,2022-12,53.797501,-1.549721,On or near Croft's Court,,west-yorkshire,LDT_CITY
107072313,anti-social-behaviour,2022-12,53.793701,-1.543052,On or near Concordia Street,,west-yorkshire,LDT_CITY
107071378,anti-social-behaviour,2022-12,53.798090,-1.534411,On or near ,,west-yorkshire,LDT_CITY
107071376,anti-social-behaviour,2022-12,53.795337,-1.545615,On or near Mill Hill,,west-yorkshire,LDT_CITY
107070454,anti-social-behaviour,2022-12,53.808448,-1.549619,On or near Blenheim Avenue,,west-yorkshire,LDT_CITY
107071936,anti-social-behaviour,2022-12,53.796697,-1.546359,On or near Lower Basinghall Street,,west-yorkshire,LDT_CITY
107071371,anti-social-behaviour,2022-12,53.794694,-1.534874,On or near Cross Maude Street,,west-yorkshire,LDT_CITY
107071348,anti-social-behaviour,2022-12,53.794964,-1.537330,On or near High Court Lane,,west-yorkshire,LDT_CITY
107071339,anti-social-behaviour,2022-12,53.793675,-1.545769,On or near Pitt Row,,west-yorkshire,LDT_CITY
107071276,anti-social-behaviour,2022-12,53.802493,-1.543579,On or near Merrion Way,,west-yorkshire,LDT_CITY
107071261,anti-social-behaviour,2022-12,53.800938,-1.543535,On or near ,,west-yorkshire,LDT_CITY
107071237,anti-social-behaviour,2022-12,53.801811,-1.560819,On or near Hanover Mount,,west-yorkshire,LDT_CITY
107071278,anti-social-behaviour,2022-12,53.798668,-1.561444,On or near West Street,,west-yorkshire,LDT_CITY
107070935,anti-social-behaviour,2022-12,53.804558,-1.564632,On or near Consort View,,west-yorkshire,LDT_CITY
107070926,anti-social-behaviour,2022-12,53.808849,-1.548719,On or near Blenheim Crescent,,west-yorkshire,LDT_CITY
107071756,anti-social-behaviour,2022-12,53.798950,-1.533840,On or near Playhouse Square,,west-yorkshire,LDT_CITY
107065932,bicycle-theft,2022-12,53.801327,-1.561052,On or near Hanover Avenue,Investigation complete; no suspect identified,west-yorkshire,LDT_CITY
107038707,bicycle-theft,2022-12,53.798950,-1.533840,On or near Playhouse Square,Investigation complete; no suspect identified,west-yorkshire,LDT_CITY
107067073,bicycle-theft,2022-12,53.804002,-1.531643,On or near Supermarket,Suspect charged as part of another case,west-yorkshire,LDT_CITY
107039604,bicycle-theft,2022-12,53.801168,-1.549773,On or near Portland Street,Status update unavailable,west-yorkshire,LDT_CITY
107057346,bicycle-theft,2022-12,53.802041,-1.542885,On or near ,Unable to prosecute suspect,west-yorkshire,LDT_CITY
107069957,bicycle-theft,2022-12,53.808831,-1.530055,On or near Enfield Terrace,Investigation complete; no suspect identified,west-yorkshire,LDT_CITY
107066729,bicycle-theft,2022-12,53.798747,-1.553609,On or near Somers Place,Investigation complete; no suspect identified,west-yorkshire,LDT_CITY
107061103,bicycle-theft,2022-12,53.798816,-1.543376,On or near Lands Lane,Investigation complete; no suspect identified,west-yorkshire,LDT_CITY
107033093,bicycle-theft,2022-12,53.807694,-1.558743,On or near ,Investigation complete; no suspect identified,west-yorkshire,LDT_CITY
107051360,bicycle-theft,2022-12,53.804002,-1.531643,On or near Supermarket,Suspect charged as part of another case,west-yorkshire,LDT_CITY
107068636,bicycle-theft,2022-12,53.804368,-1.552138,On or near Willow Terrace Road,Investigation complete; no suspect identified,west-yorkshire,LDT_CITY
107068424,bicycle-theft,2022-12,53.811859,-1.550949,On or near Shay Street,Investigation complete; no suspect identified,west-yorkshire,LDT_CITY
107032612,bicycle-theft,2022-12,53.807382,-1.550632,On or near Blandford Gardens,Investigation complete; no suspect identified,west-yorkshire,LDT_CITY
107059495,bicycle-theft,2022-12,53.807229,-1.541052,On or near Carlton Carr,Unable to prosecute suspect,west-yorkshire,LDT_CITY
107038766,bicycle-theft,2022-12,53.796278,-1.537756,On or near Harper Street,Investigation complete; no suspect identified,west-yorkshire,LDT_CITY
107032151,bicycle-theft,2022-12,53.798747,-1.553609,On or near Somers Place,Investigation complete; no suspect identified,west-yorkshire,LDT_CITY
107057381,bicycle-theft,2022-12,53.799425,-1.545100,On or near The Headrow,Investigation complete; no suspect identified,west-yorkshire,LDT_CITY
107070204,bicycle-theft,2022-12,53.792147,-1.540913,On or near Salem Place,Investigation complete; no suspect identified,west-yorkshire,LDT_CITY
107049641,bicycle-theft,2022-12,53.802041,-1.542885,On or near Parking Area,Suspect charged as part of another case,west-yorkshire,LDT_CITY
107049471,bicycle-theft,2022-12,53.800938,-1.543535,On or near ,Investigation complete; no suspect identified,west-yorkshire,LDT_CITY
107033968,bicycle-theft,2022-12,53.802877,-1.547765,On or near ,Investigation complete; no suspect identified,west-yorkshire,LDT_CITY
107033702,bicycle-theft,2022-12,53.807988,-1.551704,On or near Marlborough Gardens,Investigation complete; no suspect identified,west-yorkshire,LDT_CITY
107032886,bicycle-theft,2022-12,53.807080,-1.549269,On or near Churchill Gardens,Formal action is not in the public interest,west-yorkshire,LDT_CITY
107035524,bicycle-theft,2022-12,53.798870,-1.547991,On or near ,Investigation complete; no suspect identified,west-yorkshire,LDT_CITY
107053443,bicycle-theft,2022-12,53.801662,-1.542449,On or near Wade Lane,Investigation complete; no suspect identified,west-yorkshire,LDT_CITY
107054561,bicycle-theft,2022-12,53.802041,-1.542885,On or near ,Investigation complete; no suspect identified,west-yorkshire,LDT_CITY
107049605,bicycle-theft,2022-12,53.801445,-1.551744,On or near ,Investigation complete; no suspect identified,west-yorkshire,LDT_CITY
107069282,bicycle-theft,2022-12,53.802954,-1.525718,On or near Lindsey Court,Investigation complete; no suspect identified,west-yorkshire,LDT_CITY
107049577,bicycle-theft,2022-12,53.808831,-1.530055,On or near Enfield Terrace,Investigation complete; no suspect identified,west-yorkshire,LDT_CITY
107050525,bicycle-theft,2022-12,53.794979,-1.534339,On or near ,Unable to prosecute suspect,west-yorkshire,LDT_CITY
107054293,burglary,2022-12,53.795896,-1.538914,On or near ,Investigation complete; no suspect identified,west-yorkshire,LDT_CITY
107063912,burglary,2022-12,53.793701,-1.543052,On or near Concordia Street,Investigation complete; no suspect identified,west-yorkshire,LDT_CITY
107060475,burglary,2022-12,53.799588,-1.540619,On or near Harrison Street,Investigation complete; no suspect identified,west-yorkshire,LDT_CITY
107032417,burglary,2022-12,53.801753,-1.564479,On or near Burley Access Road,Investigation complete; no suspect identified,west-yorkshire,LDT_CITY
107063669,burglary,2022-12,53.795337,-1.545615,On or near Mill Hill,Investigation complete; no suspect identified,west-yorkshire,LDT_CITY
107068346,burglary,2022-12,53.804007,-1.548570,On or near ,Investigation complete; no suspect identified,west-yorkshire,LDT_CITY
107048964,burglary,2022-12,53.801500,-1.537683,On or near Brunswick Row,Investigation complete; no suspect identified,west-yorkshire,LDT_CITY
107054699,burglary,2022-12,53.796033,-1.541964,On or near Duncan Street,Investigation complete; no suspect identified,west-yorkshire,LDT_CITY
107048242,burglary,2022-12,53.796466,-1.537678,On or near New York Street,Investigation complete; no suspect identified,west-yorkshire,LDT_CITY
107052661,burglary,2022-12,53.801058,-1.532678,On or near Mabgate Green,Investigation complete; no suspect identified,west-yorkshire,LDT_CITY
107049809,burglary,2022-12,53.797326,-1.539050,On or near ,Court result unavailable,west-yorkshire,LDT_CITY
107032737,burglary,2022-12,53.809171,-1.553210,On or near Kingston Terrace,Investigation complete; no suspect identified,west-yorkshire,LDT_CITY
107052614,burglary,2022-12,53.793694,-1.529663,On or near Richmond Street,Investigation complete; no suspect identified,west-yorkshire,LDT_CITY
107044503,burglary,2022-12,53.804368,-1.552138,On or near Willow Terrace Road,Investigation complete; no suspect identified,west-yorkshire,LDT_CITY
107051747,burglary,2022-12,53.799069,-1.550903,On or near Park Square East,Investigation complete; no suspect identified,west-yorkshire,LDT_CITY
107033688,burglary,2022-12,53.792740,-1.529248,On or near East King Street,Investigation complete; no suspect identified,west-yorkshire,LDT_CITY
107060035,burglary,2022-12,53.788971,-1.540219,On or near ,Court result unavailable,west-yorkshire,LDT_CITY
107066896,burglary,2022-12,53.800909,-1.529172,On or near Thealby Place,Unable to prosecute suspect,west-yorkshire,LDT_CITY
107068906,burglary,2022-12,53.797537,-1.557053,On or near Lisbon Street,Investigation complete; no suspect identified,west-yorkshire,LDT_CITY
107032934,burglary,2022-12,53.795989,-1.530563,On or near Foundry Street,Investigation complete; no suspect identified,west-yorkshire,LDT_CITY
107060707,burglary,2022-12,53.803048,-1.529215,On or near Further/higher Educational Building,Court result unavailable,west-yorkshire,LDT_CITY
107032080,burglary,2022-12,53.796697,-1.546359,On or near Lower Basinghall Street,Investigation complete; no suspect identified,west-yorkshire,LDT_CITY
107041191,burglary,2022-12,53.803405,-1.535354,On or near Concord Street,Investigation complete; no suspect identified,west-yorkshire,LDT_CITY
107051809,burglary,2022-12,53.797086,-1.535303,On or near Leeds City Bus Station,Investigation complete; no suspect identified,west-yorkshire,LDT_CITY
107050250,criminal-damage-arson,2022-12,53.808519,-1.551896,On or near Cross Woodstock Street,Investigation complete; no suspect identified,west-yorkshire,LDT_CITY
107069868,criminal-damage-arson,2022-12,53.799196,-1.537041,On or near Lydia Street,Investigation complete; no suspect identified,west-yorkshire,LDT_CITY
107054076,criminal-damage-arson,2022-12,53.801189,-1.548148,On or near ,Unable to prosecute suspect,west-yorkshire,LDT_CITY
107037983,criminal-damage-arson,2022-12,53.798634,-1.546665,On or near ,Investigation complete; no suspect identified,west-yorkshire,LDT_CITY
107068087,criminal-damage-arson,2022-12,53.804967,-1.551326,On or near ,Unable to prosecute suspect,west-yorkshire,LDT_CITY
107056725,criminal-damage-arson,2022-12,53.799588,-1.540619,On or near Harrison Street,Court result unavailable,west-yorkshire,LDT_CITY
107050355,criminal-damage-arson,2022-12,53.807533,-1.564784,On or near St John's Close,Unable to prosecute suspect,west-yorkshire,LDT_CITY
107037966,criminal-damage-arson,2022-12,53.793701,-1.543052,On or near Concordia Street,Investigation complete; no suspect identified,west-yorkshire,LDT_CITY
107066276,criminal-damage-arson,2022-12,53.790787,-1.547379,On or near Victoria Road,Investigation complete; no suspect identified,west-yorkshire,LDT_CITY
107065418,criminal-damage-arson,2022-12,53.790283,-1.551893,On or near Leodis Court,Investigation complete; no suspect identified,west-yorkshire,LDT_CITY
107051159,criminal-damage-arson,2022-12,53.796033,-1.541964,On or near Duncan Street,Investigation complete; no suspect identified,west-yorkshire,LDT_CITY
107037541,criminal-damage-arson,2022-12,53.788745,-1.542165,On or near Kidacre Street,Investigation complete; no suspect identified,west-yorkshire,LDT_CITY
107038801,criminal-damage-arson,2022-12,53.796033,-1.541964,On or near Duncan Street,Investigation complete; no suspect identified,west-yorkshire,LDT_CITY
107036889,criminal-damage-arson,2022-12,53.800683,-1.542763,On or near Merrion Street,Unable to prosecute suspect,west-yorkshire,LDT_CITY
107043801,criminal-damage-arson,2022-12,53.801070,-1.531144,On or near Argyle Road,Unable to prosecute suspect,west-yorkshire,LDT_CITY
107036139,criminal-damage-arson,2022-12,53.798218,-1.549091,On or near ,Investigation complete; no suspect identified,west-yorkshire,LDT_CITY
107051576,criminal-damage-arson,2022-12,53.793694,-1.529663,On or near Richmond Street,Unable to prosecute suspect,west-yorkshire,LDT_CITY
107039269,criminal-damage-arson,2022-12,53.800733,-1.551053,On or near Oxford Row,Investigation complete; no suspect identified,west-yorkshire,LDT_CITY
107044441,criminal-damage-arson,2022-12,53.797181,-1.538976,On or near ,Investigation complete; no suspect identified,west-yorkshire,LDT_CITY
107041478,criminal-damage-arson,2022-12,53.813545,-1.545190,On or near Lucas Court,Investigation complete; no suspect identified,west-yorkshire,LDT_CITY
107044438,criminal-damage-arson,2022-12,53.798721,-1.549222,On or near East Parade,Investigation complete; no suspect identified,west-yorkshire,LDT_CITY
107044424,criminal-damage-arson,2022-12,53.796068,-1.551239,On or near Thirsk Row,Investigation complete; no suspect identified,west-yorkshire,LDT_CITY
107043966,criminal-damage-arson,2022-12,53.810025,-1.543710,On or near Grosvenor Hill,Investigation complete; no suspect identified,west-yorkshire,LDT_CITY
107060741,criminal-damage-arson,2022-12,53.809171,-1.553210,On or near Kingston Terrace,Unable to prosecute suspect,west-yorkshire,LDT_CITY
107032435,criminal-damage-arson,2022-12,53.808352,-1.543257,On or near Carlton Grove,Investigation complete; no suspect identified,west-yorkshire,LDT_CITY
107032363,criminal-damage-arson,2022-12,53.797581,-1.544831,On or near ,Investigation complete; no suspect identified,west-yorkshire,LDT_CITY
107032343,criminal-damage-arson,2022-12,53.788192,-1.538619,On or near Butterley Street,Investigation complete; no suspect identified,west-yorkshire,LDT_CITY
107039528,criminal-damage-arson,2022-12,53.798721,-1.549222,On or near East Parade,Status update unavailable,west-yorkshire,LDT_CITY
107068243,criminal-damage-arson,2022-12,53.796466,-1.537678,On or near New York Street,Investigation complete; no suspect identified,west-yorkshire,LDT_CITY
107067335,criminal-damage-arson,2022-12,53.802493,-1.543579,On or near Merrion Way,Investigation complete; no suspect identified,west-yorkshire,LDT_CITY
107067403,criminal-damage-arson,2022-12,53.807661,-1.545922,On or near Blenheim Grove,Unable to prosecute suspect,west-yorkshire,LDT_CITY
107066370,criminal-damage-arson,2022-12,53.800047,-1.545670,On or near ,Investigation complete; no suspect identified,west-yorkshire,LDT_CITY
107048144,criminal-damage-arson,2022-12,53.799435,-1.562393,On or near Bingley Street,Investigation complete; no suspect identified,west-yorkshire,LDT_CITY
107056636,criminal-damage-arson,2022-12,53.802725,-1.559899,On or near Kendal Lane,Investigation complete; no suspect identified,west-yorkshire,LDT_CITY
107052538,criminal-damage-arson,2022-12,53.797581,-1.544831,On or near ,Investigation complete; no suspect identified,west-yorkshire,LDT_CITY
107047620,criminal-damage-arson,2022-12,53.793701,-1.543052,On or near Concordia Street,Investigation complete; no suspect identified,west-yorkshire,LDT_CITY
107069569,criminal-damage-arson,2022-12,53.799037,-1.547108,On or near South Parade,Investigation complete; no suspect identified,west-yorkshire,LDT_CITY
107058054,criminal-damage-arson,2022-12,53.795337,-1.545615,On or near Mill Hill,Unable to prosecute suspect,west-yorkshire,LDT_CITY
107052964,criminal-damage-arson,2022-12,53.806446,-1.562320,On or near Back Kelso Road,Investigation complete; no suspect identified,west-yorkshire,LDT_CITY
107055107,criminal-damage-arson,2022-12,53.793468,-1.538500,On or near Kendell Street,Unable to prosecute suspect,west-yorkshire,LDT_CITY
107054636,criminal-damage-arson,2022-12,53.796697,-1.546359,On or near Lower Basinghall Street,Unable to prosecute suspect,west-yorkshire,LDT_CITY
107044673,criminal-damage-arson,2022-12,53.797581,-1.544831,On or near ,Investigation complete; no suspect identified,west-yorkshire,LDT_CITY
107061954,criminal-damage-arson,2022-12,53.796792,-1.552552,On or near Britannia Street,Investigation complete; no suspect identified,west-yorkshire,LDT_CITY
107056495,criminal-damage-arson,2022-12,53.799588,-1.540619,On or near Harrison Street,Unable to prosecute suspect,west-yorkshire,LDT_CITY
107052560,criminal-damage-arson,2022-12,53.794460,-1.541951,On or near Pitfall Street,Offender given a caution,west-yorkshire,LDT_CITY
107052149,criminal-damage-arson,2022-12,53.810444,-1.549795,On or near Devonshire Gardens,Investigation complete; no suspect identified,west-yorkshire,LDT_CITY
107052088,criminal-damage-arson,2022-12,53.786286,-1.555244,On or near Nineveh Gardens,Investigation complete; no suspect identified,west-yorkshire,LDT_CITY
107068895,criminal-damage-arson,2022-12,53.803405,-1.535354,On or near Concord Street,Investigation complete; no suspect identified,west-yorkshire,LDT_CITY
107058117,criminal-damage-arson,2022-12,53.811385,-1.556285,On or near Crossfield Street,Unable to prosecute suspect,west-yorkshire,LDT_CITY
107050691,criminal-damage-arson,2022-12,53.804967,-1.551326,On or near ,Unable to prosecute suspect,west-yorkshire,LDT_CITY
107062669,criminal-damage-arson,2022-12,53.798125,-1.536627,On or near ,Unable to prosecute suspect,west-yorkshire,LDT_CITY
107045205,criminal-damage-arson,2022-12,53.798394,-1.548163,On or near Greek Street,Investigation complete; no suspect identified,west-yorkshire,LDT_CITY
107049844,criminal-damage-arson,2022-12,53.796964,-1.550334,On or near King Street,Unable to prosecute suspect,west-yorkshire,LDT_CITY
107032647,criminal-damage-arson,2022-12,53.810414,-1.541989,On or near Oatland Place,Investigation complete; no suspect identified,west-yorkshire,LDT_CITY
107044636,criminal-damage-arson,2022-12,53.793575,-1.547714,On or near Little Neville Street,Court result unavailable,west-yorkshire,LDT_CITY
107033078,criminal-damage-arson,2022-12,53.787529,-1.560695,On or near Balm Place,Unable to prosecute suspect,west-yorkshire,LDT_CITY
107049036,criminal-damage-arson,2022-12,53.803388,-1.549658,On or near ,Court result unavailable,west-yorkshire,LDT_CITY
107044232,criminal-damage-arson,2022-12,53.799623,-1.535730,On or near Lady Beck Close,Investigation complete; no suspect identified,west-yorkshire,LDT_CITY
107062810,criminal-damage-arson,2022-12,53.799860,-1.540776,On or near ,Investigation complete; no suspect identified,west-yorkshire,LDT_CITY
107044432,criminal-damage-arson,2022-12,53.796792,-1.552552,On or near Britannia Street,Investigation complete; no suspect identified,west-yorkshire,LDT_CITY
124975977,criminal-damage-arson,2022-12,53.793626,-1.549368,Leeds (station),Status update unavailable,west-yorkshire,LDT_CITY
107047630,criminal-damage-arson,2022-12,53.795568,-1.552064,On or near ,Investigation complete; no suspect identified,west-yorkshire,LDT_CITY
107035805,criminal-damage-arson,2022-12,53.806546,-1.570230,On or near Kelsall Place,Unable to prosecute suspect,west-yorkshire,LDT_CITY
107048564,criminal-damage-arson,2022-12,53.810902,-1.554452,On or near St Mark's Street,Investigation complete; no suspect identified,west-yorkshire,LDT_CITY
107057885,criminal-damage-arson,2022-12,53.805450,-1.536486,On or near Lovell Park View,Unable to prosecute suspect,west-yorkshire,LDT_CITY
107048290,criminal-damage-arson,2022-12,53.806692,-1.539266,On or near Oatland Court,Investigation complete; no suspect identified,west-yorkshire,LDT_CITY
107041848,criminal-damage-arson,2022-12,53.792054,-1.544952,On or near ,Investigation complete; no suspect identified,west-yorkshire,LDT_CITY
107054079,criminal-damage-arson,2022-12,53.800712,-1.540865,On or near Cross Belgrave Street,Court result unavailable,west-yorkshire,LDT_CITY
107058737,criminal-damage-arson,2022-12,53.808352,-1.543257,On or near Carlton Grove,Unable to prosecute suspect,west-yorkshire,LDT_CITY
107050356,criminal-damage-arson,2022-12,53.804993,-1.539270,On or near Lovell Park Road,Unable to prosecute suspect,west-yorkshire,LDT_CITY
107046421,criminal-damage-arson,2022-12,53.794273,-1.544761,On or near ,Investigation complete; no suspect identified,west-yorkshire,LDT_CITY
107050554,criminal-damage-arson,2022-12,53.795751,-1.541949,On or near Nightclub,Offender given a caution,west-yorkshire,LDT_CITY
107058393,criminal-damage-arson,2022-12,53.806999,-1.566232,On or near Woodsley Road,Investigation complete; no suspect identified,west-yorkshire,LDT_CITY
107066688,criminal-damage-arson,2022-12,53.794796,-1.538030,On or near The Calls,Investigation complete; no suspect identified,west-yorkshire,LDT_CITY
107047734,drugs,2022-12,53.798032,-1.547650,On or near Russell Street,Local resolution,west-yorkshire,LDT_CITY
124975978,drugs,2022-12,53.793626,-1.549368,Leeds (station),Status update unavailable,west-yorkshire,LDT_CITY
107070018,drugs,2022-12,53.802731,-1.547220,On or near Portland Crescent,Local resolution,west-yorkshire,LDT_CITY
107058043,drugs,2022-12,53.797326,-1.539050,On or near Shopping Area,Unable to prosecute suspect,west-yorkshire,LDT_CITY
107053116,drugs,2022-12,53.798762,-1.545654,On or near Butts Court,Local resolution,west-yorkshire,LDT_CITY
107049715,drugs,2022-12,53.794979,-1.534339,On or near Parking Area,Unable to prosecute suspect,west-yorkshire,LDT_CITY
107057359,drugs,2022-12,53.798747,-1.553609,On or near Somers Place,Court result unavailable,west-yorkshire,LDT_CITY
107050392,drugs,2022-12,53.800938,-1.543535,On or near ,Local resolution,west-yorkshire,LDT_CITY
107048428,drugs,2022-12,53.794979,-1.534339,On or near ,Status update unavailable,west-yorkshire,LDT_CITY
107045325,drugs,2022-12,53.804558,-1.564632,On or near Consort View,Court result unavailable,west-yorkshire,LDT_CITY
107043922,drugs,2022-12,53.804558,-1.564632,On or near Consort View,Status update unavailable,west-yorkshire,LDT_CITY
107040724,drugs,2022-12,53.803337,-1.545604,On or near Queen Square,Local resolution,west-yorkshire,LDT_CITY
107055768,drugs,2022-12,53.796033,-1.541964,On or near Duncan Street,Court result unavailable,west-yorkshire,LDT_CITY
107056544,drugs,2022-12,53.795991,-1.540218,On or near ,Local resolution,west-yorkshire,LDT_CITY
107059765,drugs,2022-12,53.795337,-1.545615,On or near Mill Hill,Status update unavailable,west-yorkshire,LDT_CITY
107051725,drugs,2022-12,53.800938,-1.543535,On or near ,Status update unavailable,west-yorkshire,LDT_CITY
107034944,drugs,2022-12,53.805034,-1.569547,On or near Back Boundary Terrace,Unable to prosecute suspect,west-yorkshire,LDT_CITY
107033008,drugs,2022-12,53.808025,-1.563989,On or near St John's Avenue,Formal action is not in the public interest,west-yorkshire,LDT_CITY
107043545,drugs,2022-12,53.800358,-1.533095,On or near Cross Bell Street,Court result unavailable,west-yorkshire,LDT_CITY
107037779,drugs,2022-12,53.800733,-1.551053,On or near Oxford Row,Court result unavailable,west-yorkshire,LDT_CITY
107055025,drugs,2022-12,53.794796,-1.538030,On or near The Calls,Local resolution,west-yorkshire,LDT_CITY
107041805,drugs,2022-12,53.807080,-1.549269,On or near Churchill Gardens,Formal action is not in the public interest,west-yorkshire,LDT_CITY
107042298,drugs,2022-12,53.800047,-1.545670,On or near ,Local resolution,west-yorkshire,LDT_CITY
107042607,drugs,2022-12,53.798173,-1.539724,On or near Sidney Street,Local resolution,west-yorkshire,LDT_CITY
107051149,drugs,2022-12,53.799208,-1.528417,On or near Rider Street,Local resolution,west-yorkshire,LDT_CITY
107051090,drugs,2022-12,53.798363,-1.544671,On or near ,Local resolution,west-yorkshire,LDT_CITY
107066772,drugs,2022-12,53.794979,-1.534339,On or near ,Local resolution,west-yorkshire,LDT_CITY
107052307,drugs,2022-12,53.799588,-1.540619,On or near Harrison Street,Status update unavailable,west-yorkshire,LDT_CITY
107041347,drugs,2022-12,53.800472,-1.548566,On or near Alexander Street,Local resolution,west-yorkshire,LDT_CITY
107039672,drugs,2022-12,53.796033,-1.541964,On or near Duncan Street,Local resolution,west-yorkshire,LDT_CITY
107042170,drugs,2022-12,53.811051,-1.536910,On or near Sheepscar Street North,Court result unavailable,west-yorkshire,LDT_CITY
107060190,drugs,2022-12,53.798063,-1.527655,On or near ,Local resolution,west-yorkshire,LDT_CITY
107040449,drugs,2022-12,53.798173,-1.539724,On or near Sidney Street,Local resolution,west-yorkshire,LDT_CITY
107037938,drugs,2022-12,53.801445,-1.551744,On or near ,Local resolution,west-yorkshire,LDT_CITY
107055691,drugs,2022-12,53.799208,-1.528417,On or near Rider Street,Local resolution,west-yorkshire,LDT_CITY
107058265,drugs,2022-12,53.799069,-1.550903,On or near Park Square East,Local resolution,west-yorkshire,LDT_CITY
107052413,drugs,2022-12,53.800938,-1.543535,On or near ,Local resolution,west-yorkshire,LDT_CITY
107036456,drugs,2022-12,53.802237,-1.532999,On or near Regent Street,Unable to prosecute suspect,west-yorkshire,LDT_CITY
107040922,drugs,2022-12,53.800047,-1.545670,On or near ,Local resolution,west-yorkshire,LDT_CITY
107051366,drugs,2022-12,53.800358,-1.533095,On or near Cross Bell Street,Court result unavailable,west-yorkshire,LDT_CITY
107061513,drugs,2022-12,53.796033,-1.541964,On or near Duncan Street,Court result unavailable,west-yorkshire,LDT_CITY
107066217,drugs,2022-12,53.794964,-1.537330,On or near High Court Lane,Local resolution,west-yorkshire,LDT_CITY
107052823,drugs,2022-12,53.795337,-1.545615,On or near Mill Hill,Status update unavailable,west-yorkshire,LDT_CITY
107039797,other-theft,2022-12,53.803388,-1.549658,On or near ,Investigation complete; no suspect identified,west-yorkshire,LDT_CITY
107040029,other-theft,2022-12,53.798816,-1.543376,On or near Lands Lane,Investigation complete; no suspect identified,west-yorkshire,LDT_CITY
107040308,other-theft,2022-12,53.799037,-1.547108,On or near South Parade,Investigation complete; no suspect identified,west-yorkshire,LDT_CITY
107040409,other-theft,2022-12,53.799588,-1.540619,On or near Harrison Street,Investigation complete; no suspect identified,west-yorkshire,LDT_CITY
107049233,other-theft,2022-12,53.807784,-1.537994,On or near Oatland Gardens,Unable to prosecute suspect,west-yorkshire,LDT_CITY
107041039,other-theft,2022-12,53.794460,-1.541951,On or near Pitfall Street,Unable to prosecute suspect,west-yorkshire,LDT_CITY
107041364,other-theft,2022-12,53.795048,-1.531120,On or near Cotton Street,Unable to prosecute suspect,west-yorkshire,LDT_CITY
107041376,other-theft,2022-12,53.796697,-1.546359,On or near Lower Basinghall Street,Investigation complete; no suspect identified,west-yorkshire,LDT_CITY
107050253,other-theft,2022-12,53.798394,-1.548163,On or near Greek Street,Investigation complete; no suspect identified,west-yorkshire,LDT_CITY
107059690,other-theft,2022-12,53.798699,-1.547962,On or near Bedford Street,Investigation complete; no suspect identified,west-yorkshire,LDT_CITY
107051339,other-theft,2022-12,53.798363,-1.544671,On or near ,Unable to prosecute suspect,west-yorkshire,LDT_CITY
107064658,other-theft,2022-12,53.798173,-1.539724,On or near Sidney Street,Investigation complete; no suspect identified,west-yorkshire,LDT_CITY
107065141,other-theft,2022-12,53.790070,-1.533756,On or near Chadwick Street,Investigation complete; no suspect identified,west-yorkshire,LDT_CITY
107065257,other-theft,2022-12,53.802493,-1.543579,On or near Merrion Way,Investigation complete; no suspect identified,west-yorkshire,LDT_CITY
107065676,other-theft,2022-12,53.801753,-1.564479,On or near Burley Access Road,Investigation complete; no suspect identified,west-yorkshire,LDT_CITY
107065883,other-theft,2022-12,53.795401,-1.541029,On or near Call Lane,Investigation complete; no suspect identified,west-yorkshire,LDT_CITY
107066040,other-theft,2022-12,53.795401,-1.541029,On or near Call Lane,Investigation complete; no suspect identified,west-yorkshire,LDT_CITY
107066113,other-theft,2022-12,53.801877,-1.554305,On or near A58(m),Investigation complete; no suspect identified,west-yorkshire,LDT_CITY
107066225,other-theft,2022-12,53.796033,-1.541964,On or near Duncan Street,Investigation complete; no suspect identified,west-yorkshire,LDT_CITY
107066549,other-theft,2022-12,53.798747,-1.553609,On or near Somers Place,Investigation complete; no suspect identified,west-yorkshire,LDT_CITY
107066675,other-theft,2022-12,53.795401,-1.541029,On or near Call Lane,Investigation complete; no suspect identified,west-yorkshire,LDT_CITY
107066707,other-theft,2022-12,53.795006,-1.541307,On or near ,Investigation complete; no suspect identified,west-yorkshire,LDT_CITY
107050330,other-theft,2022-12,53.794939,-1.542628,On or near ,Status update unavailable,west-yorkshire,LDT_CITY
107067342,other-theft,2022-12,53.795195,-1.548334,On or near ,Investigation complete; no suspect identified,west-yorkshire,LDT_CITY
107067850,other-theft,2022-12,53.794939,-1.542628,On or near ,Investigation complete; no suspect identified,west-yorkshire,LDT_CITY
107067881,other-theft,2022-12,53.795195,-1.548334,On or near ,Investigation complete; no suspect identified,west-yorkshire,LDT_CITY
107064780,other-theft,2022-12,53.801432,-1.538884,On or near Hartley Hill,Investigation complete; no suspect identified,west-yorkshire,LDT_CITY
107068114,other-theft,2022-12,53.802041,-1.542885,On or near ,Investigation complete; no suspect identified,west-yorkshire,LDT_CITY
107068563,other-theft,2022-12,53.803464,-1.542220,On or near ,Investigation complete; no suspect identified,west-yorkshire,LDT_CITY
107068578,other-theft,2022-12,53.795195,-1.548334,On or near ,Investigation complete; no suspect identified,west-yorkshire,LDT_CITY
107069371,other-theft,2022-12,53.795006,-1.541307,On or near ,Investigation complete; no suspect identified,west-yorkshire,LDT_CITY
107069477,other-theft,2022-12,53.795006,-1.541307,On or near ,Investigation complete; no suspect identified,west-yorkshire,LDT_CITY
107069657,other-theft,2022-12,53.796834,-1.535886,On or near ,Investigation complete; no suspect identified,west-yorkshire,LDT_CITY
107069699,other-theft,2022-12,53.802731,-1.547220,On or near Portland Crescent,Investigation complete; no suspect identified,west-yorkshire,LDT_CITY
107069751,other-theft,2022-12,53.800712,-1.540865,On or near Cross Belgrave Street,Investigation complete; no suspect identified,west-yorkshire,LDT_CITY
107070128,other-theft,2022-12,53.795401,-1.541029,On or near Call Lane,Investigation complete; no suspect identified,west-yorkshire,LDT_CITY
107064768,other-theft,2022-12,53.804007,-1.548570,On or near ,Investigation complete; no suspect identified,west-yorkshire,LDT_CITY
107058617,other-theft,2022-12,53.795006,-1.541307,On or near Nightclub,Investigation complete; no suspect identified,west-yorkshire,LDT_CITY
107064538,other-theft,2022-12,53.797501,-1.549721,On or near Croft's Court,Investigation complete; no suspect identified,west-yorkshire,LDT_CITY
107054566,other-theft,2022-12,53.800922,-1.536946,On or near Trafalgar Street,Investigation complete; no suspect identified,west-yorkshire,LDT_CITY
107064331,other-theft,2022-12,53.806895,-1.540767,On or near Carr Place,Investigation complete; no suspect identified,west-yorkshire,LDT_CITY
107042354,other-theft,2022-12,53.808804,-1.548765,On or near Back Blenheim Avenue,Investigation complete; no suspect identified,west-yorkshire,LDT_CITY
107068323,other-theft,2022-12,53.798173,-1.539724,On or near Sidney Street,Investigation complete; no suspect identified,west-yorkshire,LDT_CITY
107053492,other-theft,2022-12,53.800938,-1.543535,On or near ,Investigation complete; no suspect identified,west-yorkshire,LDT_CITY
107052583,other-theft,2022-12,53.801753,-1.564479,On or near Burley Access Road,Investigation complete; no suspect identified,west-yorkshire,LDT_CITY
107055527,other-theft,2022-12,53.801753,-1.564479,On or near Burley Access Road,Investigation complete; no suspect identified,west-yorkshire,LDT_CITY
107051952,other-theft,2022-12,53.798721,-1.549222,On or near East Parade,Investigation complete; no suspect identified,west-yorkshire,LDT_CITY
107039689,other-theft,2022-12,53.797743,-1.547061,On or near Park Row,Unable to prosecute suspect,west-yorkshire,LDT_CITY
107036002,other-theft,2022-12,53.800922,-1.534790,On or near Gower Street,Unable to prosecute suspect,west-yorkshire,LDT_CITY
107045281,other-theft,2022-12,53.788971,-1.540219,On or near ,Investigation complete; no suspect identified,west-yorkshire,LDT_CITY
107049917,other-theft,2022-12,53.795576,-1.539889,On or near Crown Street,Investigation complete; no suspect identified,west-yorkshire,LDT_CITY
107032020,other-theft,2022-12,53.797993,-1.541897,On or near ,Investigation complete; no suspect identified,west-yorkshire,LDT_CITY
107032167,other-theft,2022-12,53.789087,-1.533069,On or near Chadwick Street South,Investigation complete; no suspect identified,west-yorkshire,LDT_CITY
107032510,other-theft,2022-12,53.797581,-1.544831,On or near ,Investigation complete; no suspect identified,west-yorkshire,LDT_CITY
107032815,other-theft,2022-12,53.798173,-1.539724,On or near Sidney Street,Investigation complete; no suspect identified,west-yorkshire,LDT_CITY
107033076,other-theft,2022-12,53.796033,-1.541964,On or near Duncan Street,Unable to prosecute suspect,west-yorkshire,LDT_CITY
107033112,other-theft,2022-12,53.806157,-1.557205,On or near Cromer Road,Investigation complete; no suspect identified,west-yorkshire,LDT_CITY
107033177,other-theft,2022-12,53.807483,-1.568429,On or near Hill Top Road,Investigation complete; no suspect identified,west-yorkshire,LDT_CITY
107033308,other-theft,2022-12,53.790287,-1.555460,On or near Bath Road,Investigation complete; no suspect identified,west-yorkshire,LDT_CITY
107068628,other-theft,2022-12,53.800712,-1.540865,On or near Cross Belgrave Street,Status update unavailable,west-yorkshire,LDT_CITY
107033476,other-theft,2022-12,53.801058,-1.532678,On or near Mabgate Green,Investigation complete; no suspect identified,west-yorkshire,LDT_CITY
107044032,other-theft,2022-12,53.795006,-1.541307,On or near ,Investigation complete; no suspect identified,west-yorkshire,LDT_CITY
107044058,other-theft,2022-12,53.795006,-1.541307,On or near ,Investigation complete; no suspect identified,west-yorkshire,LDT_CITY
107065552,other-theft,2022-12,53.798747,-1.553609,On or near Somers Place,Investigation complete; no suspect identified,west-yorkshire,LDT_CITY
107044210,other-theft,2022-12,53.800938,-1.543535,On or near ,Investigation complete; no suspect identified,west-yorkshire,LDT_CITY
107044574,other-theft,2022-12,53.800358,-1.533095,On or near Cross Bell Street,Investigation complete; no suspect identified,west-yorkshire,LDT_CITY
107033714,other-theft,2022-12,53.799425,-1.545100,On or near The Headrow,Investigation complete; no suspect identified,west-yorkshire,LDT_CITY
107034167,other-theft,2022-12,53.792645,-1.535003,On or near Armouries Way,Investigation complete; no suspect identified,west-yorkshire,LDT_CITY
107034500,other-theft,2022-12,53.804590,-1.568519,On or near Westfield Terrace,Investigation complete; no suspect identified,west-yorkshire,LDT_CITY
107034715,other-theft,2022-12,53.797635,-1.526203,On or near Plaid Row,Investigation complete; no suspect identified,west-yorkshire,LDT_CITY
107035079,other-theft,2022-12,53.799860,-1.540776,On or near ,Investigation complete; no suspect identified,west-yorkshire,LDT_CITY
107035126,other-theft,2022-12,53.801987,-1.557295,On or near Back Claremont Avenue,Investigation complete; no suspect identified,west-yorkshire,LDT_CITY
107035418,other-theft,2022-12,53.801879,-1.547518,On or near ,Unable to prosecute suspect,west-yorkshire,LDT_CITY
107035619,other-theft,2022-12,53.807382,-1.550632,On or near Blandford Gardens,Investigation complete; no suspect identified,west-yorkshire,LDT_CITY
107035625,other-theft,2022-12,53.804002,-1.531643,On or near ,Investigation complete; no suspect identified,west-yorkshire,LDT_CITY
107051136,other-theft,2022-12,53.803628,-1.561241,On or near Victoria Street,Unable to prosecute suspect,west-yorkshire,LDT_CITY
107037126,other-theft,2022-12,53.802493,-1.543579,On or near Merrion Way,Investigation complete; no suspect identified,west-yorkshire,LDT_CITY
107065437,other-theft,2022-12,53.801879,-1.547518,On or near ,Investigation complete; no suspect identified,west-yorkshire,LDT_CITY
107037643,other-theft,2022-12,53.802493,-1.543579,On or near Merrion Way,Investigation complete; no suspect identified,west-yorkshire,LDT_CITY
107050582,other-theft,2022-12,53.793535,-1.546803,On or near Neville Street,Investigation complete; no suspect identified,west-yorkshire,LDT_CITY
107037873,other-theft,2022-12,53.790070,-1.533756,On or near Chadwick Street,Investigation complete; no suspect identified,west-yorkshire,LDT_CITY
107038149,other-theft,2022-12,53.810444,-1.549795,On or near Devonshire Gardens,Investigation complete; no suspect identified,west-yorkshire,LDT_CITY
107038388,other-theft,2022-12,53.798870,-1.547991,On or near ,Investigation complete; no suspect identified,west-yorkshire,LDT_CITY
107038562,other-theft,2022-12,53.798668,-1.561444,On or near West Street,Investigation complete; no suspect identified,west-yorkshire,LDT_CITY
107070298,other-theft,2022-12,53.811444,-1.552958,On or near St Mark's Road,Investigation complete; no suspect identified,west-yorkshire,LDT_CITY
107038875,other-theft,2022-12,53.803388,-1.549658,On or near ,Investigation complete; no suspect identified,west-yorkshire,LDT_CITY
107039017,other-theft,2022-12,53.801189,-1.548148,On or near ,Investigation complete; no suspect identified,west-yorkshire,LDT_CITY
107062791,other-theft,2022-12,53.795576,-1.539889,On or near Crown Street,Investigation complete; no suspect identified,west-yorkshire,LDT_CITY
107039208,other-theft,2022-12,53.795751,-1.541949,On or near ,Unable to prosecute suspect,west-yorkshire,LDT_CITY
107064975,other-theft,2022-12,53.801445,-1.551744,On or near ,Investigation complete; no suspect identified,west-yorkshire,LDT_CITY
107047743,other-theft,2022-12,53.796834,-1.535886,On or near ,Investigation complete; no suspect identified,west-yorkshire,LDT_CITY
107039636,other-theft,2022-12,53.794939,-1.542628,On or near ,Investigation complete; no suspect identified,west-yorkshire,LDT_CITY
107032846,other-theft,2022-12,53.807661,-1.545922,On or near Blenheim Grove,Unable to prosecute suspect,west-yorkshire,LDT_CITY
107064404,other-theft,2022-12,53.792724,-1.551002,On or near Wharf Approach,Investigation complete; no suspect identified,west-yorkshire,LDT_CITY
107051095,other-theft,2022-12,53.798816,-1.543376,On or near Lands Lane,Investigation complete; no suspect identified,west-yorkshire,LDT_CITY
107052174,other-theft,2022-12,53.807988,-1.551704,On or near Marlborough Gardens,Investigation complete; no suspect identified,west-yorkshire,LDT_CITY
107056076,other-theft,2022-12,53.807784,-1.537994,On or near Oatland Gardens,Unable to prosecute suspect,west-yorkshire,LDT_CITY
107052759,other-theft,2022-12,53.808980,-1.547669,On or near Leicester Close,Unable to prosecute suspect,west-yorkshire,LDT_CITY
107058228,other-theft,2022-12,53.789177,-1.547032,On or near City Walk,Unable to prosecute suspect,west-yorkshire,LDT_CITY
124975980,other-theft,2022-12,53.793626,-1.549368,Leeds (station),Status update unavailable,west-yorkshire,LDT_CITY
124975979,other-theft,2022-12,53.793626,-1.549368,Leeds (station),Status update unavailable,west-yorkshire,LDT_CITY
107064604,other-theft,2022-12,53.798634,-1.546665,On or near ,Investigation complete; no suspect identified,west-yorkshire,LDT_CITY
107038000,other-theft,2022-12,53.796218,-1.557599,On or near Wellington Place,Investigation complete; no suspect identified,west-yorkshire,LDT_CITY
107047569,other-theft,2022-12,53.796834,-1.535886,On or near ,Investigation complete; no suspect identified,west-yorkshire,LDT_CITY
107050311,other-theft,2022-12,53.810902,-1.554452,On or near St Mark's Street,Investigation complete; no suspect identified,west-yorkshire,LDT_CITY
107062577,other-theft,2022-12,53.803405,-1.535354,On or near Concord Street,Investigation complete; no suspect identified,west-yorkshire,LDT_CITY
107065289,other-theft,2022-12,53.798032,-1.547650,On or near Russell Street,Investigation complete; no suspect identified,west-yorkshire,LDT_CITY
107065563,other-theft,2022-12,53.796697,-1.546359,On or near Lower Basinghall Street,Investigation complete; no suspect identified,west-yorkshire,LDT_CITY
107064519,other-theft,2022-12,53.804667,-1.538529,On or near Lovell Park Gate,Investigation complete; no suspect identified,west-yorkshire,LDT_CITY
107054264,other-theft,2022-12,53.795401,-1.541029,On or near Call Lane,Further investigation is not in the public interest,west-yorkshire,LDT_CITY
107056370,other-theft,2022-12,53.798144,-1.539284,On or near Harewood Street,Investigation complete; no suspect identified,west-yorkshire,LDT_CITY
107049649,other-theft,2022-12,53.795401,-1.541029,On or near Call Lane,Investigation complete; no suspect identified,west-yorkshire,LDT_CITY
107046113,other-theft,2022-12,53.799037,-1.547108,On or near South Parade,Investigation complete; no suspect identified,west-yorkshire,LDT_CITY
107070231,other-theft,2022-12,53.801189,-1.548148,On or near ,Investigation complete; no suspect identified,west-yorkshire,LDT_CITY
107070193,other-theft,2022-12,53.795177,-1.541305,On or near Queens's Court,Investigation complete; no suspect identified,west-yorkshire,LDT_CITY
107070048,other-theft,2022-12,53.802282,-1.547268,On or near ,Investigation complete; no suspect identified,west-yorkshire,LDT_CITY
107069993,other-theft,2022-12,53.795153,-1.542125,On or near ,Investigation complete; no suspect identified,west-yorkshire,LDT_CITY
107069965,other-theft,2022-12,53.796033,-1.541964,On or near Duncan Street,Investigation complete; no suspect identified,west-yorkshire,LDT_CITY
107069866,other-theft,2022-12,53.786286,-1.555244,On or near Nineveh Gardens,Investigation complete; no suspect identified,west-yorkshire,LDT_CITY
107069845,other-theft,2022-12,53.790787,-1.547379,On or near Victoria Road,Unable to prosecute suspect,west-yorkshire,LDT_CITY
107069342,other-theft,2022-12,53.794244,-1.534818,On or near The Chandlers,Investigation complete; no suspect identified,west-yorkshire,LDT_CITY
107069054,other-theft,2022-12,53.814034,-1.546096,On or near Cross Chancellor Street,Investigation complete; no suspect identified,west-yorkshire,LDT_CITY
107067375,other-theft,2022-12,53.795195,-1.548334,On or near ,Investigation complete; no suspect identified,west-yorkshire,LDT_CITY
107065970,other-theft,2022-12,53.796697,-1.546359,On or near Lower Basinghall Street,Investigation complete; no suspect identified,west-yorkshire,LDT_CITY
107067883,other-theft,2022-12,53.803388,-1.549658,On or near ,Investigation complete; no suspect identified,west-yorkshire,LDT_CITY
107066294,other-theft,2022-12,53.798394,-1.548163,On or near Greek Street,Investigation complete; no suspect identified,west-yorkshire,LDT_CITY
107066055,other-theft,2022-12,53.801432,-1.538884,On or near Hartley Hill,Investigation complete; no suspect identified,west-yorkshire,LDT_CITY
107033487,other-theft,2022-12,53.800047,-1.545670,On or near ,Unable to prosecute suspect,west-yorkshire,LDT_CITY
107069258,other-theft,2022-12,53.795221,-1.562725,On or near Gotts Road,Investigation complete; no suspect identified,west-yorkshire,LDT_CITY
107056322,other-theft,2022-12,53.790070,-1.533756,On or near Chadwick Street,Unable to prosecute suspect,west-yorkshire,LDT_CITY
107035214,other-theft,2022-12,53.787999,-1.546817,On or near Meadow Road,Investigation complete; no suspect identified,west-yorkshire,LDT_CITY
107051370,other-theft,2022-12,53.800712,-1.540865,On or near Cross Belgrave Street,Investigation complete; no suspect identified,west-yorkshire,LDT_CITY
107050592,other-theft,2022-12,53.795401,-1.541029,On or near Call Lane,Investigation complete; no suspect identified,west-yorkshire,LDT_CITY
107049460,other-theft,2022-12,53.804993,-1.539270,On or near Lovell Park Road,Investigation complete; no suspect identified,west-yorkshire,LDT_CITY
107049138,other-theft,2022-12,53.795576,-1.539889,On or near Crown Street,Investigation complete; no suspect identified,west-yorkshire,LDT_CITY
107049135,other-theft,2022-12,53.791614,-1.552228,On or near Foundry Street,Investigation complete; no suspect identified,west-yorkshire,LDT_CITY
107048127,other-theft,2022-12,53.802493,-1.543579,On or near Merrion Way,Investigation complete; no suspect identified,west-yorkshire,LDT_CITY
107045948,other-theft,2022-12,53.797993,-1.541897,On or near ,Investigation complete; no suspect identified,west-yorkshire,LDT_CITY
107039985,other-theft,2022-12,53.796033,-1.541964,On or near Duncan Street,Investigation complete; no suspect identified,west-yorkshire,LDT_CITY
107041390,other-theft,2022-12,53.795991,-1.540218,On or near ,Investigation complete; no suspect identified,west-yorkshire,LDT_CITY
107039976,other-theft,2022-12,53.798896,-1.543208,On or near ,Status update unavailable,west-yorkshire,LDT_CITY
107054780,other-theft,2022-12,53.798896,-1.543208,On or near ,Investigation complete; no suspect identified,west-yorkshire,LDT_CITY
107054535,other-theft,2022-12,53.795177,-1.541305,On or near Queens's Court,Investigation complete; no suspect identified,west-yorkshire,LDT_CITY
107053221,other-theft,2022-12,53.801896,-1.571887,On or near Aire Place,Investigation complete; no suspect identified,west-yorkshire,LDT_CITY
107053159,other-theft,2022-12,53.800938,-1.543535,On or near ,Investigation complete; no suspect identified,west-yorkshire,LDT_CITY
107053445,other-theft,2022-12,53.795751,-1.541949,On or near ,Investigation complete; no suspect identified,west-yorkshire,LDT_CITY
107038018,other-theft,2022-12,53.795896,-1.538914,On or near ,Investigation complete; no suspect identified,west-yorkshire,LDT_CITY
107037986,other-theft,2022-12,53.797581,-1.544831,On or near ,Investigation complete; no suspect identified,west-yorkshire,LDT_CITY
107034689,other-theft,2022-12,53.796159,-1.537089,On or near Cross York Street,Investigation complete; no suspect identified,west-yorkshire,LDT_CITY
107032054,other-theft,2022-12,53.798699,-1.547962,On or near Bedford Street,Investigation complete; no suspect identified,west-yorkshire,LDT_CITY
107032309,other-theft,2022-12,53.798710,-1.536894,On or near Eastgate,Investigation complete; no suspect identified,west-yorkshire,LDT_CITY
107032443,other-theft,2022-12,53.794460,-1.541951,On or near Pitfall Street,Investigation complete; no suspect identified,west-yorkshire,LDT_CITY
107032447,other-theft,2022-12,53.799069,-1.550903,On or near Park Square East,Investigation complete; no suspect identified,west-yorkshire,LDT_CITY
107032501,other-theft,2022-12,53.800712,-1.540865,On or near Cross Belgrave Street,Investigation complete; no suspect identified,west-yorkshire,LDT_CITY
107032645,other-theft,2022-12,53.797993,-1.541897,On or near ,Investigation complete; no suspect identified,west-yorkshire,LDT_CITY
107032881,other-theft,2022-12,53.797864,-1.545800,On or near ,Investigation complete; no suspect identified,west-yorkshire,LDT_CITY
107032994,other-theft,2022-12,53.796697,-1.546359,On or near Lower Basinghall Street,Investigation complete; no suspect identified,west-yorkshire,LDT_CITY
107033111,other-theft,2022-12,53.795195,-1.548334,On or near ,Investigation complete; no suspect identified,west-yorkshire,LDT_CITY
107033165,other-theft,2022-12,53.796218,-1.557599,On or near Wellington Place,Investigation complete; no suspect identified,west-yorkshire,LDT_CITY
107033478,other-theft,2022-12,53.797550,-1.536202,On or near ,Investigation complete; no suspect identified,west-yorkshire,LDT_CITY
107043090,other-theft,2022-12,53.786240,-1.550084,On or near Meadow Croft,Investigation complete; no suspect identified,west-yorkshire,LDT_CITY
107044197,other-theft,2022-12,53.797581,-1.544831,On or near ,Investigation complete; no suspect identified,west-yorkshire,LDT_CITY
107033858,other-theft,2022-12,53.795153,-1.542125,On or near ,Investigation complete; no suspect identified,west-yorkshire,LDT_CITY
107034135,other-theft,2022-12,53.794460,-1.541951,On or near Pitfall Street,Investigation complete; no suspect identified,west-yorkshire,LDT_CITY
107034189,other-theft,2022-12,53.788325,-1.549986,On or near Sweet Street,Investigation complete; no suspect identified,west-yorkshire,LDT_CITY
107034769,other-theft,2022-12,53.797326,-1.539050,On or near ,Investigation complete; no suspect identified,west-yorkshire,LDT_CITY
107035203,other-theft,2022-12,53.787999,-1.546817,On or near Meadow Road,Investigation complete; no suspect identified,west-yorkshire,LDT_CITY
107035864,other-theft,2022-12,53.793468,-1.538500,On or near Kendell Street,Investigation complete; no suspect identified,west-yorkshire,LDT_CITY
107042078,other-theft,2022-12,53.806895,-1.540767,On or near Carr Place,Investigation complete; no suspect identified,west-yorkshire,LDT_CITY
107042227,other-theft,2022-12,53.789087,-1.533069,On or near Chadwick Street South,Investigation complete; no suspect identified,west-yorkshire,LDT_CITY
107042427,other-theft,2022-12,53.803405,-1.535354,On or near Concord Street,Investigation complete; no suspect identified,west-yorkshire,LDT_CITY
107042493,other-theft,2022-12,53.803405,-1.535354,On or near Concord Street,Investigation complete; no suspect identified,west-yorkshire,LDT_CITY
107046175,other-theft,2022-12,53.796697,-1.546359,On or near Lower Basinghall Street,Investigation complete; no suspect identified,west-yorkshire,LDT_CITY
107046269,other-theft,2022-12,53.796525,-1.541290,On or near Central Road,Investigation complete; no suspect identified,west-yorkshire,LDT_CITY
107047424,other-theft,2022-12,53.797181,-1.538976,On or near ,Investigation complete; no suspect identified,west-yorkshire,LDT_CITY
107048068,other-theft,2022-12,53.797581,-1.544831,On or near ,Investigation complete; no suspect identified,west-yorkshire,LDT_CITY
107048374,other-theft,2022-12,53.790287,-1.555460,On or near Bath Road,Investigation complete; no suspect identified,west-yorkshire,LDT_CITY
107049021,other-theft,2022-12,53.805856,-1.541553,On or near Amber Close,Investigation complete; no suspect identified,west-yorkshire,LDT_CITY
107049344,other-theft,2022-12,53.790525,-1.539883,On or near Hunslet Lane,Investigation complete; no suspect identified,west-yorkshire,LDT_CITY
107049681,other-theft,2022-12,53.807661,-1.543675,On or near Carlton Hill,Investigation complete; no suspect identified,west-yorkshire,LDT_CITY
107049831,other-theft,2022-12,53.797864,-1.545800,On or near ,Investigation complete; no suspect identified,west-yorkshire,LDT_CITY
107051672,other-theft,2022-12,53.797581,-1.544831,On or near ,Investigation complete; no suspect identified,west-yorkshire,LDT_CITY
107052235,other-theft,2022-12,53.796792,-1.552552,On or near Britannia Street,Investigation complete; no suspect identified,west-yorkshire,LDT_CITY
107054050,other-theft,2022-12,53.809116,-1.541032,On or near Oatland Green,Investigation complete; no suspect identified,west-yorkshire,LDT_CITY
107054606,other-theft,2022-12,53.798816,-1.543376,On or near Lands Lane,Investigation complete; no suspect identified,west-yorkshire,LDT_CITY
107050443,possession-of-weapons,2022-12,53.791284,-1.543458,On or near Meadow Lane,Status update unavailable,west-yorkshire,LDT_CITY
107051792,possession-of-weapons,2022-12,53.798173,-1.539724,On or near Sidney Street,Court result unavailable,west-yorkshire,LDT_CITY
107062413,possession-of-weapons,2022-12,53.800733,-1.551053,On or near Oxford Row,Status update unavailable,west-yorkshire,LDT_CITY
107037116,possession-of-weapons,2022-12,53.791309,-1.535792,On or near Black Bull Street,Local resolution,west-yorkshire,LDT_CITY
107055857,possession-of-weapons,2022-12,53.796033,-1.541964,On or near Duncan Street,Offender given a caution,west-yorkshire,LDT_CITY
107058762,possession-of-weapons,2022-12,53.807112,-1.538791,On or near Oatland Drive,Court result unavailable,west-yorkshire,LDT_CITY
107055218,possession-of-weapons,2022-12,53.789177,-1.547032,On or near City Walk,Unable to prosecute suspect,west-yorkshire,LDT_CITY
107051561,possession-of-weapons,2022-12,53.802717,-1.527148,On or near Lincoln Green Road,Status update unavailable,west-yorkshire,LDT_CITY
107039994,possession-of-weapons,2022-12,53.798896,-1.543208,On or near ,Court result unavailable,west-yorkshire,LDT_CITY
107040847,possession-of-weapons,2022-12,53.802237,-1.532999,On or near Regent Street,Court result unavailable,west-yorkshire,LDT_CITY
107060339,public-order,2022-12,53.797181,-1.538976,On or near ,Court result unavailable,west-yorkshire,LDT_CITY
107069201,public-order,2022-12,53.801189,-1.548148,On or near ,Investigation complete; no suspect identified,west-yorkshire,LDT_CITY
107059884,public-order,2022-12,53.800358,-1.533095,On or near Cross Bell Street,Unable to prosecute suspect,west-yorkshire,LDT_CITY
107062002,public-order,2022-12,53.796294,-1.532609,On or near Brussels Street,Unable to prosecute suspect,west-yorkshire,LDT_CITY
107064401,public-order,2022-12,53.800358,-1.533095,On or near Cross Bell Street,Court result unavailable,west-yorkshire,LDT_CITY
107064389,public-order,2022-12,53.800358,-1.533095,On or near Cross Bell Street,Court result unavailable,west-yorkshire,LDT_CITY
107036086,public-order,2022-12,53.793028,-1.531765,On or near Neptune Street,Investigation complete; no suspect identified,west-yorkshire,LDT_CITY
107064619,public-order,2022-12,53.795750,-1.550104,On or near Aire Street,Investigation complete; no suspect identified,west-yorkshire,LDT_CITY
107032872,public-order,2022-12,53.797581,-1.544831,On or near ,Unable to prosecute suspect,west-yorkshire,LDT_CITY
107041127,public-order,2022-12,53.798747,-1.553609,On or near Somers Place,Unable to prosecute suspect,west-yorkshire,LDT_CITY
107059367,public-order,2022-12,53.800683,-1.542763,On or near Merrion Street,Unable to prosecute suspect,west-yorkshire,LDT_CITY
107063189,public-order,2022-12,53.795195,-1.548334,On or near Parking Area,Court result unavailable,west-yorkshire,LDT_CITY
107069921,public-order,2022-12,53.793468,-1.538500,On or near Kendell Street,Investigation complete; no suspect identified,west-yorkshire,LDT_CITY
107068971,public-order,2022-12,53.794244,-1.534818,On or near The Chandlers,Unable to prosecute suspect,west-yorkshire,LDT_CITY
107061883,public-order,2022-12,53.800472,-1.548566,On or near Alexander Street,Unable to prosecute suspect,west-yorkshire,LDT_CITY
107059742,public-order,2022-12,53.795337,-1.545615,On or near Mill Hill,Unable to prosecute suspect,west-yorkshire,LDT_CITY
107032004,public-order,2022-12,53.807784,-1.537994,On or near Oatland Gardens,Investigation complete; no suspect identified,west-yorkshire,LDT_CITY
107059761,public-order,2022-12,53.795337,-1.545615,On or near Mill Hill,Unable to prosecute suspect,west-yorkshire,LDT_CITY
107059701,public-order,2022-12,53.794518,-1.545229,On or near Leeds,Status update unavailable,west-yorkshire,LDT_CITY
107036339,public-order,2022-12,53.796697,-1.546359,On or near Lower Basinghall Street,Investigation complete; no suspect identified,west-yorkshire,LDT_CITY
107068312,public-order,2022-12,53.796355,-1.536859,On or near ,Investigation complete; no suspect identified,west-yorkshire,LDT_CITY
107051183,public-order,2022-12,53.799734,-1.562997,On or near Abbey Street,Investigation complete; no suspect identified,west-yorkshire,LDT_CITY
107069534,public-order,2022-12,53.794080,-1.544009,On or near ,Unable to prosecute suspect,west-yorkshire,LDT_CITY
107037666,public-order,2022-12,53.813892,-1.548968,On or near Eltham Rise,Unable to prosecute suspect,west-yorkshire,LDT_CITY
107065662,public-order,2022-12,53.801906,-1.526716,On or near Cromwell Mount,Unable to prosecute suspect,west-yorkshire,LDT_CITY
107069372,public-order,2022-12,53.798363,-1.544671,On or near ,Investigation complete; no suspect identified,west-yorkshire,LDT_CITY
107032999,public-order,2022-12,53.798265,-1.545097,On or near Albion Street,Unable to prosecute suspect,west-yorkshire,LDT_CITY
107050263,public-order,2022-12,53.796525,-1.541290,On or near Central Road,Investigation complete; no suspect identified,west-yorkshire,LDT_CITY
107035601,public-order,2022-12,53.796033,-1.541964,On or near Duncan Street,Investigation complete; no suspect identified,west-yorkshire,LDT_CITY
107038534,public-order,2022-12,53.794964,-1.537330,On or near High Court Lane,Investigation complete; no suspect identified,west-yorkshire,LDT_CITY
107033248,public-order,2022-12,53.807112,-1.538791,On or near Oatland Drive,Investigation complete; no suspect identified,west-yorkshire,LDT_CITY
107052912,public-order,2022-12,53.807988,-1.551704,On or near Marlborough Gardens,Status update unavailable,west-yorkshire,LDT_CITY
107064493,public-order,2022-12,53.795337,-1.545615,On or near Mill Hill,Unable to prosecute suspect,west-yorkshire,LDT_CITY
107064709,public-order,2022-12,53.797581,-1.544831,On or near ,Investigation complete; no suspect identified,west-yorkshire,LDT_CITY
107038634,public-order,2022-12,53.802493,-1.543579,On or near Merrion Way,Investigation complete; no suspect identified,west-yorkshire,LDT_CITY
107041257,public-order,2022-12,53.800047,-1.545670,On or near ,Unable to prosecute suspect,west-yorkshire,LDT_CITY
107043282,public-order,2022-12,53.800377,-1.549705,On or near ,Investigation complete; no suspect identified,west-yorkshire,LDT_CITY
107069180,public-order,2022-12,53.808804,-1.548765,On or near Back Blenheim Avenue,Unable to prosecute suspect,west-yorkshire,LDT_CITY
107043445,public-order,2022-12,53.798896,-1.543208,On or near ,Investigation complete; no suspect identified,west-yorkshire,LDT_CITY
107037612,public-order,2022-12,53.795153,-1.542125,On or near ,Investigation complete; no suspect identified,west-yorkshire,LDT_CITY
107037805,public-order,2022-12,53.796697,-1.546359,On or near Lower Basinghall Street,Investigation complete; no suspect identified,west-yorkshire,LDT_CITY
107041535,public-order,2022-12,53.797086,-1.535303,On or near Leeds City Bus Station,Investigation complete; no suspect identified,west-yorkshire,LDT_CITY
107034721,public-order,2022-12,53.796697,-1.546359,On or near Lower Basinghall Street,Unable to prosecute suspect,west-yorkshire,LDT_CITY
107049176,public-order,2022-12,53.788971,-1.540219,On or near ,Investigation complete; no suspect identified,west-yorkshire,LDT_CITY
107056477,public-order,2022-12,53.792888,-1.539660,On or near Waterloo Street,Unable to prosecute suspect,west-yorkshire,LDT_CITY
107044426,public-order,2022-12,53.797181,-1.538976,On or near ,Investigation complete; no suspect identified,west-yorkshire,LDT_CITY
107038988,public-order,2022-12,53.801058,-1.532678,On or near Mabgate Green,Investigation complete; no suspect identified,west-yorkshire,LDT_CITY
107067430,public-order,2022-12,53.800683,-1.542763,On or near Merrion Street,Investigation complete; no suspect identified,west-yorkshire,LDT_CITY
107040069,public-order,2022-12,53.789176,-1.540536,On or near ,Unable to prosecute suspect,west-yorkshire,LDT_CITY
107063065,public-order,2022-12,53.795337,-1.545615,On or near Mill Hill,Unable to prosecute suspect,west-yorkshire,LDT_CITY
107044925,public-order,2022-12,53.798896,-1.543208,On or near ,Investigation complete; no suspect identified,west-yorkshire,LDT_CITY
107068716,public-order,2022-12,53.797581,-1.544831,On or near ,Investigation complete; no suspect identified,west-yorkshire,LDT_CITY
107068600,public-order,2022-12,53.798816,-1.543376,On or near Lands Lane,Investigation complete; no suspect identified,west-yorkshire,LDT_CITY
107052376,public-order,2022-12,53.795337,-1.545615,On or near Mill Hill,Investigation complete; no suspect identified,west-yorkshire,LDT_CITY
107067249,public-order,2022-12,53.794796,-1.538030,On or near The Calls,Investigation complete; no suspect identified,west-yorkshire,LDT_CITY
107066925,public-order,2022-12,53.797086,-1.535303,On or near Leeds City Bus Station,Investigation complete; no suspect identified,west-yorkshire,LDT_CITY
107066808,public-order,2022-12,53.796355,-1.536859,On or near ,Investigation complete; no suspect identified,west-yorkshire,LDT_CITY
107065215,public-order,2022-12,53.796355,-1.536859,On or near ,Local resolution,west-yorkshire,LDT_CITY
107070151,public-order,2022-12,53.809171,-1.553210,On or near Kingston Terrace,Unable to prosecute suspect,west-yorkshire,LDT_CITY
107060255,public-order,2022-12,53.797181,-1.538976,On or near ,Court result unavailable,west-yorkshire,LDT_CITY
107039660,public-order,2022-12,53.802493,-1.543579,On or near Merrion Way,Investigation complete; no suspect identified,west-yorkshire,LDT_CITY
107058486,public-order,2022-12,53.814085,-1.547751,On or near Speedwell Mount,Investigation complete; no suspect identified,west-yorkshire,LDT_CITY
107036384,public-order,2022-12,53.797762,-1.537998,On or near George Street,Investigation complete; no suspect identified,west-yorkshire,LDT_CITY
107069022,public-order,2022-12,53.802041,-1.542885,On or near ,Investigation complete; no suspect identified,west-yorkshire,LDT_CITY
107037075,public-order,2022-12,53.802263,-1.554058,On or near Inner Ring Road,Investigation complete; no suspect identified,west-yorkshire,LDT_CITY
107060309,public-order,2022-12,53.797181,-1.538976,On or near ,Court result unavailable,west-yorkshire,LDT_CITY
107066481,public-order,2022-12,53.796697,-1.546359,On or near Lower Basinghall Street,Investigation complete; no suspect identified,west-yorkshire,LDT_CITY
107062709,public-order,2022-12,53.797762,-1.537998,On or near George Street,Court result unavailable,west-yorkshire,LDT_CITY
107051097,public-order,2022-12,53.803048,-1.529215,On or near ,Unable to prosecute suspect,west-yorkshire,LDT_CITY
107052483,public-order,2022-12,53.799522,-1.526090,On or near Rigton Approach,Unable to prosecute suspect,west-yorkshire,LDT_CITY
107052430,public-order,2022-12,53.788971,-1.540219,On or near ,Investigation complete; no suspect identified,west-yorkshire,LDT_CITY
107049376,public-order,2022-12,53.801873,-1.553257,On or near St George's Road,Unable to prosecute suspect,west-yorkshire,LDT_CITY
107048178,public-order,2022-12,53.795153,-1.542125,On or near ,Unable to prosecute suspect,west-yorkshire,LDT_CITY
107047154,public-order,2022-12,53.805450,-1.536486,On or near Lovell Park View,Investigation complete; no suspect identified,west-yorkshire,LDT_CITY
107050957,public-order,2022-12,53.801463,-1.528225,On or near Thealby Lawn,Investigation complete; no suspect identified,west-yorkshire,LDT_CITY
107046958,public-order,2022-12,53.801445,-1.551744,On or near ,Court result unavailable,west-yorkshire,LDT_CITY
107053263,public-order,2022-12,53.810902,-1.554452,On or near St Mark's Street,Unable to prosecute suspect,west-yorkshire,LDT_CITY
107032179,public-order,2022-12,53.796033,-1.541964,On or near Duncan Street,Investigation complete; no suspect identified,west-yorkshire,LDT_CITY
107045936,public-order,2022-12,53.802493,-1.543579,On or near Merrion Way,Investigation complete; no suspect identified,west-yorkshire,LDT_CITY
107053627,public-order,2022-12,53.796001,-1.533508,On or near Duke Street,Unable to prosecute suspect,west-yorkshire,LDT_CITY
107059394,public-order,2022-12,53.801445,-1.551744,On or near ,Unable to prosecute suspect,west-yorkshire,LDT_CITY
107048552,public-order,2022-12,53.796355,-1.536859,On or near ,Unable to prosecute suspect,west-yorkshire,LDT_CITY
107050693,public-order,2022-12,53.795337,-1.545615,On or near Mill Hill,Unable to prosecute suspect,west-yorkshire,LDT_CITY
107033199,public-order,2022-12,53.796355,-1.536859,On or near ,Investigation complete; no suspect identified,west-yorkshire,LDT_CITY
107066692,public-order,2022-12,53.807146,-1.566959,On or near Woodsley Green,Investigation complete; no suspect identified,west-yorkshire,LDT_CITY
107050598,public-order,2022-12,53.793575,-1.547714,On or near Little Neville Street,Investigation complete; no suspect identified,west-yorkshire,LDT_CITY
107043518,public-order,2022-12,53.814034,-1.546096,On or near Cross Chancellor Street,Unable to prosecute suspect,west-yorkshire,LDT_CITY
107043667,public-order,2022-12,53.802954,-1.525718,On or near Lindsey Court,Court result unavailable,west-yorkshire,LDT_CITY
107069587,public-order,2022-12,53.792724,-1.551002,On or near Wharf Approach,Unable to prosecute suspect,west-yorkshire,LDT_CITY
107067918,public-order,2022-12,53.796525,-1.541290,On or near Central Road,Investigation complete; no suspect identified,west-yorkshire,LDT_CITY
107045351,public-order,2022-12,53.800716,-1.563594,On or near St Andrew's Street,Unable to prosecute suspect,west-yorkshire,LDT_CITY
107065104,public-order,2022-12,53.798870,-1.547991,On or near ,Investigation complete; no suspect identified,west-yorkshire,LDT_CITY
107033649,public-order,2022-12,53.797793,-1.563123,On or near Wellington Bridge Street,Unable to prosecute suspect,west-yorkshire,LDT_CITY
107049493,public-order,2022-12,53.796169,-1.558859,On or near ,Unable to prosecute suspect,west-yorkshire,LDT_CITY
107049451,public-order,2022-12,53.802541,-1.563621,On or near Consort Street,Investigation complete; no suspect identified,west-yorkshire,LDT_CITY
107035609,public-order,2022-12,53.793535,-1.546803,On or near Neville Street,Investigation complete; no suspect identified,west-yorkshire,LDT_CITY
107035616,public-order,2022-12,53.798775,-1.544378,On or near King Charles Street,Investigation complete; no suspect identified,west-yorkshire,LDT_CITY
107049191,public-order,2022-12,53.797581,-1.544831,On or near ,Court result unavailable,west-yorkshire,LDT_CITY
107051840,public-order,2022-12,53.809171,-1.553210,On or near Kingston Terrace,Investigation complete; no suspect identified,west-yorkshire,LDT_CITY
107049064,public-order,2022-12,53.798144,-1.539284,On or near Harewood Street,Local resolution,west-yorkshire,LDT_CITY
107063185,public-order,2022-12,53.797993,-1.541897,On or near ,Unable to prosecute suspect,west-yorkshire,LDT_CITY
107041949,public-order,2022-12,53.796834,-1.535886,On or near ,Investigation complete; no suspect identified,west-yorkshire,LDT_CITY
107042080,public-order,2022-12,53.788971,-1.540219,On or near ,Investigation complete; no suspect identified,west-yorkshire,LDT_CITY
107042317,public-order,2022-12,53.800938,-1.543535,On or near ,Unable to prosecute suspect,west-yorkshire,LDT_CITY
107042388,public-order,2022-12,53.798173,-1.539724,On or near Sidney Street,Unable to prosecute suspect,west-yorkshire,LDT_CITY
107056244,public-order,2022-12,53.797791,-1.536176,On or near Dyer Street,Investigation complete; no suspect identified,west-yorkshire,LDT_CITY
107048460,public-order,2022-12,53.807382,-1.550632,On or near Blandford Gardens,Investigation complete; no suspect identified,west-yorkshire,LDT_CITY
107048451,public-order,2022-12,53.802041,-1.542885,On or near ,Unable to prosecute suspect,west-yorkshire,LDT_CITY
107048437,public-order,2022-12,53.796294,-1.532609,On or near Brussels Street,Unable to prosecute suspect,west-yorkshire,LDT_CITY
107053478,public-order,2022-12,53.798816,-1.543376,On or near Lands Lane,Investigation complete; no suspect identified,west-yorkshire,LDT_CITY
107051015,public-order,2022-12,53.809171,-1.553210,On or near Kingston Terrace,Unable to prosecute suspect,west-yorkshire,LDT_CITY
107066101,public-order,2022-12,53.794273,-1.544761,On or near ,Investigation complete; no suspect identified,west-yorkshire,LDT_CITY
107050165,public-order,2022-12,53.807533,-1.564784,On or near St John's Close,Unable to prosecute suspect,west-yorkshire,LDT_CITY
107047473,public-order,2022-12,53.796697,-1.546359,On or near Lower Basinghall Street,Investigation complete; no suspect identified,west-yorkshire,LDT_CITY
107046893,public-order,2022-12,53.801445,-1.551744,On or near ,Court result unavailable,west-yorkshire,LDT_CITY
107051353,public-order,2022-12,53.794460,-1.541951,On or near Pitfall Street,Unable to prosecute suspect,west-yorkshire,LDT_CITY
107051050,public-order,2022-12,53.789940,-1.549316,On or near Manor Road,Unable to prosecute suspect,west-yorkshire,LDT_CITY
107046769,public-order,2022-12,53.802493,-1.543579,On or near Merrion Way,Investigation complete; no suspect identified,west-yorkshire,LDT_CITY
107050340,public-order,2022-12,53.796139,-1.541279,On or near ,Investigation complete; no suspect identified,west-yorkshire,LDT_CITY
107049777,public-order,2022-12,53.801873,-1.553257,On or near St George's Road,Unable to prosecute suspect,west-yorkshire,LDT_CITY
107045983,public-order,2022-12,53.798896,-1.543208,On or near ,Unable to prosecute suspect,west-yorkshire,LDT_CITY
107045725,public-order,2022-12,53.796159,-1.537089,On or near Cross York Street,Investigation complete; no suspect identified,west-yorkshire,LDT_CITY
107049060,public-order,2022-12,53.796834,-1.535886,On or near ,Unable to prosecute suspect,west-yorkshire,LDT_CITY
107046019,public-order,2022-12,53.813892,-1.548968,On or near Eltham Rise,Unable to prosecute suspect,west-yorkshire,LDT_CITY
107056541,public-order,2022-12,53.798747,-1.553609,On or near Somers Place,Unable to prosecute suspect,west-yorkshire,LDT_CITY
107069971,public-order,2022-12,53.796033,-1.541964,On or near Duncan Street,Status update unavailable,west-yorkshire,LDT_CITY
107045190,public-order,2022-12,53.795337,-1.545615,On or near Mill Hill,Unable to prosecute suspect,west-yorkshire,LDT_CITY
107069670,public-order,2022-12,53.799425,-1.545100,On or near The Headrow,Further investigation is not in the public interest,west-yorkshire,LDT_CITY
107069985,public-order,2022-12,53.794460,-1.541951,On or near Pitfall Street,Further investigation is not in the public interest,west-yorkshire,LDT_CITY
124975981,public-order,2022-12,53.793626,-1.549368,Leeds (station),Status update unavailable,west-yorkshire,LDT_CITY
107043239,public-order,2022-12,53.795177,-1.541305,On or near Queens's Court,Offender given a caution,west-yorkshire,LDT_CITY
124975982,public-order,2022-12,53.793626,-1.549368,Leeds (station),Status update unavailable,west-yorkshire,LDT_CITY
107032251,public-order,2022-12,53.794460,-1.541951,On or near Pitfall Street,Local resolution,west-yorkshire,LDT_CITY
107068957,public-order,2022-12,53.794244,-1.534818,On or near The Chandlers,Unable to prosecute suspect,west-yorkshire,LDT_CITY
107052075,public-order,2022-12,53.799069,-1.550903,On or near Park Square East,Local resolution,west-yorkshire,LDT_CITY
107041289,public-order,2022-12,53.812627,-1.551913,On or near Holborn Terrace,Investigation complete; no suspect identified,west-yorkshire,LDT_CITY
107068736,public-order,2022-12,53.810444,-1.549795,On or near Devonshire Gardens,Further investigation is not in the public interest,west-yorkshire,LDT_CITY
107041189,public-order,2022-12,53.798063,-1.527655,On or near ,Investigation complete; no suspect identified,west-yorkshire,LDT_CITY
107052125,public-order,2022-12,53.792888,-1.539660,On or near Waterloo Street,Unable to prosecute suspect,west-yorkshire,LDT_CITY
107067760,public-order,2022-12,53.796033,-1.541964,On or near Duncan Street,Investigation complete; no suspect identified,west-yorkshire,LDT_CITY
107067208,public-order,2022-12,53.800377,-1.549705,On or near ,Investigation complete; no suspect identified,west-yorkshire,LDT_CITY
107055413,public-order,2022-12,53.792724,-1.551002,On or near Wharf Approach,Unable to prosecute suspect,west-yorkshire,LDT_CITY
107051374,public-order,2022-12,53.798144,-1.539284,On or near Harewood Street,Investigation complete; no suspect identified,west-yorkshire,LDT_CITY
107069715,public-order,2022-12,53.793535,-1.546803,On or near Neville Street,Investigation complete; no suspect identified,west-yorkshire,LDT_CITY
107052291,public-order,2022-12,53.800729,-1.535946,On or near Bridge Street,Investigation complete; no suspect identified,west-yorkshire,LDT_CITY
107054094,public-order,2022-12,53.806187,-1.560409,On or near Clarendon Road,Unable to prosecute suspect,west-yorkshire,LDT_CITY
107053970,public-order,2022-12,53.795337,-1.545615,On or near Mill Hill,Unable to prosecute suspect,west-yorkshire,LDT_CITY
107052312,public-order,2022-12,53.796033,-1.541964,On or near Duncan Street,Investigation complete; no suspect identified,west-yorkshire,LDT_CITY
107053661,public-order,2022-12,53.802493,-1.543579,On or near Merrion Way,Investigation complete; no suspect identified,west-yorkshire,LDT_CITY
107051911,public-order,2022-12,53.801445,-1.551744,On or near ,Status update unavailable,west-yorkshire,LDT_CITY
107052900,public-order,2022-12,53.795337,-1.545615,On or near Mill Hill,Unable to prosecute suspect,west-yorkshire,LDT_CITY
107051284,public-order,2022-12,53.801445,-1.551744,On or near ,Court result unavailable,west-yorkshire,LDT_CITY
107051272,public-order,2022-12,53.801445,-1.551744,On or near ,Unable to prosecute suspect,west-yorkshire,LDT_CITY
107067705,robbery,2022-12,53.803497,-1.538162,On or near Grafton Street,Investigation complete; no suspect identified,west-yorkshire,LDT_CITY
107057917,robbery,2022-12,53.795337,-1.545615,On or near Mill Hill,Investigation complete; no suspect identified,west-yorkshire,LDT_CITY
107049602,robbery,2022-12,53.796033,-1.541964,On or near Duncan Street,Unable to prosecute suspect,west-yorkshire,LDT_CITY
107052658,robbery,2022-12,53.796033,-1.541964,On or near Duncan Street,Investigation complete; no suspect identified,west-yorkshire,LDT_CITY
107054311,robbery,2022-12,53.801662,-1.542449,On or near Wade Lane,Investigation complete; no suspect identified,west-yorkshire,LDT_CITY
107063181,robbery,2022-12,53.796033,-1.541964,On or near Duncan Street,Court result unavailable,west-yorkshire,LDT_CITY
107056459,robbery,2022-12,53.807869,-1.541637,On or near Carlton Gardens,Court result unavailable,west-yorkshire,LDT_CITY
107054304,robbery,2022-12,53.800938,-1.543535,On or near Nightclub,Unable to prosecute suspect,west-yorkshire,LDT_CITY
107047851,robbery,2022-12,53.804801,-1.540821,On or near Elmwood Lane,Investigation complete; no suspect identified,west-yorkshire,LDT_CITY
107059021,robbery,2022-12,53.797993,-1.541897,On or near ,Unable to prosecute suspect,west-yorkshire,LDT_CITY
107064967,robbery,2022-12,53.797975,-1.561133,On or near ,Investigation complete; no suspect identified,west-yorkshire,LDT_CITY
107042051,robbery,2022-12,53.796525,-1.541290,On or near Central Road,Investigation complete; no suspect identified,west-yorkshire,LDT_CITY
107041774,robbery,2022-12,53.803337,-1.545604,On or near Queen Square,Status update unavailable,west-yorkshire,LDT_CITY
124975983,robbery,2022-12,53.793626,-1.549368,Leeds (station),Status update unavailable,west-yorkshire,LDT_CITY
107048656,robbery,2022-12,53.797581,-1.544831,On or near ,Investigation complete; no suspect identified,west-yorkshire,LDT_CITY
107052495,robbery,2022-12,53.796033,-1.541964,On or near Duncan Street,Status update unavailable,west-yorkshire,LDT_CITY
107055919,robbery,2022-12,53.808514,-1.567613,On or near Hill Top Place,Investigation complete; no suspect identified,west-yorkshire,LDT_CITY
107069083,robbery,2022-12,53.796355,-1.536859,On or near ,Investigation complete; no suspect identified,west-yorkshire,LDT_CITY
107069781,robbery,2022-12,53.803497,-1.538162,On or near Grafton Street,Investigation complete; no suspect identified,west-yorkshire,LDT_CITY
107043624,robbery,2022-12,53.798816,-1.543376,On or near Lands Lane,Investigation complete; no suspect identified,west-yorkshire,LDT_CITY
107038768,robbery,2022-12,53.802100,-1.537085,On or near St Thomas Row,Investigation complete; no suspect identified,west-yorkshire,LDT_CITY
107055458,robbery,2022-12,53.795751,-1.541949,On or near ,Investigation complete; no suspect identified,west-yorkshire,LDT_CITY
107044312,robbery,2022-12,53.797743,-1.547061,On or near Park Row,Investigation complete; no suspect identified,west-yorkshire,LDT_CITY
107045062,robbery,2022-12,53.801162,-1.531599,On or near Mabgate,Status update unavailable,west-yorkshire,LDT_CITY
107049702,robbery,2022-12,53.793028,-1.531765,On or near Neptune Street,Status update unavailable,west-yorkshire,LDT_CITY
107057653,robbery,2022-12,53.796525,-1.541290,On or near Central Road,Status update unavailable,west-yorkshire,LDT_CITY
107059719,robbery,2022-12,53.796525,-1.541290,On or near Central Road,Investigation complete; no suspect identified,west-yorkshire,LDT_CITY
107052359,robbery,2022-12,53.796033,-1.541964,On or near Duncan Street,Investigation complete; no suspect identified,west-yorkshire,LDT_CITY
107059740,robbery,2022-12,53.796525,-1.541290,On or near Central Road,Investigation complete; no suspect identified,west-yorkshire,LDT_CITY
107042739,robbery,2022-12,53.796033,-1.541964,On or near Duncan Street,Investigation complete; no suspect identified,west-yorkshire,LDT_CITY
107062512,robbery,2022-12,53.795337,-1.545615,On or near Mill Hill,Unable to prosecute suspect,west-yorkshire,LDT_CITY
107070066,robbery,2022-12,53.798854,-1.546351,On or near Upper Basinghall Street,Investigation complete; no suspect identified,west-yorkshire,LDT_CITY
107035695,robbery,2022-12,53.799069,-1.550903,On or near Park Square East,Status update unavailable,west-yorkshire,LDT_CITY
107046144,robbery,2022-12,53.796033,-1.541964,On or near Duncan Street,Investigation complete; no suspect identified,west-yorkshire,LDT_CITY
107061511,robbery,2022-12,53.798265,-1.545097,On or near Albion Street,Unable to prosecute suspect,west-yorkshire,LDT_CITY
107061479,robbery,2022-12,53.798265,-1.545097,On or near Albion Street,Court result unavailable,west-yorkshire,LDT_CITY
107065787,robbery,2022-12,53.804667,-1.538529,On or near Lovell Park Gate,Investigation complete; no suspect identified,west-yorkshire,LDT_CITY
107049936,robbery,2022-12,53.800938,-1.543535,On or near ,Unable to prosecute suspect,west-yorkshire,LDT_CITY
107058919,robbery,2022-12,53.797993,-1.541897,On or near ,Status update unavailable,west-yorkshire,LDT_CITY
107057404,robbery,2022-12,53.803405,-1.535354,On or near Concord Street,Court result unavailable,west-yorkshire,LDT_CITY
107058966,robbery,2022-12,53.795401,-1.541029,On or near Call Lane,Investigation complete; no suspect identified,west-yorkshire,LDT_CITY
107065779,robbery,2022-12,53.799916,-1.539583,On or near North Court,Unable to prosecute suspect,west-yorkshire,LDT_CITY
107063453,robbery,2022-12,53.794460,-1.541951,On or near Pitfall Street,Court result unavailable,west-yorkshire,LDT_CITY
107061531,robbery,2022-12,53.798265,-1.545097,On or near Albion Street,Unable to prosecute suspect,west-yorkshire,LDT_CITY
107063204,robbery,2022-12,53.803497,-1.538162,On or near Grafton Street,Court result unavailable,west-yorkshire,LDT_CITY
107052695,robbery,2022-12,53.796355,-1.536859,On or near ,Status update unavailable,west-yorkshire,LDT_CITY
107069145,robbery,2022-12,53.803497,-1.538162,On or near Grafton Street,Investigation complete; no suspect identified,west-yorkshire,LDT_CITY
107052582,robbery,2022-12,53.798896,-1.543208,On or near ,Investigation complete; no suspect identified,west-yorkshire,LDT_CITY
107040532,shoplifting,2022-12,53.796697,-1.546359,On or near Lower Basinghall Street,Court result unavailable,west-yorkshire,LDT_CITY
107047935,shoplifting,2022-12,53.798230,-1.537628,On or near ,Investigation complete; no suspect identified,west-yorkshire,LDT_CITY
107063208,shoplifting,2022-12,53.797993,-1.541897,On or near ,Court result unavailable,west-yorkshire,LDT_CITY
107065108,shoplifting,2022-12,53.804002,-1.531643,On or near ,Investigation complete; no suspect identified,west-yorkshire,LDT_CITY
107070146,shoplifting,2022-12,53.798896,-1.543208,On or near ,Investigation complete; no suspect identified,west-yorkshire,LDT_CITY
107063104,shoplifting,2022-12,53.797581,-1.544831,On or near ,Unable to prosecute suspect,west-yorkshire,LDT_CITY
107041537,shoplifting,2022-12,53.794080,-1.544009,On or near ,Local resolution,west-yorkshire,LDT_CITY
107062722,shoplifting,2022-12,53.800472,-1.548566,On or near Alexander Street,Investigation complete; no suspect identified,west-yorkshire,LDT_CITY
107058123,shoplifting,2022-12,53.795337,-1.545615,On or near Mill Hill,Court result unavailable,west-yorkshire,LDT_CITY
107058100,shoplifting,2022-12,53.795337,-1.545615,On or near Mill Hill,Court result unavailable,west-yorkshire,LDT_CITY
107058096,shoplifting,2022-12,53.800584,-1.561880,On or near Rutland Mount,Investigation complete; no suspect identified,west-yorkshire,LDT_CITY
107039454,shoplifting,2022-12,53.804002,-1.531643,On or near ,Investigation complete; no suspect identified,west-yorkshire,LDT_CITY
107052889,shoplifting,2022-12,53.800298,-1.560030,On or near Back Burley Street,Local resolution,west-yorkshire,LDT_CITY
107057012,shoplifting,2022-12,53.798230,-1.537628,On or near ,Investigation complete; no suspect identified,west-yorkshire,LDT_CITY
107062034,shoplifting,2022-12,53.798230,-1.537628,On or near ,Court result unavailable,west-yorkshire,LDT_CITY
107059415,shoplifting,2022-12,53.798896,-1.543208,On or near ,Court result unavailable,west-yorkshire,LDT_CITY
107053418,shoplifting,2022-12,53.800298,-1.560030,On or near Back Burley Street,Court result unavailable,west-yorkshire,LDT_CITY
107040567,shoplifting,2022-12,53.796697,-1.546359,On or near Lower Basinghall Street,Investigation complete; no suspect identified,west-yorkshire,LDT_CITY
107060225,shoplifting,2022-12,53.798896,-1.543208,On or near ,Court result unavailable,west-yorkshire,LDT_CITY
107040561,shoplifting,2022-12,53.797581,-1.544831,On or near ,Unable to prosecute suspect,west-yorkshire,LDT_CITY
107050583,shoplifting,2022-12,53.798896,-1.543208,On or near ,Investigation complete; no suspect identified,west-yorkshire,LDT_CITY
107057724,shoplifting,2022-12,53.793468,-1.538500,On or near Kendell Street,Unable to prosecute suspect,west-yorkshire,LDT_CITY
107039322,shoplifting,2022-12,53.802493,-1.543579,On or near Merrion Way,Investigation complete; no suspect identified,west-yorkshire,LDT_CITY
107057502,shoplifting,2022-12,53.796697,-1.546359,On or near Lower Basinghall Street,Local resolution,west-yorkshire,LDT_CITY
107044263,shoplifting,2022-12,53.796525,-1.541290,On or near Central Road,Investigation complete; no suspect identified,west-yorkshire,LDT_CITY
107050329,shoplifting,2022-12,53.797581,-1.544831,On or near ,Investigation complete; no suspect identified,west-yorkshire,LDT_CITY
107038256,shoplifting,2022-12,53.797501,-1.549721,On or near Croft's Court,Investigation complete; no suspect identified,west-yorkshire,LDT_CITY
107032052,shoplifting,2022-12,53.796697,-1.546359,On or near Lower Basinghall Street,Investigation complete; no suspect identified,west-yorkshire,LDT_CITY
107056926,shoplifting,2022-12,53.798144,-1.539284,On or near Harewood Street,Court result unavailable,west-yorkshire,LDT_CITY
107032153,shoplifting,2022-12,53.796697,-1.546359,On or near Lower Basinghall Street,Investigation complete; no suspect identified,west-yorkshire,LDT_CITY
107032321,shoplifting,2022-12,53.802954,-1.525718,On or near Lindsey Court,Investigation complete; no suspect identified,west-yorkshire,LDT_CITY
107056805,shoplifting,2022-12,53.798230,-1.537628,On or near ,Investigation complete; no suspect identified,west-yorkshire,LDT_CITY
107032365,shoplifting,2022-12,53.797581,-1.544831,On or near ,Investigation complete; no suspect identified,west-yorkshire,LDT_CITY
107032431,shoplifting,2022-12,53.789999,-1.540967,On or near Junction Street,Investigation complete; no suspect identified,west-yorkshire,LDT_CITY
107056785,shoplifting,2022-12,53.798230,-1.537628,On or near Shopping Area,Court result unavailable,west-yorkshire,LDT_CITY
107038318,shoplifting,2022-12,53.799588,-1.540619,On or near Harrison Street,Investigation complete; no suspect identified,west-yorkshire,LDT_CITY
107039512,shoplifting,2022-12,53.804002,-1.531643,On or near ,Investigation complete; no suspect identified,west-yorkshire,LDT_CITY
107032896,shoplifting,2022-12,53.798230,-1.537628,On or near ,Investigation complete; no suspect identified,west-yorkshire,LDT_CITY
107039516,shoplifting,2022-12,53.804002,-1.531643,On or near ,Investigation complete; no suspect identified,west-yorkshire,LDT_CITY
107033327,shoplifting,2022-12,53.796697,-1.546359,On or near Lower Basinghall Street,Investigation complete; no suspect identified,west-yorkshire,LDT_CITY
107038619,shoplifting,2022-12,53.797864,-1.545800,On or near ,Unable to prosecute suspect,west-yorkshire,LDT_CITY
107067698,shoplifting,2022-12,53.788745,-1.542165,On or near Kidacre Street,Investigation complete; no suspect identified,west-yorkshire,LDT_CITY
107043747,shoplifting,2022-12,53.797581,-1.544831,On or near ,Local resolution,west-yorkshire,LDT_CITY
107067151,shoplifting,2022-12,53.797864,-1.545800,On or near ,Investigation complete; no suspect identified,west-yorkshire,LDT_CITY
107040296,shoplifting,2022-12,53.798230,-1.537628,On or near ,Court result unavailable,west-yorkshire,LDT_CITY
107038752,shoplifting,2022-12,53.799588,-1.540619,On or near Harrison Street,Investigation complete; no suspect identified,west-yorkshire,LDT_CITY
107061691,shoplifting,2022-12,53.798230,-1.537628,On or near ,Court result unavailable,west-yorkshire,LDT_CITY
107040088,shoplifting,2022-12,53.804002,-1.531643,On or near ,Investigation complete; no suspect identified,west-yorkshire,LDT_CITY
107049487,shoplifting,2022-12,53.795751,-1.541949,On or near ,Investigation complete; no suspect identified,west-yorkshire,LDT_CITY
107055706,shoplifting,2022-12,53.800584,-1.561880,On or near Rutland Mount,Court result unavailable,west-yorkshire,LDT_CITY
107041345,shoplifting,2022-12,53.812627,-1.551913,On or near Holborn Terrace,Investigation complete; no suspect identified,west-yorkshire,LDT_CITY
107033840,shoplifting,2022-12,53.797581,-1.544831,On or near ,Investigation complete; no suspect identified,west-yorkshire,LDT_CITY
107034036,shoplifting,2022-12,53.798363,-1.544671,On or near ,Investigation complete; no suspect identified,west-yorkshire,LDT_CITY
107039116,shoplifting,2022-12,53.798230,-1.537628,On or near ,Investigation complete; no suspect identified,west-yorkshire,LDT_CITY
107052078,shoplifting,2022-12,53.796697,-1.546359,On or near Lower Basinghall Street,Court result unavailable,west-yorkshire,LDT_CITY
107039612,shoplifting,2022-12,53.804002,-1.531643,On or near ,Investigation complete; no suspect identified,west-yorkshire,LDT_CITY
107061185,shoplifting,2022-12,53.800472,-1.548566,On or near Alexander Street,Investigation complete; no suspect identified,west-yorkshire,LDT_CITY
107039267,shoplifting,2022-12,53.802493,-1.543579,On or near Merrion Way,Investigation complete; no suspect identified,west-yorkshire,LDT_CITY
107035452,shoplifting,2022-12,53.796355,-1.536859,On or near ,Unable to prosecute suspect,west-yorkshire,LDT_CITY
107035741,shoplifting,2022-12,53.795337,-1.545615,On or near Mill Hill,Local resolution,west-yorkshire,LDT_CITY
107060098,shoplifting,2022-12,53.798230,-1.537628,On or near ,Unable to prosecute suspect,west-yorkshire,LDT_CITY
107051881,shoplifting,2022-12,53.798230,-1.537628,On or near Shopping Area,Court result unavailable,west-yorkshire,LDT_CITY
107063082,shoplifting,2022-12,53.796697,-1.546359,On or near Lower Basinghall Street,Court result unavailable,west-yorkshire,LDT_CITY
107065333,shoplifting,2022-12,53.797581,-1.544831,On or near ,Investigation complete; no suspect identified,west-yorkshire,LDT_CITY
107066419,shoplifting,2022-12,53.795337,-1.545615,On or near Mill Hill,Investigation complete; no suspect identified,west-yorkshire,LDT_CITY
107036441,shoplifting,2022-12,53.798816,-1.543376,On or near Lands Lane,Court result unavailable,west-yorkshire,LDT_CITY
107065084,shoplifting,2022-12,53.804002,-1.531643,On or near ,Investigation complete; no suspect identified,west-yorkshire,LDT_CITY
107067023,shoplifting,2022-12,53.797581,-1.544831,On or near ,Investigation complete; no suspect identified,west-yorkshire,LDT_CITY
107065078,shoplifting,2022-12,53.794460,-1.541951,On or near Pitfall Street,Investigation complete; no suspect identified,west-yorkshire,LDT_CITY
107067503,shoplifting,2022-12,53.796033,-1.541964,On or near Duncan Street,Investigation complete; no suspect identified,west-yorkshire,LDT_CITY
107036849,shoplifting,2022-12,53.803781,-1.541940,On or near ,Investigation complete; no suspect identified,west-yorkshire,LDT_CITY
107036951,shoplifting,2022-12,53.796525,-1.541290,On or near Central Road,Investigation complete; no suspect identified,west-yorkshire,LDT_CITY
107059600,shoplifting,2022-12,53.798230,-1.537628,On or near ,Court result unavailable,west-yorkshire,LDT_CITY
107068230,shoplifting,2022-12,53.797864,-1.545800,On or near ,Investigation complete; no suspect identified,west-yorkshire,LDT_CITY
107064463,shoplifting,2022-12,53.804002,-1.531643,On or near ,Investigation complete; no suspect identified,west-yorkshire,LDT_CITY
107064216,shoplifting,2022-12,53.794080,-1.544009,On or near ,Investigation complete; no suspect identified,west-yorkshire,LDT_CITY
107068565,shoplifting,2022-12,53.804002,-1.531643,On or near ,Investigation complete; no suspect identified,west-yorkshire,LDT_CITY
107039914,shoplifting,2022-12,53.797864,-1.545800,On or near ,Local resolution,west-yorkshire,LDT_CITY
107059920,shoplifting,2022-12,53.798896,-1.543208,On or near Theatre/concert Hall,Court result unavailable,west-yorkshire,LDT_CITY
107059839,shoplifting,2022-12,53.797581,-1.544831,On or near ,Court result unavailable,west-yorkshire,LDT_CITY
107043825,shoplifting,2022-12,53.795924,-1.558330,On or near ,Investigation complete; no suspect identified,west-yorkshire,LDT_CITY
107054406,shoplifting,2022-12,53.796697,-1.546359,On or near Lower Basinghall Street,Local resolution,west-yorkshire,LDT_CITY
107044528,shoplifting,2022-12,53.796697,-1.546359,On or near Lower Basinghall Street,Investigation complete; no suspect identified,west-yorkshire,LDT_CITY
107050172,shoplifting,2022-12,53.796697,-1.546359,On or near Lower Basinghall Street,Investigation complete; no suspect identified,west-yorkshire,LDT_CITY
107050678,shoplifting,2022-12,53.795337,-1.545615,On or near Mill Hill,Local resolution,west-yorkshire,LDT_CITY
107045030,shoplifting,2022-12,53.798173,-1.539724,On or near Sidney Street,Investigation complete; no suspect identified,west-yorkshire,LDT_CITY
107050926,shoplifting,2022-12,53.795337,-1.545615,On or near Mill Hill,Court result unavailable,west-yorkshire,LDT_CITY
107063775,shoplifting,2022-12,53.800584,-1.561880,On or near Rutland Mount,Court result unavailable,west-yorkshire,LDT_CITY
107049361,shoplifting,2022-12,53.798896,-1.543208,On or near ,Court result unavailable,west-yorkshire,LDT_CITY
107049320,shoplifting,2022-12,53.798230,-1.537628,On or near ,Investigation complete; no suspect identified,west-yorkshire,LDT_CITY
107049323,shoplifting,2022-12,53.796033,-1.541964,On or near Duncan Street,Investigation complete; no suspect identified,west-yorkshire,LDT_CITY
107034022,shoplifting,2022-12,53.798896,-1.543208,On or near ,Investigation complete; no suspect identified,west-yorkshire,LDT_CITY
107049316,shoplifting,2022-12,53.798230,-1.537628,On or near ,Investigation complete; no suspect identified,west-yorkshire,LDT_CITY
107049292,shoplifting,2022-12,53.798230,-1.537628,On or near ,Unable to prosecute suspect,west-yorkshire,LDT_CITY
107070171,shoplifting,2022-12,53.798230,-1.537628,On or near ,Investigation complete; no suspect identified,west-yorkshire,LDT_CITY
107051772,shoplifting,2022-12,53.798230,-1.537628,On or near ,Investigation complete; no suspect identified,west-yorkshire,LDT_CITY
107050102,shoplifting,2022-12,53.796525,-1.541290,On or near Central Road,Unable to prosecute suspect,west-yorkshire,LDT_CITY
107035963,shoplifting,2022-12,53.797581,-1.544831,On or near ,Investigation complete; no suspect identified,west-yorkshire,LDT_CITY
107069532,shoplifting,2022-12,53.796697,-1.546359,On or near Lower Basinghall Street,Local resolution,west-yorkshire,LDT_CITY
107048638,shoplifting,2022-12,53.802493,-1.543579,On or near Merrion Way,Investigation complete; no suspect identified,west-yorkshire,LDT_CITY
107041684,shoplifting,2022-12,53.798896,-1.543208,On or near ,Local resolution,west-yorkshire,LDT_CITY
107050185,shoplifting,2022-12,53.796697,-1.546359,On or near Lower Basinghall Street,Investigation complete; no suspect identified,west-yorkshire,LDT_CITY
107042216,shoplifting,2022-12,53.803405,-1.535354,On or near Concord Street,Investigation complete; no suspect identified,west-yorkshire,LDT_CITY
107068502,shoplifting,2022-12,53.797144,-1.536183,On or near Leeds Coach Station,Investigation complete; no suspect identified,west-yorkshire,LDT_CITY
107069910,shoplifting,2022-12,53.797993,-1.541897,On or near ,Investigation complete; no suspect identified,west-yorkshire,LDT_CITY
107070188,shoplifting,2022-12,53.798230,-1.537628,On or near ,Investigation complete; no suspect identified,west-yorkshire,LDT_CITY
107055740,shoplifting,2022-12,53.796697,-1.546359,On or near Lower Basinghall Street,Court result unavailable,west-yorkshire,LDT_CITY
107055775,shoplifting,2022-12,53.795337,-1.545615,On or near Mill Hill,Court result unavailable,west-yorkshire,LDT_CITY
107046429,shoplifting,2022-12,53.796697,-1.546359,On or near Lower Basinghall Street,Investigation complete; no suspect identified,west-yorkshire,LDT_CITY
107047893,shoplifting,2022-12,53.798230,-1.537628,On or near ,Further investigation is not in the public interest,west-yorkshire,LDT_CITY
107050158,shoplifting,2022-12,53.796697,-1.546359,On or near Lower Basinghall Street,Investigation complete; no suspect identified,west-yorkshire,LDT_CITY
107056081,shoplifting,2022-12,53.794080,-1.544009,On or near ,Unable to prosecute suspect,west-yorkshire,LDT_CITY
107060526,shoplifting,2022-12,53.795337,-1.545615,On or near Mill Hill,Court result unavailable,west-yorkshire,LDT_CITY
107049275,shoplifting,2022-12,53.798230,-1.537628,On or near Shopping Area,Court result unavailable,west-yorkshire,LDT_CITY
107048940,shoplifting,2022-12,53.803388,-1.549658,On or near ,Investigation complete; no suspect identified,west-yorkshire,LDT_CITY
107049281,shoplifting,2022-12,53.798230,-1.537628,On or near ,Investigation complete; no suspect identified,west-yorkshire,LDT_CITY
107050151,shoplifting,2022-12,53.798762,-1.545654,On or near Butts Court,Court result unavailable,west-yorkshire,LDT_CITY
107040546,shoplifting,2022-12,53.796697,-1.546359,On or near Lower Basinghall Street,Investigation complete; no suspect identified,west-yorkshire,LDT_CITY
107048124,shoplifting,2022-12,53.796697,-1.546359,On or near Lower Basinghall Street,Investigation complete; no suspect identified,west-yorkshire,LDT_CITY
107051936,shoplifting,2022-12,53.798230,-1.537628,On or near ,Investigation complete; no suspect identified,west-yorkshire,LDT_CITY
107047695,shoplifting,2022-12,53.798230,-1.537628,On or near ,Unable to prosecute suspect,west-yorkshire,LDT_CITY
107047584,shoplifting,2022-12,53.804002,-1.531643,On or near ,Investigation complete; no suspect identified,west-yorkshire,LDT_CITY
107047929,shoplifting,2022-12,53.798230,-1.537628,On or near ,Investigation complete; no suspect identified,west-yorkshire,LDT_CITY
107050683,shoplifting,2022-12,53.796697,-1.546359,On or near Lower Basinghall Street,Unable to prosecute suspect,west-yorkshire,LDT_CITY
107047553,shoplifting,2022-12,53.796697,-1.546359,On or near Lower Basinghall Street,Court result unavailable,west-yorkshire,LDT_CITY
107046993,shoplifting,2022-12,53.798230,-1.537628,On or near Shopping Area,Offender given a caution,west-yorkshire,LDT_CITY
107056757,shoplifting,2022-12,53.798230,-1.537628,On or near ,Investigation complete; no suspect identified,west-yorkshire,LDT_CITY
107052766,shoplifting,2022-12,53.794080,-1.544009,On or near ,Investigation complete; no suspect identified,west-yorkshire,LDT_CITY
107056789,shoplifting,2022-12,53.798230,-1.537628,On or near ,Local resolution,west-yorkshire,LDT_CITY
107050193,shoplifting,2022-12,53.796697,-1.546359,On or near Lower Basinghall Street,Investigation complete; no suspect identified,west-yorkshire,LDT_CITY
107050372,shoplifting,2022-12,53.788971,-1.540219,On or near ,Investigation complete; no suspect identified,west-yorkshire,LDT_CITY
107050363,shoplifting,2022-12,53.798816,-1.543376,On or near Lands Lane,Investigation complete; no suspect identified,west-yorkshire,LDT_CITY
107051992,shoplifting,2022-12,53.797581,-1.544831,On or near Shopping Area,Court result unavailable,west-yorkshire,LDT_CITY
124975984,shoplifting,2022-12,53.793626,-1.549368,Leeds (station),Status update unavailable,west-yorkshire,LDT_CITY
107069593,shoplifting,2022-12,53.789999,-1.540967,On or near Junction Street,Investigation complete; no suspect identified,west-yorkshire,LDT_CITY
107063140,shoplifting,2022-12,53.798230,-1.537628,On or near ,Further action is not in the public interest,west-yorkshire,LDT_CITY
107050174,shoplifting,2022-12,53.796697,-1.546359,On or near Lower Basinghall Street,Investigation complete; no suspect identified,west-yorkshire,LDT_CITY
107039122,shoplifting,2022-12,53.798230,-1.537628,On or near ,Investigation complete; no suspect identified,west-yorkshire,LDT_CITY
107050922,shoplifting,2022-12,53.795337,-1.545615,On or near Mill Hill,Court result unavailable,west-yorkshire,LDT_CITY
107049306,shoplifting,2022-12,53.798230,-1.537628,On or near ,Investigation complete; no suspect identified,west-yorkshire,LDT_CITY
107046034,shoplifting,2022-12,53.796697,-1.546359,On or near Lower Basinghall Street,Investigation complete; no suspect identified,west-yorkshire,LDT_CITY
107052757,shoplifting,2022-12,53.796697,-1.546359,On or near Lower Basinghall Street,Investigation complete; no suspect identified,west-yorkshire,LDT_CITY
107052804,shoplifting,2022-12,53.798363,-1.544671,On or near ,Court result unavailable,west-yorkshire,LDT_CITY
107052319,shoplifting,2022-12,53.799588,-1.540619,On or near Harrison Street,Unable to prosecute suspect,west-yorkshire,LDT_CITY
107049299,shoplifting,2022-12,53.798230,-1.537628,On or near ,Investigation complete; no suspect identified,west-yorkshire,LDT_CITY
107062607,shoplifting,2022-12,53.798230,-1.537628,On or near ,Court result unavailable,west-yorkshire,LDT_CITY
107032068,shoplifting,2022-12,53.799588,-1.540619,On or near Harrison Street,Unable to prosecute suspect,west-yorkshire,LDT_CITY
107055057,shoplifting,2022-12,53.798230,-1.537628,On or near ,Court result unavailable,west-yorkshire,LDT_CITY
107032177,shoplifting,2022-12,53.796697,-1.546359,On or near Lower Basinghall Street,Local resolution,west-yorkshire,LDT_CITY
107048594,shoplifting,2022-12,53.799588,-1.540619,On or near Harrison Street,Investigation complete; no suspect identified,west-yorkshire,LDT_CITY
107032300,shoplifting,2022-12,53.798896,-1.543208,On or near ,Investigation complete; no suspect identified,west-yorkshire,LDT_CITY
107056883,shoplifting,2022-12,53.803388,-1.549658,On or near ,Unable to prosecute suspect,west-yorkshire,LDT_CITY
107062081,shoplifting,2022-12,53.798230,-1.537628,On or near ,Court result unavailable,west-yorkshire,LDT_CITY
107032451,shoplifting,2022-12,53.796139,-1.541279,On or near ,Investigation complete; no suspect identified,west-yorkshire,LDT_CITY
107053748,shoplifting,2022-12,53.798816,-1.543376,On or near Lands Lane,Further investigation is not in the public interest,west-yorkshire,LDT_CITY
107045641,shoplifting,2022-12,53.804002,-1.531643,On or near ,Investigation complete; no suspect identified,west-yorkshire,LDT_CITY
107053872,shoplifting,2022-12,53.798896,-1.543208,On or near ,Court result unavailable,west-yorkshire,LDT_CITY
107032784,shoplifting,2022-12,53.796525,-1.541290,On or near Central Road,Investigation complete; no suspect identified,west-yorkshire,LDT_CITY
107032839,shoplifting,2022-12,53.798230,-1.537628,On or near ,Investigation complete; no suspect identified,west-yorkshire,LDT_CITY
107059585,shoplifting,2022-12,53.798230,-1.537628,On or near ,Unable to prosecute suspect,west-yorkshire,LDT_CITY
107066586,shoplifting,2022-12,53.797581,-1.544831,On or near ,Investigation complete; no suspect identified,west-yorkshire,LDT_CITY
107036149,shoplifting,2022-12,53.798173,-1.539724,On or near Sidney Street,Investigation complete; no suspect identified,west-yorkshire,LDT_CITY
107061453,shoplifting,2022-12,53.798816,-1.543376,On or near Lands Lane,Local resolution,west-yorkshire,LDT_CITY
107059883,shoplifting,2022-12,53.798230,-1.537628,On or near ,Court result unavailable,west-yorkshire,LDT_CITY
107066894,shoplifting,2022-12,53.796525,-1.541290,On or near Central Road,Local resolution,west-yorkshire,LDT_CITY
107062028,shoplifting,2022-12,53.798230,-1.537628,On or near ,Court result unavailable,west-yorkshire,LDT_CITY
107033113,shoplifting,2022-12,53.797993,-1.541897,On or near ,Investigation complete; no suspect identified,west-yorkshire,LDT_CITY
107066627,shoplifting,2022-12,53.804002,-1.531643,On or near ,Investigation complete; no suspect identified,west-yorkshire,LDT_CITY
107053514,shoplifting,2022-12,53.797501,-1.549721,On or near Croft's Court,Investigation complete; no suspect identified,west-yorkshire,LDT_CITY
107042693,shoplifting,2022-12,53.800298,-1.560030,On or near Back Burley Street,Investigation complete; no suspect identified,west-yorkshire,LDT_CITY
107050177,shoplifting,2022-12,53.796697,-1.546359,On or near Lower Basinghall Street,Investigation complete; no suspect identified,west-yorkshire,LDT_CITY
107043403,shoplifting,2022-12,53.799588,-1.540619,On or near Harrison Street,Court result unavailable,west-yorkshire,LDT_CITY
107050173,shoplifting,2022-12,53.796697,-1.546359,On or near Lower Basinghall Street,Local resolution,west-yorkshire,LDT_CITY
107050694,shoplifting,2022-12,53.802493,-1.543579,On or near Merrion Way,Investigation complete; no suspect identified,west-yorkshire,LDT_CITY
107068861,theft-from-the-person,2022-12,53.798173,-1.539724,On or near Sidney Street,Investigation complete; no suspect identified,west-yorkshire,LDT_CITY
107070028,theft-from-the-person,2022-12,53.794460,-1.541951,On or near Pitfall Street,Investigation complete; no suspect identified,west-yorkshire,LDT_CITY
107065565,theft-from-the-person,2022-12,53.798747,-1.553609,On or near Somers Place,Investigation complete; no suspect identified,west-yorkshire,LDT_CITY
107034475,theft-from-the-person,2022-12,53.795006,-1.541307,On or near ,Investigation complete; no suspect identified,west-yorkshire,LDT_CITY
107053355,theft-from-the-person,2022-12,53.796525,-1.541290,On or near Central Road,Investigation complete; no suspect identified,west-yorkshire,LDT_CITY
107045787,theft-from-the-person,2022-12,53.797181,-1.538976,On or near ,Investigation complete; no suspect identified,west-yorkshire,LDT_CITY
107032358,theft-from-the-person,2022-12,53.799069,-1.550903,On or near Park Square East,Investigation complete; no suspect identified,west-yorkshire,LDT_CITY
107050663,theft-from-the-person,2022-12,53.796033,-1.541964,On or near Duncan Street,Investigation complete; no suspect identified,west-yorkshire,LDT_CITY
107067345,theft-from-the-person,2022-12,53.798265,-1.545097,On or near Albion Street,Investigation complete; no suspect identified,west-yorkshire,LDT_CITY
107033084,theft-from-the-person,2022-12,53.800047,-1.545670,On or near ,Investigation complete; no suspect identified,west-yorkshire,LDT_CITY
107065660,theft-from-the-person,2022-12,53.795337,-1.545615,On or near Mill Hill,Investigation complete; no suspect identified,west-yorkshire,LDT_CITY
107070276,theft-from-the-person,2022-12,53.798265,-1.545097,On or near Albion Street,Investigation complete; no suspect identified,west-yorkshire,LDT_CITY
107049667,theft-from-the-person,2022-12,53.795401,-1.541029,On or near Call Lane,Investigation complete; no suspect identified,west-yorkshire,LDT_CITY
107051969,theft-from-the-person,2022-12,53.795006,-1.541307,On or near ,Investigation complete; no suspect identified,west-yorkshire,LDT_CITY
107051940,theft-from-the-person,2022-12,53.795401,-1.541029,On or near Call Lane,Investigation complete; no suspect identified,west-yorkshire,LDT_CITY
107066103,theft-from-the-person,2022-12,53.795401,-1.541029,On or near Call Lane,Investigation complete; no suspect identified,west-yorkshire,LDT_CITY
107044742,theft-from-the-person,2022-12,53.801879,-1.547518,On or near ,Court result unavailable,west-yorkshire,LDT_CITY
107041801,theft-from-the-person,2022-12,53.800938,-1.543535,On or near ,Investigation complete; no suspect identified,west-yorkshire,LDT_CITY
107049224,theft-from-the-person,2022-12,53.795401,-1.541029,On or near Call Lane,Investigation complete; no suspect identified,west-yorkshire,LDT_CITY
107041951,theft-from-the-person,2022-12,53.794688,-1.544559,On or near ,Investigation complete; no suspect identified,west-yorkshire,LDT_CITY
124975986,theft-from-the-person,2022-12,53.793626,-1.549368,Leeds (station),Status update unavailable,west-yorkshire,LDT_CITY
107061732,theft-from-the-person,2022-12,53.804368,-1.552138,On or near Willow Terrace Road,Status update unavailable,west-yorkshire,LDT_CITY
107049067,theft-from-the-person,2022-12,53.799860,-1.540776,On or near ,Investigation complete; no suspect identified,west-yorkshire,LDT_CITY
107042280,theft-from-the-person,2022-12,53.802282,-1.547268,On or near ,Investigation complete; no suspect identified,west-yorkshire,LDT_CITY
107035111,theft-from-the-person,2022-12,53.796033,-1.541964,On or near Duncan Street,Investigation complete; no suspect identified,west-yorkshire,LDT_CITY
124975985,theft-from-the-person,2022-12,53.793626,-1.549368,Leeds (station),Status update unavailable,west-yorkshire,LDT_CITY
107044145,theft-from-the-person,2022-12,53.795006,-1.541307,On or near ,Investigation complete; no suspect identified,west-yorkshire,LDT_CITY
107032554,theft-from-the-person,2022-12,53.795177,-1.541305,On or near Queens's Court,Status update unavailable,west-yorkshire,LDT_CITY
107067269,theft-from-the-person,2022-12,53.795153,-1.542125,On or near ,Investigation complete; no suspect identified,west-yorkshire,LDT_CITY
107034920,theft-from-the-person,2022-12,53.795751,-1.541949,On or near ,Investigation complete; no suspect identified,west-yorkshire,LDT_CITY
107051377,theft-from-the-person,2022-12,53.794080,-1.544009,On or near ,Investigation complete; no suspect identified,west-yorkshire,LDT_CITY
107044756,theft-from-the-person,2022-12,53.799916,-1.539583,On or near North Court,Investigation complete; no suspect identified,west-yorkshire,LDT_CITY
107056277,theft-from-the-person,2022-12,53.802954,-1.525718,On or near Lindsey Court,Investigation complete; no suspect identified,west-yorkshire,LDT_CITY
107044070,theft-from-the-person,2022-12,53.795006,-1.541307,On or near ,Investigation complete; no suspect identified,west-yorkshire,LDT_CITY
107058913,theft-from-the-person,2022-12,53.802282,-1.547268,On or near ,Investigation complete; no suspect identified,west-yorkshire,LDT_CITY
107049486,theft-from-the-person,2022-12,53.809487,-1.543807,On or near Carlton View,Investigation complete; no suspect identified,west-yorkshire,LDT_CITY
107049490,theft-from-the-person,2022-12,53.795991,-1.540218,On or near ,Investigation complete; no suspect identified,west-yorkshire,LDT_CITY
107060464,theft-from-the-person,2022-12,53.796697,-1.546359,On or near Lower Basinghall Street,Investigation complete; no suspect identified,west-yorkshire,LDT_CITY
107034666,theft-from-the-person,2022-12,53.803388,-1.549658,On or near ,Investigation complete; no suspect identified,west-yorkshire,LDT_CITY
107034650,theft-from-the-person,2022-12,53.797144,-1.536183,On or near Leeds Coach Station,Investigation complete; no suspect identified,west-yorkshire,LDT_CITY
107068044,theft-from-the-person,2022-12,53.798218,-1.549091,On or near ,Investigation complete; no suspect identified,west-yorkshire,LDT_CITY
107032150,theft-from-the-person,2022-12,53.795401,-1.541029,On or near Call Lane,Investigation complete; no suspect identified,west-yorkshire,LDT_CITY
107069510,theft-from-the-person,2022-12,53.795177,-1.541305,On or near Queens's Court,Investigation complete; no suspect identified,west-yorkshire,LDT_CITY
107034533,theft-from-the-person,2022-12,53.799860,-1.540776,On or near ,Investigation complete; no suspect identified,west-yorkshire,LDT_CITY
107069651,theft-from-the-person,2022-12,53.795401,-1.541029,On or near Call Lane,Investigation complete; no suspect identified,west-yorkshire,LDT_CITY
107032254,theft-from-the-person,2022-12,53.795177,-1.541305,On or near Queens's Court,Unable to prosecute suspect,west-yorkshire,LDT_CITY
107066145,theft-from-the-person,2022-12,53.798747,-1.553609,On or near Somers Place,Investigation complete; no suspect identified,west-yorkshire,LDT_CITY
107066251,theft-from-the-person,2022-12,53.797581,-1.544831,On or near ,Investigation complete; no suspect identified,west-yorkshire,LDT_CITY
107062518,theft-from-the-person,2022-12,53.798699,-1.547962,On or near Bedford Street,Investigation complete; no suspect identified,west-yorkshire,LDT_CITY
107049657,theft-from-the-person,2022-12,53.795401,-1.541029,On or near Call Lane,Investigation complete; no suspect identified,west-yorkshire,LDT_CITY
107050316,theft-from-the-person,2022-12,53.796033,-1.541964,On or near Duncan Street,Investigation complete; no suspect identified,west-yorkshire,LDT_CITY
107066473,theft-from-the-person,2022-12,53.794939,-1.542628,On or near Nightclub,Investigation complete; no suspect identified,west-yorkshire,LDT_CITY
107065924,theft-from-the-person,2022-12,53.796033,-1.541964,On or near Duncan Street,Investigation complete; no suspect identified,west-yorkshire,LDT_CITY
107041515,theft-from-the-person,2022-12,53.796697,-1.546359,On or near Lower Basinghall Street,Investigation complete; no suspect identified,west-yorkshire,LDT_CITY
107041062,theft-from-the-person,2022-12,53.802493,-1.543579,On or near Merrion Way,Investigation complete; no suspect identified,west-yorkshire,LDT_CITY
107051937,theft-from-the-person,2022-12,53.794688,-1.544559,On or near ,Investigation complete; no suspect identified,west-yorkshire,LDT_CITY
107039644,theft-from-the-person,2022-12,53.796697,-1.546359,On or near Lower Basinghall Street,Investigation complete; no suspect identified,west-yorkshire,LDT_CITY
107066838,theft-from-the-person,2022-12,53.792600,-1.542077,On or near ,Investigation complete; no suspect identified,west-yorkshire,LDT_CITY
107055665,theft-from-the-person,2022-12,53.795401,-1.541029,On or near Call Lane,Investigation complete; no suspect identified,west-yorkshire,LDT_CITY
107069205,theft-from-the-person,2022-12,53.797993,-1.541897,On or near ,Investigation complete; no suspect identified,west-yorkshire,LDT_CITY
107063217,theft-from-the-person,2022-12,53.795006,-1.541307,On or near ,Court result unavailable,west-yorkshire,LDT_CITY
107065001,theft-from-the-person,2022-12,53.798699,-1.547962,On or near Bedford Street,Investigation complete; no suspect identified,west-yorkshire,LDT_CITY
107067879,theft-from-the-person,2022-12,53.797581,-1.544831,On or near ,Investigation complete; no suspect identified,west-yorkshire,LDT_CITY
107054594,theft-from-the-person,2022-12,53.795991,-1.540218,On or near ,Investigation complete; no suspect identified,west-yorkshire,LDT_CITY
107044783,theft-from-the-person,2022-12,53.797144,-1.536183,On or near Leeds Coach Station,Investigation complete; no suspect identified,west-yorkshire,LDT_CITY
107065549,theft-from-the-person,2022-12,53.801189,-1.548148,On or near ,Investigation complete; no suspect identified,west-yorkshire,LDT_CITY
107068002,theft-from-the-person,2022-12,53.800377,-1.549705,On or near ,Investigation complete; no suspect identified,west-yorkshire,LDT_CITY
107059795,theft-from-the-person,2022-12,53.796697,-1.546359,On or near Lower Basinghall Street,Investigation complete; no suspect identified,west-yorkshire,LDT_CITY
107065538,theft-from-the-person,2022-12,53.797581,-1.544831,On or near ,Investigation complete; no suspect identified,west-yorkshire,LDT_CITY
107064825,theft-from-the-person,2022-12,53.802237,-1.532999,On or near Regent Street,Investigation complete; no suspect identified,west-yorkshire,LDT_CITY
107034293,theft-from-the-person,2022-12,53.800938,-1.543535,On or near ,Investigation complete; no suspect identified,west-yorkshire,LDT_CITY
107056797,theft-from-the-person,2022-12,53.796033,-1.541964,On or near Duncan Street,Investigation complete; no suspect identified,west-yorkshire,LDT_CITY
107068964,theft-from-the-person,2022-12,53.796033,-1.541964,On or near Duncan Street,Investigation complete; no suspect identified,west-yorkshire,LDT_CITY
107040635,theft-from-the-person,2022-12,53.794939,-1.542628,On or near ,Investigation complete; no suspect identified,west-yorkshire,LDT_CITY
107068273,theft-from-the-person,2022-12,53.798747,-1.553609,On or near Somers Place,Investigation complete; no suspect identified,west-yorkshire,LDT_CITY
107069953,theft-from-the-person,2022-12,53.794939,-1.542628,On or near ,Investigation complete; no suspect identified,west-yorkshire,LDT_CITY
107040702,theft-from-the-person,2022-12,53.802282,-1.547268,On or near ,Investigation complete; no suspect identified,west-yorkshire,LDT_CITY
107060271,theft-from-the-person,2022-12,53.796697,-1.546359,On or near Lower Basinghall Street,Investigation complete; no suspect identified,west-yorkshire,LDT_CITY
107068325,theft-from-the-person,2022-12,53.798747,-1.553609,On or near Somers Place,Investigation complete; no suspect identified,west-yorkshire,LDT_CITY
107041554,theft-from-the-person,2022-12,53.796697,-1.546359,On or near Lower Basinghall Street,Investigation complete; no suspect identified,west-yorkshire,LDT_CITY
107047042,theft-from-the-person,2022-12,53.795006,-1.541307,On or near ,Status update unavailable,west-yorkshire,LDT_CITY
107035710,theft-from-the-person,2022-12,53.802980,-1.541846,On or near ,Investigation complete; no suspect identified,west-yorkshire,LDT_CITY
107068394,theft-from-the-person,2022-12,53.799069,-1.550903,On or near Park Square East,Investigation complete; no suspect identified,west-yorkshire,LDT_CITY
107069520,theft-from-the-person,2022-12,53.795751,-1.541949,On or near ,Investigation complete; no suspect identified,west-yorkshire,LDT_CITY
107038269,theft-from-the-person,2022-12,53.797864,-1.545800,On or near ,Investigation complete; no suspect identified,west-yorkshire,LDT_CITY
107037438,theft-from-the-person,2022-12,53.797144,-1.536183,On or near Leeds Coach Station,Investigation complete; no suspect identified,west-yorkshire,LDT_CITY
107032058,theft-from-the-person,2022-12,53.794460,-1.541951,On or near Pitfall Street,Investigation complete; no suspect identified,west-yorkshire,LDT_CITY
107065851,theft-from-the-person,2022-12,53.798747,-1.553609,On or near Somers Place,Investigation complete; no suspect identified,west-yorkshire,LDT_CITY
107068454,theft-from-the-person,2022-12,53.795177,-1.541305,On or near Queens's Court,Investigation complete; no suspect identified,west-yorkshire,LDT_CITY
107065487,theft-from-the-person,2022-12,53.798747,-1.553609,On or near Somers Place,Investigation complete; no suspect identified,west-yorkshire,LDT_CITY
107037635,theft-from-the-person,2022-12,53.795751,-1.541949,On or near ,Investigation complete; no suspect identified,west-yorkshire,LDT_CITY
107065460,theft-from-the-person,2022-12,53.802282,-1.547268,On or near ,Investigation complete; no suspect identified,west-yorkshire,LDT_CITY
107066258,theft-from-the-person,2022-12,53.798747,-1.553609,On or near Somers Place,Investigation complete; no suspect identified,west-yorkshire,LDT_CITY
107059673,theft-from-the-person,2022-12,53.796697,-1.546359,On or near Lower Basinghall Street,Investigation complete; no suspect identified,west-yorkshire,LDT_CITY
107032009,theft-from-the-person,2022-12,53.795177,-1.541305,On or near Queens's Court,Investigation complete; no suspect identified,west-yorkshire,LDT_CITY
107031995,theft-from-the-person,2022-12,53.795401,-1.541029,On or near Call Lane,Investigation complete; no suspect identified,west-yorkshire,LDT_CITY
107066372,theft-from-the-person,2022-12,53.794460,-1.541951,On or near Pitfall Street,Investigation complete; no suspect identified,west-yorkshire,LDT_CITY
107040314,theft-from-the-person,2022-12,53.801189,-1.548148,On or near ,Investigation complete; no suspect identified,west-yorkshire,LDT_CITY
107066483,theft-from-the-person,2022-12,53.797581,-1.544831,On or near ,Investigation complete; no suspect identified,west-yorkshire,LDT_CITY
107037307,theft-from-the-person,2022-12,53.794939,-1.542628,On or near ,Investigation complete; no suspect identified,west-yorkshire,LDT_CITY
107066615,theft-from-the-person,2022-12,53.798747,-1.553609,On or near Somers Place,Investigation complete; no suspect identified,west-yorkshire,LDT_CITY
107066667,theft-from-the-person,2022-12,53.795153,-1.542125,On or near ,Investigation complete; no suspect identified,west-yorkshire,LDT_CITY
107068596,theft-from-the-person,2022-12,53.801879,-1.547518,On or near ,Investigation complete; no suspect identified,west-yorkshire,LDT_CITY
107032427,vehicle-crime,2022-12,53.797410,-1.554352,On or near Queen Street,Investigation complete; no suspect identified,west-yorkshire,LDT_CITY
107062952,vehicle-crime,2022-12,53.789087,-1.533069,On or near Chadwick Street South,Investigation complete; no suspect identified,west-yorkshire,LDT_CITY
107039596,vehicle-crime,2022-12,53.788745,-1.542165,On or near Kidacre Street,Investigation complete; no suspect identified,west-yorkshire,LDT_CITY
107033734,vehicle-crime,2022-12,53.789087,-1.533069,On or near Chadwick Street South,Investigation complete; no suspect identified,west-yorkshire,LDT_CITY
107065716,vehicle-crime,2022-12,53.797993,-1.541897,On or near ,Investigation complete; no suspect identified,west-yorkshire,LDT_CITY
107059887,vehicle-crime,2022-12,53.797635,-1.552012,On or near Park Place,Investigation complete; no suspect identified,west-yorkshire,LDT_CITY
107033956,vehicle-crime,2022-12,53.800729,-1.535946,On or near Bridge Street,Investigation complete; no suspect identified,west-yorkshire,LDT_CITY
107052165,vehicle-crime,2022-12,53.794367,-1.555235,On or near ,Investigation complete; no suspect identified,west-yorkshire,LDT_CITY
107066983,vehicle-crime,2022-12,53.794856,-1.534933,On or near Chantrell Court,Investigation complete; no suspect identified,west-yorkshire,LDT_CITY
107063604,vehicle-crime,2022-12,53.806999,-1.566232,On or near Woodsley Road,Investigation complete; no suspect identified,west-yorkshire,LDT_CITY
107046725,vehicle-crime,2022-12,53.797581,-1.544831,On or near ,Unable to prosecute suspect,west-yorkshire,LDT_CITY
107043995,vehicle-crime,2022-12,53.806522,-1.558720,On or near Cloberry Street,Investigation complete; no suspect identified,west-yorkshire,LDT_CITY
107032026,vehicle-crime,2022-12,53.790744,-1.550416,On or near ,Investigation complete; no suspect identified,west-yorkshire,LDT_CITY
107058849,vehicle-crime,2022-12,53.800151,-1.537531,On or near ,Investigation complete; no suspect identified,west-yorkshire,LDT_CITY
107040990,vehicle-crime,2022-12,53.790566,-1.546107,On or near New Lane,Investigation complete; no suspect identified,west-yorkshire,LDT_CITY
107048550,vehicle-crime,2022-12,53.812778,-1.556240,On or near Holborn View,Investigation complete; no suspect identified,west-yorkshire,LDT_CITY
107062774,vehicle-crime,2022-12,53.797052,-1.557043,On or near Grove Street,Investigation complete; no suspect identified,west-yorkshire,LDT_CITY
107033844,vehicle-crime,2022-12,53.803337,-1.545604,On or near Queen Square,Investigation complete; no suspect identified,west-yorkshire,LDT_CITY
107040731,vehicle-crime,2022-12,53.790287,-1.555460,On or near Bath Road,Investigation complete; no suspect identified,west-yorkshire,LDT_CITY
107070089,vehicle-crime,2022-12,53.798063,-1.527655,On or near ,Investigation complete; no suspect identified,west-yorkshire,LDT_CITY
107062970,vehicle-crime,2022-12,53.789087,-1.533069,On or near Chadwick Street South,Status update unavailable,west-yorkshire,LDT_CITY
107057639,vehicle-crime,2022-12,53.789999,-1.540967,On or near Junction Street,Investigation complete; no suspect identified,west-yorkshire,LDT_CITY
107066596,vehicle-crime,2022-12,53.798775,-1.544378,On or near King Charles Street,Investigation complete; no suspect identified,west-yorkshire,LDT_CITY
107070242,vehicle-crime,2022-12,53.788391,-1.550744,On or near Siddall Street,Investigation complete; no suspect identified,west-yorkshire,LDT_CITY
107064810,vehicle-crime,2022-12,53.794694,-1.534874,On or near Cross Maude Street,Investigation complete; no suspect identified,west-yorkshire,LDT_CITY
107066623,vehicle-crime,2022-12,53.790787,-1.547379,On or near Victoria Road,Investigation complete; no suspect identified,west-yorkshire,LDT_CITY
107032574,vehicle-crime,2022-12,53.813724,-1.547330,On or near Moseley Place,Investigation complete; no suspect identified,west-yorkshire,LDT_CITY
107039598,vehicle-crime,2022-12,53.799635,-1.558064,On or near Marlborough Towers,Investigation complete; no suspect identified,west-yorkshire,LDT_CITY
107051832,vehicle-crime,2022-12,53.813465,-1.542852,On or near Penraevon Avenue,Status update unavailable,west-yorkshire,LDT_CITY
107054133,vehicle-crime,2022-12,53.797864,-1.545800,On or near ,Investigation complete; no suspect identified,west-yorkshire,LDT_CITY
107042517,vehicle-crime,2022-12,53.794367,-1.555235,On or near ,Investigation complete; no suspect identified,west-yorkshire,LDT_CITY
107033294,vehicle-crime,2022-12,53.801432,-1.538884,On or near Hartley Hill,Investigation complete; no suspect identified,west-yorkshire,LDT_CITY
107044974,vehicle-crime,2022-12,53.800938,-1.543535,On or near ,Investigation complete; no suspect identified,west-yorkshire,LDT_CITY
107042720,vehicle-crime,2022-12,53.801500,-1.537683,On or near Brunswick Row,Investigation complete; no suspect identified,west-yorkshire,LDT_CITY
107040794,vehicle-crime,2022-12,53.797663,-1.552224,On or near Central Street,Status update unavailable,west-yorkshire,LDT_CITY
107052506,vehicle-crime,2022-12,53.798710,-1.525280,On or near Haslewood Close,Investigation complete; no suspect identified,west-yorkshire,LDT_CITY
107047355,vehicle-crime,2022-12,53.797993,-1.541897,On or near ,Investigation complete; no suspect identified,west-yorkshire,LDT_CITY
107048598,vehicle-crime,2022-12,53.808352,-1.543257,On or near Carlton Grove,Investigation complete; no suspect identified,west-yorkshire,LDT_CITY
107048605,vehicle-crime,2022-12,53.810826,-1.555911,On or near Moorfield Street,Investigation complete; no suspect identified,west-yorkshire,LDT_CITY
107032381,vehicle-crime,2022-12,53.789259,-1.549718,On or near Ingram Street,Investigation complete; no suspect identified,west-yorkshire,LDT_CITY
107047450,vehicle-crime,2022-12,53.792645,-1.535003,On or near Armouries Way,Investigation complete; no suspect identified,west-yorkshire,LDT_CITY
107054638,vehicle-crime,2022-12,53.798870,-1.547991,On or near ,Investigation complete; no suspect identified,west-yorkshire,LDT_CITY
107034267,vehicle-crime,2022-12,53.804966,-1.568211,On or near Rosebank Gardens,Investigation complete; no suspect identified,west-yorkshire,LDT_CITY
107043050,vehicle-crime,2022-12,53.811859,-1.550949,On or near Shay Street,Investigation complete; no suspect identified,west-yorkshire,LDT_CITY
107055244,vehicle-crime,2022-12,53.798747,-1.553609,On or near Somers Place,Unable to prosecute suspect,west-yorkshire,LDT_CITY
107067159,vehicle-crime,2022-12,53.790283,-1.551893,On or near Leodis Court,Investigation complete; no suspect identified,west-yorkshire,LDT_CITY
107044434,vehicle-crime,2022-12,53.797052,-1.557043,On or near Grove Street,Investigation complete; no suspect identified,west-yorkshire,LDT_CITY
107048554,vehicle-crime,2022-12,53.810826,-1.555911,On or near Moorfield Street,Investigation complete; no suspect identified,west-yorkshire,LDT_CITY
107048559,vehicle-crime,2022-12,53.810763,-1.543793,On or near Servia Gardens,Investigation complete; no suspect identified,west-yorkshire,LDT_CITY
107064632,vehicle-crime,2022-12,53.789087,-1.533069,On or near Chadwick Street South,Investigation complete; no suspect identified,west-yorkshire,LDT_CITY
107064987,vehicle-crime,2022-12,53.794263,-1.556465,On or near Riverside Way,Investigation complete; no suspect identified,west-yorkshire,LDT_CITY
107033643,vehicle-crime,2022-12,53.796792,-1.552552,On or near Britannia Street,Investigation complete; no suspect identified,west-yorkshire,LDT_CITY
107044076,vehicle-crime,2022-12,53.790418,-1.537820,On or near Sheaf Street,Investigation complete; no suspect identified,west-yorkshire,LDT_CITY
107034569,vehicle-crime,2022-12,53.797052,-1.557043,On or near Grove Street,Investigation complete; no suspect identified,west-yorkshire,LDT_CITY
107032158,vehicle-crime,2022-12,53.800047,-1.545670,On or near ,Investigation complete; no suspect identified,west-yorkshire,LDT_CITY
107044109,vehicle-crime,2022-12,53.797035,-1.569690,On or near Brancepeth Place,Investigation complete; no suspect identified,west-yorkshire,LDT_CITY
107058249,vehicle-crime,2022-12,53.810414,-1.541989,On or near Oatland Place,Investigation complete; no suspect identified,west-yorkshire,LDT_CITY
107067496,vehicle-crime,2022-12,53.797762,-1.537998,On or near George Street,Investigation complete; no suspect identified,west-yorkshire,LDT_CITY
107048496,vehicle-crime,2022-12,53.807382,-1.550632,On or near Blandford Gardens,Investigation complete; no suspect identified,west-yorkshire,LDT_CITY
124975987,vehicle-crime,2022-12,53.793626,-1.549368,Leeds (station),Status update unavailable,west-yorkshire,LDT_CITY
107048572,vehicle-crime,2022-12,53.811499,-1.550771,On or near Shay Court,Investigation complete; no suspect identified,west-yorkshire,LDT_CITY
107032820,vehicle-crime,2022-12,53.798063,-1.527655,On or near ,Investigation complete; no suspect identified,west-yorkshire,LDT_CITY
107068642,vehicle-crime,2022-12,53.799686,-1.538098,On or near ,Investigation complete; no suspect identified,west-yorkshire,LDT_CITY
107069722,vehicle-crime,2022-12,53.798363,-1.544671,On or near ,Investigation complete; no suspect identified,west-yorkshire,LDT_CITY
107032991,vehicle-crime,2022-12,53.794263,-1.556465,On or near Riverside Way,Investigation complete; no suspect identified,west-yorkshire,LDT_CITY
107051546,vehicle-crime,2022-12,53.788971,-1.540219,On or near ,Investigation complete; no suspect identified,west-yorkshire,LDT_CITY
107049151,vehicle-crime,2022-12,53.790990,-1.563376,On or near Springwell Street,Investigation complete; no suspect identified,west-yorkshire,LDT_CITY
107066435,vehicle-crime,2022-12,53.789087,-1.533069,On or near Chadwick Street South,Investigation complete; no suspect identified,west-yorkshire,LDT_CITY
107065599,vehicle-crime,2022-12,53.796779,-1.537067,On or near ,Investigation complete; no suspect identified,west-yorkshire,LDT_CITY
107069839,vehicle-crime,2022-12,53.789259,-1.549718,On or near Ingram Street,Investigation complete; no suspect identified,west-yorkshire,LDT_CITY
107042244,vehicle-crime,2022-12,53.794939,-1.542628,On or near ,Investigation complete; no suspect identified,west-yorkshire,LDT_CITY
107064800,vehicle-crime,2022-12,53.795989,-1.530563,On or near Foundry Street,Investigation complete; no suspect identified,west-yorkshire,LDT_CITY
107068788,vehicle-crime,2022-12,53.794856,-1.534933,On or near Chantrell Court,Investigation complete; no suspect identified,west-yorkshire,LDT_CITY
107032762,vehicle-crime,2022-12,53.796218,-1.557599,On or near Wellington Place,Investigation complete; no suspect identified,west-yorkshire,LDT_CITY
107042319,vehicle-crime,2022-12,53.810826,-1.555911,On or near Moorfield Street,Investigation complete; no suspect identified,west-yorkshire,LDT_CITY
107049013,vehicle-crime,2022-12,53.788391,-1.550744,On or near Siddall Street,Investigation complete; no suspect identified,west-yorkshire,LDT_CITY
107052509,vehicle-crime,2022-12,53.792846,-1.528792,On or near Bow Street,Investigation complete; no suspect identified,west-yorkshire,LDT_CITY
107050359,vehicle-crime,2022-12,53.788325,-1.549986,On or near Sweet Street,Investigation complete; no suspect identified,west-yorkshire,LDT_CITY
107044950,vehicle-crime,2022-12,53.796072,-1.566815,On or near Castleton Close,Investigation complete; no suspect identified,west-yorkshire,LDT_CITY
107045012,vehicle-crime,2022-12,53.804455,-1.556267,On or near Seminary Street,Investigation complete; no suspect identified,west-yorkshire,LDT_CITY
107069026,violent-crime,2022-12,53.800733,-1.551053,On or near Oxford Row,Investigation complete; no suspect identified,west-yorkshire,LDT_CITY
107058709,violent-crime,2022-12,53.796834,-1.535886,On or near ,Investigation complete; no suspect identified,west-yorkshire,LDT_CITY
107058429,violent-crime,2022-12,53.788325,-1.549986,On or near Sweet Street,Court result unavailable,west-yorkshire,LDT_CITY
107050603,violent-crime,2022-12,53.796001,-1.533508,On or near Duke Street,Investigation complete; no suspect identified,west-yorkshire,LDT_CITY
107058527,violent-crime,2022-12,53.797144,-1.536183,On or near Leeds Coach Station,Unable to prosecute suspect,west-yorkshire,LDT_CITY
107067232,violent-crime,2022-12,53.798218,-1.549091,On or near ,Investigation complete; no suspect identified,west-yorkshire,LDT_CITY
107067863,violent-crime,2022-12,53.796033,-1.541964,On or near Duncan Street,Unable to prosecute suspect,west-yorkshire,LDT_CITY
107066898,violent-crime,2022-12,53.797993,-1.541897,On or near ,Investigation complete; no suspect identified,west-yorkshire,LDT_CITY
107066876,violent-crime,2022-12,53.795006,-1.541307,On or near ,Unable to prosecute suspect,west-yorkshire,LDT_CITY
107058492,violent-crime,2022-12,53.798173,-1.539724,On or near Sidney Street,Investigation complete; no suspect identified,west-yorkshire,LDT_CITY
107050818,violent-crime,2022-12,53.798747,-1.553609,On or near Somers Place,Unable to prosecute suspect,west-yorkshire,LDT_CITY
107066834,violent-crime,2022-12,53.794939,-1.542628,On or near ,Investigation complete; no suspect identified,west-yorkshire,LDT_CITY
107063963,violent-crime,2022-12,53.810163,-1.551468,On or near Blenheim View,Unable to prosecute suspect,west-yorkshire,LDT_CITY
107066364,violent-crime,2022-12,53.795991,-1.540218,On or near ,Unable to prosecute suspect,west-yorkshire,LDT_CITY
107050986,violent-crime,2022-12,53.800712,-1.540865,On or near Cross Belgrave Street,Investigation complete; no suspect identified,west-yorkshire,LDT_CITY
107066208,violent-crime,2022-12,53.794939,-1.542628,On or near ,Investigation complete; no suspect identified,west-yorkshire,LDT_CITY
107056520,violent-crime,2022-12,53.796851,-1.551474,On or near ,Unable to prosecute suspect,west-yorkshire,LDT_CITY
107055435,violent-crime,2022-12,53.789259,-1.549718,On or near Ingram Street,Investigation complete; no suspect identified,west-yorkshire,LDT_CITY
107051974,violent-crime,2022-12,53.804007,-1.548570,On or near Further/higher Educational Building,Unable to prosecute suspect,west-yorkshire,LDT_CITY
107051613,violent-crime,2022-12,53.786686,-1.549214,On or near ,Investigation complete; no suspect identified,west-yorkshire,LDT_CITY
107050669,violent-crime,2022-12,53.800447,-1.559012,On or near ,Investigation complete; no suspect identified,west-yorkshire,LDT_CITY
107050280,violent-crime,2022-12,53.800922,-1.534790,On or near Gower Street,Unable to prosecute suspect,west-yorkshire,LDT_CITY
107049819,violent-crime,2022-12,53.796278,-1.537756,On or near Harper Street,Investigation complete; no suspect identified,west-yorkshire,LDT_CITY
107047518,violent-crime,2022-12,53.798173,-1.539724,On or near Sidney Street,Status update unavailable,west-yorkshire,LDT_CITY
107046919,violent-crime,2022-12,53.802954,-1.525718,On or near Lindsey Court,Unable to prosecute suspect,west-yorkshire,LDT_CITY
107045891,violent-crime,2022-12,53.802493,-1.543579,On or near Merrion Way,Investigation complete; no suspect identified,west-yorkshire,LDT_CITY
107044607,violent-crime,2022-12,53.795401,-1.541029,On or near Call Lane,Unable to prosecute suspect,west-yorkshire,LDT_CITY
107037745,violent-crime,2022-12,53.798144,-1.539284,On or near Harewood Street,Investigation complete; no suspect identified,west-yorkshire,LDT_CITY
107036417,violent-crime,2022-12,53.808168,-1.566463,On or near Hyde Park Close,Status update unavailable,west-yorkshire,LDT_CITY
107034682,violent-crime,2022-12,53.798668,-1.561444,On or near West Street,Investigation complete; no suspect identified,west-yorkshire,LDT_CITY
107047165,violent-crime,2022-12,53.802954,-1.525718,On or near Lindsey Court,Unable to prosecute suspect,west-yorkshire,LDT_CITY
107047571,violent-crime,2022-12,53.795153,-1.542125,On or near ,Investigation complete; no suspect identified,west-yorkshire,LDT_CITY
107052068,violent-crime,2022-12,53.796525,-1.541290,On or near Central Road,Unable to prosecute suspect,west-yorkshire,LDT_CITY
107055650,violent-crime,2022-12,53.795153,-1.542125,On or near ,Unable to prosecute suspect,west-yorkshire,LDT_CITY
107070169,violent-crime,2022-12,53.796033,-1.541964,On or near Duncan Street,Investigation complete; no suspect identified,west-yorkshire,LDT_CITY
107043962,violent-crime,2022-12,53.805450,-1.536486,On or near Lovell Park View,Unable to prosecute suspect,west-yorkshire,LDT_CITY
107056832,violent-crime,2022-12,53.804002,-1.531643,On or near Supermarket,Unable to prosecute suspect,west-yorkshire,LDT_CITY
107049930,violent-crime,2022-12,53.799588,-1.540619,On or near Harrison Street,Court result unavailable,west-yorkshire,LDT_CITY
107034454,violent-crime,2022-12,53.810303,-1.555279,On or near Spenceley Street,Investigation complete; no suspect identified,west-yorkshire,LDT_CITY
107034330,violent-crime,2022-12,53.795401,-1.541029,On or near Call Lane,Investigation complete; no suspect identified,west-yorkshire,LDT_CITY
107070024,violent-crime,2022-12,53.791309,-1.535792,On or near Black Bull Street,Unable to prosecute suspect,west-yorkshire,LDT_CITY
107069931,violent-crime,2022-12,53.802493,-1.543579,On or near Merrion Way,Investigation complete; no suspect identified,west-yorkshire,LDT_CITY
107051397,violent-crime,2022-12,53.789087,-1.533069,On or near Chadwick Street South,Investigation complete; no suspect identified,west-yorkshire,LDT_CITY
107068108,violent-crime,2022-12,53.796033,-1.541964,On or near Duncan Street,Investigation complete; no suspect identified,west-yorkshire,LDT_CITY
107056286,violent-crime,2022-12,53.794460,-1.541951,On or near Pitfall Street,Local resolution,west-yorkshire,LDT_CITY
107056174,violent-crime,2022-12,53.798816,-1.543376,On or near Lands Lane,Status update unavailable,west-yorkshire,LDT_CITY
107051532,violent-crime,2022-12,53.802717,-1.527148,On or near Lincoln Green Road,Unable to prosecute suspect,west-yorkshire,LDT_CITY
107055758,violent-crime,2022-12,53.794939,-1.542628,On or near ,Local resolution,west-yorkshire,LDT_CITY
107055705,violent-crime,2022-12,53.794460,-1.541951,On or near Pitfall Street,Unable to prosecute suspect,west-yorkshire,LDT_CITY
107051568,violent-crime,2022-12,53.801873,-1.553257,On or near St George's Road,Unable to prosecute suspect,west-yorkshire,LDT_CITY
107051659,violent-crime,2022-12,53.796355,-1.536859,On or near ,Unable to prosecute suspect,west-yorkshire,LDT_CITY
107051661,violent-crime,2022-12,53.798125,-1.536627,On or near ,Local resolution,west-yorkshire,LDT_CITY
107051606,violent-crime,2022-12,53.796218,-1.557599,On or near Wellington Place,Unable to prosecute suspect,west-yorkshire,LDT_CITY
107051824,violent-crime,2022-12,53.798173,-1.539724,On or near Sidney Street,Unable to prosecute suspect,west-yorkshire,LDT_CITY
107051283,violent-crime,2022-12,53.798950,-1.533840,On or near Playhouse Square,Investigation complete; no suspect identified,west-yorkshire,LDT_CITY
107061432,violent-crime,2022-12,53.808651,-1.541568,On or near Oatland Lane,Unable to prosecute suspect,west-yorkshire,LDT_CITY
107051313,violent-crime,2022-12,53.794460,-1.541951,On or near Pitfall Street,Investigation complete; no suspect identified,west-yorkshire,LDT_CITY
107051303,violent-crime,2022-12,53.801445,-1.551744,On or near ,Unable to prosecute suspect,west-yorkshire,LDT_CITY
107050550,violent-crime,2022-12,53.796697,-1.546359,On or near Lower Basinghall Street,Investigation complete; no suspect identified,west-yorkshire,LDT_CITY
107050336,violent-crime,2022-12,53.795751,-1.541949,On or near ,Investigation complete; no suspect identified,west-yorkshire,LDT_CITY
107050314,violent-crime,2022-12,53.794460,-1.541951,On or near Pitfall Street,Investigation complete; no suspect identified,west-yorkshire,LDT_CITY
124975988,violent-crime,2022-12,53.793626,-1.549368,Leeds (station),Status update unavailable,west-yorkshire,LDT_CITY
107062631,violent-crime,2022-12,53.796033,-1.541964,On or near Duncan Street,Court result unavailable,west-yorkshire,LDT_CITY
107062282,violent-crime,2022-12,53.810303,-1.555279,On or near Spenceley Street,Further investigation is not in the public interest,west-yorkshire,LDT_CITY
107062092,violent-crime,2022-12,53.811499,-1.550771,On or near Shay Court,Unable to prosecute suspect,west-yorkshire,LDT_CITY
107062089,violent-crime,2022-12,53.798699,-1.547962,On or near Bedford Street,Investigation complete; no suspect identified,west-yorkshire,LDT_CITY
107061997,violent-crime,2022-12,53.794964,-1.537330,On or near High Court Lane,Court result unavailable,west-yorkshire,LDT_CITY
107061635,violent-crime,2022-12,53.797550,-1.536202,On or near ,Investigation complete; no suspect identified,west-yorkshire,LDT_CITY
107061624,violent-crime,2022-12,53.795401,-1.541029,On or near Call Lane,Investigation complete; no suspect identified,west-yorkshire,LDT_CITY
107061495,violent-crime,2022-12,53.813411,-1.555003,On or near Holborn Approach,Status update unavailable,west-yorkshire,LDT_CITY
107058234,violent-crime,2022-12,53.794964,-1.537330,On or near High Court Lane,Unable to prosecute suspect,west-yorkshire,LDT_CITY
107056946,violent-crime,2022-12,53.796033,-1.541964,On or near Duncan Street,Court result unavailable,west-yorkshire,LDT_CITY
107042777,violent-crime,2022-12,53.795153,-1.542125,On or near ,Investigation complete; no suspect identified,west-yorkshire,LDT_CITY
107050664,violent-crime,2022-12,53.796033,-1.541964,On or near Duncan Street,Unable to prosecute suspect,west-yorkshire,LDT_CITY
107050641,violent-crime,2022-12,53.797537,-1.557053,On or near Lisbon Street,Unable to prosecute suspect,west-yorkshire,LDT_CITY
107050604,violent-crime,2022-12,53.795991,-1.540218,On or near ,Investigation complete; no suspect identified,west-yorkshire,LDT_CITY
107051697,violent-crime,2022-12,53.800736,-1.566600,On or near Cavendish Street,Unable to prosecute suspect,west-yorkshire,LDT_CITY
107056336,violent-crime,2022-12,53.797550,-1.536202,On or near ,Investigation complete; no suspect identified,west-yorkshire,LDT_CITY
107050386,violent-crime,2022-12,53.795750,-1.550104,On or near Aire Street,Unable to prosecute suspect,west-yorkshire,LDT_CITY
107063836,violent-crime,2022-12,53.794964,-1.537330,On or near High Court Lane,Local resolution,west-yorkshire,LDT_CITY
107049845,violent-crime,2022-12,53.795433,-1.526334,On or near Dolphin Street,Unable to prosecute suspect,west-yorkshire,LDT_CITY
107049756,violent-crime,2022-12,53.798634,-1.546665,On or near ,Investigation complete; no suspect identified,west-yorkshire,LDT_CITY
107049704,violent-crime,2022-12,53.796033,-1.541964,On or near Duncan Street,Status update unavailable,west-yorkshire,LDT_CITY
107049544,violent-crime,2022-12,53.802954,-1.525718,On or near Lindsey Court,Unable to prosecute suspect,west-yorkshire,LDT_CITY
107049291,violent-crime,2022-12,53.795401,-1.541029,On or near Call Lane,Investigation complete; no suspect identified,west-yorkshire,LDT_CITY
107049257,violent-crime,2022-12,53.793701,-1.543052,On or near Concordia Street,Unable to prosecute suspect,west-yorkshire,LDT_CITY
107049498,violent-crime,2022-12,53.794460,-1.541951,On or near Pitfall Street,Investigation complete; no suspect identified,west-yorkshire,LDT_CITY
107051903,violent-crime,2022-12,53.796033,-1.541964,On or near Duncan Street,Court result unavailable,west-yorkshire,LDT_CITY
107062495,violent-crime,2022-12,53.800938,-1.543535,On or near ,Unable to prosecute suspect,west-yorkshire,LDT_CITY
107048710,violent-crime,2022-12,53.794460,-1.541951,On or near Pitfall Street,Unable to prosecute suspect,west-yorkshire,LDT_CITY
107048344,violent-crime,2022-12,53.805856,-1.541553,On or near Amber Close,Unable to prosecute suspect,west-yorkshire,LDT_CITY
107055113,violent-crime,2022-12,53.795337,-1.545615,On or near Mill Hill,Unable to prosecute suspect,west-yorkshire,LDT_CITY
107048379,violent-crime,2022-12,53.794460,-1.541951,On or near Pitfall Street,Investigation complete; no suspect identified,west-yorkshire,LDT_CITY
107048059,violent-crime,2022-12,53.795401,-1.541029,On or near Call Lane,Offender given a caution,west-yorkshire,LDT_CITY
107048251,violent-crime,2022-12,53.798173,-1.539724,On or near Sidney Street,Unable to prosecute suspect,west-yorkshire,LDT_CITY
107047065,violent-crime,2022-12,53.800938,-1.543535,On or near ,Investigation complete; no suspect identified,west-yorkshire,LDT_CITY
107046272,violent-crime,2022-12,53.798816,-1.543376,On or near Lands Lane,Unable to prosecute suspect,west-yorkshire,LDT_CITY
107045972,violent-crime,2022-12,53.796033,-1.541964,On or near Duncan Street,Local resolution,west-yorkshire,LDT_CITY
107045777,violent-crime,2022-12,53.798173,-1.539724,On or near Sidney Street,Unable to prosecute suspect,west-yorkshire,LDT_CITY
107045487,violent-crime,2022-12,53.794939,-1.542628,On or near ,Investigation complete; no suspect identified,west-yorkshire,LDT_CITY
107045475,violent-crime,2022-12,53.794460,-1.541951,On or near Pitfall Street,Investigation complete; no suspect identified,west-yorkshire,LDT_CITY
107045605,violent-crime,2022-12,53.801811,-1.560819,On or near Hanover Mount,Investigation complete; no suspect identified,west-yorkshire,LDT_CITY
107051340,violent-crime,2022-12,53.799860,-1.540776,On or near ,Investigation complete; no suspect identified,west-yorkshire,LDT_CITY
107044677,violent-crime,2022-12,53.794460,-1.541951,On or near Pitfall Street,Court result unavailable,west-yorkshire,LDT_CITY
107044597,violent-crime,2022-12,53.798816,-1.543376,On or near Lands Lane,Investigation complete; no suspect identified,west-yorkshire,LDT_CITY
107044330,violent-crime,2022-12,53.801445,-1.551744,On or near ,Court result unavailable,west-yorkshire,LDT_CITY
107044105,violent-crime,2022-12,53.795337,-1.545615,On or near Mill Hill,Investigation complete; no suspect identified,west-yorkshire,LDT_CITY
124975989,violent-crime,2022-12,53.793626,-1.549368,Leeds (station),Status update unavailable,west-yorkshire,LDT_CITY
107032539,violent-crime,2022-12,53.796033,-1.541964,On or near Duncan Street,Status update unavailable,west-yorkshire,LDT_CITY
107042148,violent-crime,2022-12,53.802237,-1.532999,On or near Regent Street,Unable to prosecute suspect,west-yorkshire,LDT_CITY
107042043,violent-crime,2022-12,53.796697,-1.546359,On or near Lower Basinghall Street,Unable to prosecute suspect,west-yorkshire,LDT_CITY
107041967,violent-crime,2022-12,53.795751,-1.541949,On or near ,Court result unavailable,west-yorkshire,LDT_CITY
107052027,violent-crime,2022-12,53.810826,-1.555911,On or near Moorfield Street,Unable to prosecute suspect,west-yorkshire,LDT_CITY
107041613,violent-crime,2022-12,53.795401,-1.541029,On or near Call Lane,Investigation complete; no suspect identified,west-yorkshire,LDT_CITY
107040722,violent-crime,2022-12,53.798173,-1.539724,On or near Sidney Street,Status update unavailable,west-yorkshire,LDT_CITY
107041177,violent-crime,2022-12,53.796033,-1.541964,On or near Duncan Street,Investigation complete; no suspect identified,west-yorkshire,LDT_CITY
107040633,violent-crime,2022-12,53.800733,-1.551053,On or near Oxford Row,Status update unavailable,west-yorkshire,LDT_CITY
107040542,violent-crime,2022-12,53.799785,-1.526771,On or near Burmantofts Street,Unable to prosecute suspect,west-yorkshire,LDT_CITY
107040169,violent-crime,2022-12,53.795195,-1.548334,On or near ,Status update unavailable,west-yorkshire,LDT_CITY
107052100,violent-crime,2022-12,53.805856,-1.541553,On or near Amber Close,Unable to prosecute suspect,west-yorkshire,LDT_CITY
107055827,violent-crime,2022-12,53.796294,-1.532609,On or near Brussels Street,Investigation complete; no suspect identified,west-yorkshire,LDT_CITY
107055330,violent-crime,2022-12,53.795337,-1.545615,On or near Mill Hill,Investigation complete; no suspect identified,west-yorkshire,LDT_CITY
107055486,violent-crime,2022-12,53.807225,-1.569023,On or near Alexandra Grove,Unable to prosecute suspect,west-yorkshire,LDT_CITY
107050747,violent-crime,2022-12,53.802910,-1.563996,On or near Consort Terrace,Court result unavailable,west-yorkshire,LDT_CITY
107054981,violent-crime,2022-12,53.804002,-1.531643,On or near ,Investigation complete; no suspect identified,west-yorkshire,LDT_CITY
107054826,violent-crime,2022-12,53.796033,-1.541964,On or near Duncan Street,Unable to prosecute suspect,west-yorkshire,LDT_CITY
107052160,violent-crime,2022-12,53.801463,-1.528225,On or near Thealby Lawn,Unable to prosecute suspect,west-yorkshire,LDT_CITY
107061535,violent-crime,2022-12,53.795751,-1.541949,On or near ,Court result unavailable,west-yorkshire,LDT_CITY
107054279,violent-crime,2022-12,53.810009,-1.565836,On or near Hyde Park Road,Unable to prosecute suspect,west-yorkshire,LDT_CITY
107054221,violent-crime,2022-12,53.796033,-1.541964,On or near Duncan Street,Investigation complete; no suspect identified,west-yorkshire,LDT_CITY
107054439,violent-crime,2022-12,53.794460,-1.541951,On or near Pitfall Street,Unable to prosecute suspect,west-yorkshire,LDT_CITY
107053779,violent-crime,2022-12,53.795153,-1.542125,On or near ,Investigation complete; no suspect identified,west-yorkshire,LDT_CITY
107053764,violent-crime,2022-12,53.794460,-1.541951,On or near Pitfall Street,Investigation complete; no suspect identified,west-yorkshire,LDT_CITY
107053753,violent-crime,2022-12,53.794460,-1.541951,On or near Pitfall Street,Court result unavailable,west-yorkshire,LDT_CITY
107053194,violent-crime,2022-12,53.800047,-1.545670,On or near ,Offender given a caution,west-yorkshire,LDT_CITY
107053151,violent-crime,2022-12,53.795337,-1.545615,On or near Mill Hill,Investigation complete; no suspect identified,west-yorkshire,LDT_CITY
107053610,violent-crime,2022-12,53.798265,-1.545097,On or near Albion Street,Investigation complete; no suspect identified,west-yorkshire,LDT_CITY
107053293,violent-crime,2022-12,53.798265,-1.545097,On or near Albion Street,Unable to prosecute suspect,west-yorkshire,LDT_CITY
107053423,violent-crime,2022-12,53.798363,-1.544671,On or near ,Investigation complete; no suspect identified,west-yorkshire,LDT_CITY
107052990,violent-crime,2022-12,53.807661,-1.545922,On or near Blenheim Grove,Unable to prosecute suspect,west-yorkshire,LDT_CITY
107052612,violent-crime,2022-12,53.803709,-1.525800,On or near Lindsey Gardens,Investigation complete; no suspect identified,west-yorkshire,LDT_CITY
107052642,violent-crime,2022-12,53.799425,-1.545100,On or near The Headrow,Investigation complete; no suspect identified,west-yorkshire,LDT_CITY
107052608,violent-crime,2022-12,53.799435,-1.562393,On or near Bingley Street,Unable to prosecute suspect,west-yorkshire,LDT_CITY
107052675,violent-crime,2022-12,53.808385,-1.549498,On or near Archery Road,Unable to prosecute suspect,west-yorkshire,LDT_CITY
107052400,violent-crime,2022-12,53.796294,-1.532609,On or near Brussels Street,Unable to prosecute suspect,west-yorkshire,LDT_CITY
107058853,violent-crime,2022-12,53.803337,-1.545604,On or near Queen Square,Investigation complete; no suspect identified,west-yorkshire,LDT_CITY
107052140,violent-crime,2022-12,53.801463,-1.528225,On or near Thealby Lawn,Unable to prosecute suspect,west-yorkshire,LDT_CITY
107049705,violent-crime,2022-12,53.809455,-1.545037,On or near Hawkins Drive,Unable to prosecute suspect,west-yorkshire,LDT_CITY
107038993,violent-crime,2022-12,53.795048,-1.531120,On or near Cotton Street,Unable to prosecute suspect,west-yorkshire,LDT_CITY
107039156,violent-crime,2022-12,53.797762,-1.537998,On or near George Street,Status update unavailable,west-yorkshire,LDT_CITY
107038295,violent-crime,2022-12,53.800712,-1.540865,On or near Cross Belgrave Street,Investigation complete; no suspect identified,west-yorkshire,LDT_CITY
107038185,violent-crime,2022-12,53.797144,-1.536183,On or near Leeds Coach Station,Investigation complete; no suspect identified,west-yorkshire,LDT_CITY
107037224,violent-crime,2022-12,53.798699,-1.547962,On or near Bedford Street,Unable to prosecute suspect,west-yorkshire,LDT_CITY
107036573,violent-crime,2022-12,53.796033,-1.541964,On or near Duncan Street,Unable to prosecute suspect,west-yorkshire,LDT_CITY
107057764,violent-crime,2022-12,53.799435,-1.562393,On or near Bingley Street,Unable to prosecute suspect,west-yorkshire,LDT_CITY
107061160,violent-crime,2022-12,53.802237,-1.532999,On or near Regent Street,Unable to prosecute suspect,west-yorkshire,LDT_CITY
107033040,violent-crime,2022-12,53.803224,-1.528205,On or near Cherry Place,Unable to prosecute suspect,west-yorkshire,LDT_CITY
107032129,violent-crime,2022-12,53.799623,-1.535730,On or near Lady Beck Close,Investigation complete; no suspect identified,west-yorkshire,LDT_CITY
107032305,violent-crime,2022-12,53.794367,-1.555235,On or near ,Investigation complete; no suspect identified,west-yorkshire,LDT_CITY
107032330,violent-crime,2022-12,53.802954,-1.525718,On or near Lindsey Court,Investigation complete; no suspect identified,west-yorkshire,LDT_CITY
107053490,violent-crime,2022-12,53.801445,-1.551744,On or near ,Unable to prosecute suspect,west-yorkshire,LDT_CITY
107032583,violent-crime,2022-12,53.796525,-1.541290,On or near Central Road,Unable to prosecute suspect,west-yorkshire,LDT_CITY
107063893,violent-crime,2022-12,53.810163,-1.551468,On or near Blenheim View,Unable to prosecute suspect,west-yorkshire,LDT_CITY
107032720,violent-crime,2022-12,53.790990,-1.563376,On or near Springwell Street,Unable to prosecute suspect,west-yorkshire,LDT_CITY
107061773,violent-crime,2022-12,53.800938,-1.543535,On or near ,Unable to prosecute suspect,west-yorkshire,LDT_CITY
107053920,violent-crime,2022-12,53.799623,-1.535730,On or near Lady Beck Close,Unable to prosecute suspect,west-yorkshire,LDT_CITY
107063350,violent-crime,2022-12,53.797864,-1.545800,On or near ,Investigation complete; no suspect identified,west-yorkshire,LDT_CITY
107055992,violent-crime,2022-12,53.797993,-1.541897,On or near ,Unable to prosecute suspect,west-yorkshire,LDT_CITY
107033065,violent-crime,2022-12,53.788192,-1.538619,On or near Butterley Street,Investigation complete; no suspect identified,west-yorkshire,LDT_CITY
107049754,violent-crime,2022-12,53.794460,-1.541951,On or near Pitfall Street,Unable to prosecute suspect,west-yorkshire,LDT_CITY
107033103,violent-crime,2022-12,53.794939,-1.542628,On or near ,Unable to prosecute suspect,west-yorkshire,LDT_CITY
107054023,violent-crime,2022-12,53.801445,-1.551744,On or near ,Court result unavailable,west-yorkshire,LDT_CITY
107033146,violent-crime,2022-12,53.800733,-1.551053,On or near Oxford Row,Unable to prosecute suspect,west-yorkshire,LDT_CITY
107042005,violent-crime,2022-12,53.795177,-1.541305,On or near Queens's Court,Unable to prosecute suspect,west-yorkshire,LDT_CITY
107033243,violent-crime,2022-12,53.799069,-1.550903,On or near Park Square East,Unable to prosecute suspect,west-yorkshire,LDT_CITY
107033293,violent-crime,2022-12,53.798721,-1.549222,On or near East Parade,Investigation complete; no suspect identified,west-yorkshire,LDT_CITY
107033372,violent-crime,2022-12,53.796278,-1.537756,On or near Harper Street,Investigation complete; no suspect identified,west-yorkshire,LDT_CITY
107033397,violent-crime,2022-12,53.803337,-1.545604,On or near Queen Square,Unable to prosecute suspect,west-yorkshire,LDT_CITY
107056123,violent-crime,2022-12,53.802717,-1.527148,On or near Lincoln Green Road,Court result unavailable,west-yorkshire,LDT_CITY
107042745,violent-crime,2022-12,53.795401,-1.541029,On or near Call Lane,Unable to prosecute suspect,west-yorkshire,LDT_CITY
107043524,violent-crime,2022-12,53.795401,-1.541029,On or near Call Lane,Investigation complete; no suspect identified,west-yorkshire,LDT_CITY
107056285,violent-crime,2022-12,53.796033,-1.541964,On or near Duncan Street,Investigation complete; no suspect identified,west-yorkshire,LDT_CITY
107043761,violent-crime,2022-12,53.795991,-1.540218,On or near ,Investigation complete; no suspect identified,west-yorkshire,LDT_CITY
107044047,violent-crime,2022-12,53.795006,-1.541307,On or near ,Investigation complete; no suspect identified,west-yorkshire,LDT_CITY
107057183,violent-crime,2022-12,53.796068,-1.551239,On or near Thirsk Row,Investigation complete; no suspect identified,west-yorkshire,LDT_CITY
107056421,violent-crime,2022-12,53.797097,-1.552412,On or near York Place,Investigation complete; no suspect identified,west-yorkshire,LDT_CITY
107044834,violent-crime,2022-12,53.803936,-1.544899,On or near Providence Place,Unable to prosecute suspect,west-yorkshire,LDT_CITY
107044968,violent-crime,2022-12,53.805450,-1.536486,On or near Lovell Park View,Unable to prosecute suspect,west-yorkshire,LDT_CITY
107045082,violent-crime,2022-12,53.802954,-1.525718,On or near Lindsey Court,Unable to prosecute suspect,west-yorkshire,LDT_CITY
107045357,violent-crime,2022-12,53.806446,-1.562320,On or near Back Kelso Road,Investigation complete; no suspect identified,west-yorkshire,LDT_CITY
107033583,violent-crime,2022-12,53.804667,-1.538529,On or near Lovell Park Gate,Unable to prosecute suspect,west-yorkshire,LDT_CITY
107033694,violent-crime,2022-12,53.799425,-1.545100,On or near The Headrow,Investigation complete; no suspect identified,west-yorkshire,LDT_CITY
107056413,violent-crime,2022-12,53.804002,-1.531643,On or near ,Unable to prosecute suspect,west-yorkshire,LDT_CITY
107033826,violent-crime,2022-12,53.805404,-1.564988,On or near Belle Vue Road,Investigation complete; no suspect identified,west-yorkshire,LDT_CITY
107060766,violent-crime,2022-12,53.801070,-1.531144,On or near Argyle Road,Investigation complete; no suspect identified,west-yorkshire,LDT_CITY
107033964,violent-crime,2022-12,53.807988,-1.551704,On or near Marlborough Gardens,Investigation complete; no suspect identified,west-yorkshire,LDT_CITY
107056079,violent-crime,2022-12,53.797581,-1.544831,On or near ,Unable to prosecute suspect,west-yorkshire,LDT_CITY
107034091,violent-crime,2022-12,53.796033,-1.541964,On or near Duncan Street,Investigation complete; no suspect identified,west-yorkshire,LDT_CITY
107054551,violent-crime,2022-12,53.798816,-1.543376,On or near Lands Lane,Investigation complete; no suspect identified,west-yorkshire,LDT_CITY
107044828,violent-crime,2022-12,53.795153,-1.542125,On or near ,Unable to prosecute suspect,west-yorkshire,LDT_CITY
107034516,violent-crime,2022-12,53.810009,-1.565836,On or near Hyde Park Road,Investigation complete; no suspect identified,west-yorkshire,LDT_CITY
107034664,violent-crime,2022-12,53.796525,-1.541290,On or near Central Road,Investigation complete; no suspect identified,west-yorkshire,LDT_CITY
107035031,violent-crime,2022-12,53.802946,-1.535223,On or near ,Unable to prosecute suspect,west-yorkshire,LDT_CITY
107056109,violent-crime,2022-12,53.802717,-1.527148,On or near Lincoln Green Road,Court result unavailable,west-yorkshire,LDT_CITY
107035448,violent-crime,2022-12,53.798668,-1.561444,On or near West Street,Investigation complete; no suspect identified,west-yorkshire,LDT_CITY
107035589,violent-crime,2022-12,53.798394,-1.548163,On or near Greek Street,Unable to prosecute suspect,west-yorkshire,LDT_CITY
107035754,violent-crime,2022-12,53.796033,-1.541964,On or near Duncan Street,Investigation complete; no suspect identified,west-yorkshire,LDT_CITY
107055009,violent-crime,2022-12,53.802493,-1.543579,On or near Merrion Way,Court result unavailable,west-yorkshire,LDT_CITY
107035993,violent-crime,2022-12,53.796033,-1.541964,On or near Duncan Street,Court result unavailable,west-yorkshire,LDT_CITY
107050690,violent-crime,2022-12,53.801753,-1.564479,On or near Burley Access Road,Unable to prosecute suspect,west-yorkshire,LDT_CITY
107055041,violent-crime,2022-12,53.806437,-1.543232,On or near Carlton Gate,Unable to prosecute suspect,west-yorkshire,LDT_CITY
107042379,violent-crime,2022-12,53.813023,-1.552182,On or near Holborn Street,Investigation complete; no suspect identified,west-yorkshire,LDT_CITY
107042447,violent-crime,2022-12,53.798173,-1.539724,On or near Sidney Street,Investigation complete; no suspect identified,west-yorkshire,LDT_CITY
107055450,violent-crime,2022-12,53.794964,-1.537330,On or near High Court Lane,Court result unavailable,west-yorkshire,LDT_CITY
107056595,violent-crime,2022-12,53.795006,-1.541307,On or near ,Formal action is not in the public interest,west-yorkshire,LDT_CITY
107059714,violent-crime,2022-12,53.798747,-1.553609,On or near Somers Place,Unable to prosecute suspect,west-yorkshire,LDT_CITY
107035815,violent-crime,2022-12,53.795153,-1.542125,On or near ,Investigation complete; no suspect identified,west-yorkshire,LDT_CITY
107052573,violent-crime,2022-12,53.801453,-1.549071,On or near Calverley Street,Investigation complete; no suspect identified,west-yorkshire,LDT_CITY
107056154,violent-crime,2022-12,53.808878,-1.549310,On or near Back Winfield Grove,Unable to prosecute suspect,west-yorkshire,LDT_CITY
107056362,violent-crime,2022-12,53.799069,-1.550903,On or near Park Square East,Unable to prosecute suspect,west-yorkshire,LDT_CITY
107049429,violent-crime,2022-12,53.803628,-1.561241,On or near Victoria Street,Unable to prosecute suspect,west-yorkshire,LDT_CITY
107057048,violent-crime,2022-12,53.794167,-1.547586,On or near ,Investigation complete; no suspect identified,west-yorkshire,LDT_CITY
107049624,violent-crime,2022-12,53.793168,-1.530898,On or near East Street,Investigation complete; no suspect identified,west-yorkshire,LDT_CITY
107062964,violent-crime,2022-12,53.795337,-1.545615,On or near Mill Hill,Unable to prosecute suspect,west-yorkshire,LDT_CITY
107065723,violent-crime,2022-12,53.804002,-1.531643,On or near ,Unable to prosecute suspect,west-yorkshire,LDT_CITY
107065738,violent-crime,2022-12,53.798896,-1.543208,On or near ,Investigation complete; no suspect identified,west-yorkshire,LDT_CITY
107063438,violent-crime,2022-12,53.794460,-1.541951,On or near Pitfall Street,Unable to prosecute suspect,west-yorkshire,LDT_CITY
107068178,violent-crime,2022-12,53.803464,-1.542220,On or near ,Local resolution,west-yorkshire,LDT_CITY
107069480,violent-crime,2022-12,53.796355,-1.536859,On or near ,Status update unavailable,west-yorkshire,LDT_CITY
107053772,violent-crime,2022-12,53.800938,-1.543535,On or near ,Unable to prosecute suspect,west-yorkshire,LDT_CITY
107054128,violent-crime,2022-12,53.798394,-1.548163,On or near Greek Street,Investigation complete; no suspect identified,west-yorkshire,LDT_CITY
107054414,violent-crime,2022-12,53.801445,-1.551744,On or near ,Investigation complete; no suspect identified,west-yorkshire,LDT_CITY
107054882,violent-crime,2022-12,53.808352,-1.543257,On or near Carlton Grove,Unable to prosecute suspect,west-yorkshire,LDT_CITY
107049025,violent-crime,2022-12,53.796033,-1.541964,On or near Duncan Street,Investigation complete; no suspect identified,west-yorkshire,LDT_CITY
107061777,violent-crime,2022-12,53.800938,-1.543535,On or near ,Investigation complete; no suspect identified,west-yorkshire,LDT_CITY
107061948,violent-crime,2022-12,53.795337,-1.545615,On or near Mill Hill,Offender given a caution,west-yorkshire,LDT_CITY
107054212,violent-crime,2022-12,53.805856,-1.541553,On or near Amber Close,Unable to prosecute suspect,west-yorkshire,LDT_CITY
107053959,violent-crime,2022-12,53.800716,-1.563594,On or near St Andrew's Street,Unable to prosecute suspect,west-yorkshire,LDT_CITY
107053657,violent-crime,2022-12,53.802954,-1.525718,On or near Lindsey Court,Unable to prosecute suspect,west-yorkshire,LDT_CITY
107050560,violent-crime,2022-12,53.801189,-1.548148,On or near ,Investigation complete; no suspect identified,west-yorkshire,LDT_CITY
107050119,violent-crime,2022-12,53.793460,-1.538941,On or near ,Unable to prosecute suspect,west-yorkshire,LDT_CITY
107049901,violent-crime,2022-12,53.794460,-1.541951,On or near Pitfall Street,Investigation complete; no suspect identified,west-yorkshire,LDT_CITY
107060407,violent-crime,2022-12,53.789481,-1.548957,On or near ,Unable to prosecute suspect,west-yorkshire,LDT_CITY
107055903,violent-crime,2022-12,53.795401,-1.541029,On or near Call Lane,Investigation complete; no suspect identified,west-yorkshire,LDT_CITY
107048079,violent-crime,2022-12,53.796033,-1.541964,On or near Duncan Street,Investigation complete; no suspect identified,west-yorkshire,LDT_CITY
107046583,violent-crime,2022-12,53.801873,-1.553257,On or near St George's Road,Unable to prosecute suspect,west-yorkshire,LDT_CITY
107045915,violent-crime,2022-12,53.794460,-1.541951,On or near Pitfall Street,Unable to prosecute suspect,west-yorkshire,LDT_CITY
107049497,violent-crime,2022-12,53.795401,-1.541029,On or near Call Lane,Unable to prosecute suspect,west-yorkshire,LDT_CITY
107059723,violent-crime,2022-12,53.794460,-1.541951,On or near Pitfall Street,Local resolution,west-yorkshire,LDT_CITY
107049878,violent-crime,2022-12,53.797326,-1.539050,On or near ,Investigation complete; no suspect identified,west-yorkshire,LDT_CITY
107059467,violent-crime,2022-12,53.797581,-1.544831,On or near ,Unable to prosecute suspect,west-yorkshire,LDT_CITY
107050101,violent-crime,2022-12,53.801445,-1.551744,On or near ,Investigation complete; no suspect identified,west-yorkshire,LDT_CITY
107069999,violent-crime,2022-12,53.795195,-1.548334,On or near ,Unable to prosecute suspect,west-yorkshire,LDT_CITY
107069981,violent-crime,2022-12,53.793777,-1.541776,On or near Bridge End,Investigation complete; no suspect identified,west-yorkshire,LDT_CITY
107069935,violent-crime,2022-12,53.802493,-1.543579,On or near Merrion Way,Investigation complete; no suspect identified,west-yorkshire,LDT_CITY
107050454,violent-crime,2022-12,53.804002,-1.531643,On or near ,Unable to prosecute suspect,west-yorkshire,LDT_CITY
107050489,violent-crime,2022-12,53.797144,-1.536183,On or near Leeds Coach Station,Investigation complete; no suspect identified,west-yorkshire,LDT_CITY
107050566,violent-crime,2022-12,53.800938,-1.543535,On or near ,Investigation complete; no suspect identified,west-yorkshire,LDT_CITY
107068858,violent-crime,2022-12,53.809171,-1.553210,On or near Kingston Terrace,Investigation complete; no suspect identified,west-yorkshire,LDT_CITY
107038764,violent-crime,2022-12,53.799588,-1.540619,On or near Harrison Street,Investigation complete; no suspect identified,west-yorkshire,LDT_CITY
107040664,violent-crime,2022-12,53.802282,-1.547268,On or near ,Status update unavailable,west-yorkshire,LDT_CITY
107042352,violent-crime,2022-12,53.804993,-1.539270,On or near Lovell Park Road,Unable to prosecute suspect,west-yorkshire,LDT_CITY
107042753,violent-crime,2022-12,53.796033,-1.541964,On or near Duncan Street,Court result unavailable,west-yorkshire,LDT_CITY
107039906,violent-crime,2022-12,53.796033,-1.541964,On or near Duncan Street,Investigation complete; no suspect identified,west-yorkshire,LDT_CITY
107064548,violent-crime,2022-12,53.804007,-1.548570,On or near ,Status update unavailable,west-yorkshire,LDT_CITY
107064440,violent-crime,2022-12,53.798747,-1.553609,On or near Somers Place,Unable to prosecute suspect,west-yorkshire,LDT_CITY
107063984,violent-crime,2022-12,53.810163,-1.551468,On or near Blenheim View,Court result unavailable,west-yorkshire,LDT_CITY
107063730,violent-crime,2022-12,53.798634,-1.546665,On or near Further/higher Educational Building,Court result unavailable,west-yorkshire,LDT_CITY
107063747,violent-crime,2022-12,53.795401,-1.541029,On or near Call Lane,Court result unavailable,west-yorkshire,LDT_CITY
107063400,violent-crime,2022-12,53.796033,-1.541964,On or near Duncan Street,Investigation complete; no suspect identified,west-yorkshire,LDT_CITY
107063626,violent-crime,2022-12,53.798634,-1.546665,On or near Further/higher Educational Building,Court result unavailable,west-yorkshire,LDT_CITY
107063142,violent-crime,2022-12,53.788971,-1.540219,On or near ,Investigation complete; no suspect identified,west-yorkshire,LDT_CITY
107063128,violent-crime,2022-12,53.802282,-1.547268,On or near Theatre/concert Hall,Court result unavailable,west-yorkshire,LDT_CITY
107063100,violent-crime,2022-12,53.806895,-1.540767,On or near Carr Place,Unable to prosecute suspect,west-yorkshire,LDT_CITY
107063053,violent-crime,2022-12,53.797993,-1.541897,On or near ,Unable to prosecute suspect,west-yorkshire,LDT_CITY
107063215,violent-crime,2022-12,53.794367,-1.555235,On or near ,Investigation complete; no suspect identified,west-yorkshire,LDT_CITY
107045617,violent-crime,2022-12,53.800938,-1.543535,On or near ,Investigation complete; no suspect identified,west-yorkshire,LDT_CITY
107046814,violent-crime,2022-12,53.798230,-1.537628,On or near ,Investigation complete; no suspect identified,west-yorkshire,LDT_CITY
107047632,violent-crime,2022-12,53.795401,-1.541029,On or near Call Lane,Investigation complete; no suspect identified,west-yorkshire,LDT_CITY
107049752,violent-crime,2022-12,53.798634,-1.546665,On or near ,Investigation complete; no suspect identified,west-yorkshire,LDT_CITY
107050082,violent-crime,2022-12,53.796033,-1.541964,On or near Duncan Street,Investigation complete; no suspect identified,west-yorkshire,LDT_CITY
107051137,violent-crime,2022-12,53.796033,-1.541964,On or near Duncan Street,Unable to prosecute suspect,west-yorkshire,LDT_CITY
107051454,violent-crime,2022-12,53.804714,-1.536858,On or near Lovell Park Mews,Unable to prosecute suspect,west-yorkshire,LDT_CITY
107051690,violent-crime,2022-12,53.795297,-1.528279,On or near The Close,Unable to prosecute suspect,west-yorkshire,LDT_CITY
107056175,violent-crime,2022-12,53.807533,-1.564784,On or near St John's Close,Unable to prosecute suspect,west-yorkshire,LDT_CITY
107056480,violent-crime,2022-12,53.808878,-1.549310,On or near Back Winfield Grove,Unable to prosecute suspect,west-yorkshire,LDT_CITY
107057774,violent-crime,2022-12,53.801070,-1.531144,On or near Argyle Road,Unable to prosecute suspect,west-yorkshire,LDT_CITY
107059625,violent-crime,2022-12,53.798747,-1.553609,On or near Somers Place,Investigation complete; no suspect identified,west-yorkshire,LDT_CITY
107062392,violent-crime,2022-12,53.800938,-1.543535,On or near ,Status update unavailable,west-yorkshire,LDT_CITY
107062465,violent-crime,2022-12,53.795401,-1.541029,On or near Call Lane,Offender given a caution,west-yorkshire,LDT_CITY
107063611,violent-crime,2022-12,53.793694,-1.529663,On or near Richmond Street,Unable to prosecute suspect,west-yorkshire,LDT_CITY
107064546,violent-crime,2022-12,53.798775,-1.544378,On or near King Charles Street,Investigation complete; no suspect identified,west-yorkshire,LDT_CITY
107065806,violent-crime,2022-12,53.795751,-1.541949,On or near ,Investigation complete; no suspect identified,west-yorkshire,LDT_CITY
107054578,violent-crime,2022-12,53.798721,-1.549222,On or near East Parade,Investigation complete; no suspect identified,west-yorkshire,LDT_CITY
107056779,violent-crime,2022-12,53.798747,-1.553609,On or near Somers Place,Unable to prosecute suspect,west-yorkshire,LDT_CITY
107053972,violent-crime,2022-12,53.807533,-1.564784,On or near St John's Close,Unable to prosecute suspect,west-yorkshire,LDT_CITY
107069475,violent-crime,2022-12,53.795751,-1.541949,On or near ,Investigation complete; no suspect identified,west-yorkshire,LDT_CITY
107069410,violent-crime,2022-12,53.807784,-1.537994,On or near Oatland Gardens,Unable to prosecute suspect,west-yorkshire,LDT_CITY
107069395,violent-crime,2022-12,53.795297,-1.528279,On or near The Close,Unable to prosecute suspect,west-yorkshire,LDT_CITY
107056567,violent-crime,2022-12,53.797793,-1.563123,On or near Wellington Bridge Street,Unable to prosecute suspect,west-yorkshire,LDT_CITY
107056309,violent-crime,2022-12,53.794460,-1.541951,On or near Pitfall Street,Offender given a caution,west-yorkshire,LDT_CITY
107056105,violent-crime,2022-12,53.803224,-1.528205,On or near Cherry Place,Court result unavailable,west-yorkshire,LDT_CITY
107056083,violent-crime,2022-12,53.800047,-1.545670,On or near ,Unable to prosecute suspect,west-yorkshire,LDT_CITY
107055557,violent-crime,2022-12,53.798063,-1.527655,On or near ,Court result unavailable,west-yorkshire,LDT_CITY
107051567,violent-crime,2022-12,53.798173,-1.539724,On or near Sidney Street,Unable to prosecute suspect,west-yorkshire,LDT_CITY
107051246,violent-crime,2022-12,53.798173,-1.539724,On or near Sidney Street,Investigation complete; no suspect identified,west-yorkshire,LDT_CITY
107051519,violent-crime,2022-12,53.799414,-1.556563,On or near Fountain Street,Unable to prosecute suspect,west-yorkshire,LDT_CITY
107051057,violent-crime,2022-12,53.798173,-1.539724,On or near Sidney Street,Investigation complete; no suspect identified,west-yorkshire,LDT_CITY
107050897,violent-crime,2022-12,53.796355,-1.536859,On or near ,Unable to prosecute suspect,west-yorkshire,LDT_CITY
107062471,violent-crime,2022-12,53.801463,-1.528225,On or near Thealby Lawn,Unable to prosecute suspect,west-yorkshire,LDT_CITY
107062555,violent-crime,2022-12,53.802720,-1.541739,On or near Brunswick Terrace,Unable to prosecute suspect,west-yorkshire,LDT_CITY
107062123,violent-crime,2022-12,53.796525,-1.541290,On or near Central Road,Investigation complete; no suspect identified,west-yorkshire,LDT_CITY
107062134,violent-crime,2022-12,53.796525,-1.541290,On or near Central Road,Investigation complete; no suspect identified,west-yorkshire,LDT_CITY
107061934,violent-crime,2022-12,53.794964,-1.537330,On or near High Court Lane,Court result unavailable,west-yorkshire,LDT_CITY
107061523,violent-crime,2022-12,53.806550,-1.528957,On or near ,Status update unavailable,west-yorkshire,LDT_CITY
107061002,violent-crime,2022-12,53.801495,-1.560443,On or near Hanover Square,Unable to prosecute suspect,west-yorkshire,LDT_CITY
107060501,violent-crime,2022-12,53.789481,-1.548957,On or near ,Unable to prosecute suspect,west-yorkshire,LDT_CITY
107060778,violent-crime,2022-12,53.809171,-1.553210,On or near Kingston Terrace,Unable to prosecute suspect,west-yorkshire,LDT_CITY
107060333,violent-crime,2022-12,53.796525,-1.541290,On or near Central Road,Court result unavailable,west-yorkshire,LDT_CITY
107060302,violent-crime,2022-12,53.795751,-1.541949,On or near Nightclub,Court result unavailable,west-yorkshire,LDT_CITY
107060212,violent-crime,2022-12,53.796525,-1.541290,On or near Central Road,Court result unavailable,west-yorkshire,LDT_CITY
107059642,violent-crime,2022-12,53.808878,-1.549310,On or near Back Winfield Grove,Unable to prosecute suspect,west-yorkshire,LDT_CITY
107059637,violent-crime,2022-12,53.802263,-1.554058,On or near Inner Ring Road,Court result unavailable,west-yorkshire,LDT_CITY
107059621,violent-crime,2022-12,53.799623,-1.535730,On or near Lady Beck Close,Unable to prosecute suspect,west-yorkshire,LDT_CITY
107059656,violent-crime,2022-12,53.799522,-1.526090,On or near Rigton Approach,Unable to prosecute suspect,west-yorkshire,LDT_CITY
107059437,violent-crime,2022-12,53.794939,-1.542628,On or near ,Status update unavailable,west-yorkshire,LDT_CITY
107058960,violent-crime,2022-12,53.796697,-1.546359,On or near Lower Basinghall Street,Unable to prosecute suspect,west-yorkshire,LDT_CITY
107059287,violent-crime,2022-12,53.795195,-1.548334,On or near ,Unable to prosecute suspect,west-yorkshire,LDT_CITY
107058878,violent-crime,2022-12,53.795401,-1.541029,On or near Call Lane,Investigation complete; no suspect identified,west-yorkshire,LDT_CITY
107055472,violent-crime,2022-12,53.807225,-1.569023,On or near Alexandra Grove,Unable to prosecute suspect,west-yorkshire,LDT_CITY
107055155,violent-crime,2022-12,53.807533,-1.564784,On or near St John's Close,Unable to prosecute suspect,west-yorkshire,LDT_CITY
107054209,violent-crime,2022-12,53.793460,-1.538941,On or near ,Status update unavailable,west-yorkshire,LDT_CITY
107054476,violent-crime,2022-12,53.800938,-1.543535,On or near ,Investigation complete; no suspect identified,west-yorkshire,LDT_CITY
107054122,violent-crime,2022-12,53.806187,-1.560409,On or near Clarendon Road,Unable to prosecute suspect,west-yorkshire,LDT_CITY
107054325,violent-crime,2022-12,53.802237,-1.532999,On or near Regent Street,Unable to prosecute suspect,west-yorkshire,LDT_CITY
107053803,violent-crime,2022-12,53.806088,-1.529479,On or near ,Status update unavailable,west-yorkshire,LDT_CITY
107053692,violent-crime,2022-12,53.798950,-1.533840,On or near Playhouse Square,Unable to prosecute suspect,west-yorkshire,LDT_CITY
107053525,violent-crime,2022-12,53.797793,-1.563123,On or near Wellington Bridge Street,Unable to prosecute suspect,west-yorkshire,LDT_CITY
107053630,violent-crime,2022-12,53.798950,-1.533840,On or near Playhouse Square,Unable to prosecute suspect,west-yorkshire,LDT_CITY
107053628,violent-crime,2022-12,53.799938,-1.524431,On or near Rigton Mews,Unable to prosecute suspect,west-yorkshire,LDT_CITY
107053625,violent-crime,2022-12,53.794964,-1.537330,On or near High Court Lane,Court result unavailable,west-yorkshire,LDT_CITY
107052977,violent-crime,2022-12,53.795751,-1.541949,On or near ,Unable to prosecute suspect,west-yorkshire,LDT_CITY
107052963,violent-crime,2022-12,53.801162,-1.531599,On or near Mabgate,Status update unavailable,west-yorkshire,LDT_CITY
107053288,violent-crime,2022-12,53.803388,-1.549658,On or near ,Unable to prosecute suspect,west-yorkshire,LDT_CITY
107052876,violent-crime,2022-12,53.795337,-1.545615,On or near Mill Hill,Unable to prosecute suspect,west-yorkshire,LDT_CITY
107052727,violent-crime,2022-12,53.794460,-1.541951,On or near Pitfall Street,Court result unavailable,west-yorkshire,LDT_CITY
107053010,violent-crime,2022-12,53.801162,-1.531599,On or near Mabgate,Status update unavailable,west-yorkshire,LDT_CITY
107052632,violent-crime,2022-12,53.795153,-1.542125,On or near Nightclub,Investigation complete; no suspect identified,west-yorkshire,LDT_CITY
107052497,violent-crime,2022-12,53.798173,-1.539724,On or near Sidney Street,Unable to prosecute suspect,west-yorkshire,LDT_CITY
107052142,violent-crime,2022-12,53.798173,-1.539724,On or near Sidney Street,Unable to prosecute suspect,west-yorkshire,LDT_CITY
107039664,violent-crime,2022-12,53.800938,-1.543535,On or near ,Unable to prosecute suspect,west-yorkshire,LDT_CITY
107039410,violent-crime,2022-12,53.800733,-1.551053,On or near Oxford Row,Unable to prosecute suspect,west-yorkshire,LDT_CITY
107039726,violent-crime,2022-12,53.795896,-1.538914,On or near ,Investigation complete; no suspect identified,west-yorkshire,LDT_CITY
107043324,violent-crime,2022-12,53.795433,-1.526334,On or near Dolphin Street,Unable to prosecute suspect,west-yorkshire,LDT_CITY
107032124,violent-crime,2022-12,53.802485,-1.534423,On or near Byron Street,Unable to prosecute suspect,west-yorkshire,LDT_CITY
107032246,violent-crime,2022-12,53.794460,-1.541951,On or near Pitfall Street,Investigation complete; no suspect identified,west-yorkshire,LDT_CITY
107032325,violent-crime,2022-12,53.794460,-1.541951,On or near Pitfall Street,Unable to prosecute suspect,west-yorkshire,LDT_CITY
107032834,violent-crime,2022-12,53.800336,-1.553198,On or near ,Investigation complete; no suspect identified,west-yorkshire,LDT_CITY
107032931,violent-crime,2022-12,53.802323,-1.553268,On or near Blundell Street,Investigation complete; no suspect identified,west-yorkshire,LDT_CITY
107032972,violent-crime,2022-12,53.793675,-1.545769,On or near Pitt Row,Unable to prosecute suspect,west-yorkshire,LDT_CITY
107033468,violent-crime,2022-12,53.807112,-1.538791,On or near Oatland Drive,Investigation complete; no suspect identified,west-yorkshire,LDT_CITY
107043102,violent-crime,2022-12,53.786240,-1.550084,On or near Meadow Croft,Investigation complete; no suspect identified,west-yorkshire,LDT_CITY
107043351,violent-crime,2022-12,53.796033,-1.541964,On or near Duncan Street,Unable to prosecute suspect,west-yorkshire,LDT_CITY
107043813,violent-crime,2022-12,53.801879,-1.547518,On or near ,Investigation complete; no suspect identified,west-yorkshire,LDT_CITY
107044066,violent-crime,2022-12,53.793535,-1.546803,On or near Neville Street,Investigation complete; no suspect identified,west-yorkshire,LDT_CITY
107044072,violent-crime,2022-12,53.795337,-1.545615,On or near Mill Hill,Investigation complete; no suspect identified,west-yorkshire,LDT_CITY
107044993,violent-crime,2022-12,53.796001,-1.533508,On or near Duke Street,Unable to prosecute suspect,west-yorkshire,LDT_CITY
107033635,violent-crime,2022-12,53.810826,-1.555911,On or near Moorfield Street,Investigation complete; no suspect identified,west-yorkshire,LDT_CITY
107033686,violent-crime,2022-12,53.800938,-1.543535,On or near ,Investigation complete; no suspect identified,west-yorkshire,LDT_CITY
107034122,violent-crime,2022-12,53.801445,-1.551744,On or near ,Investigation complete; no suspect identified,west-yorkshire,LDT_CITY
107034315,violent-crime,2022-12,53.810826,-1.555911,On or near Moorfield Street,Investigation complete; no suspect identified,west-yorkshire,LDT_CITY
107034398,violent-crime,2022-12,53.801484,-1.557224,On or near Woodhouse Square,Unable to prosecute suspect,west-yorkshire,LDT_CITY
107034561,violent-crime,2022-12,53.801445,-1.551744,On or near ,Unable to prosecute suspect,west-yorkshire,LDT_CITY
107034850,violent-crime,2022-12,53.796139,-1.541279,On or near ,Unable to prosecute suspect,west-yorkshire,LDT_CITY
107034948,violent-crime,2022-12,53.801879,-1.547518,On or near ,Investigation complete; no suspect identified,west-yorkshire,LDT_CITY
107035153,violent-crime,2022-12,53.805450,-1.536486,On or near Lovell Park View,Unable to prosecute suspect,west-yorkshire,LDT_CITY
107035277,violent-crime,2022-12,53.796033,-1.541964,On or near Duncan Street,Investigation complete; no suspect identified,west-yorkshire,LDT_CITY
107036093,violent-crime,2022-12,53.796779,-1.537067,On or near ,Court result unavailable,west-yorkshire,LDT_CITY
107036228,violent-crime,2022-12,53.794939,-1.542628,On or near ,Unable to prosecute suspect,west-yorkshire,LDT_CITY
107036260,violent-crime,2022-12,53.796033,-1.541964,On or near Duncan Street,Investigation complete; no suspect identified,west-yorkshire,LDT_CITY
107036790,violent-crime,2022-12,53.795337,-1.545615,On or near Mill Hill,Unable to prosecute suspect,west-yorkshire,LDT_CITY
107036857,violent-crime,2022-12,53.801445,-1.551744,On or near ,Unable to prosecute suspect,west-yorkshire,LDT_CITY
107037368,violent-crime,2022-12,53.795337,-1.545615,On or near Mill Hill,Unable to prosecute suspect,west-yorkshire,LDT_CITY
107037416,violent-crime,2022-12,53.804993,-1.539270,On or near Lovell Park Road,Investigation complete; no suspect identified,west-yorkshire,LDT_CITY
107037608,violent-crime,2022-12,53.797993,-1.541897,On or near ,Investigation complete; no suspect identified,west-yorkshire,LDT_CITY
107037704,violent-crime,2022-12,53.807661,-1.545922,On or near Blenheim Grove,Unable to prosecute suspect,west-yorkshire,LDT_CITY
107037793,violent-crime,2022-12,53.800938,-1.543535,On or near ,Investigation complete; no suspect identified,west-yorkshire,LDT_CITY
107037979,violent-crime,2022-12,53.796033,-1.541964,On or near Duncan Street,Unable to prosecute suspect,west-yorkshire,LDT_CITY
107038035,violent-crime,2022-12,53.796033,-1.541964,On or near Duncan Street,Unable to prosecute suspect,west-yorkshire,LDT_CITY
107038084,violent-crime,2022-12,53.797864,-1.545800,On or near ,Investigation complete; no suspect identified,west-yorkshire,LDT_CITY
107038430,violent-crime,2022-12,53.794460,-1.541951,On or near Pitfall Street,Unable to prosecute suspect,west-yorkshire,LDT_CITY
107038556,violent-crime,2022-12,53.795401,-1.541029,On or near Call Lane,Investigation complete; no suspect identified,west-yorkshire,LDT_CITY
107039133,violent-crime,2022-12,53.799069,-1.550903,On or near Park Square East,Unable to prosecute suspect,west-yorkshire,LDT_CITY
107039345,violent-crime,2022-12,53.796033,-1.541964,On or near Duncan Street,Investigation complete; no suspect identified,west-yorkshire,LDT_CITY
107039378,violent-crime,2022-12,53.796033,-1.541964,On or near Duncan Street,Unable to prosecute suspect,west-yorkshire,LDT_CITY
107039387,violent-crime,2022-12,53.802602,-1.560705,On or near Kendal Grove,Unable to prosecute suspect,west-yorkshire,LDT_CITY
107039436,violent-crime,2022-12,53.795750,-1.550104,On or near Aire Street,Unable to prosecute suspect,west-yorkshire,LDT_CITY
107039467,violent-crime,2022-12,53.795006,-1.541307,On or near ,Investigation complete; no suspect identified,west-yorkshire,LDT_CITY
107039472,violent-crime,2022-12,53.795750,-1.550104,On or near Aire Street,Unable to prosecute suspect,west-yorkshire,LDT_CITY
107039492,violent-crime,2022-12,53.795006,-1.541307,On or near ,Investigation complete; no suspect identified,west-yorkshire,LDT_CITY
107039547,violent-crime,2022-12,53.794167,-1.547586,On or near ,Investigation complete; no suspect identified,west-yorkshire,LDT_CITY
107039746,violent-crime,2022-12,53.813051,-1.550010,On or near Eltham Drive,Investigation complete; no suspect identified,west-yorkshire,LDT_CITY
107040758,violent-crime,2022-12,53.811601,-1.549129,On or near North West Road,Unable to prosecute suspect,west-yorkshire,LDT_CITY
107040767,violent-crime,2022-12,53.811601,-1.549129,On or near North West Road,Investigation complete; no suspect identified,west-yorkshire,LDT_CITY
107041255,violent-crime,2022-12,53.800938,-1.543535,On or near ,Investigation complete; no suspect identified,west-yorkshire,LDT_CITY
107041272,violent-crime,2022-12,53.800047,-1.545670,On or near ,Unable to prosecute suspect,west-yorkshire,LDT_CITY
107041428,violent-crime,2022-12,53.814034,-1.546096,On or near Cross Chancellor Street,Unable to prosecute suspect,west-yorkshire,LDT_CITY
107041505,violent-crime,2022-12,53.797864,-1.545800,On or near ,Unable to prosecute suspect,west-yorkshire,LDT_CITY
107041607,violent-crime,2022-12,53.803371,-1.555710,On or near ,Unable to prosecute suspect,west-yorkshire,LDT_CITY
107041619,violent-crime,2022-12,53.798775,-1.544378,On or near King Charles Street,Investigation complete; no suspect identified,west-yorkshire,LDT_CITY
107041645,violent-crime,2022-12,53.798230,-1.537628,On or near ,Unable to prosecute suspect,west-yorkshire,LDT_CITY
107056594,violent-crime,2022-12,53.792710,-1.549529,On or near Canal Wharf,Investigation complete; no suspect identified,west-yorkshire,LDT_CITY
107056809,violent-crime,2022-12,53.794939,-1.542628,On or near ,Investigation complete; no suspect identified,west-yorkshire,LDT_CITY
107056940,violent-crime,2022-12,53.795153,-1.542125,On or near ,Investigation complete; no suspect identified,west-yorkshire,LDT_CITY
107058348,violent-crime,2022-12,53.795751,-1.541949,On or near ,Unable to prosecute suspect,west-yorkshire,LDT_CITY
107058613,violent-crime,2022-12,53.810163,-1.551468,On or near Blenheim View,Unable to prosecute suspect,west-yorkshire,LDT_CITY
107059371,violent-crime,2022-12,53.795896,-1.538914,On or near ,Investigation complete; no suspect identified,west-yorkshire,LDT_CITY
107059512,violent-crime,2022-12,53.803224,-1.528205,On or near Cherry Place,Unable to prosecute suspect,west-yorkshire,LDT_CITY
107059608,violent-crime,2022-12,53.803224,-1.528205,On or near Cherry Place,Unable to prosecute suspect,west-yorkshire,LDT_CITY
107061322,violent-crime,2022-12,53.797581,-1.544831,On or near ,Unable to prosecute suspect,west-yorkshire,LDT_CITY
107062707,violent-crime,2022-12,53.797550,-1.536202,On or near ,Court result unavailable,west-yorkshire,LDT_CITY
107063971,violent-crime,2022-12,53.810163,-1.551468,On or near Blenheim View,Unable to prosecute suspect,west-yorkshire,LDT_CITY
107064664,violent-crime,2022-12,53.802237,-1.532999,On or near Regent Street,Unable to prosecute suspect,west-yorkshire,LDT_CITY
107065514,violent-crime,2022-12,53.797993,-1.541897,On or near ,Investigation complete; no suspect identified,west-yorkshire,LDT_CITY
107065680,violent-crime,2022-12,53.798870,-1.547991,On or near ,Unable to prosecute suspect,west-yorkshire,LDT_CITY
107066304,violent-crime,2022-12,53.808303,-1.546948,On or near Leicester Grove,Unable to prosecute suspect,west-yorkshire,LDT_CITY
107066324,violent-crime,2022-12,53.796033,-1.541964,On or near Duncan Street,Investigation complete; no suspect identified,west-yorkshire,LDT_CITY
107066919,violent-crime,2022-12,53.795337,-1.545615,On or near Mill Hill,Investigation complete; no suspect identified,west-yorkshire,LDT_CITY
107067575,violent-crime,2022-12,53.800712,-1.540865,On or near Cross Belgrave Street,Investigation complete; no suspect identified,west-yorkshire,LDT_CITY
107067895,violent-crime,2022-12,53.801403,-1.535938,On or near Lower Brunswick Street,Unable to prosecute suspect,west-yorkshire,LDT_CITY
107050110,violent-crime,2022-12,53.799588,-1.540619,On or near Harrison Street,Court result unavailable,west-yorkshire,LDT_CITY
107068678,violent-crime,2022-12,53.801189,-1.548148,On or near ,Investigation complete; no suspect identified,west-yorkshire,LDT_CITY
107068830,violent-crime,2022-12,53.800938,-1.543535,On or near ,Investigation complete; no suspect identified,west-yorkshire,LDT_CITY
107069223,violent-crime,2022-12,53.793675,-1.545769,On or near Pitt Row,Unable to prosecute suspect,west-yorkshire,LDT_CITY
107069404,violent-crime,2022-12,53.797975,-1.561133,On or near ,Investigation complete; no suspect identified,west-yorkshire,LDT_CITY
107069513,violent-crime,2022-12,53.798043,-1.567569,On or near Holts Crest Way,Unable to prosecute suspect,west-yorkshire,LDT_CITY
107069689,violent-crime,2022-12,53.807080,-1.549269,On or near Churchill Gardens,Unable to prosecute suspect,west-yorkshire,LDT_CITY
107037618,violent-crime,2022-12,53.795153,-1.542125,On or near ,Unable to prosecute suspect,west-yorkshire,LDT_CITY
107038356,violent-crime,2022-12,53.808168,-1.566463,On or near Hyde Park Close,Unable to prosecute suspect,west-yorkshire,LDT_CITY
107047785,violent-crime,2022-12,53.795751,-1.541949,On or near ,Court result unavailable,west-yorkshire,LDT_CITY
107047833,violent-crime,2022-12,53.795751,-1.541949,On or near ,Court result unavailable,west-yorkshire,LDT_CITY
107048851,violent-crime,2022-12,53.796033,-1.541964,On or near Duncan Street,Offender given a caution,west-yorkshire,LDT_CITY
107048933,violent-crime,2022-12,53.785799,-1.554597,On or near Nineveh Parade,Action to be taken by another organisation,west-yorkshire,LDT_CITY
107051173,violent-crime,2022-12,53.800047,-1.545670,On or near ,Unable to prosecute suspect,west-yorkshire,LDT_CITY
107052994,violent-crime,2022-12,53.803936,-1.544899,On or near Providence Place,Investigation complete; no suspect identified,west-yorkshire,LDT_CITY
107054007,violent-crime,2022-12,53.794635,-1.528954,On or near The Lane,Unable to prosecute suspect,west-yorkshire,LDT_CITY
107055088,violent-crime,2022-12,53.794964,-1.537330,On or near High Court Lane,Unable to prosecute suspect,west-yorkshire,LDT_CITY
107052147,violent-crime,2022-12,53.796834,-1.535886,On or near ,Investigation complete; no suspect identified,west-yorkshire,LDT_CITY
107066600,other-crime,2022-12,53.796033,-1.541964,On or near Duncan Street,Unable to prosecute suspect,west-yorkshire,LDT_CITY
107039640,other-crime,2022-12,53.798363,-1.544671,On or near ,Court result unavailable,west-yorkshire,LDT_CITY
107040306,other-crime,2022-12,53.797581,-1.544831,On or near ,Action to be taken by another organisation,west-yorkshire,LDT_CITY
107050588,other-crime,2022-12,53.796033,-1.541964,On or near Duncan Street,Investigation complete; no suspect identified,west-yorkshire,LDT_CITY
107032198,other-crime,2022-12,53.794964,-1.537330,On or near High Court Lane,Unable to prosecute suspect,west-yorkshire,LDT_CITY
107055048,other-crime,2022-12,53.796697,-1.546359,On or near Lower Basinghall Street,Investigation complete; no suspect identified,west-yorkshire,LDT_CITY
107056021,other-crime,2022-12,53.807988,-1.551704,On or near Marlborough Gardens,Court result unavailable,west-yorkshire,LDT_CITY
107036265,other-crime,2022-12,53.787368,-1.560970,On or near Balm Walk,Unable to prosecute suspect,west-yorkshire,LDT_CITY
107059841,other-crime,2022-12,53.787368,-1.560970,On or near Balm Walk,Offender given a caution,west-yorkshire,LDT_CITY
107060004,other-crime,2022-12,53.796525,-1.541290,On or near Central Road,Investigation complete; no suspect identified,west-yorkshire,LDT_CITY
107051956,other-crime,2022-12,53.789176,-1.540536,On or near ,Investigation complete; no suspect identified,west-yorkshire,LDT_CITY
107046823,other-crime,2022-12,53.796068,-1.568166,On or near Parking Area,Court result unavailable,west-yorkshire,LDT_CITY
107048439,other-crime,2022-12,53.796294,-1.532609,On or near Brussels Street,Unable to prosecute suspect,west-yorkshire,LDT_CITY
107061111,other-crime,2022-12,53.788745,-1.542165,On or near Kidacre Street,Court result unavailable,west-yorkshire,LDT_CITY
107032279,other-crime,2022-12,53.796697,-1.546359,On or near Lower Basinghall Street,Investigation complete; no suspect identified,west-yorkshire,LDT_CITY
107055535,other-crime,2022-12,53.798063,-1.527655,On or near ,Status update unavailable,west-yorkshire,LDT_CITY
107049015,other-crime,2022-12,53.798710,-1.536894,On or near Eastgate,Investigation complete; no suspect identified,west-yorkshire,LDT_CITY
107036031,other-crime,2022-12,53.791309,-1.535792,On or near Black Bull Street,Investigation complete; no suspect identified,west-yorkshire,LDT_CITY
107038965,other-crime,2022-12,53.797581,-1.544831,On or near ,Action to be taken by another organisation,west-yorkshire,LDT_CITY
107053926,other-crime,2022-12,53.794939,-1.542628,On or near ,Action to be taken by another organisation,west-yorkshire,LDT_CITY
107035756,other-crime,2022-12,53.794939,-1.542628,On or near ,Action to be taken by another organisation,west-yorkshire,LDT_CITY
107053518,other-crime,2022-12,53.796085,-1.536619,On or near Back York Street,Investigation complete; no suspect identified,west-yorkshire,LDT_CITY
107055268,other-crime,2022-12,53.798710,-1.536894,On or near Eastgate,Status update unavailable,west-yorkshire,LDT_CITY
107055818,other-crime,2022-12,53.787529,-1.560695,On or near Balm Place,Offender given a caution,west-yorkshire,LDT_CITY
107050531,other-crime,2022-12,53.791284,-1.543458,On or near Meadow Lane,Status update unavailable,west-yorkshire,LDT_CITY
107050010,other-crime,2022-12,53.791284,-1.543458,On or near Meadow Lane,Status update unavailable,west-yorkshire,LDT_CITY
107050967,other-crime,2022-12,53.803211,-1.534066,On or near Leylands Road,Court result unavailable,west-yorkshire,LDT_CITY
107051206,other-crime,2022-12,53.797581,-1.544831,On or near ,Action to be taken by another organisation,west-yorkshire,LDT_CITY
107070545,anti-social-behaviour,2022-12,53.767120,-1.415996,On or near Preston View,,west-yorkshire,LDT_E
107045611,burglary,2022-12,53.789917,-1.387720,On or near Lowther Drive,Investigation complete; no suspect identified,west-yorkshire,LDT_E
107051489,criminal-damage-arson,2022-12,53.767120,-1.415996,On or near Preston View,Unable to prosecute suspect,west-yorkshire,LDT_E
107035717,criminal-damage-arson,2022-12,53.789796,-1.401246,On or near Westbourne Terrace,Status update unavailable,west-yorkshire,LDT_E
107053942,drugs,2022-12,53.786195,-1.396471,On or near ,Offender given a caution,west-yorkshire,LDT_E
107058584,drugs,2022-12,53.779888,-1.422633,On or near Swillington Lane,Court result unavailable,west-yorkshire,LDT_E
107057072,other-theft,2022-12,53.786930,-1.399602,On or near Selby Road,Unable to prosecute suspect,west-yorkshire,LDT_E
107054463,other-theft,2022-12,53.786930,-1.399602,On or near Selby Road,Unable to prosecute suspect,west-yorkshire,LDT_E
107050616,other-theft,2022-12,53.767822,-1.416229,On or near Primrose Avenue,Investigation complete; no suspect identified,west-yorkshire,LDT_E
107042613,other-theft,2022-12,53.773593,-1.378656,On or near Valley Road,Unable to prosecute suspect,west-yorkshire,LDT_E
107034709,public-order,2022-12,53.787451,-1.403207,On or near Springbank,Investigation complete; no suspect identified,west-yorkshire,LDT_E
107038113,public-order,2022-12,53.786299,-1.392144,On or near Scholars Gate,Unable to prosecute suspect,west-yorkshire,LDT_E
107032691,violent-crime,2022-12,53.770090,-1.411328,On or near Goody Cross Lane,Investigation complete; no suspect identified,west-yorkshire,LDT_E
107032695,violent-crime,2022-12,53.770780,-1.420148,On or near Whitecliffe Rise,Investigation complete; no suspect identified,west-yorkshire,LDT_E
107042564,violent-crime,2022-12,53.773593,-1.378656,On or near Valley Road,Unable to prosecute suspect,west-yorkshire,LDT_E
107069170,violent-crime,2022-12,53.778021,-1.381565,On or near Clifford Way,Investigation complete; no suspect identified,west-yorkshire,LDT_E
107060800,violent-crime,2022-12,53.786195,-1.396471,On or near ,Unable to prosecute suspect,west-yorkshire,LDT_E
107057866,violent-crime,2022-12,53.787451,-1.403207,On or near Springbank,Unable to prosecute suspect,west-yorkshire,LDT_E
107042571,violent-crime,2022-12,53.773593,-1.378656,On or near Valley Road,Unable to prosecute suspect,west-yorkshire,LDT_E
107039918,violent-crime,2022-12,53.786299,-1.392144,On or near Scholars Gate,Local resolution,west-yorkshire,LDT_E
107047046,violent-crime,2022-12,53.767822,-1.416229,On or near Primrose Avenue,Unable to prosecute suspect,west-yorkshire,LDT_E
107050366,violent-crime,2022-12,53.787451,-1.403207,On or near Springbank,Investigation complete; no suspect identified,west-yorkshire,LDT_E
107061269,violent-crime,2022-12,53.773808,-1.376893,On or near Birch Grove,Unable to prosecute suspect,west-yorkshire,LDT_E
107049180,violent-crime,2022-12,53.784238,-1.377573,On or near Shaw Close,Unable to prosecute suspect,west-yorkshire,LDT_E
107049161,violent-crime,2022-12,53.784238,-1.377573,On or near Shaw Close,Unable to prosecute suspect,west-yorkshire,LDT_E
107053750,violent-crime,2022-12,53.773593,-1.378656,On or near Valley Road,Investigation complete; no suspect identified,west-yorkshire,LDT_E
107032055,violent-crime,2022-12,53.767120,-1.415996,On or near Preston View,Unable to prosecute suspect,west-yorkshire,LDT_E
107065394,burglary,2022-12,53.879294,-1.449011,On or near The Ginnel,Status update unavailable,west-yorkshire,LDT_NE
107060433,burglary,2022-12,53.870505,-1.443514,On or near The Meadow,Court result unavailable,west-yorkshire,LDT_NE
107063179,violent-crime,2022-12,53.860244,-1.417605,On or near Kirkfield Avenue,Status update unavailable,west-yorkshire,LDT_NE
107059908,violent-crime,2022-12,53.864717,-1.448582,On or near ,Court result unavailable,west-yorkshire,LDT_NE
107044045,violent-crime,2022-12,53.881825,-1.448278,On or near Church Lane,Unable to prosecute suspect,west-yorkshire,LDT_NE
107033807,violent-crime,2022-12,53.857844,-1.426867,On or near Barley Mill Yard,Unable to prosecute suspect,west-yorkshire,LDT_NE
107070558,anti-social-behaviour,2022-12,53.867697,-1.668526,On or near Victoria Avenue,,west-yorkshire,LDT_NW
107045123,drugs,2022-12,53.864330,-1.669739,On or near Plane Tree Grove,Local resolution,west-yorkshire,LDT_NW
107065208,public-order,2022-12,53.867697,-1.668526,On or near Victoria Avenue,Unable to prosecute suspect,west-yorkshire,LDT_NW
107070297,public-order,2022-12,53.874661,-1.639953,On or near Otley Old Road,Investigation complete; no suspect identified,west-yorkshire,LDT_NW
107050212,shoplifting,2022-12,53.864330,-1.669739,On or near Plane Tree Grove,Investigation complete; no suspect identified,west-yorkshire,LDT_NW
107050500,vehicle-crime,2022-12,53.874661,-1.639953,On or near Otley Old Road,Investigation complete; no suspect identified,west-yorkshire,LDT_NW
107045211,violent-crime,2022-12,53.852949,-1.643712,On or near Lomond Avenue,Unable to prosecute suspect,west-yorkshire,LDT_NW
107049607,violent-crime,2022-12,53.864482,-1.672535,On or near Moorfield Close,Unable to prosecute suspect,west-yorkshire,LDT_NW
107066765,violent-crime,2022-12,53.867343,-1.670506,On or near Glenmere Mount,Investigation complete; no suspect identified,west-yorkshire,LDT_NW
107070502,anti-social-behaviour,2022-12,53.745751,-1.601555,On or near Albion Street,,west-yorkshire,LDT_S
107071164,anti-social-behaviour,2022-12,53.745895,-1.604162,On or near Queensway,,west-yorkshire,LDT_S
107072605,anti-social-behaviour,2022-12,53.746147,-1.601794,On or near Queen Street,,west-yorkshire,LDT_S
107072049,anti-social-behaviour,2022-12,53.745751,-1.601555,On or near Albion Street,,west-yorkshire,LDT_S
107071517,anti-social-behaviour,2022-12,53.743469,-1.593814,On or near California Street,,west-yorkshire,LDT_S
107070308,anti-social-behaviour,2022-12,53.744161,-1.599190,On or near Queen's Place,,west-yorkshire,LDT_S
107072071,anti-social-behaviour,2022-12,53.748773,-1.581025,On or near Albert Drive,,west-yorkshire,LDT_S
107071063,anti-social-behaviour,2022-12,53.746482,-1.602519,On or near Queenscourt,,west-yorkshire,LDT_S
107070320,anti-social-behaviour,2022-12,53.746482,-1.602519,On or near Queenscourt,,west-yorkshire,LDT_S
107044738,bicycle-theft,2022-12,53.748342,-1.602122,On or near Troy Hill,Investigation complete; no suspect identified,west-yorkshire,LDT_S
107032082,bicycle-theft,2022-12,53.743486,-1.601471,On or near Oddfellow Street,Investigation complete; no suspect identified,west-yorkshire,LDT_S
107064358,burglary,2022-12,53.744515,-1.592015,On or near Middleton Road,Court result unavailable,west-yorkshire,LDT_S
107057663,burglary,2022-12,53.748342,-1.602122,On or near Troy Hill,Court result unavailable,west-yorkshire,LDT_S
107033360,burglary,2022-12,53.746926,-1.587458,On or near Denshaw Grove,Investigation complete; no suspect identified,west-yorkshire,LDT_S
107037357,burglary,2022-12,53.747630,-1.578064,On or near Peter Lane,Investigation complete; no suspect identified,west-yorkshire,LDT_S
107053324,burglary,2022-12,53.748623,-1.559266,On or near Bodmin Road,Unable to prosecute suspect,west-yorkshire,LDT_S
107064229,burglary,2022-12,53.741972,-1.592312,On or near Siskin Court,Awaiting court outcome,west-yorkshire,LDT_S
107054736,criminal-damage-arson,2022-12,53.749806,-1.580787,On or near Scatcherd Court,Investigation complete; no suspect identified,west-yorkshire,LDT_S
107068124,criminal-damage-arson,2022-12,53.748773,-1.581025,On or near Albert Drive,Investigation complete; no suspect identified,west-yorkshire,LDT_S
107066966,criminal-damage-arson,2022-12,53.731801,-1.570068,On or near Springwell Court,Investigation complete; no suspect identified,west-yorkshire,LDT_S
107051835,criminal-damage-arson,2022-12,53.747334,-1.601722,On or near St Mary's Square,Unable to prosecute suspect,west-yorkshire,LDT_S
107047816,criminal-damage-arson,2022-12,53.739670,-1.602735,On or near Richmond Close,Unable to prosecute suspect,west-yorkshire,LDT_S
107037814,criminal-damage-arson,2022-12,53.753964,-1.598065,On or near Victoria Drive,Offender given a caution,west-yorkshire,LDT_S
107034845,criminal-damage-arson,2022-12,53.737144,-1.602683,On or near Spencer Avenue,Investigation complete; no suspect identified,west-yorkshire,LDT_S
107043318,criminal-damage-arson,2022-12,53.749806,-1.580787,On or near Scatcherd Court,Unable to prosecute suspect,west-yorkshire,LDT_S
107032721,criminal-damage-arson,2022-12,53.736197,-1.598796,On or near Harrop Terrace,Investigation complete; no suspect identified,west-yorkshire,LDT_S
107069847,criminal-damage-arson,2022-12,53.744144,-1.602026,On or near Wesley Street,Investigation complete; no suspect identified,west-yorkshire,LDT_S
107047163,criminal-damage-arson,2022-12,53.739762,-1.600596,On or near Mill Street,Investigation complete; no suspect identified,west-yorkshire,LDT_S
107049265,criminal-damage-arson,2022-12,53.748342,-1.602122,On or near Troy Hill,Status update unavailable,west-yorkshire,LDT_S
107062136,criminal-damage-arson,2022-12,53.744515,-1.592015,On or near Middleton Road,Unable to prosecute suspect,west-yorkshire,LDT_S
107050521,criminal-damage-arson,2022-12,53.743197,-1.595606,On or near Gillroyd Place,Investigation complete; no suspect identified,west-yorkshire,LDT_S
107065489,criminal-damage-arson,2022-12,53.747035,-1.601073,On or near ,Investigation complete; no suspect identified,west-yorkshire,LDT_S
107036324,drugs,2022-12,53.743469,-1.593814,On or near California Street,Formal action is not in the public interest,west-yorkshire,LDT_S
107053354,drugs,2022-12,53.744515,-1.592015,On or near Middleton Road,Offender given a caution,west-yorkshire,LDT_S
107050143,other-theft,2022-12,53.747938,-1.578819,On or near Rydal Crescent,Unable to prosecute suspect,west-yorkshire,LDT_S
107035474,other-theft,2022-12,53.749399,-1.601096,On or near Chapel Hill,Investigation complete; no suspect identified,west-yorkshire,LDT_S
107041245,other-theft,2022-12,53.749399,-1.601096,On or near Chapel Hill,Investigation complete; no suspect identified,west-yorkshire,LDT_S
107034952,other-theft,2022-12,53.737144,-1.602683,On or near Spencer Avenue,Investigation complete; no suspect identified,west-yorkshire,LDT_S
107041441,other-theft,2022-12,53.745603,-1.603013,On or near ,Investigation complete; no suspect identified,west-yorkshire,LDT_S
107033311,other-theft,2022-12,53.752192,-1.601476,On or near ,Investigation complete; no suspect identified,west-yorkshire,LDT_S
107049315,other-theft,2022-12,53.752192,-1.601476,On or near ,Investigation complete; no suspect identified,west-yorkshire,LDT_S
107052146,other-theft,2022-12,53.748773,-1.581025,On or near Albert Drive,Unable to prosecute suspect,west-yorkshire,LDT_S
107042537,other-theft,2022-12,53.753248,-1.599088,On or near Victoria Road,Unable to prosecute suspect,west-yorkshire,LDT_S
107061010,other-theft,2022-12,53.744016,-1.596189,On or near Jubilee Place,Status update unavailable,west-yorkshire,LDT_S
107034727,other-theft,2022-12,53.749450,-1.603128,On or near Bank Street,Investigation complete; no suspect identified,west-yorkshire,LDT_S
107070074,other-theft,2022-12,53.745688,-1.604270,On or near ,Investigation complete; no suspect identified,west-yorkshire,LDT_S
107053077,public-order,2022-12,53.748998,-1.578627,On or near Rotary Drive,Unable to prosecute suspect,west-yorkshire,LDT_S
107051849,public-order,2022-12,53.739516,-1.594231,On or near Glen Grove,Unable to prosecute suspect,west-yorkshire,LDT_S
107048235,public-order,2022-12,53.748342,-1.602122,On or near Troy Hill,Investigation complete; no suspect identified,west-yorkshire,LDT_S
107050011,public-order,2022-12,53.745064,-1.574314,On or near Leyburn Drive,Investigation complete; no suspect identified,west-yorkshire,LDT_S
107058546,public-order,2022-12,53.741126,-1.602751,On or near Cadman Court,Unable to prosecute suspect,west-yorkshire,LDT_S
107046652,public-order,2022-12,53.731463,-1.578817,On or near Oban Close,Unable to prosecute suspect,west-yorkshire,LDT_S
107036943,public-order,2022-12,53.742438,-1.602633,On or near Weavers Close,Status update unavailable,west-yorkshire,LDT_S
107034868,public-order,2022-12,53.731801,-1.570068,On or near Springwell Court,Unable to prosecute suspect,west-yorkshire,LDT_S
107034440,public-order,2022-12,53.743893,-1.604878,On or near Kirkness Court,Unable to prosecute suspect,west-yorkshire,LDT_S
107051781,public-order,2022-12,53.745685,-1.576916,On or near Topcliffe Garth,Unable to prosecute suspect,west-yorkshire,LDT_S
107048370,public-order,2022-12,53.743948,-1.591960,On or near Middleton Close,Unable to prosecute suspect,west-yorkshire,LDT_S
107041410,public-order,2022-12,53.745685,-1.576916,On or near Topcliffe Garth,Unable to prosecute suspect,west-yorkshire,LDT_S
107053115,public-order,2022-12,53.745064,-1.574314,On or near Leyburn Drive,Unable to prosecute suspect,west-yorkshire,LDT_S
107063325,public-order,2022-12,53.745603,-1.603013,On or near ,Investigation complete; no suspect identified,west-yorkshire,LDT_S
107032161,shoplifting,2022-12,53.751498,-1.600045,On or near Nelson Place,Investigation complete; no suspect identified,west-yorkshire,LDT_S
107067684,shoplifting,2022-12,53.745603,-1.603013,On or near ,Investigation complete; no suspect identified,west-yorkshire,LDT_S
107052527,shoplifting,2022-12,53.744618,-1.598609,On or near ,Investigation complete; no suspect identified,west-yorkshire,LDT_S
107032024,shoplifting,2022-12,53.745603,-1.603013,On or near ,Investigation complete; no suspect identified,west-yorkshire,LDT_S
107038942,shoplifting,2022-12,53.743989,-1.604104,On or near Haydn Close,Investigation complete; no suspect identified,west-yorkshire,LDT_S
107033114,shoplifting,2022-12,53.745603,-1.603013,On or near ,Investigation complete; no suspect identified,west-yorkshire,LDT_S
107068840,shoplifting,2022-12,53.745603,-1.603013,On or near Supermarket,Investigation complete; no suspect identified,west-yorkshire,LDT_S
107063154,shoplifting,2022-12,53.745603,-1.603013,On or near ,Unable to prosecute suspect,west-yorkshire,LDT_S
107066990,shoplifting,2022-12,53.745603,-1.603013,On or near ,Unable to prosecute suspect,west-yorkshire,LDT_S
107068714,shoplifting,2022-12,53.745603,-1.603013,On or near ,Investigation complete; no suspect identified,west-yorkshire,LDT_S
107067548,shoplifting,2022-12,53.745688,-1.604270,On or near ,Investigation complete; no suspect identified,west-yorkshire,LDT_S
107066972,shoplifting,2022-12,53.745603,-1.603013,On or near ,Investigation complete; no suspect identified,west-yorkshire,LDT_S
107053141,theft-from-the-person,2022-12,53.749450,-1.603128,On or near Bank Street,Status update unavailable,west-yorkshire,LDT_S
107068300,vehicle-crime,2022-12,53.736460,-1.596823,On or near Cross Birch Street,Investigation complete; no suspect identified,west-yorkshire,LDT_S
107057563,vehicle-crime,2022-12,53.743170,-1.593028,On or near Hartley Place,Investigation complete; no suspect identified,west-yorkshire,LDT_S
107069199,vehicle-crime,2022-12,53.744805,-1.600852,On or near Henry Place,Investigation complete; no suspect identified,west-yorkshire,LDT_S
107067145,vehicle-crime,2022-12,53.754617,-1.597149,On or near King George Grove,Investigation complete; no suspect identified,west-yorkshire,LDT_S
107067534,vehicle-crime,2022-12,53.748432,-1.599635,On or near Troy Road,Investigation complete; no suspect identified,west-yorkshire,LDT_S
107067025,vehicle-crime,2022-12,53.746993,-1.578389,On or near Newlands Drive,Investigation complete; no suspect identified,west-yorkshire,LDT_S
107062855,vehicle-crime,2022-12,53.748377,-1.593858,On or near Rock Terrace,Investigation complete; no suspect identified,west-yorkshire,LDT_S
107053816,violent-crime,2022-12,53.748128,-1.589554,On or near Appleyard Lane,Unable to prosecute suspect,west-yorkshire,LDT_S
107062768,violent-crime,2022-12,53.735772,-1.598057,On or near Harrop Grove,Unable to prosecute suspect,west-yorkshire,LDT_S
107037975,violent-crime,2022-12,53.745340,-1.586366,On or near The Gills,Investigation complete; no suspect identified,west-yorkshire,LDT_S
107037920,violent-crime,2022-12,53.744161,-1.599190,On or near Queen's Place,Investigation complete; no suspect identified,west-yorkshire,LDT_S
124976263,violent-crime,2022-12,53.749655,-1.591768,Morley (station),Status update unavailable,west-yorkshire,LDT_S
107033100,violent-crime,2022-12,53.740848,-1.586820,On or near Pipit Meadow,Investigation complete; no suspect identified,west-yorkshire,LDT_S
107033109,violent-crime,2022-12,53.752192,-1.601476,On or near ,Unable to prosecute suspect,west-yorkshire,LDT_S
107033163,violent-crime,2022-12,53.749898,-1.578860,On or near Siegen View,Unable to prosecute suspect,west-yorkshire,LDT_S
107033168,violent-crime,2022-12,53.749898,-1.578860,On or near Siegen View,Unable to prosecute suspect,west-yorkshire,LDT_S
107033179,violent-crime,2022-12,53.749898,-1.578860,On or near Siegen View,Investigation complete; no suspect identified,west-yorkshire,LDT_S
107033300,violent-crime,2022-12,53.749360,-1.581823,On or near Rydal Drive,Unable to prosecute suspect,west-yorkshire,LDT_S
107033321,violent-crime,2022-12,53.733656,-1.594469,On or near Chase Court,Unable to prosecute suspect,west-yorkshire,LDT_S
107043280,violent-crime,2022-12,53.735245,-1.596455,On or near Askey Avenue,Unable to prosecute suspect,west-yorkshire,LDT_S
107062070,violent-crime,2022-12,53.743170,-1.593028,On or near Hartley Place,Court result unavailable,west-yorkshire,LDT_S
107059808,violent-crime,2022-12,53.749450,-1.603128,On or near Bank Street,Unable to prosecute suspect,west-yorkshire,LDT_S
107033574,violent-crime,2022-12,53.734469,-1.598145,On or near Shire Road,Investigation complete; no suspect identified,west-yorkshire,LDT_S
107033654,violent-crime,2022-12,53.748998,-1.578627,On or near Rotary Drive,Unable to prosecute suspect,west-yorkshire,LDT_S
107055607,violent-crime,2022-12,53.747334,-1.601722,On or near St Mary's Square,Unable to prosecute suspect,west-yorkshire,LDT_S
107035242,violent-crime,2022-12,53.744805,-1.600852,On or near Henry Place,Investigation complete; no suspect identified,west-yorkshire,LDT_S
107035886,violent-crime,2022-12,53.743003,-1.588861,On or near Magpie Lane,Unable to prosecute suspect,west-yorkshire,LDT_S
107035965,violent-crime,2022-12,53.744515,-1.592015,On or near Middleton Road,Unable to prosecute suspect,west-yorkshire,LDT_S
107036131,violent-crime,2022-12,53.751623,-1.602486,On or near A643,Unable to prosecute suspect,west-yorkshire,LDT_S
107038089,violent-crime,2022-12,53.751498,-1.600045,On or near Nelson Place,Unable to prosecute suspect,west-yorkshire,LDT_S
107037525,violent-crime,2022-12,53.741405,-1.591939,On or near Falcon Mews,Unable to prosecute suspect,west-yorkshire,LDT_S
107063291,violent-crime,2022-12,53.742917,-1.598034,On or near B6123,Unable to prosecute suspect,west-yorkshire,LDT_S
107037971,violent-crime,2022-12,53.735374,-1.597303,On or near Harrop Avenue,Unable to prosecute suspect,west-yorkshire,LDT_S
107038025,violent-crime,2022-12,53.735374,-1.597303,On or near Harrop Avenue,Unable to prosecute suspect,west-yorkshire,LDT_S
107038465,violent-crime,2022-12,53.740675,-1.604909,On or near Marston Avenue,Unable to prosecute suspect,west-yorkshire,LDT_S
107038738,violent-crime,2022-12,53.746926,-1.587458,On or near Denshaw Grove,Unable to prosecute suspect,west-yorkshire,LDT_S
107042187,violent-crime,2022-12,53.747659,-1.599642,On or near Zoar Street,Investigation complete; no suspect identified,west-yorkshire,LDT_S
107042201,violent-crime,2022-12,53.747659,-1.599642,On or near Zoar Street,Investigation complete; no suspect identified,west-yorkshire,LDT_S
107042229,violent-crime,2022-12,53.747659,-1.599642,On or near Zoar Street,Investigation complete; no suspect identified,west-yorkshire,LDT_S
107047768,violent-crime,2022-12,53.748128,-1.589554,On or near Appleyard Lane,Unable to prosecute suspect,west-yorkshire,LDT_S
107058049,violent-crime,2022-12,53.748619,-1.560525,On or near Padstow Gardens,Unable to prosecute suspect,west-yorkshire,LDT_S
107048652,violent-crime,2022-12,53.752192,-1.601476,On or near ,Unable to prosecute suspect,west-yorkshire,LDT_S
107049119,violent-crime,2022-12,53.735374,-1.597303,On or near Harrop Avenue,Unable to prosecute suspect,west-yorkshire,LDT_S
107050176,violent-crime,2022-12,53.738379,-1.603778,On or near Denham Avenue,Investigation complete; no suspect identified,west-yorkshire,LDT_S
107050930,violent-crime,2022-12,53.749450,-1.603128,On or near Bank Street,Unable to prosecute suspect,west-yorkshire,LDT_S
107050935,violent-crime,2022-12,53.749450,-1.603128,On or near Bank Street,Investigation complete; no suspect identified,west-yorkshire,LDT_S
107063981,violent-crime,2022-12,53.735374,-1.597303,On or near Harrop Avenue,Unable to prosecute suspect,west-yorkshire,LDT_S
107051526,violent-crime,2022-12,53.749267,-1.596533,On or near Station Road,Investigation complete; no suspect identified,west-yorkshire,LDT_S
107051550,violent-crime,2022-12,53.746329,-1.591739,On or near Clough Street,Unable to prosecute suspect,west-yorkshire,LDT_S
107052144,violent-crime,2022-12,53.736197,-1.598796,On or near Harrop Terrace,Unable to prosecute suspect,west-yorkshire,LDT_S
107052814,violent-crime,2022-12,53.740035,-1.593589,On or near Oak Avenue,Court result unavailable,west-yorkshire,LDT_S
107054363,violent-crime,2022-12,53.752192,-1.601476,On or near ,Unable to prosecute suspect,west-yorkshire,LDT_S
107056475,violent-crime,2022-12,53.744515,-1.592015,On or near Middleton Road,Unable to prosecute suspect,west-yorkshire,LDT_S
107062177,violent-crime,2022-12,53.739365,-1.597356,On or near Bridge Court,Unable to prosecute suspect,west-yorkshire,LDT_S
107065004,violent-crime,2022-12,53.750355,-1.580964,On or near Scratcherd Mews,Unable to prosecute suspect,west-yorkshire,LDT_S
107057210,violent-crime,2022-12,53.741126,-1.602751,On or near Cadman Court,Unable to prosecute suspect,west-yorkshire,LDT_S
107057925,violent-crime,2022-12,53.746849,-1.583394,On or near Wide Lane,Action to be taken by another organisation,west-yorkshire,LDT_S
107063345,violent-crime,2022-12,53.746993,-1.578389,On or near Newlands Drive,Investigation complete; no suspect identified,west-yorkshire,LDT_S
107063677,violent-crime,2022-12,53.737190,-1.602895,On or near Cardigan Avenue,Unable to prosecute suspect,west-yorkshire,LDT_S
107054938,violent-crime,2022-12,53.744618,-1.598609,On or near ,Investigation complete; no suspect identified,west-yorkshire,LDT_S
107058067,violent-crime,2022-12,53.748619,-1.560525,On or near Padstow Gardens,Unable to prosecute suspect,west-yorkshire,LDT_S
107050166,violent-crime,2022-12,53.739365,-1.597356,On or near Bridge Court,Unable to prosecute suspect,west-yorkshire,LDT_S
107051209,violent-crime,2022-12,53.743764,-1.595888,On or near Jubilee Street,Unable to prosecute suspect,west-yorkshire,LDT_S
107049097,violent-crime,2022-12,53.735245,-1.596455,On or near Askey Avenue,Unable to prosecute suspect,west-yorkshire,LDT_S
107062823,violent-crime,2022-12,53.735374,-1.597303,On or near Harrop Avenue,Unable to prosecute suspect,west-yorkshire,LDT_S
107064300,violent-crime,2022-12,53.744515,-1.592015,On or near Middleton Road,Unable to prosecute suspect,west-yorkshire,LDT_S
107064325,violent-crime,2022-12,53.745356,-1.575403,On or near Bedale Court,Investigation complete; no suspect identified,west-yorkshire,LDT_S
107056473,violent-crime,2022-12,53.747837,-1.593560,On or near Chantry Court,Unable to prosecute suspect,west-yorkshire,LDT_S
107056222,violent-crime,2022-12,53.740822,-1.605923,On or near Baker Street,Court result unavailable,west-yorkshire,LDT_S
107056065,violent-crime,2022-12,53.737171,-1.589221,On or near Topcliffe Grove,Unable to prosecute suspect,west-yorkshire,LDT_S
107056058,violent-crime,2022-12,53.745751,-1.601555,On or near Albion Street,Investigation complete; no suspect identified,west-yorkshire,LDT_S
107052043,violent-crime,2022-12,53.740035,-1.593589,On or near Oak Avenue,Court result unavailable,west-yorkshire,LDT_S
107051500,violent-crime,2022-12,53.736460,-1.596823,On or near Cross Birch Street,Unable to prosecute suspect,west-yorkshire,LDT_S
107051193,violent-crime,2022-12,53.743764,-1.595888,On or near Jubilee Street,Unable to prosecute suspect,west-yorkshire,LDT_S
107051064,violent-crime,2022-12,53.738688,-1.591252,On or near Glen Road,Status update unavailable,west-yorkshire,LDT_S
107040565,violent-crime,2022-12,53.753248,-1.599088,On or near Victoria Road,Unable to prosecute suspect,west-yorkshire,LDT_S
107062912,violent-crime,2022-12,53.735374,-1.597303,On or near Harrop Avenue,Unable to prosecute suspect,west-yorkshire,LDT_S
107062910,violent-crime,2022-12,53.735374,-1.597303,On or near Harrop Avenue,Unable to prosecute suspect,west-yorkshire,LDT_S
107062165,violent-crime,2022-12,53.739365,-1.597356,On or near Bridge Court,Unable to prosecute suspect,west-yorkshire,LDT_S
107051040,violent-crime,2022-12,53.738604,-1.603821,On or near Barnet Grove,Unable to prosecute suspect,west-yorkshire,LDT_S
107061714,violent-crime,2022-12,53.744701,-1.588814,On or near Middleton Terrace,Unable to prosecute suspect,west-yorkshire,LDT_S
107061699,violent-crime,2022-12,53.744701,-1.588814,On or near Middleton Terrace,Unable to prosecute suspect,west-yorkshire,LDT_S
107059696,violent-crime,2022-12,53.751975,-1.561612,On or near Helston Walk,Unable to prosecute suspect,west-yorkshire,LDT_S
107059424,violent-crime,2022-12,53.733685,-1.585868,On or near ,Investigation complete; no suspect identified,west-yorkshire,LDT_S
107057844,violent-crime,2022-12,53.738996,-1.597465,On or near Hartley's Buildings,Investigation complete; no suspect identified,west-yorkshire,LDT_S
107050095,violent-crime,2022-12,53.739365,-1.597356,On or near Bridge Court,Unable to prosecute suspect,west-yorkshire,LDT_S
107049118,violent-crime,2022-12,53.735374,-1.597303,On or near Harrop Avenue,Unable to prosecute suspect,west-yorkshire,LDT_S
107048686,violent-crime,2022-12,53.735806,-1.600164,On or near Spenslea Grove,Unable to prosecute suspect,west-yorkshire,LDT_S
107048156,violent-crime,2022-12,53.745685,-1.576916,On or near Topcliffe Garth,Unable to prosecute suspect,west-yorkshire,LDT_S
107064202,violent-crime,2022-12,53.744515,-1.592015,On or near Middleton Road,Unable to prosecute suspect,west-yorkshire,LDT_S
107045763,violent-crime,2022-12,53.747356,-1.595020,On or near Cambridge Court,Unable to prosecute suspect,west-yorkshire,LDT_S
107045159,violent-crime,2022-12,53.751975,-1.561612,On or near Helston Walk,Unable to prosecute suspect,west-yorkshire,LDT_S
107044284,violent-crime,2022-12,53.746926,-1.587458,On or near Denshaw Grove,Unable to prosecute suspect,west-yorkshire,LDT_S
107042497,violent-crime,2022-12,53.733974,-1.590131,On or near Tingley Common,Unable to prosecute suspect,west-yorkshire,LDT_S
107042489,violent-crime,2022-12,53.733974,-1.590131,On or near Tingley Common,Unable to prosecute suspect,west-yorkshire,LDT_S
107040377,violent-crime,2022-12,53.735374,-1.597303,On or near Harrop Avenue,Unable to prosecute suspect,west-yorkshire,LDT_S
107054893,violent-crime,2022-12,53.742917,-1.598034,On or near B6123,Unable to prosecute suspect,west-yorkshire,LDT_S
107065569,violent-crime,2022-12,53.748342,-1.602122,On or near Troy Hill,Unable to prosecute suspect,west-yorkshire,LDT_S
107054667,violent-crime,2022-12,53.747334,-1.601722,On or near St Mary's Square,Unable to prosecute suspect,west-yorkshire,LDT_S
107054275,violent-crime,2022-12,53.745685,-1.576916,On or near Topcliffe Garth,Action to be taken by another organisation,west-yorkshire,LDT_S
107054266,violent-crime,2022-12,53.745685,-1.576916,On or near Topcliffe Garth,Action to be taken by another organisation,west-yorkshire,LDT_S
107054046,violent-crime,2022-12,53.742237,-1.598920,On or near St Paul's Street,Court result unavailable,west-yorkshire,LDT_S
107056483,violent-crime,2022-12,53.744515,-1.592015,On or near Middleton Road,Unable to prosecute suspect,west-yorkshire,LDT_S
107034419,other-crime,2022-12,53.745356,-1.575403,On or near Bedale Court,Further investigation is not in the public interest,west-yorkshire,LDT_S
107042895,other-crime,2022-12,53.739516,-1.594231,On or near Glen Grove,Investigation complete; no suspect identified,west-yorkshire,LDT_S
107053259,other-crime,2022-12,53.748623,-1.559266,On or near Bodmin Road,Unable to prosecute suspect,west-yorkshire,LDT_S
107054642,other-crime,2022-12,53.749806,-1.580787,On or near Scatcherd Court,Status update unavailable,west-yorkshire,LDT_S
107034819,other-crime,2022-12,53.735466,-1.595483,On or near Askey Crescent,Unable to prosecute suspect,west-yorkshire,LDT_S
107070599,anti-social-behaviour,2022-12,53.791417,-1.668596,On or near Womersley Place,,west-yorkshire,LDT_W
107070420,anti-social-behaviour,2022-12,53.795175,-1.665743,On or near Lower Tofts Road,,west-yorkshire,LDT_W
107070469,anti-social-behaviour,2022-12,53.800267,-1.639497,On or near Wellstone Road,,west-yorkshire,LDT_W
107070370,anti-social-behaviour,2022-12,53.795842,-1.663278,On or near Pudsey Bus Station,,west-yorkshire,LDT_W
107070745,anti-social-behaviour,2022-12,53.800267,-1.639497,On or near Wellstone Road,,west-yorkshire,LDT_W
107071173,anti-social-behaviour,2022-12,53.795842,-1.663278,On or near Pudsey Bus Station,,west-yorkshire,LDT_W
107071425,anti-social-behaviour,2022-12,53.800267,-1.639497,On or near Wellstone Road,,west-yorkshire,LDT_W
107071670,anti-social-behaviour,2022-12,53.794902,-1.664789,On or near Park View,,west-yorkshire,LDT_W
107072166,anti-social-behaviour,2022-12,53.795664,-1.663765,On or near ,,west-yorkshire,LDT_W
107067428,burglary,2022-12,53.799462,-1.656053,On or near The Crescent,Investigation complete; no suspect identified,west-yorkshire,LDT_W
107061212,burglary,2022-12,53.796413,-1.655440,On or near Huggan Row,Investigation complete; no suspect identified,west-yorkshire,LDT_W
107055023,burglary,2022-12,53.793765,-1.663113,On or near Crawshaw Road,Unable to prosecute suspect,west-yorkshire,LDT_W
107042014,burglary,2022-12,53.792768,-1.663409,On or near Radcliffe Lane,Investigation complete; no suspect identified,west-yorkshire,LDT_W
107056489,burglary,2022-12,53.793638,-1.650089,On or near Kent Close,Investigation complete; no suspect identified,west-yorkshire,LDT_W
107050956,burglary,2022-12,53.803612,-1.634093,On or near Spring Valley Avenue,Investigation complete; no suspect identified,west-yorkshire,LDT_W
107038869,burglary,2022-12,53.798041,-1.665416,On or near Back Somerset Road,Investigation complete; no suspect identified,west-yorkshire,LDT_W
107069101,burglary,2022-12,53.797704,-1.648157,On or near Harley Court,Investigation complete; no suspect identified,west-yorkshire,LDT_W
107032213,burglary,2022-12,53.797213,-1.661764,On or near Studley Terrace,Investigation complete; no suspect identified,west-yorkshire,LDT_W
107066952,burglary,2022-12,53.806686,-1.655341,On or near Norwood Crescent,Investigation complete; no suspect identified,west-yorkshire,LDT_W
107048954,burglary,2022-12,53.791358,-1.660400,On or near Sharp Row,Investigation complete; no suspect identified,west-yorkshire,LDT_W
107053890,burglary,2022-12,53.798380,-1.654938,On or near Brig Mill Court,Court result unavailable,west-yorkshire,LDT_W
107067872,burglary,2022-12,53.798868,-1.655815,On or near Lane End Fold,Investigation complete; no suspect identified,west-yorkshire,LDT_W
107069085,burglary,2022-12,53.798104,-1.646742,On or near Valley Mount,Investigation complete; no suspect identified,west-yorkshire,LDT_W
107054280,burglary,2022-12,53.795565,-1.660624,On or near Longfield Terrace,Investigation complete; no suspect identified,west-yorkshire,LDT_W
107054283,burglary,2022-12,53.799695,-1.665494,On or near Pembroke Drive,Investigation complete; no suspect identified,west-yorkshire,LDT_W
107048677,criminal-damage-arson,2022-12,53.801452,-1.636116,On or near Wellstone Garth,Unable to prosecute suspect,west-yorkshire,LDT_W
107049371,criminal-damage-arson,2022-12,53.786599,-1.662168,On or near Southroyd Rise,Investigation complete; no suspect identified,west-yorkshire,LDT_W
107058701,criminal-damage-arson,2022-12,53.789681,-1.671342,On or near Smalewell Green,Investigation complete; no suspect identified,west-yorkshire,LDT_W
107058934,criminal-damage-arson,2022-12,53.801306,-1.638486,On or near Wellstone Avenue,Unable to prosecute suspect,west-yorkshire,LDT_W
107068060,criminal-damage-arson,2022-12,53.801933,-1.649853,On or near Swinnow Garth,Investigation complete; no suspect identified,west-yorkshire,LDT_W
107040477,criminal-damage-arson,2022-12,53.799273,-1.646915,On or near Harley Green,Investigation complete; no suspect identified,west-yorkshire,LDT_W
107047124,criminal-damage-arson,2022-12,53.797218,-1.647964,On or near Hough Top,Investigation complete; no suspect identified,west-yorkshire,LDT_W
107044777,criminal-damage-arson,2022-12,53.790848,-1.664624,On or near New Street,Investigation complete; no suspect identified,west-yorkshire,LDT_W
107058764,criminal-damage-arson,2022-12,53.801452,-1.636116,On or near Wellstone Garth,Court result unavailable,west-yorkshire,LDT_W
107032379,criminal-damage-arson,2022-12,53.791970,-1.670322,On or near ,Investigation complete; no suspect identified,west-yorkshire,LDT_W
107069728,criminal-damage-arson,2022-12,53.795842,-1.663278,On or near Pudsey Bus Station,Investigation complete; no suspect identified,west-yorkshire,LDT_W
107032146,criminal-damage-arson,2022-12,53.794902,-1.664789,On or near Park View,Investigation complete; no suspect identified,west-yorkshire,LDT_W
107069500,criminal-damage-arson,2022-12,53.790848,-1.664624,On or near New Street,Investigation complete; no suspect identified,west-yorkshire,LDT_W
107045513,criminal-damage-arson,2022-12,53.799273,-1.646915,On or near Harley Green,Unable to prosecute suspect,west-yorkshire,LDT_W
107057338,drugs,2022-12,53.800584,-1.668524,On or near Westdale Rise,Further action is not in the public interest,west-yorkshire,LDT_W
107043835,drugs,2022-12,53.796326,-1.662971,On or near Waver Green,Local resolution,west-yorkshire,LDT_W
107051647,drugs,2022-12,53.786423,-1.632862,On or near Green Lane,Unable to prosecute suspect,west-yorkshire,LDT_W
107033355,other-theft,2022-12,53.803242,-1.639578,On or near Park Spring Gardens,Investigation complete; no suspect identified,west-yorkshire,LDT_W
107035517,other-theft,2022-12,53.798130,-1.671473,On or near Prospect Grove,Investigation complete; no suspect identified,west-yorkshire,LDT_W
107068780,other-theft,2022-12,53.800700,-1.646189,On or near Harley Close,Investigation complete; no suspect identified,west-yorkshire,LDT_W
107055068,other-theft,2022-12,53.801000,-1.663039,On or near Laurel Terrace,Unable to prosecute suspect,west-yorkshire,LDT_W
107035896,other-theft,2022-12,53.803848,-1.634972,On or near Spring Valley Croft,Investigation complete; no suspect identified,west-yorkshire,LDT_W
107036143,other-theft,2022-12,53.807102,-1.656370,On or near Norwood Croft,Investigation complete; no suspect identified,west-yorkshire,LDT_W
107045449,other-theft,2022-12,53.799273,-1.646915,On or near Harley Green,Unable to prosecute suspect,west-yorkshire,LDT_W
107032137,other-theft,2022-12,53.803848,-1.634972,On or near Spring Valley Croft,Investigation complete; no suspect identified,west-yorkshire,LDT_W
107038173,other-theft,2022-12,53.803848,-1.634972,On or near Spring Valley Croft,Investigation complete; no suspect identified,west-yorkshire,LDT_W
107046807,other-theft,2022-12,53.803848,-1.634972,On or near Spring Valley Croft,Investigation complete; no suspect identified,west-yorkshire,LDT_W
107068004,other-theft,2022-12,53.803848,-1.634972,On or near Spring Valley Croft,Unable to prosecute suspect,west-yorkshire,LDT_W
107038686,other-theft,2022-12,53.804281,-1.638248,On or near ,Investigation complete; no suspect identified,west-yorkshire,LDT_W
107040017,other-theft,2022-12,53.794930,-1.655452,On or near Sycamore Chase,Investigation complete; no suspect identified,west-yorkshire,LDT_W
107039703,other-theft,2022-12,53.802471,-1.664986,On or near Chapel Street,Investigation complete; no suspect identified,west-yorkshire,LDT_W
107046504,other-theft,2022-12,53.801225,-1.641250,On or near Wellstone Rise,Investigation complete; no suspect identified,west-yorkshire,LDT_W
107061251,other-theft,2022-12,53.786745,-1.656415,On or near Moor Grove,Unable to prosecute suspect,west-yorkshire,LDT_W
107058716,other-theft,2022-12,53.804160,-1.643032,On or near Rycroft Green,Unable to prosecute suspect,west-yorkshire,LDT_W
107049145,other-theft,2022-12,53.801452,-1.636116,On or near Wellstone Garth,Unable to prosecute suspect,west-yorkshire,LDT_W
107069151,other-theft,2022-12,53.798099,-1.660588,On or near Clifton Road,Investigation complete; no suspect identified,west-yorkshire,LDT_W
107033597,other-theft,2022-12,53.802135,-1.641986,On or near Wellstone Drive,Unable to prosecute suspect,west-yorkshire,LDT_W
107043797,other-theft,2022-12,53.801452,-1.636116,On or near Wellstone Garth,Unable to prosecute suspect,west-yorkshire,LDT_W
107035323,other-theft,2022-12,53.803682,-1.645329,On or near Rycroft Towers,Unable to prosecute suspect,west-yorkshire,LDT_W
107033391,other-theft,2022-12,53.786745,-1.656415,On or near Moor Grove,Investigation complete; no suspect identified,west-yorkshire,LDT_W
107052602,other-theft,2022-12,53.803848,-1.634972,On or near Spring Valley Croft,Investigation complete; no suspect identified,west-yorkshire,LDT_W
107042905,other-theft,2022-12,53.794038,-1.627694,On or near Gamble Lane,Unable to prosecute suspect,west-yorkshire,LDT_W
107033690,possession-of-weapons,2022-12,53.796443,-1.665930,On or near Carlton Rise,Court result unavailable,west-yorkshire,LDT_W
107035169,public-order,2022-12,53.795842,-1.663278,On or near Pudsey Bus Station,Investigation complete; no suspect identified,west-yorkshire,LDT_W
107057559,public-order,2022-12,53.799273,-1.646915,On or near Harley Green,Unable to prosecute suspect,west-yorkshire,LDT_W
107056152,public-order,2022-12,53.802350,-1.647830,On or near Swinnow Avenue,Court result unavailable,west-yorkshire,LDT_W
107056116,public-order,2022-12,53.802350,-1.647830,On or near Swinnow Avenue,Court result unavailable,west-yorkshire,LDT_W
107054786,public-order,2022-12,53.787126,-1.661026,On or near Littlemoor Crescent,Unable to prosecute suspect,west-yorkshire,LDT_W
107053828,public-order,2022-12,53.787094,-1.665579,On or near Regency Park Grove,Unable to prosecute suspect,west-yorkshire,LDT_W
107034571,public-order,2022-12,53.794038,-1.627694,On or near Gamble Lane,Unable to prosecute suspect,west-yorkshire,LDT_W
107056916,public-order,2022-12,53.797213,-1.661764,On or near Studley Terrace,Court result unavailable,west-yorkshire,LDT_W
107064743,public-order,2022-12,53.790888,-1.650142,On or near Acres Hall Crescent,Unable to prosecute suspect,west-yorkshire,LDT_W
107067904,public-order,2022-12,53.795175,-1.665743,On or near Lower Tofts Road,Unable to prosecute suspect,west-yorkshire,LDT_W
107056187,public-order,2022-12,53.802350,-1.647830,On or near Swinnow Avenue,Court result unavailable,west-yorkshire,LDT_W
107051660,public-order,2022-12,53.786745,-1.656415,On or near Moor Grove,Unable to prosecute suspect,west-yorkshire,LDT_W
107051192,public-order,2022-12,53.794038,-1.627694,On or near Gamble Lane,Investigation complete; no suspect identified,west-yorkshire,LDT_W
107062194,public-order,2022-12,53.797578,-1.663856,On or near Wesley Terrace,Investigation complete; no suspect identified,west-yorkshire,LDT_W
107060959,public-order,2022-12,53.801452,-1.636116,On or near Wellstone Garth,Unable to prosecute suspect,west-yorkshire,LDT_W
107060377,public-order,2022-12,53.797578,-1.663856,On or near Wesley Terrace,Investigation complete; no suspect identified,west-yorkshire,LDT_W
107050607,public-order,2022-12,53.796443,-1.665930,On or near Carlton Rise,Unable to prosecute suspect,west-yorkshire,LDT_W
107050242,public-order,2022-12,53.801933,-1.649853,On or near Swinnow Garth,Unable to prosecute suspect,west-yorkshire,LDT_W
107044558,public-order,2022-12,53.787226,-1.639624,On or near Troydale Grove,Unable to prosecute suspect,west-yorkshire,LDT_W
107043198,public-order,2022-12,53.795842,-1.663278,On or near Pudsey Bus Station,Status update unavailable,west-yorkshire,LDT_W
107055069,public-order,2022-12,53.795842,-1.663278,On or near Pudsey Bus Station,Unable to prosecute suspect,west-yorkshire,LDT_W
107055033,public-order,2022-12,53.795842,-1.663278,On or near Pudsey Bus Station,Unable to prosecute suspect,west-yorkshire,LDT_W
107052265,public-order,2022-12,53.799604,-1.658875,On or near Rogers Place,Investigation complete; no suspect identified,west-yorkshire,LDT_W
107035922,public-order,2022-12,53.798250,-1.669468,On or near Queens Drive,Unable to prosecute suspect,west-yorkshire,LDT_W
107069087,public-order,2022-12,53.797790,-1.656082,On or near Crown Place,Unable to prosecute suspect,west-yorkshire,LDT_W
107032302,public-order,2022-12,53.794038,-1.627694,On or near Gamble Lane,Investigation complete; no suspect identified,west-yorkshire,LDT_W
107032976,public-order,2022-12,53.795779,-1.663142,On or near ,Unable to prosecute suspect,west-yorkshire,LDT_W
107033769,public-order,2022-12,53.794162,-1.660225,On or near Robin Lane,Investigation complete; no suspect identified,west-yorkshire,LDT_W
107034815,public-order,2022-12,53.786423,-1.632862,On or near Green Lane,Unable to prosecute suspect,west-yorkshire,LDT_W
107038350,public-order,2022-12,53.798496,-1.670666,On or near Prospect Avenue,Unable to prosecute suspect,west-yorkshire,LDT_W
107052340,public-order,2022-12,53.795664,-1.663765,On or near ,Investigation complete; no suspect identified,west-yorkshire,LDT_W
107052926,public-order,2022-12,53.794038,-1.627694,On or near Gamble Lane,Investigation complete; no suspect identified,west-yorkshire,LDT_W
107053908,robbery,2022-12,53.791556,-1.648118,On or near Acres Hall Avenue,Unable to prosecute suspect,west-yorkshire,LDT_W
107032780,robbery,2022-12,53.803848,-1.634972,On or near Spring Valley Croft,Unable to prosecute suspect,west-yorkshire,LDT_W
107049643,shoplifting,2022-12,53.792486,-1.668345,On or near ,Investigation complete; no suspect identified,west-yorkshire,LDT_W
107053239,shoplifting,2022-12,53.800700,-1.646189,On or near Harley Close,Investigation complete; no suspect identified,west-yorkshire,LDT_W
107063688,shoplifting,2022-12,53.800700,-1.646189,On or near Harley Close,Investigation complete; no suspect identified,west-yorkshire,LDT_W
107032838,shoplifting,2022-12,53.796071,-1.664703,On or near Tofts House Close,Investigation complete; no suspect identified,west-yorkshire,LDT_W
107044152,shoplifting,2022-12,53.792486,-1.668345,On or near ,Investigation complete; no suspect identified,west-yorkshire,LDT_W
107051867,shoplifting,2022-12,53.800700,-1.646189,On or near Harley Close,Court result unavailable,west-yorkshire,LDT_W
107066203,shoplifting,2022-12,53.797009,-1.659701,On or near Claremont Grove,Investigation complete; no suspect identified,west-yorkshire,LDT_W
107060964,shoplifting,2022-12,53.800700,-1.646189,On or near Harley Close,Investigation complete; no suspect identified,west-yorkshire,LDT_W
107035167,shoplifting,2022-12,53.792486,-1.668345,On or near ,Investigation complete; no suspect identified,west-yorkshire,LDT_W
107060949,shoplifting,2022-12,53.800700,-1.646189,On or near Harley Close,Investigation complete; no suspect identified,west-yorkshire,LDT_W
107060953,shoplifting,2022-12,53.800700,-1.646189,On or near Harley Close,Court result unavailable,west-yorkshire,LDT_W
107033029,shoplifting,2022-12,53.803848,-1.634972,On or near Spring Valley Croft,Investigation complete; no suspect identified,west-yorkshire,LDT_W
107043620,shoplifting,2022-12,53.792486,-1.668345,On or near ,Investigation complete; no suspect identified,west-yorkshire,LDT_W
107041937,shoplifting,2022-12,53.792486,-1.668345,On or near ,Investigation complete; no suspect identified,west-yorkshire,LDT_W
107060945,shoplifting,2022-12,53.800700,-1.646189,On or near Harley Close,Further investigation is not in the public interest,west-yorkshire,LDT_W
107060955,shoplifting,2022-12,53.800700,-1.646189,On or near Harley Close,Court result unavailable,west-yorkshire,LDT_W
107046263,shoplifting,2022-12,53.800700,-1.646189,On or near Harley Close,Investigation complete; no suspect identified,west-yorkshire,LDT_W
107043906,shoplifting,2022-12,53.792486,-1.668345,On or near ,Investigation complete; no suspect identified,west-yorkshire,LDT_W
107032131,theft-from-the-person,2022-12,53.796584,-1.662027,On or near Manor House Street,Unable to prosecute suspect,west-yorkshire,LDT_W
107064601,theft-from-the-person,2022-12,53.795664,-1.663765,On or near ,Investigation complete; no suspect identified,west-yorkshire,LDT_W
107058162,vehicle-crime,2022-12,53.797578,-1.663856,On or near Wesley Terrace,Investigation complete; no suspect identified,west-yorkshire,LDT_W
107059807,vehicle-crime,2022-12,53.801225,-1.641250,On or near Wellstone Rise,Court result unavailable,west-yorkshire,LDT_W
107058842,vehicle-crime,2022-12,53.801225,-1.641250,On or near Wellstone Rise,Court result unavailable,west-yorkshire,LDT_W
107058823,vehicle-crime,2022-12,53.800267,-1.639497,On or near Wellstone Road,Court result unavailable,west-yorkshire,LDT_W
107065096,vehicle-crime,2022-12,53.799695,-1.665494,On or near Pembroke Drive,Investigation complete; no suspect identified,west-yorkshire,LDT_W
107052368,vehicle-crime,2022-12,53.798687,-1.658807,On or near Rosemont Terrace,Unable to prosecute suspect,west-yorkshire,LDT_W
107061586,vehicle-crime,2022-12,53.786423,-1.632862,On or near Green Lane,Unable to prosecute suspect,west-yorkshire,LDT_W
107036476,vehicle-crime,2022-12,53.790023,-1.665010,On or near New Street Grove,Investigation complete; no suspect identified,west-yorkshire,LDT_W
107065163,vehicle-crime,2022-12,53.786573,-1.659254,On or near Fulneck Mews,Investigation complete; no suspect identified,west-yorkshire,LDT_W
107036611,vehicle-crime,2022-12,53.790727,-1.659949,On or near St Vincent Road,Investigation complete; no suspect identified,west-yorkshire,LDT_W
107058730,vehicle-crime,2022-12,53.801452,-1.636116,On or near Wellstone Garth,Court result unavailable,west-yorkshire,LDT_W
107036767,vehicle-crime,2022-12,53.804281,-1.638248,On or near ,Investigation complete; no suspect identified,west-yorkshire,LDT_W
107057972,vehicle-crime,2022-12,53.801225,-1.641250,On or near Wellstone Rise,Court result unavailable,west-yorkshire,LDT_W
107038041,vehicle-crime,2022-12,53.798041,-1.665416,On or near Back Somerset Road,Investigation complete; no suspect identified,west-yorkshire,LDT_W
107058781,vehicle-crime,2022-12,53.801225,-1.641250,On or near Wellstone Rise,Unable to prosecute suspect,west-yorkshire,LDT_W
107038552,vehicle-crime,2022-12,53.796851,-1.627472,On or near Wood Lane,Investigation complete; no suspect identified,west-yorkshire,LDT_W
107044466,vehicle-crime,2022-12,53.795565,-1.660624,On or near Longfield Terrace,Investigation complete; no suspect identified,west-yorkshire,LDT_W
107040809,vehicle-crime,2022-12,53.794437,-1.662409,On or near Hutton Terrace,Investigation complete; no suspect identified,west-yorkshire,LDT_W
107058890,vehicle-crime,2022-12,53.802556,-1.641512,On or near Wellstone Green,Unable to prosecute suspect,west-yorkshire,LDT_W
107058720,vehicle-crime,2022-12,53.802556,-1.641512,On or near Wellstone Green,Unable to prosecute suspect,west-yorkshire,LDT_W
107051369,vehicle-crime,2022-12,53.802176,-1.631737,On or near Spring Valley Walk,Investigation complete; no suspect identified,west-yorkshire,LDT_W
107040714,vehicle-crime,2022-12,53.791556,-1.648118,On or near Acres Hall Avenue,Investigation complete; no suspect identified,west-yorkshire,LDT_W
107058788,vehicle-crime,2022-12,53.801225,-1.641250,On or near Wellstone Rise,Unable to prosecute suspect,west-yorkshire,LDT_W
107070081,vehicle-crime,2022-12,53.800267,-1.639497,On or near Wellstone Road,Investigation complete; no suspect identified,west-yorkshire,LDT_W
107055854,vehicle-crime,2022-12,53.798099,-1.660588,On or near Clifton Road,Investigation complete; no suspect identified,west-yorkshire,LDT_W
107046828,vehicle-crime,2022-12,53.797417,-1.654733,On or near South View,Court result unavailable,west-yorkshire,LDT_W
107058732,vehicle-crime,2022-12,53.801452,-1.636116,On or near Wellstone Garth,Unable to prosecute suspect,west-yorkshire,LDT_W
107053643,vehicle-crime,2022-12,53.798041,-1.665416,On or near Back Somerset Road,Investigation complete; no suspect identified,west-yorkshire,LDT_W
107034667,violent-crime,2022-12,53.790758,-1.674430,On or near Moorfield Crescent,Unable to prosecute suspect,west-yorkshire,LDT_W
107067348,violent-crime,2022-12,53.796693,-1.655999,On or near Crimbles Terrace,Action to be taken by another organisation,west-yorkshire,LDT_W
107035165,violent-crime,2022-12,53.797417,-1.654733,On or near South View,Unable to prosecute suspect,west-yorkshire,LDT_W
107062977,violent-crime,2022-12,53.801581,-1.652285,On or near Swinnow Green,Unable to prosecute suspect,west-yorkshire,LDT_W
107035400,violent-crime,2022-12,53.795664,-1.663765,On or near ,Investigation complete; no suspect identified,west-yorkshire,LDT_W
107063134,violent-crime,2022-12,53.797795,-1.627525,On or near Pudsey Road,Unable to prosecute suspect,west-yorkshire,LDT_W
107040928,violent-crime,2022-12,53.791514,-1.664891,On or near Oakwood Terrace,Local resolution,west-yorkshire,LDT_W
107035902,violent-crime,2022-12,53.786573,-1.659254,On or near Fulneck Mews,Investigation complete; no suspect identified,west-yorkshire,LDT_W
107037896,violent-crime,2022-12,53.795175,-1.665743,On or near Lower Tofts Road,Unable to prosecute suspect,west-yorkshire,LDT_W
107036306,violent-crime,2022-12,53.800267,-1.639497,On or near Wellstone Road,Unable to prosecute suspect,west-yorkshire,LDT_W
107036320,violent-crime,2022-12,53.800267,-1.639497,On or near Wellstone Road,Unable to prosecute suspect,west-yorkshire,LDT_W
107036508,violent-crime,2022-12,53.797345,-1.657801,On or near Claremont,Investigation complete; no suspect identified,west-yorkshire,LDT_W
107036643,violent-crime,2022-12,53.801452,-1.636116,On or near Wellstone Garth,Unable to prosecute suspect,west-yorkshire,LDT_W
107037557,violent-crime,2022-12,53.801452,-1.636116,On or near Wellstone Garth,Unable to prosecute suspect,west-yorkshire,LDT_W
107036482,violent-crime,2022-12,53.790848,-1.664624,On or near New Street,Status update unavailable,west-yorkshire,LDT_W
107058565,violent-crime,2022-12,53.792627,-1.664291,On or near Radcliffe Gardens,Further action is not in the public interest,west-yorkshire,LDT_W
107038434,violent-crime,2022-12,53.790888,-1.650142,On or near Acres Hall Crescent,Unable to prosecute suspect,west-yorkshire,LDT_W
107064049,violent-crime,2022-12,53.797785,-1.670459,On or near Cemetery Road,Unable to prosecute suspect,west-yorkshire,LDT_W
107032726,violent-crime,2022-12,53.795559,-1.661808,On or near Crawshaw Hill,Unable to prosecute suspect,west-yorkshire,LDT_W
107039233,violent-crime,2022-12,53.801452,-1.636116,On or near Wellstone Garth,Investigation complete; no suspect identified,west-yorkshire,LDT_W
107055761,violent-crime,2022-12,53.787585,-1.664316,On or near Littlemoor Crescent South,Unable to prosecute suspect,west-yorkshire,LDT_W
107034573,violent-crime,2022-12,53.794038,-1.627694,On or near Gamble Lane,Unable to prosecute suspect,west-yorkshire,LDT_W
107047280,violent-crime,2022-12,53.791556,-1.648118,On or near Acres Hall Avenue,Unable to prosecute suspect,west-yorkshire,LDT_W
107049685,violent-crime,2022-12,53.804160,-1.643032,On or near Rycroft Green,Local resolution,west-yorkshire,LDT_W
107053588,violent-crime,2022-12,53.802135,-1.641986,On or near Wellstone Drive,Unable to prosecute suspect,west-yorkshire,LDT_W
107057760,violent-crime,2022-12,53.801452,-1.636116,On or near Wellstone Garth,Unable to prosecute suspect,west-yorkshire,LDT_W
107049111,violent-crime,2022-12,53.801452,-1.636116,On or near Wellstone Garth,Unable to prosecute suspect,west-yorkshire,LDT_W
107056107,violent-crime,2022-12,53.799695,-1.665494,On or near Pembroke Drive,Unable to prosecute suspect,west-yorkshire,LDT_W
107054062,violent-crime,2022-12,53.790262,-1.657342,On or near Valley Green,Unable to prosecute suspect,west-yorkshire,LDT_W
107060640,violent-crime,2022-12,53.794038,-1.627694,On or near Gamble Lane,Unable to prosecute suspect,west-yorkshire,LDT_W
107060249,violent-crime,2022-12,53.797213,-1.661764,On or near Studley Terrace,Unable to prosecute suspect,west-yorkshire,LDT_W
107060221,violent-crime,2022-12,53.797213,-1.661764,On or near Studley Terrace,Unable to prosecute suspect,west-yorkshire,LDT_W
107061529,violent-crime,2022-12,53.802510,-1.666110,On or near Providence Place,Unable to prosecute suspect,west-yorkshire,LDT_W
107042761,violent-crime,2022-12,53.783721,-1.664711,On or near The Terrace,Investigation complete; no suspect identified,west-yorkshire,LDT_W
107050347,violent-crime,2022-12,53.800267,-1.639497,On or near Wellstone Road,Investigation complete; no suspect identified,west-yorkshire,LDT_W
107049305,violent-crime,2022-12,53.797395,-1.650027,On or near Harley Gardens,Unable to prosecute suspect,west-yorkshire,LDT_W
107055526,violent-crime,2022-12,53.803475,-1.664067,On or near Parkfield Terrace,Investigation complete; no suspect identified,west-yorkshire,LDT_W
107055679,violent-crime,2022-12,53.796185,-1.663700,On or near B6154,Status update unavailable,west-yorkshire,LDT_W
107046237,violent-crime,2022-12,53.796108,-1.631350,On or near Cornstone Fold,Status update unavailable,west-yorkshire,LDT_W
107046217,violent-crime,2022-12,53.796584,-1.662027,On or near Manor House Street,Unable to prosecute suspect,west-yorkshire,LDT_W
107045947,violent-crime,2022-12,53.801452,-1.636116,On or near Wellstone Garth,Unable to prosecute suspect,west-yorkshire,LDT_W
107045925,violent-crime,2022-12,53.797795,-1.627525,On or near Pudsey Road,Unable to prosecute suspect,west-yorkshire,LDT_W
107056391,violent-crime,2022-12,53.800374,-1.651490,On or near Swinnow Green,Unable to prosecute suspect,west-yorkshire,LDT_W
107045496,violent-crime,2022-12,53.799273,-1.646915,On or near Harley Green,Unable to prosecute suspect,west-yorkshire,LDT_W
107066946,violent-crime,2022-12,53.799521,-1.648491,On or near Harley Walk,Investigation complete; no suspect identified,west-yorkshire,LDT_W
107045415,violent-crime,2022-12,53.791583,-1.657544,On or near Chaucer Gardens,Action to be taken by another organisation,west-yorkshire,LDT_W
107045564,violent-crime,2022-12,53.790809,-1.653771,On or near Chaucer Grove,Unable to prosecute suspect,west-yorkshire,LDT_W
107055377,violent-crime,2022-12,53.802556,-1.641512,On or near Wellstone Green,Unable to prosecute suspect,west-yorkshire,LDT_W
107067360,violent-crime,2022-12,53.789681,-1.671342,On or near Smalewell Green,Investigation complete; no suspect identified,west-yorkshire,LDT_W
107055149,violent-crime,2022-12,53.804160,-1.643032,On or near Rycroft Green,Unable to prosecute suspect,west-yorkshire,LDT_W
107068500,violent-crime,2022-12,53.791542,-1.658971,On or near Sheridan Court,Investigation complete; no suspect identified,west-yorkshire,LDT_W
107054859,violent-crime,2022-12,53.800581,-1.645340,On or near Harley Rise,Investigation complete; no suspect identified,west-yorkshire,LDT_W
107069060,violent-crime,2022-12,53.793948,-1.657904,On or near Hazelhurst Court,Action to be taken by another organisation,west-yorkshire,LDT_W
107053966,violent-crime,2022-12,53.796974,-1.641256,On or near Ivy Chase,Unable to prosecute suspect,west-yorkshire,LDT_W
107053541,violent-crime,2022-12,53.787585,-1.664316,On or near Littlemoor Crescent South,Unable to prosecute suspect,west-yorkshire,LDT_W
107053485,violent-crime,2022-12,53.799462,-1.656053,On or near The Crescent,Status update unavailable,west-yorkshire,LDT_W
107052878,violent-crime,2022-12,53.794038,-1.627694,On or near Gamble Lane,Investigation complete; no suspect identified,west-yorkshire,LDT_W
107036578,violent-crime,2022-12,53.795175,-1.665743,On or near Lower Tofts Road,Unable to prosecute suspect,west-yorkshire,LDT_W
107052220,violent-crime,2022-12,53.787226,-1.639624,On or near Troydale Grove,Unable to prosecute suspect,west-yorkshire,LDT_W
107033025,violent-crime,2022-12,53.797213,-1.661764,On or near Studley Terrace,Status update unavailable,west-yorkshire,LDT_W
107067973,violent-crime,2022-12,53.797345,-1.657801,On or near Claremont,Unable to prosecute suspect,west-yorkshire,LDT_W
107031991,violent-crime,2022-12,53.794038,-1.627694,On or near Gamble Lane,Investigation complete; no suspect identified,west-yorkshire,LDT_W
107032000,violent-crime,2022-12,53.801452,-1.636116,On or near Wellstone Garth,Unable to prosecute suspect,west-yorkshire,LDT_W
107032120,violent-crime,2022-12,53.799735,-1.663763,On or near Croft House Court,Unable to prosecute suspect,west-yorkshire,LDT_W
107064951,violent-crime,2022-12,53.798041,-1.665416,On or near Back Somerset Road,Investigation complete; no suspect identified,west-yorkshire,LDT_W
107057795,violent-crime,2022-12,53.799273,-1.646915,On or near Harley Green,Unable to prosecute suspect,west-yorkshire,LDT_W
107056464,violent-crime,2022-12,53.804160,-1.643032,On or near Rycroft Green,Unable to prosecute suspect,west-yorkshire,LDT_W
107033056,violent-crime,2022-12,53.799787,-1.659906,On or near Fairfield Avenue,Unable to prosecute suspect,west-yorkshire,LDT_W
107046567,violent-crime,2022-12,53.797489,-1.648508,On or near Lowell Place,Unable to prosecute suspect,west-yorkshire,LDT_W
107056704,violent-crime,2022-12,53.799695,-1.665494,On or near Pembroke Drive,Unable to prosecute suspect,west-yorkshire,LDT_W
107033516,violent-crime,2022-12,53.801452,-1.636116,On or near Wellstone Garth,Unable to prosecute suspect,west-yorkshire,LDT_W
107054211,violent-crime,2022-12,53.798099,-1.660588,On or near Clifton Road,Unable to prosecute suspect,west-yorkshire,LDT_W
107043787,violent-crime,2022-12,53.801452,-1.636116,On or near Wellstone Garth,Unable to prosecute suspect,west-yorkshire,LDT_W
107061758,violent-crime,2022-12,53.800267,-1.639497,On or near Wellstone Road,Unable to prosecute suspect,west-yorkshire,LDT_W
107043829,violent-crime,2022-12,53.796584,-1.662027,On or near Manor House Street,Investigation complete; no suspect identified,west-yorkshire,LDT_W
107044420,violent-crime,2022-12,53.799273,-1.646915,On or near Harley Green,Unable to prosecute suspect,west-yorkshire,LDT_W
107057590,violent-crime,2022-12,53.797795,-1.627525,On or near Pudsey Road,Unable to prosecute suspect,west-yorkshire,LDT_W
107045095,violent-crime,2022-12,53.792243,-1.652651,On or near Kent Road,Unable to prosecute suspect,west-yorkshire,LDT_W
107056403,violent-crime,2022-12,53.804160,-1.643032,On or near Rycroft Green,Unable to prosecute suspect,west-yorkshire,LDT_W
107033653,violent-crime,2022-12,53.804160,-1.643032,On or near Rycroft Green,Unable to prosecute suspect,west-yorkshire,LDT_W
107056100,violent-crime,2022-12,53.787585,-1.664316,On or near Littlemoor Crescent South,Unable to prosecute suspect,west-yorkshire,LDT_W
107033692,violent-crime,2022-12,53.787672,-1.666622,On or near Hillthorpe Square,Unable to prosecute suspect,west-yorkshire,LDT_W
107068378,violent-crime,2022-12,53.790491,-1.649523,On or near Acres Hall Drive,Unable to prosecute suspect,west-yorkshire,LDT_W
107057081,violent-crime,2022-12,53.794038,-1.627694,On or near Gamble Lane,Unable to prosecute suspect,west-yorkshire,LDT_W
107042756,violent-crime,2022-12,53.783721,-1.664711,On or near The Terrace,Investigation complete; no suspect identified,west-yorkshire,LDT_W
107062032,violent-crime,2022-12,53.795477,-1.658195,On or near Longfield Avenue,Unable to prosecute suspect,west-yorkshire,LDT_W
107038147,other-crime,2022-12,53.801225,-1.641250,On or near Wellstone Rise,Further investigation is not in the public interest,west-yorkshire,LDT_W
107062251,other-crime,2022-12,53.795477,-1.658195,On or near Longfield Avenue,Unable to prosecute suspect,west-yorkshire,LDT_W
107071714,anti-social-behaviour,2022-12,53.686548,-1.492669,On or near Jacob's Well Lane,,west-yorkshire,WDT_CEN
107071437,anti-social-behaviour,2022-12,53.688195,-1.488955,On or near Moxon Square,,west-yorkshire,WDT_CEN
107071453,anti-social-behaviour,2022-12,53.681849,-1.495209,On or near ,,west-yorkshire,WDT_CEN
107071846,anti-social-behaviour,2022-12,53.669713,-1.503361,On or near Major Street,,west-yorkshire,WDT_CEN
107071727,anti-social-behaviour,2022-12,53.681694,-1.500979,On or near Albion Court,,west-yorkshire,WDT_CEN
107071731,anti-social-behaviour,2022-12,53.676710,-1.506397,On or near Lawefield Mews,,west-yorkshire,WDT_CEN
107071733,anti-social-behaviour,2022-12,53.682982,-1.489003,On or near Warren Court,,west-yorkshire,WDT_CEN
107071776,anti-social-behaviour,2022-12,53.683228,-1.493845,On or near Lower Warrengate,,west-yorkshire,WDT_CEN
107071768,anti-social-behaviour,2022-12,53.680293,-1.492865,On or near Avison Yard,,west-yorkshire,WDT_CEN
107071744,anti-social-behaviour,2022-12,53.688307,-1.496116,On or near Clarendon Court,,west-yorkshire,WDT_CEN
107070580,anti-social-behaviour,2022-12,53.684760,-1.505712,On or near Carnforth Avenue,,west-yorkshire,WDT_CEN
107071766,anti-social-behaviour,2022-12,53.681675,-1.496467,On or near ,,west-yorkshire,WDT_CEN
107071417,anti-social-behaviour,2022-12,53.682982,-1.489003,On or near Warren Court,,west-yorkshire,WDT_CEN
107071789,anti-social-behaviour,2022-12,53.697465,-1.500308,On or near Umpire Close,,west-yorkshire,WDT_CEN
107071724,anti-social-behaviour,2022-12,53.683656,-1.503923,On or near Cliff Lane,,west-yorkshire,WDT_CEN
107072561,anti-social-behaviour,2022-12,53.680293,-1.492865,On or near Avison Yard,,west-yorkshire,WDT_CEN
107072449,anti-social-behaviour,2022-12,53.678976,-1.505709,On or near ,,west-yorkshire,WDT_CEN
107072206,anti-social-behaviour,2022-12,53.684749,-1.492282,On or near Denstone Street,,west-yorkshire,WDT_CEN
107071978,anti-social-behaviour,2022-12,53.679198,-1.491122,On or near William Street,,west-yorkshire,WDT_CEN
107071897,anti-social-behaviour,2022-12,53.681423,-1.503011,On or near ,,west-yorkshire,WDT_CEN
107070601,anti-social-behaviour,2022-12,53.683004,-1.498450,On or near Cross Square,,west-yorkshire,WDT_CEN
107070607,anti-social-behaviour,2022-12,53.678285,-1.494161,On or near Wonder Street,,west-yorkshire,WDT_CEN
107072636,anti-social-behaviour,2022-12,53.681423,-1.503011,On or near ,,west-yorkshire,WDT_CEN
107070626,anti-social-behaviour,2022-12,53.685610,-1.497739,On or near ,,west-yorkshire,WDT_CEN
107071895,anti-social-behaviour,2022-12,53.688307,-1.496116,On or near Clarendon Court,,west-yorkshire,WDT_CEN
107072549,anti-social-behaviour,2022-12,53.680228,-1.506882,On or near ,,west-yorkshire,WDT_CEN
107070410,anti-social-behaviour,2022-12,53.685634,-1.497632,On or near Wakefield Bus Station,,west-yorkshire,WDT_CEN
107070428,anti-social-behaviour,2022-12,53.684476,-1.515406,On or near Darnley Avenue,,west-yorkshire,WDT_CEN
107070430,anti-social-behaviour,2022-12,53.685263,-1.497000,On or near Union Street,,west-yorkshire,WDT_CEN
107070534,anti-social-behaviour,2022-12,53.682696,-1.499892,On or near Silver Street,,west-yorkshire,WDT_CEN
107070597,anti-social-behaviour,2022-12,53.681945,-1.488152,On or near Marsland Avenue,,west-yorkshire,WDT_CEN
107071822,anti-social-behaviour,2022-12,53.684148,-1.495445,On or near ,,west-yorkshire,WDT_CEN
107072579,anti-social-behaviour,2022-12,53.688195,-1.488955,On or near Moxon Square,,west-yorkshire,WDT_CEN
107071809,anti-social-behaviour,2022-12,53.684149,-1.497119,On or near Smallpage Yard,,west-yorkshire,WDT_CEN
107072485,anti-social-behaviour,2022-12,53.679925,-1.510159,On or near Westgate End,,west-yorkshire,WDT_CEN
107071800,anti-social-behaviour,2022-12,53.688425,-1.496447,On or near Dickinson Street,,west-yorkshire,WDT_CEN
107070779,anti-social-behaviour,2022-12,53.677113,-1.503302,On or near ,,west-yorkshire,WDT_CEN
107070921,anti-social-behaviour,2022-12,53.689267,-1.519924,On or near Blakey Road,,west-yorkshire,WDT_CEN
107071291,anti-social-behaviour,2022-12,53.682897,-1.483720,On or near Park Lodge Crescent,,west-yorkshire,WDT_CEN
107066751,bicycle-theft,2022-12,53.678756,-1.499121,On or near Ings Road,Investigation complete; no suspect identified,west-yorkshire,WDT_CEN
107059619,bicycle-theft,2022-12,53.677353,-1.518788,On or near Castle Street,Investigation complete; no suspect identified,west-yorkshire,WDT_CEN
107064570,bicycle-theft,2022-12,53.676228,-1.513850,On or near ,Investigation complete; no suspect identified,west-yorkshire,WDT_CEN
107032360,burglary,2022-12,53.691412,-1.484554,On or near Pinder's Grove,Investigation complete; no suspect identified,west-yorkshire,WDT_CEN
107051205,burglary,2022-12,53.686435,-1.489218,On or near Grantley Way,Unable to prosecute suspect,west-yorkshire,WDT_CEN
107044385,burglary,2022-12,53.683185,-1.520765,On or near Rufford Street,Investigation complete; no suspect identified,west-yorkshire,WDT_CEN
107044951,burglary,2022-12,53.681849,-1.495209,On or near ,Investigation complete; no suspect identified,west-yorkshire,WDT_CEN
107045245,burglary,2022-12,53.674976,-1.502330,On or near St James's Court,Status update unavailable,west-yorkshire,WDT_CEN
107062935,burglary,2022-12,53.687458,-1.523851,On or near Meadow Croft,Unable to prosecute suspect,west-yorkshire,WDT_CEN
107055307,burglary,2022-12,53.683775,-1.499985,On or near Cross Street,Unable to prosecute suspect,west-yorkshire,WDT_CEN
107055185,burglary,2022-12,53.680228,-1.506882,On or near Shopping Area,Investigation complete; no suspect identified,west-yorkshire,WDT_CEN
107057678,burglary,2022-12,53.678588,-1.491251,On or near Park Street,Investigation complete; no suspect identified,west-yorkshire,WDT_CEN
107060280,burglary,2022-12,53.678976,-1.505709,On or near ,Investigation complete; no suspect identified,west-yorkshire,WDT_CEN
107056215,burglary,2022-12,53.682563,-1.517850,On or near Alverthorpe Road,Investigation complete; no suspect identified,west-yorkshire,WDT_CEN
107062396,burglary,2022-12,53.683775,-1.499985,On or near Cross Street,Unable to prosecute suspect,west-yorkshire,WDT_CEN
107062348,burglary,2022-12,53.683775,-1.499985,On or near Cross Street,Unable to prosecute suspect,west-yorkshire,WDT_CEN
107041351,burglary,2022-12,53.682363,-1.493416,On or near White's Road,Investigation complete; no suspect identified,west-yorkshire,WDT_CEN
107055331,burglary,2022-12,53.684903,-1.498957,On or near Providence Street,Investigation complete; no suspect identified,west-yorkshire,WDT_CEN
107066415,burglary,2022-12,53.678079,-1.485883,On or near Calder Vale Road,Investigation complete; no suspect identified,west-yorkshire,WDT_CEN
107053855,burglary,2022-12,53.680293,-1.492865,On or near Avison Yard,Investigation complete; no suspect identified,west-yorkshire,WDT_CEN
107048520,burglary,2022-12,53.681423,-1.503011,On or near ,Investigation complete; no suspect identified,west-yorkshire,WDT_CEN
107038401,burglary,2022-12,53.675453,-1.502521,On or near Wauchope Street,Investigation complete; no suspect identified,west-yorkshire,WDT_CEN
107048489,burglary,2022-12,53.678888,-1.496455,On or near West Parade Street,Investigation complete; no suspect identified,west-yorkshire,WDT_CEN
107068253,criminal-damage-arson,2022-12,53.689252,-1.518516,On or near Maple Street,Investigation complete; no suspect identified,west-yorkshire,WDT_CEN
107064179,criminal-damage-arson,2022-12,53.678036,-1.512134,On or near Clayton Street,Unable to prosecute suspect,west-yorkshire,WDT_CEN
107068738,criminal-damage-arson,2022-12,53.681423,-1.503011,On or near ,Investigation complete; no suspect identified,west-yorkshire,WDT_CEN
107055423,criminal-damage-arson,2022-12,53.680465,-1.503870,On or near ,Unable to prosecute suspect,west-yorkshire,WDT_CEN
107045528,criminal-damage-arson,2022-12,53.671204,-1.500876,On or near Fawcett Street,Investigation complete; no suspect identified,west-yorkshire,WDT_CEN
107036957,criminal-damage-arson,2022-12,53.683228,-1.493845,On or near Lower Warrengate,Court result unavailable,west-yorkshire,WDT_CEN
107067419,criminal-damage-arson,2022-12,53.671626,-1.490504,On or near ,Investigation complete; no suspect identified,west-yorkshire,WDT_CEN
107041541,criminal-damage-arson,2022-12,53.675079,-1.488311,On or near Waterside Way,Investigation complete; no suspect identified,west-yorkshire,WDT_CEN
107042336,criminal-damage-arson,2022-12,53.683602,-1.526120,On or near Flanshaw Road,Investigation complete; no suspect identified,west-yorkshire,WDT_CEN
107048745,criminal-damage-arson,2022-12,53.691282,-1.489811,On or near Tuke Grove,Unable to prosecute suspect,west-yorkshire,WDT_CEN
107051679,criminal-damage-arson,2022-12,53.684261,-1.498042,On or near Talbot And Falcon Yard,Local resolution,west-yorkshire,WDT_CEN
107051575,criminal-damage-arson,2022-12,53.683679,-1.498851,On or near ,Investigation complete; no suspect identified,west-yorkshire,WDT_CEN
107037512,criminal-damage-arson,2022-12,53.677113,-1.503302,On or near ,Investigation complete; no suspect identified,west-yorkshire,WDT_CEN
107044348,criminal-damage-arson,2022-12,53.685485,-1.483643,On or near Brotherton Avenue,Investigation complete; no suspect identified,west-yorkshire,WDT_CEN
107051796,criminal-damage-arson,2022-12,53.683228,-1.493845,On or near Lower Warrengate,Investigation complete; no suspect identified,west-yorkshire,WDT_CEN
107032184,criminal-damage-arson,2022-12,53.697054,-1.506606,On or near ,Investigation complete; no suspect identified,west-yorkshire,WDT_CEN
107036177,criminal-damage-arson,2022-12,53.681118,-1.481955,On or near Howden Way,Investigation complete; no suspect identified,west-yorkshire,WDT_CEN
107066399,criminal-damage-arson,2022-12,53.680228,-1.506882,On or near Shopping Area,Unable to prosecute suspect,west-yorkshire,WDT_CEN
107053658,criminal-damage-arson,2022-12,53.695575,-1.515097,On or near Whitegates Close,Local resolution,west-yorkshire,WDT_CEN
107040407,criminal-damage-arson,2022-12,53.697054,-1.506606,On or near ,Investigation complete; no suspect identified,west-yorkshire,WDT_CEN
107054057,criminal-damage-arson,2022-12,53.691282,-1.489811,On or near Tuke Grove,Unable to prosecute suspect,west-yorkshire,WDT_CEN
107054302,criminal-damage-arson,2022-12,53.673982,-1.520870,On or near Esther Avenue,Unable to prosecute suspect,west-yorkshire,WDT_CEN
107043034,criminal-damage-arson,2022-12,53.679276,-1.525036,On or near ,Investigation complete; no suspect identified,west-yorkshire,WDT_CEN
107052473,criminal-damage-arson,2022-12,53.675264,-1.500389,On or near Avondale Street,Unable to prosecute suspect,west-yorkshire,WDT_CEN
107065039,criminal-damage-arson,2022-12,53.674986,-1.489826,On or near Bridge Street,Investigation complete; no suspect identified,west-yorkshire,WDT_CEN
107050771,criminal-damage-arson,2022-12,53.680465,-1.503870,On or near ,Unable to prosecute suspect,west-yorkshire,WDT_CEN
107050076,criminal-damage-arson,2022-12,53.680228,-1.506882,On or near ,Investigation complete; no suspect identified,west-yorkshire,WDT_CEN
107051084,criminal-damage-arson,2022-12,53.678888,-1.496455,On or near West Parade Street,Unable to prosecute suspect,west-yorkshire,WDT_CEN
107051318,criminal-damage-arson,2022-12,53.682457,-1.525270,On or near Thirlmere Road,Investigation complete; no suspect identified,west-yorkshire,WDT_CEN
107040165,criminal-damage-arson,2022-12,53.683602,-1.526120,On or near Flanshaw Road,Unable to prosecute suspect,west-yorkshire,WDT_CEN
107055347,criminal-damage-arson,2022-12,53.686908,-1.494845,On or near Tavora Street,Unable to prosecute suspect,west-yorkshire,WDT_CEN
107066564,criminal-damage-arson,2022-12,53.681694,-1.500979,On or near Albion Court,Investigation complete; no suspect identified,west-yorkshire,WDT_CEN
107047603,criminal-damage-arson,2022-12,53.683228,-1.493845,On or near Lower Warrengate,Investigation complete; no suspect identified,west-yorkshire,WDT_CEN
107046359,drugs,2022-12,53.688924,-1.480633,On or near Kilnsey Grove,Status update unavailable,west-yorkshire,WDT_CEN
107060367,drugs,2022-12,53.681095,-1.512780,On or near Waterhouse Grove,Status update unavailable,west-yorkshire,WDT_CEN
107064039,drugs,2022-12,53.683004,-1.498450,On or near Cross Square,Local resolution,west-yorkshire,WDT_CEN
107048826,drugs,2022-12,53.678888,-1.496455,On or near West Parade Street,Status update unavailable,west-yorkshire,WDT_CEN
107051810,drugs,2022-12,53.681083,-1.509782,On or near Marlborough Street,Local resolution,west-yorkshire,WDT_CEN
107062140,drugs,2022-12,53.681432,-1.490202,On or near Burrell Street,Local resolution,west-yorkshire,WDT_CEN
107059322,drugs,2022-12,53.683775,-1.499985,On or near Cross Street,Local resolution,west-yorkshire,WDT_CEN
107065964,drugs,2022-12,53.682363,-1.493416,On or near White's Road,Local resolution,west-yorkshire,WDT_CEN
107064591,drugs,2022-12,53.683476,-1.516962,On or near Beckley Road,Status update unavailable,west-yorkshire,WDT_CEN
107050568,drugs,2022-12,53.681472,-1.501648,On or near Bank Street,Offender given a caution,west-yorkshire,WDT_CEN
107059303,drugs,2022-12,53.681547,-1.522313,On or near Langdale Drive,Court result unavailable,west-yorkshire,WDT_CEN
107058561,drugs,2022-12,53.674847,-1.519149,On or near Cobb Avenue,Unable to prosecute suspect,west-yorkshire,WDT_CEN
107053195,drugs,2022-12,53.680082,-1.498091,On or near South Parade,Local resolution,west-yorkshire,WDT_CEN
107054342,drugs,2022-12,53.680228,-1.506882,On or near ,Local resolution,west-yorkshire,WDT_CEN
107054727,drugs,2022-12,53.678036,-1.512134,On or near Clayton Street,Court result unavailable,west-yorkshire,WDT_CEN
107054741,drugs,2022-12,53.678036,-1.512134,On or near Clayton Street,Court result unavailable,west-yorkshire,WDT_CEN
107056177,drugs,2022-12,53.681609,-1.515530,On or near Henry Street,Investigation complete; no suspect identified,west-yorkshire,WDT_CEN
107055787,drugs,2022-12,53.688924,-1.480633,On or near Kilnsey Grove,Status update unavailable,west-yorkshire,WDT_CEN
107039951,drugs,2022-12,53.688924,-1.480633,On or near Kilnsey Grove,Status update unavailable,west-yorkshire,WDT_CEN
107045568,drugs,2022-12,53.674847,-1.519149,On or near Cobb Avenue,Unable to prosecute suspect,west-yorkshire,WDT_CEN
107062079,drugs,2022-12,53.680293,-1.492865,On or near Avison Yard,Local resolution,west-yorkshire,WDT_CEN
107061559,drugs,2022-12,53.689191,-1.494848,On or near ,Local resolution,west-yorkshire,WDT_CEN
107056554,other-theft,2022-12,53.697094,-1.497631,On or near Wicket Drive,Investigation complete; no suspect identified,west-yorkshire,WDT_CEN
107042714,other-theft,2022-12,53.684103,-1.492608,On or near Marsh Way,Unable to prosecute suspect,west-yorkshire,WDT_CEN
107049996,other-theft,2022-12,53.683736,-1.494974,On or near Zetland Street,Investigation complete; no suspect identified,west-yorkshire,WDT_CEN
107036164,other-theft,2022-12,53.682897,-1.500783,On or near Barstow Square,Investigation complete; no suspect identified,west-yorkshire,WDT_CEN
107039486,other-theft,2022-12,53.682457,-1.525270,On or near Thirlmere Road,Investigation complete; no suspect identified,west-yorkshire,WDT_CEN
107032947,other-theft,2022-12,53.697094,-1.497631,On or near Wicket Drive,Investigation complete; no suspect identified,west-yorkshire,WDT_CEN
107047405,other-theft,2022-12,53.683228,-1.493845,On or near Lower Warrengate,Investigation complete; no suspect identified,west-yorkshire,WDT_CEN
107049103,other-theft,2022-12,53.681694,-1.500979,On or near Albion Court,Investigation complete; no suspect identified,west-yorkshire,WDT_CEN
107067624,other-theft,2022-12,53.678759,-1.497774,On or near ,Investigation complete; no suspect identified,west-yorkshire,WDT_CEN
107051051,other-theft,2022-12,53.674847,-1.519149,On or near Cobb Avenue,Status update unavailable,west-yorkshire,WDT_CEN
107048969,other-theft,2022-12,53.672865,-1.518097,On or near Gill Sike Grove,Investigation complete; no suspect identified,west-yorkshire,WDT_CEN
107049050,other-theft,2022-12,53.691282,-1.489811,On or near Tuke Grove,Investigation complete; no suspect identified,west-yorkshire,WDT_CEN
107038297,other-theft,2022-12,53.678359,-1.525437,On or near ,Investigation complete; no suspect identified,west-yorkshire,WDT_CEN
107049483,other-theft,2022-12,53.680695,-1.490105,On or near John Street,Status update unavailable,west-yorkshire,WDT_CEN
107048505,other-theft,2022-12,53.690002,-1.517069,On or near Rowan Court,Investigation complete; no suspect identified,west-yorkshire,WDT_CEN
107055440,other-theft,2022-12,53.673132,-1.497644,On or near Foljambe Street,Unable to prosecute suspect,west-yorkshire,WDT_CEN
107033990,other-theft,2022-12,53.681472,-1.501648,On or near Bank Street,Investigation complete; no suspect identified,west-yorkshire,WDT_CEN
107044578,other-theft,2022-12,53.680293,-1.492865,On or near Avison Yard,Investigation complete; no suspect identified,west-yorkshire,WDT_CEN
107064616,other-theft,2022-12,53.683228,-1.493845,On or near Lower Warrengate,Status update unavailable,west-yorkshire,WDT_CEN
107067377,other-theft,2022-12,53.680228,-1.506882,On or near ,Investigation complete; no suspect identified,west-yorkshire,WDT_CEN
107051329,other-theft,2022-12,53.685610,-1.497739,On or near ,Investigation complete; no suspect identified,west-yorkshire,WDT_CEN
107049943,other-theft,2022-12,53.683602,-1.526120,On or near Flanshaw Road,Unable to prosecute suspect,west-yorkshire,WDT_CEN
107040204,other-theft,2022-12,53.682054,-1.499143,On or near Saw Yard,Investigation complete; no suspect identified,west-yorkshire,WDT_CEN
107067500,other-theft,2022-12,53.680293,-1.492865,On or near Avison Yard,Investigation complete; no suspect identified,west-yorkshire,WDT_CEN
107045203,other-theft,2022-12,53.692793,-1.505012,On or near Buxton Place,Investigation complete; no suspect identified,west-yorkshire,WDT_CEN
107037464,other-theft,2022-12,53.681472,-1.501648,On or near Bank Street,Investigation complete; no suspect identified,west-yorkshire,WDT_CEN
107062354,other-theft,2022-12,53.684398,-1.496541,On or near Brook Street,Investigation complete; no suspect identified,west-yorkshire,WDT_CEN
107053709,other-theft,2022-12,53.673673,-1.485316,On or near ,Court result unavailable,west-yorkshire,WDT_CEN
107049245,other-theft,2022-12,53.685214,-1.520106,On or near Longfield Terrace,Court result unavailable,west-yorkshire,WDT_CEN
107057352,other-theft,2022-12,53.678888,-1.496455,On or near West Parade Street,Unable to prosecute suspect,west-yorkshire,WDT_CEN
107049656,other-theft,2022-12,53.682457,-1.525270,On or near Thirlmere Road,Investigation complete; no suspect identified,west-yorkshire,WDT_CEN
107068930,other-theft,2022-12,53.681423,-1.503011,On or near ,Investigation complete; no suspect identified,west-yorkshire,WDT_CEN
107065407,other-theft,2022-12,53.682457,-1.525270,On or near Thirlmere Road,Investigation complete; no suspect identified,west-yorkshire,WDT_CEN
107066582,other-theft,2022-12,53.680465,-1.503870,On or near ,Investigation complete; no suspect identified,west-yorkshire,WDT_CEN
107046345,other-theft,2022-12,53.683943,-1.521514,On or near Derwent Grove,Investigation complete; no suspect identified,west-yorkshire,WDT_CEN
107064814,other-theft,2022-12,53.684398,-1.496541,On or near Brook Street,Investigation complete; no suspect identified,west-yorkshire,WDT_CEN
107064840,other-theft,2022-12,53.681295,-1.500136,On or near Market Street,Investigation complete; no suspect identified,west-yorkshire,WDT_CEN
107052848,other-theft,2022-12,53.683602,-1.526120,On or near Flanshaw Road,Unable to prosecute suspect,west-yorkshire,WDT_CEN
107055466,other-theft,2022-12,53.695672,-1.510052,On or near Limestone Road,Unable to prosecute suspect,west-yorkshire,WDT_CEN
107062849,other-theft,2022-12,53.684749,-1.492282,On or near Denstone Street,Investigation complete; no suspect identified,west-yorkshire,WDT_CEN
107069184,other-theft,2022-12,53.682160,-1.518324,On or near Homestead Drive,Unable to prosecute suspect,west-yorkshire,WDT_CEN
107068279,other-theft,2022-12,53.689880,-1.485739,On or near Ivy Grove,Investigation complete; no suspect identified,west-yorkshire,WDT_CEN
107047169,other-theft,2022-12,53.691017,-1.493146,On or near Belgrave Terrace,Unable to prosecute suspect,west-yorkshire,WDT_CEN
107065468,other-theft,2022-12,53.678359,-1.525437,On or near ,Investigation complete; no suspect identified,west-yorkshire,WDT_CEN
107061035,possession-of-weapons,2022-12,53.683420,-1.514267,On or near Victoria Avenue,Court result unavailable,west-yorkshire,WDT_CEN
107059109,possession-of-weapons,2022-12,53.681087,-1.495596,On or near ,Status update unavailable,west-yorkshire,WDT_CEN
107069563,possession-of-weapons,2022-12,53.678588,-1.491251,On or near Park Street,Status update unavailable,west-yorkshire,WDT_CEN
107053994,public-order,2022-12,53.680293,-1.492865,On or near Avison Yard,Court result unavailable,west-yorkshire,WDT_CEN
107054308,public-order,2022-12,53.678756,-1.499121,On or near Ings Road,Unable to prosecute suspect,west-yorkshire,WDT_CEN
107054417,public-order,2022-12,53.688142,-1.482702,On or near Queen Elizabeth Road,Unable to prosecute suspect,west-yorkshire,WDT_CEN
107055251,public-order,2022-12,53.678285,-1.494161,On or near Wonder Street,Unable to prosecute suspect,west-yorkshire,WDT_CEN
107059646,public-order,2022-12,53.683602,-1.526120,On or near Flanshaw Road,Unable to prosecute suspect,west-yorkshire,WDT_CEN
107068672,public-order,2022-12,53.679530,-1.495130,On or near Thornhill Street,Investigation complete; no suspect identified,west-yorkshire,WDT_CEN
107055951,public-order,2022-12,53.684868,-1.495006,On or near ,Court result unavailable,west-yorkshire,WDT_CEN
107058548,public-order,2022-12,53.681981,-1.490287,On or near Peterson Road,Unable to prosecute suspect,west-yorkshire,WDT_CEN
107049828,public-order,2022-12,53.684148,-1.495445,On or near ,Investigation complete; no suspect identified,west-yorkshire,WDT_CEN
107049247,public-order,2022-12,53.681423,-1.503011,On or near ,Court result unavailable,west-yorkshire,WDT_CEN
107070058,public-order,2022-12,53.680228,-1.506882,On or near ,Investigation complete; no suspect identified,west-yorkshire,WDT_CEN
107062101,public-order,2022-12,53.697094,-1.497631,On or near Wicket Drive,Unable to prosecute suspect,west-yorkshire,WDT_CEN
107068056,public-order,2022-12,53.683458,-1.497279,On or near Westmorland Street,Unable to prosecute suspect,west-yorkshire,WDT_CEN
107048750,public-order,2022-12,53.685610,-1.497739,On or near ,Status update unavailable,west-yorkshire,WDT_CEN
107061242,public-order,2022-12,53.688142,-1.482702,On or near Queen Elizabeth Road,Unable to prosecute suspect,west-yorkshire,WDT_CEN
107043565,public-order,2022-12,53.686595,-1.491049,On or near ,Unable to prosecute suspect,west-yorkshire,WDT_CEN
107035938,public-order,2022-12,53.679841,-1.494309,On or near Harrison Street,Unable to prosecute suspect,west-yorkshire,WDT_CEN
107048258,public-order,2022-12,53.682696,-1.499892,On or near Silver Street,Investigation complete; no suspect identified,west-yorkshire,WDT_CEN
107052311,public-order,2022-12,53.685610,-1.497739,On or near ,Investigation complete; no suspect identified,west-yorkshire,WDT_CEN
107055596,public-order,2022-12,53.678976,-1.505709,On or near ,Court result unavailable,west-yorkshire,WDT_CEN
107055537,public-order,2022-12,53.683282,-1.496039,On or near Teall Street,Investigation complete; no suspect identified,west-yorkshire,WDT_CEN
107047831,public-order,2022-12,53.695672,-1.510052,On or near Limestone Road,Unable to prosecute suspect,west-yorkshire,WDT_CEN
107057430,public-order,2022-12,53.685415,-1.494697,On or near ,Unable to prosecute suspect,west-yorkshire,WDT_CEN
107033437,public-order,2022-12,53.677643,-1.503949,On or near Charlesworth Way,Investigation complete; no suspect identified,west-yorkshire,WDT_CEN
107033296,public-order,2022-12,53.684408,-1.523038,On or near Derwent Road,Unable to prosecute suspect,west-yorkshire,WDT_CEN
107033116,public-order,2022-12,53.678285,-1.494161,On or near Wonder Street,Investigation complete; no suspect identified,west-yorkshire,WDT_CEN
107036963,public-order,2022-12,53.672171,-1.499956,On or near Thornleigh Road,Unable to prosecute suspect,west-yorkshire,WDT_CEN
107032314,public-order,2022-12,53.680228,-1.506882,On or near ,Investigation complete; no suspect identified,west-yorkshire,WDT_CEN
107065139,public-order,2022-12,53.683170,-1.495208,On or near The Springs,Investigation complete; no suspect identified,west-yorkshire,WDT_CEN
107054511,public-order,2022-12,53.697465,-1.500308,On or near Umpire Close,Investigation complete; no suspect identified,west-yorkshire,WDT_CEN
107043276,public-order,2022-12,53.677613,-1.518648,On or near Manor Road,Investigation complete; no suspect identified,west-yorkshire,WDT_CEN
107062760,public-order,2022-12,53.680293,-1.492865,On or near Avison Yard,Court result unavailable,west-yorkshire,WDT_CEN
107063490,public-order,2022-12,53.678976,-1.505709,On or near ,Unable to prosecute suspect,west-yorkshire,WDT_CEN
107051714,public-order,2022-12,53.681472,-1.501648,On or near Bank Street,Status update unavailable,west-yorkshire,WDT_CEN
107037565,public-order,2022-12,53.678976,-1.505709,On or near ,Investigation complete; no suspect identified,west-yorkshire,WDT_CEN
107066403,public-order,2022-12,53.682643,-1.515397,On or near Moorhouse Avenue,Unable to prosecute suspect,west-yorkshire,WDT_CEN
107054875,public-order,2022-12,53.681200,-1.492182,On or near ,Investigation complete; no suspect identified,west-yorkshire,WDT_CEN
107051054,public-order,2022-12,53.684398,-1.496541,On or near Brook Street,Investigation complete; no suspect identified,west-yorkshire,WDT_CEN
107053302,public-order,2022-12,53.689887,-1.513118,On or near Alder Avenue,Investigation complete; no suspect identified,west-yorkshire,WDT_CEN
107038044,public-order,2022-12,53.681694,-1.500979,On or near Albion Court,Unable to prosecute suspect,west-yorkshire,WDT_CEN
107062350,public-order,2022-12,53.684868,-1.495006,On or near ,Unable to prosecute suspect,west-yorkshire,WDT_CEN
107053835,public-order,2022-12,53.681675,-1.496467,On or near ,Unable to prosecute suspect,west-yorkshire,WDT_CEN
107048498,public-order,2022-12,53.683602,-1.526120,On or near Flanshaw Road,Investigation complete; no suspect identified,west-yorkshire,WDT_CEN
107066287,public-order,2022-12,53.685440,-1.525010,On or near Rydal Crescent,Unable to prosecute suspect,west-yorkshire,WDT_CEN
107055574,public-order,2022-12,53.683282,-1.496039,On or near Teall Street,Investigation complete; no suspect identified,west-yorkshire,WDT_CEN
107054444,public-order,2022-12,53.685214,-1.520106,On or near Longfield Terrace,Unable to prosecute suspect,west-yorkshire,WDT_CEN
107065834,public-order,2022-12,53.691282,-1.489811,On or near Tuke Grove,Unable to prosecute suspect,west-yorkshire,WDT_CEN
107067655,public-order,2022-12,53.697465,-1.500308,On or near Umpire Close,Investigation complete; no suspect identified,west-yorkshire,WDT_CEN
107054268,public-order,2022-12,53.678756,-1.499121,On or near Ings Road,Investigation complete; no suspect identified,west-yorkshire,WDT_CEN
107066737,public-order,2022-12,53.682506,-1.501847,On or near Carter Street,Status update unavailable,west-yorkshire,WDT_CEN
107041112,public-order,2022-12,53.697094,-1.497631,On or near Wicket Drive,Unable to prosecute suspect,west-yorkshire,WDT_CEN
107041298,public-order,2022-12,53.681423,-1.503011,On or near ,Unable to prosecute suspect,west-yorkshire,WDT_CEN
107041834,public-order,2022-12,53.678759,-1.497774,On or near ,Investigation complete; no suspect identified,west-yorkshire,WDT_CEN
107041891,public-order,2022-12,53.687384,-1.494870,On or near Berne Grove,Unable to prosecute suspect,west-yorkshire,WDT_CEN
107046381,public-order,2022-12,53.681423,-1.503011,On or near ,Unable to prosecute suspect,west-yorkshire,WDT_CEN
107046082,public-order,2022-12,53.681981,-1.490287,On or near Peterson Road,Status update unavailable,west-yorkshire,WDT_CEN
107049604,public-order,2022-12,53.697094,-1.497631,On or near Wicket Drive,Unable to prosecute suspect,west-yorkshire,WDT_CEN
107052260,public-order,2022-12,53.682363,-1.493416,On or near White's Road,Investigation complete; no suspect identified,west-yorkshire,WDT_CEN
107067688,public-order,2022-12,53.680293,-1.492865,On or near Avison Yard,Investigation complete; no suspect identified,west-yorkshire,WDT_CEN
107052228,public-order,2022-12,53.678036,-1.512134,On or near Clayton Street,Court result unavailable,west-yorkshire,WDT_CEN
107055921,public-order,2022-12,53.684398,-1.496541,On or near Brook Street,Unable to prosecute suspect,west-yorkshire,WDT_CEN
107055585,public-order,2022-12,53.683656,-1.503923,On or near Cliff Lane,Court result unavailable,west-yorkshire,WDT_CEN
107055355,public-order,2022-12,53.682054,-1.499143,On or near Saw Yard,Investigation complete; no suspect identified,west-yorkshire,WDT_CEN
107047091,public-order,2022-12,53.678976,-1.505709,On or near ,Investigation complete; no suspect identified,west-yorkshire,WDT_CEN
107060898,public-order,2022-12,53.680979,-1.493554,On or near ,Unable to prosecute suspect,west-yorkshire,WDT_CEN
107050936,public-order,2022-12,53.681694,-1.500979,On or near Albion Court,Investigation complete; no suspect identified,west-yorkshire,WDT_CEN
107047032,public-order,2022-12,53.677643,-1.503949,On or near Charlesworth Way,Court result unavailable,west-yorkshire,WDT_CEN
107065268,public-order,2022-12,53.678759,-1.497774,On or near ,Further investigation is not in the public interest,west-yorkshire,WDT_CEN
107033626,public-order,2022-12,53.684903,-1.498957,On or near Providence Street,Unable to prosecute suspect,west-yorkshire,WDT_CEN
107034001,public-order,2022-12,53.684148,-1.495445,On or near ,Investigation complete; no suspect identified,west-yorkshire,WDT_CEN
107034659,public-order,2022-12,53.672008,-1.489014,On or near Belle Isle Drive,Investigation complete; no suspect identified,west-yorkshire,WDT_CEN
107041302,public-order,2022-12,53.680465,-1.503870,On or near ,Court result unavailable,west-yorkshire,WDT_CEN
107044314,public-order,2022-12,53.683228,-1.493845,On or near Lower Warrengate,Investigation complete; no suspect identified,west-yorkshire,WDT_CEN
107043083,public-order,2022-12,53.683679,-1.498851,On or near ,Unable to prosecute suspect,west-yorkshire,WDT_CEN
107059614,public-order,2022-12,53.693381,-1.495283,On or near Westfield View,Unable to prosecute suspect,west-yorkshire,WDT_CEN
107060428,public-order,2022-12,53.678285,-1.494161,On or near Wonder Street,Court result unavailable,west-yorkshire,WDT_CEN
107062837,public-order,2022-12,53.680293,-1.492865,On or near Avison Yard,Court result unavailable,west-yorkshire,WDT_CEN
107047948,public-order,2022-12,53.677613,-1.518648,On or near Manor Road,Investigation complete; no suspect identified,west-yorkshire,WDT_CEN
107055332,public-order,2022-12,53.689935,-1.505076,On or near Belgravia Road,Court result unavailable,west-yorkshire,WDT_CEN
107032215,robbery,2022-12,53.684148,-1.495445,On or near ,Unable to prosecute suspect,west-yorkshire,WDT_CEN
107034908,robbery,2022-12,53.680228,-1.506882,On or near ,Investigation complete; no suspect identified,west-yorkshire,WDT_CEN
107052063,robbery,2022-12,53.685610,-1.497739,On or near Bus/coach Station,Unable to prosecute suspect,west-yorkshire,WDT_CEN
107054269,robbery,2022-12,53.676228,-1.513850,On or near ,Unable to prosecute suspect,west-yorkshire,WDT_CEN
107055190,robbery,2022-12,53.687302,-1.498717,On or near Saville Street,Investigation complete; no suspect identified,west-yorkshire,WDT_CEN
107055467,robbery,2022-12,53.697094,-1.497631,On or near Wicket Drive,Unable to prosecute suspect,west-yorkshire,WDT_CEN
107060725,robbery,2022-12,53.681849,-1.495209,On or near Parking Area,Court result unavailable,west-yorkshire,WDT_CEN
107054267,robbery,2022-12,53.676228,-1.513850,On or near ,Unable to prosecute suspect,west-yorkshire,WDT_CEN
107052880,robbery,2022-12,53.681423,-1.503011,On or near Parking Area,Investigation complete; no suspect identified,west-yorkshire,WDT_CEN
107057594,robbery,2022-12,53.682365,-1.487632,On or near Marsland Terrace,Investigation complete; no suspect identified,west-yorkshire,WDT_CEN
107051508,robbery,2022-12,53.684149,-1.497119,On or near Smallpage Yard,Unable to prosecute suspect,west-yorkshire,WDT_CEN
107038940,robbery,2022-12,53.686170,-1.503137,On or near Bond Street,Investigation complete; no suspect identified,west-yorkshire,WDT_CEN
107052905,shoplifting,2022-12,53.685353,-1.495161,On or near ,Unable to prosecute suspect,west-yorkshire,WDT_CEN
107057157,shoplifting,2022-12,53.691516,-1.509313,On or near Cyprus Mount,Investigation complete; no suspect identified,west-yorkshire,WDT_CEN
107055982,shoplifting,2022-12,53.681200,-1.492182,On or near ,Court result unavailable,west-yorkshire,WDT_CEN
107061360,shoplifting,2022-12,53.684868,-1.495006,On or near ,Court result unavailable,west-yorkshire,WDT_CEN
107056410,shoplifting,2022-12,53.681200,-1.492182,On or near ,Court result unavailable,west-yorkshire,WDT_CEN
107034985,shoplifting,2022-12,53.681849,-1.495209,On or near ,Investigation complete; no suspect identified,west-yorkshire,WDT_CEN
107069864,shoplifting,2022-12,53.678756,-1.499121,On or near Ings Road,Investigation complete; no suspect identified,west-yorkshire,WDT_CEN
107049327,shoplifting,2022-12,53.681675,-1.496467,On or near ,Investigation complete; no suspect identified,west-yorkshire,WDT_CEN
107064753,shoplifting,2022-12,53.682365,-1.487632,On or near Marsland Terrace,Investigation complete; no suspect identified,west-yorkshire,WDT_CEN
107056006,shoplifting,2022-12,53.681200,-1.492182,On or near ,Court result unavailable,west-yorkshire,WDT_CEN
107062258,shoplifting,2022-12,53.685353,-1.495161,On or near ,Investigation complete; no suspect identified,west-yorkshire,WDT_CEN
107057721,shoplifting,2022-12,53.684868,-1.495006,On or near ,Unable to prosecute suspect,west-yorkshire,WDT_CEN
107055141,shoplifting,2022-12,53.679276,-1.525036,On or near ,Investigation complete; no suspect identified,west-yorkshire,WDT_CEN
107060223,shoplifting,2022-12,53.678285,-1.494161,On or near Wonder Street,Investigation complete; no suspect identified,west-yorkshire,WDT_CEN
107060251,shoplifting,2022-12,53.678285,-1.494161,On or near Wonder Street,Investigation complete; no suspect identified,west-yorkshire,WDT_CEN
107047729,shoplifting,2022-12,53.684148,-1.495445,On or near ,Investigation complete; no suspect identified,west-yorkshire,WDT_CEN
107049390,shoplifting,2022-12,53.678756,-1.499121,On or near Ings Road,Investigation complete; no suspect identified,west-yorkshire,WDT_CEN
107066956,shoplifting,2022-12,53.681849,-1.495209,On or near ,Investigation complete; no suspect identified,west-yorkshire,WDT_CEN
107069792,shoplifting,2022-12,53.681675,-1.496467,On or near ,Investigation complete; no suspect identified,west-yorkshire,WDT_CEN
107062918,shoplifting,2022-12,53.681849,-1.495209,On or near ,Court result unavailable,west-yorkshire,WDT_CEN
107062223,shoplifting,2022-12,53.684749,-1.492282,On or near Denstone Street,Investigation complete; no suspect identified,west-yorkshire,WDT_CEN
107061136,shoplifting,2022-12,53.685353,-1.495161,On or near ,Unable to prosecute suspect,west-yorkshire,WDT_CEN
107060210,shoplifting,2022-12,53.684016,-1.519378,On or near Blakeley Grove,Court result unavailable,west-yorkshire,WDT_CEN
107060197,shoplifting,2022-12,53.678285,-1.494161,On or near Wonder Street,Unable to prosecute suspect,west-yorkshire,WDT_CEN
107054900,shoplifting,2022-12,53.678756,-1.499121,On or near Ings Road,Court result unavailable,west-yorkshire,WDT_CEN
107054040,shoplifting,2022-12,53.678756,-1.499121,On or near Ings Road,Court result unavailable,west-yorkshire,WDT_CEN
107054006,shoplifting,2022-12,53.689935,-1.505076,On or near Belgravia Road,Court result unavailable,west-yorkshire,WDT_CEN
107052494,shoplifting,2022-12,53.681849,-1.495209,On or near ,Unable to prosecute suspect,west-yorkshire,WDT_CEN
107052195,shoplifting,2022-12,53.678756,-1.499121,On or near Ings Road,Unable to prosecute suspect,west-yorkshire,WDT_CEN
107048956,shoplifting,2022-12,53.684148,-1.495445,On or near ,Investigation complete; no suspect identified,west-yorkshire,WDT_CEN
107032937,shoplifting,2022-12,53.678759,-1.497774,On or near ,Court result unavailable,west-yorkshire,WDT_CEN
107033022,shoplifting,2022-12,53.678976,-1.505709,On or near ,Investigation complete; no suspect identified,west-yorkshire,WDT_CEN
107033055,shoplifting,2022-12,53.678759,-1.497774,On or near ,Court result unavailable,west-yorkshire,WDT_CEN
107044156,shoplifting,2022-12,53.685353,-1.495161,On or near ,Unable to prosecute suspect,west-yorkshire,WDT_CEN
107044872,shoplifting,2022-12,53.681849,-1.495209,On or near ,Investigation complete; no suspect identified,west-yorkshire,WDT_CEN
107033856,shoplifting,2022-12,53.678756,-1.499121,On or near Ings Road,Investigation complete; no suspect identified,west-yorkshire,WDT_CEN
107034598,shoplifting,2022-12,53.678285,-1.494161,On or near Wonder Street,Investigation complete; no suspect identified,west-yorkshire,WDT_CEN
107035495,shoplifting,2022-12,53.684749,-1.492282,On or near Denstone Street,Investigation complete; no suspect identified,west-yorkshire,WDT_CEN
107036187,shoplifting,2022-12,53.685226,-1.490338,On or near Earl Street,Investigation complete; no suspect identified,west-yorkshire,WDT_CEN
107036428,shoplifting,2022-12,53.691516,-1.509313,On or near Cyprus Mount,Investigation complete; no suspect identified,west-yorkshire,WDT_CEN
107036598,shoplifting,2022-12,53.684398,-1.496541,On or near Brook Street,Investigation complete; no suspect identified,west-yorkshire,WDT_CEN
107036914,shoplifting,2022-12,53.681849,-1.495209,On or near ,Court result unavailable,west-yorkshire,WDT_CEN
107037716,shoplifting,2022-12,53.685610,-1.497739,On or near ,Investigation complete; no suspect identified,west-yorkshire,WDT_CEN
107037835,shoplifting,2022-12,53.678976,-1.505709,On or near ,Investigation complete; no suspect identified,west-yorkshire,WDT_CEN
107040276,shoplifting,2022-12,53.677613,-1.518648,On or near Manor Road,Investigation complete; no suspect identified,west-yorkshire,WDT_CEN
107041836,shoplifting,2022-12,53.678759,-1.497774,On or near ,Investigation complete; no suspect identified,west-yorkshire,WDT_CEN
107045917,shoplifting,2022-12,53.691516,-1.509313,On or near Cyprus Mount,Investigation complete; no suspect identified,west-yorkshire,WDT_CEN
107047089,shoplifting,2022-12,53.678976,-1.505709,On or near ,Investigation complete; no suspect identified,west-yorkshire,WDT_CEN
107048299,shoplifting,2022-12,53.679276,-1.525036,On or near ,Investigation complete; no suspect identified,west-yorkshire,WDT_CEN
107049356,shoplifting,2022-12,53.681849,-1.495209,On or near ,Investigation complete; no suspect identified,west-yorkshire,WDT_CEN
107049938,shoplifting,2022-12,53.683736,-1.494974,On or near Zetland Street,Investigation complete; no suspect identified,west-yorkshire,WDT_CEN
107050482,shoplifting,2022-12,53.678888,-1.496455,On or near West Parade Street,Court result unavailable,west-yorkshire,WDT_CEN
107052019,shoplifting,2022-12,53.678756,-1.499121,On or near Ings Road,Unable to prosecute suspect,west-yorkshire,WDT_CEN
107055346,shoplifting,2022-12,53.678756,-1.499121,On or near Ings Road,Unable to prosecute suspect,west-yorkshire,WDT_CEN
107057816,shoplifting,2022-12,53.684868,-1.495006,On or near ,Investigation complete; no suspect identified,west-yorkshire,WDT_CEN
107065136,shoplifting,2022-12,53.683170,-1.495208,On or near The Springs,Investigation complete; no suspect identified,west-yorkshire,WDT_CEN
107067344,shoplifting,2022-12,53.678759,-1.497774,On or near ,Investigation complete; no suspect identified,west-yorkshire,WDT_CEN
107069307,shoplifting,2022-12,53.684398,-1.496541,On or near Brook Street,Investigation complete; no suspect identified,west-yorkshire,WDT_CEN
107069377,shoplifting,2022-12,53.684868,-1.495006,On or near ,Investigation complete; no suspect identified,west-yorkshire,WDT_CEN
107069628,shoplifting,2022-12,53.697442,-1.506353,On or near ,Investigation complete; no suspect identified,west-yorkshire,WDT_CEN
107069634,shoplifting,2022-12,53.681849,-1.495209,On or near ,Investigation complete; no suspect identified,west-yorkshire,WDT_CEN
107069816,shoplifting,2022-12,53.685226,-1.490338,On or near Earl Street,Investigation complete; no suspect identified,west-yorkshire,WDT_CEN
107033419,theft-from-the-person,2022-12,53.682506,-1.501847,On or near Carter Street,Investigation complete; no suspect identified,west-yorkshire,WDT_CEN
107056384,theft-from-the-person,2022-12,53.673982,-1.520870,On or near Esther Avenue,Unable to prosecute suspect,west-yorkshire,WDT_CEN
107036183,theft-from-the-person,2022-12,53.684398,-1.496541,On or near Brook Street,Investigation complete; no suspect identified,west-yorkshire,WDT_CEN
107044161,theft-from-the-person,2022-12,53.681694,-1.500979,On or near Albion Court,Investigation complete; no suspect identified,west-yorkshire,WDT_CEN
107068680,theft-from-the-person,2022-12,53.683977,-1.494623,On or near Frederick Street,Investigation complete; no suspect identified,west-yorkshire,WDT_CEN
107044309,theft-from-the-person,2022-12,53.681694,-1.500979,On or near Albion Court,Investigation complete; no suspect identified,west-yorkshire,WDT_CEN
107047290,theft-from-the-person,2022-12,53.680186,-1.508037,On or near Salt Pie Alley,Investigation complete; no suspect identified,west-yorkshire,WDT_CEN
107052706,theft-from-the-person,2022-12,53.681675,-1.496467,On or near ,Investigation complete; no suspect identified,west-yorkshire,WDT_CEN
107065901,theft-from-the-person,2022-12,53.681200,-1.492182,On or near ,Investigation complete; no suspect identified,west-yorkshire,WDT_CEN
107055020,theft-from-the-person,2022-12,53.689479,-1.503643,On or near Andrew Street,Investigation complete; no suspect identified,west-yorkshire,WDT_CEN
107049779,theft-from-the-person,2022-12,53.681087,-1.495596,On or near ,Investigation complete; no suspect identified,west-yorkshire,WDT_CEN
107062426,vehicle-crime,2022-12,53.682506,-1.501847,On or near Carter Street,Investigation complete; no suspect identified,west-yorkshire,WDT_CEN
107066905,vehicle-crime,2022-12,53.680801,-1.511269,On or near Plumpton Road,Investigation complete; no suspect identified,west-yorkshire,WDT_CEN
107069219,vehicle-crime,2022-12,53.688021,-1.507340,On or near Hodgson Street,Investigation complete; no suspect identified,west-yorkshire,WDT_CEN
107032240,vehicle-crime,2022-12,53.690906,-1.498795,On or near Bede Court,Investigation complete; no suspect identified,west-yorkshire,WDT_CEN
107033189,vehicle-crime,2022-12,53.681295,-1.500136,On or near Market Street,Investigation complete; no suspect identified,west-yorkshire,WDT_CEN
107064862,vehicle-crime,2022-12,53.680228,-1.506882,On or near ,Investigation complete; no suspect identified,west-yorkshire,WDT_CEN
107039552,vehicle-crime,2022-12,53.685027,-1.505103,On or near St Christopher's Walk,Investigation complete; no suspect identified,west-yorkshire,WDT_CEN
107054494,vehicle-crime,2022-12,53.675079,-1.488311,On or near Waterside Way,Investigation complete; no suspect identified,west-yorkshire,WDT_CEN
107054632,vehicle-crime,2022-12,53.683170,-1.495208,On or near The Springs,Investigation complete; no suspect identified,west-yorkshire,WDT_CEN
107064725,vehicle-crime,2022-12,53.697567,-1.501094,On or near Stumps Close,Investigation complete; no suspect identified,west-yorkshire,WDT_CEN
107033285,vehicle-crime,2022-12,53.684686,-1.511785,On or near Elder Green,Investigation complete; no suspect identified,west-yorkshire,WDT_CEN
107040259,vehicle-crime,2022-12,53.688588,-1.523066,On or near Beech Avenue,Investigation complete; no suspect identified,west-yorkshire,WDT_CEN
107062294,vehicle-crime,2022-12,53.679164,-1.493742,On or near Charlotte Street,Investigation complete; no suspect identified,west-yorkshire,WDT_CEN
107034233,vehicle-crime,2022-12,53.685749,-1.514437,On or near Benjamin Street,Investigation complete; no suspect identified,west-yorkshire,WDT_CEN
107041810,vehicle-crime,2022-12,53.682563,-1.517850,On or near Alverthorpe Road,Investigation complete; no suspect identified,west-yorkshire,WDT_CEN
107047610,vehicle-crime,2022-12,53.683003,-1.500205,On or near ,Status update unavailable,west-yorkshire,WDT_CEN
107034617,vehicle-crime,2022-12,53.684016,-1.519378,On or near Blakeley Grove,Investigation complete; no suspect identified,west-yorkshire,WDT_CEN
107042938,vehicle-crime,2022-12,53.683261,-1.491058,On or near Upper Warrengate,Investigation complete; no suspect identified,west-yorkshire,WDT_CEN
107032572,vehicle-crime,2022-12,53.683085,-1.516012,On or near Moorhouse Crescent,Investigation complete; no suspect identified,west-yorkshire,WDT_CEN
107044280,vehicle-crime,2022-12,53.680076,-1.488251,On or near Sanderson Street,Investigation complete; no suspect identified,west-yorkshire,WDT_CEN
107032785,vehicle-crime,2022-12,53.685387,-1.481660,On or near Woodhouse Road,Investigation complete; no suspect identified,west-yorkshire,WDT_CEN
107063530,violent-crime,2022-12,53.678976,-1.505709,On or near ,Unable to prosecute suspect,west-yorkshire,WDT_CEN
107054803,violent-crime,2022-12,53.683679,-1.498851,On or near ,Unable to prosecute suspect,west-yorkshire,WDT_CEN
107068269,violent-crime,2022-12,53.679004,-1.489929,On or near Monk Street,Unable to prosecute suspect,west-yorkshire,WDT_CEN
107069798,violent-crime,2022-12,53.686996,-1.479687,On or near Irwin Crescent,Unable to prosecute suspect,west-yorkshire,WDT_CEN
107054888,violent-crime,2022-12,53.682982,-1.489003,On or near Warren Court,Unable to prosecute suspect,west-yorkshire,WDT_CEN
107054858,violent-crime,2022-12,53.684718,-1.510830,On or near Mulberry Close,Court result unavailable,west-yorkshire,WDT_CEN
107066684,violent-crime,2022-12,53.677625,-1.521600,On or near Rayfield,Investigation complete; no suspect identified,west-yorkshire,WDT_CEN
107054276,violent-crime,2022-12,53.675036,-1.521539,On or near Meltonfield Mews,Investigation complete; no suspect identified,west-yorkshire,WDT_CEN
107065117,violent-crime,2022-12,53.673982,-1.520870,On or near Esther Avenue,Unable to prosecute suspect,west-yorkshire,WDT_CEN
107054459,violent-crime,2022-12,53.682506,-1.501847,On or near Carter Street,Offender given a caution,west-yorkshire,WDT_CEN
107054468,violent-crime,2022-12,53.682506,-1.501847,On or near Carter Street,Offender given a caution,west-yorkshire,WDT_CEN
107067306,violent-crime,2022-12,53.677116,-1.513492,On or near Park Grove Road,Investigation complete; no suspect identified,west-yorkshire,WDT_CEN
107067399,violent-crime,2022-12,53.681423,-1.503011,On or near ,Unable to prosecute suspect,west-yorkshire,WDT_CEN
107067046,violent-crime,2022-12,53.682506,-1.501847,On or near Carter Street,Investigation complete; no suspect identified,west-yorkshire,WDT_CEN
107053991,violent-crime,2022-12,53.687302,-1.498717,On or near Saville Street,Unable to prosecute suspect,west-yorkshire,WDT_CEN
107054138,violent-crime,2022-12,53.685610,-1.497739,On or near ,Unable to prosecute suspect,west-yorkshire,WDT_CEN
107046803,violent-crime,2022-12,53.682506,-1.501847,On or near Carter Street,Investigation complete; no suspect identified,west-yorkshire,WDT_CEN
107052846,violent-crime,2022-12,53.682696,-1.499892,On or near Silver Street,Investigation complete; no suspect identified,west-yorkshire,WDT_CEN
107053806,violent-crime,2022-12,53.682897,-1.483720,On or near Park Lodge Crescent,Unable to prosecute suspect,west-yorkshire,WDT_CEN
107053790,violent-crime,2022-12,53.682897,-1.483720,On or near Park Lodge Crescent,Unable to prosecute suspect,west-yorkshire,WDT_CEN
107053524,violent-crime,2022-12,53.681200,-1.492182,On or near ,Investigation complete; no suspect identified,west-yorkshire,WDT_CEN
107049969,violent-crime,2022-12,53.687110,-1.500052,On or near Arundel Street,Investigation complete; no suspect identified,west-yorkshire,WDT_CEN
107050036,violent-crime,2022-12,53.691905,-1.505538,On or near Arlington Street,Unable to prosecute suspect,west-yorkshire,WDT_CEN
107053629,violent-crime,2022-12,53.684149,-1.497119,On or near Smallpage Yard,Investigation complete; no suspect identified,west-yorkshire,WDT_CEN
107052962,violent-crime,2022-12,53.681547,-1.522313,On or near Langdale Drive,Unable to prosecute suspect,west-yorkshire,WDT_CEN
107053788,violent-crime,2022-12,53.682897,-1.483720,On or near Park Lodge Crescent,Unable to prosecute suspect,west-yorkshire,WDT_CEN
107052773,violent-crime,2022-12,53.684476,-1.515406,On or near Darnley Avenue,Unable to prosecute suspect,west-yorkshire,WDT_CEN
107052749,violent-crime,2022-12,53.688924,-1.480633,On or near Kilnsey Grove,Unable to prosecute suspect,west-yorkshire,WDT_CEN
107053363,violent-crime,2022-12,53.681694,-1.500979,On or near Albion Court,Unable to prosecute suspect,west-yorkshire,WDT_CEN
107053099,violent-crime,2022-12,53.680293,-1.492865,On or near Avison Yard,Unable to prosecute suspect,west-yorkshire,WDT_CEN
107052860,violent-crime,2022-12,53.686804,-1.499949,On or near Arundel Close,Unable to prosecute suspect,west-yorkshire,WDT_CEN
107054185,violent-crime,2022-12,53.682054,-1.499143,On or near Saw Yard,Investigation complete; no suspect identified,west-yorkshire,WDT_CEN
107063367,violent-crime,2022-12,53.681609,-1.515530,On or near Henry Street,Unable to prosecute suspect,west-yorkshire,WDT_CEN
107055312,violent-crime,2022-12,53.686908,-1.494845,On or near Tavora Street,Unable to prosecute suspect,west-yorkshire,WDT_CEN
107052323,violent-crime,2022-12,53.682506,-1.501847,On or near Carter Street,Unable to prosecute suspect,west-yorkshire,WDT_CEN
107052304,violent-crime,2022-12,53.685610,-1.497739,On or near ,Investigation complete; no suspect identified,west-yorkshire,WDT_CEN
107052302,violent-crime,2022-12,53.680801,-1.511269,On or near Plumpton Road,Status update unavailable,west-yorkshire,WDT_CEN
107052162,violent-crime,2022-12,53.687079,-1.488499,On or near Stanley Road,Unable to prosecute suspect,west-yorkshire,WDT_CEN
107051986,violent-crime,2022-12,53.691282,-1.489811,On or near Tuke Grove,Status update unavailable,west-yorkshire,WDT_CEN
107052278,violent-crime,2022-12,53.674847,-1.519149,On or near Cobb Avenue,Unable to prosecute suspect,west-yorkshire,WDT_CEN
107052252,violent-crime,2022-12,53.679226,-1.512998,On or near A638,Court result unavailable,west-yorkshire,WDT_CEN
107055911,violent-crime,2022-12,53.684868,-1.495006,On or near ,Unable to prosecute suspect,west-yorkshire,WDT_CEN
107055452,violent-crime,2022-12,53.679198,-1.491122,On or near William Street,Unable to prosecute suspect,west-yorkshire,WDT_CEN
107039634,violent-crime,2022-12,53.684718,-1.510830,On or near Mulberry Close,Status update unavailable,west-yorkshire,WDT_CEN
107058535,violent-crime,2022-12,53.681981,-1.490287,On or near Peterson Road,Unable to prosecute suspect,west-yorkshire,WDT_CEN
107039067,violent-crime,2022-12,53.684016,-1.519378,On or near Blakeley Grove,Unable to prosecute suspect,west-yorkshire,WDT_CEN
107036893,violent-crime,2022-12,53.680450,-1.508972,On or near Brooksbank,Status update unavailable,west-yorkshire,WDT_CEN
107036821,violent-crime,2022-12,53.680450,-1.508972,On or near Brooksbank,Status update unavailable,west-yorkshire,WDT_CEN
107035979,violent-crime,2022-12,53.681609,-1.515530,On or near Henry Street,Unable to prosecute suspect,west-yorkshire,WDT_CEN
107034821,violent-crime,2022-12,53.677294,-1.517502,On or near Harcourt Street,Unable to prosecute suspect,west-yorkshire,WDT_CEN
107035004,violent-crime,2022-12,53.677294,-1.517502,On or near Harcourt Street,Unable to prosecute suspect,west-yorkshire,WDT_CEN
107034742,violent-crime,2022-12,53.684718,-1.510830,On or near Mulberry Close,Unable to prosecute suspect,west-yorkshire,WDT_CEN
107033987,violent-crime,2022-12,53.687229,-1.494221,On or near Marizon Grove,Unable to prosecute suspect,west-yorkshire,WDT_CEN
107054767,violent-crime,2022-12,53.687079,-1.488499,On or near Stanley Road,Investigation complete; no suspect identified,west-yorkshire,WDT_CEN
107062067,violent-crime,2022-12,53.684760,-1.505712,On or near Carnforth Avenue,Unable to prosecute suspect,west-yorkshire,WDT_CEN
107052708,violent-crime,2022-12,53.684954,-1.518020,On or near Crawford Drive,Investigation complete; no suspect identified,west-yorkshire,WDT_CEN
107032014,violent-crime,2022-12,53.681694,-1.500979,On or near Albion Court,Investigation complete; no suspect identified,west-yorkshire,WDT_CEN
107032109,violent-crime,2022-12,53.687508,-1.500729,On or near Howard Street,Investigation complete; no suspect identified,west-yorkshire,WDT_CEN
107054452,violent-crime,2022-12,53.682506,-1.501847,On or near Carter Street,Offender given a caution,west-yorkshire,WDT_CEN
107064350,violent-crime,2022-12,53.685610,-1.497739,On or near ,Unable to prosecute suspect,west-yorkshire,WDT_CEN
107062957,violent-crime,2022-12,53.697094,-1.497631,On or near Wicket Drive,Court result unavailable,west-yorkshire,WDT_CEN
107032481,violent-crime,2022-12,53.681694,-1.500979,On or near Albion Court,Investigation complete; no suspect identified,west-yorkshire,WDT_CEN
107032627,violent-crime,2022-12,53.691282,-1.489811,On or near Tuke Grove,Action to be taken by another organisation,west-yorkshire,WDT_CEN
107067671,violent-crime,2022-12,53.684749,-1.492282,On or near Denstone Street,Further investigation is not in the public interest,west-yorkshire,WDT_CEN
107039579,violent-crime,2022-12,53.684718,-1.510830,On or near Mulberry Close,Court result unavailable,west-yorkshire,WDT_CEN
107067722,violent-crime,2022-12,53.669236,-1.507483,On or near Thornes Park Court,Investigation complete; no suspect identified,west-yorkshire,WDT_CEN
107062374,violent-crime,2022-12,53.687110,-1.500052,On or near Arundel Street,Unable to prosecute suspect,west-yorkshire,WDT_CEN
107033149,violent-crime,2022-12,53.688953,-1.497986,On or near College Grove,Unable to prosecute suspect,west-yorkshire,WDT_CEN
107059122,violent-crime,2022-12,53.687079,-1.488499,On or near Stanley Road,Unable to prosecute suspect,west-yorkshire,WDT_CEN
107058058,violent-crime,2022-12,53.682506,-1.501847,On or near Carter Street,Unable to prosecute suspect,west-yorkshire,WDT_CEN
107052229,violent-crime,2022-12,53.681432,-1.490202,On or near Burrell Street,Investigation complete; no suspect identified,west-yorkshire,WDT_CEN
107052161,violent-crime,2022-12,53.679925,-1.510159,On or near Westgate End,Unable to prosecute suspect,west-yorkshire,WDT_CEN
107043048,violent-crime,2022-12,53.681200,-1.492182,On or near ,Unable to prosecute suspect,west-yorkshire,WDT_CEN
107051670,violent-crime,2022-12,53.680972,-1.487634,On or near Marsland Street,Status update unavailable,west-yorkshire,WDT_CEN
107043533,violent-crime,2022-12,53.683228,-1.493845,On or near Lower Warrengate,Investigation complete; no suspect identified,west-yorkshire,WDT_CEN
107051611,violent-crime,2022-12,53.683085,-1.516012,On or near Moorhouse Crescent,Investigation complete; no suspect identified,west-yorkshire,WDT_CEN
107043583,violent-crime,2022-12,53.684749,-1.492282,On or near Denstone Street,Investigation complete; no suspect identified,west-yorkshire,WDT_CEN
107043713,violent-crime,2022-12,53.684868,-1.495006,On or near ,Investigation complete; no suspect identified,west-yorkshire,WDT_CEN
107043888,violent-crime,2022-12,53.688843,-1.508481,On or near St John's Chase,Unable to prosecute suspect,west-yorkshire,WDT_CEN
107049974,violent-crime,2022-12,53.683602,-1.526120,On or near Flanshaw Road,Unable to prosecute suspect,west-yorkshire,WDT_CEN
107044307,violent-crime,2022-12,53.681548,-1.483539,On or near St James's Park,Unable to prosecute suspect,west-yorkshire,WDT_CEN
107050656,violent-crime,2022-12,53.678759,-1.497774,On or near ,Investigation complete; no suspect identified,west-yorkshire,WDT_CEN
107050182,violent-crime,2022-12,53.688246,-1.496586,On or near Clarendon Street,Unable to prosecute suspect,west-yorkshire,WDT_CEN
107050168,violent-crime,2022-12,53.675036,-1.521539,On or near Meltonfield Mews,Unable to prosecute suspect,west-yorkshire,WDT_CEN
107050112,violent-crime,2022-12,53.677780,-1.510941,On or near Lawefield Lane,Unable to prosecute suspect,west-yorkshire,WDT_CEN
107044603,violent-crime,2022-12,53.680186,-1.508037,On or near Salt Pie Alley,Investigation complete; no suspect identified,west-yorkshire,WDT_CEN
107044726,violent-crime,2022-12,53.683420,-1.514267,On or near Victoria Avenue,Unable to prosecute suspect,west-yorkshire,WDT_CEN
107044836,violent-crime,2022-12,53.688843,-1.508481,On or near St John's Chase,Unable to prosecute suspect,west-yorkshire,WDT_CEN
107068146,violent-crime,2022-12,53.685214,-1.520106,On or near Longfield Terrace,Unable to prosecute suspect,west-yorkshire,WDT_CEN
107050012,violent-crime,2022-12,53.686804,-1.499949,On or near Arundel Close,Investigation complete; no suspect identified,west-yorkshire,WDT_CEN
107045115,violent-crime,2022-12,53.682506,-1.501847,On or near Carter Street,Unable to prosecute suspect,west-yorkshire,WDT_CEN
107049902,violent-crime,2022-12,53.685610,-1.497739,On or near Bus/coach Station,Court result unavailable,west-yorkshire,WDT_CEN
107045372,violent-crime,2022-12,53.675079,-1.488311,On or near Waterside Way,Unable to prosecute suspect,west-yorkshire,WDT_CEN
107049912,violent-crime,2022-12,53.684362,-1.498013,On or near Shopping Area,Investigation complete; no suspect identified,west-yorkshire,WDT_CEN
107033739,violent-crime,2022-12,53.684408,-1.523038,On or near Derwent Road,Unable to prosecute suspect,west-yorkshire,WDT_CEN
107058685,violent-crime,2022-12,53.682383,-1.483484,On or near Green Park,Unable to prosecute suspect,west-yorkshire,WDT_CEN
107049900,violent-crime,2022-12,53.691282,-1.489811,On or near Tuke Grove,Unable to prosecute suspect,west-yorkshire,WDT_CEN
107049424,violent-crime,2022-12,53.686996,-1.479687,On or near Irwin Crescent,Unable to prosecute suspect,west-yorkshire,WDT_CEN
107034214,violent-crime,2022-12,53.684396,-1.491787,On or near Delamere Gardens,Unable to prosecute suspect,west-yorkshire,WDT_CEN
107034223,violent-crime,2022-12,53.684396,-1.491787,On or near Delamere Gardens,Unable to prosecute suspect,west-yorkshire,WDT_CEN
107034225,violent-crime,2022-12,53.674847,-1.519149,On or near Cobb Avenue,Unable to prosecute suspect,west-yorkshire,WDT_CEN
107068329,violent-crime,2022-12,53.678888,-1.496455,On or near West Parade Street,Unable to prosecute suspect,west-yorkshire,WDT_CEN
107049143,violent-crime,2022-12,53.686804,-1.499949,On or near Arundel Close,Status update unavailable,west-yorkshire,WDT_CEN
107048629,violent-crime,2022-12,53.697094,-1.497631,On or near Wicket Drive,Investigation complete; no suspect identified,west-yorkshire,WDT_CEN
107035121,violent-crime,2022-12,53.682506,-1.501847,On or near Carter Street,Unable to prosecute suspect,west-yorkshire,WDT_CEN
107035265,violent-crime,2022-12,53.676228,-1.513850,On or near ,Investigation complete; no suspect identified,west-yorkshire,WDT_CEN
107035472,violent-crime,2022-12,53.689887,-1.513118,On or near Alder Avenue,Investigation complete; no suspect identified,west-yorkshire,WDT_CEN
107058697,violent-crime,2022-12,53.682383,-1.483484,On or near Green Park,Unable to prosecute suspect,west-yorkshire,WDT_CEN
107035586,violent-crime,2022-12,53.670796,-1.502258,On or near Vernon Place,Investigation complete; no suspect identified,west-yorkshire,WDT_CEN
107048534,violent-crime,2022-12,53.682506,-1.501847,On or near Carter Street,Investigation complete; no suspect identified,west-yorkshire,WDT_CEN
107035949,violent-crime,2022-12,53.685634,-1.497632,On or near Wakefield Bus Station,Investigation complete; no suspect identified,west-yorkshire,WDT_CEN
107036106,violent-crime,2022-12,53.683085,-1.516012,On or near Moorhouse Crescent,Unable to prosecute suspect,west-yorkshire,WDT_CEN
107036153,violent-crime,2022-12,53.683085,-1.516012,On or near Moorhouse Crescent,Unable to prosecute suspect,west-yorkshire,WDT_CEN
107048492,violent-crime,2022-12,53.681432,-1.490202,On or near Burrell Street,Unable to prosecute suspect,west-yorkshire,WDT_CEN
107036312,violent-crime,2022-12,53.679693,-1.489103,On or near Charles Street,Unable to prosecute suspect,west-yorkshire,WDT_CEN
107068918,violent-crime,2022-12,53.687110,-1.500052,On or near Arundel Street,Unable to prosecute suspect,west-yorkshire,WDT_CEN
107058089,violent-crime,2022-12,53.684718,-1.510830,On or near Mulberry Close,Unable to prosecute suspect,west-yorkshire,WDT_CEN
107063413,violent-crime,2022-12,53.681609,-1.515530,On or near Henry Street,Unable to prosecute suspect,west-yorkshire,WDT_CEN
107036945,violent-crime,2022-12,53.672171,-1.499956,On or near Thornleigh Road,Unable to prosecute suspect,west-yorkshire,WDT_CEN
107046747,violent-crime,2022-12,53.683679,-1.498851,On or near Further/higher Educational Building,Court result unavailable,west-yorkshire,WDT_CEN
107044526,violent-crime,2022-12,53.681423,-1.503011,On or near ,Unable to prosecute suspect,west-yorkshire,WDT_CEN
107062974,violent-crime,2022-12,53.687458,-1.523851,On or near Meadow Croft,Unable to prosecute suspect,west-yorkshire,WDT_CEN
107069313,violent-crime,2022-12,53.684868,-1.495006,On or near ,Investigation complete; no suspect identified,west-yorkshire,WDT_CEN
107041702,violent-crime,2022-12,53.689252,-1.518516,On or near Maple Street,Unable to prosecute suspect,west-yorkshire,WDT_CEN
107063263,violent-crime,2022-12,53.687079,-1.488499,On or near Stanley Road,Unable to prosecute suspect,west-yorkshire,WDT_CEN
107038130,violent-crime,2022-12,53.684103,-1.492608,On or near Marsh Way,Unable to prosecute suspect,west-yorkshire,WDT_CEN
107038234,violent-crime,2022-12,53.685610,-1.497739,On or near ,Unable to prosecute suspect,west-yorkshire,WDT_CEN
107063309,violent-crime,2022-12,53.680186,-1.508037,On or near Salt Pie Alley,Unable to prosecute suspect,west-yorkshire,WDT_CEN
107063526,violent-crime,2022-12,53.681517,-1.495273,On or near Almshouse Lane,Unable to prosecute suspect,west-yorkshire,WDT_CEN
107038572,violent-crime,2022-12,53.680186,-1.508037,On or near Salt Pie Alley,Unable to prosecute suspect,west-yorkshire,WDT_CEN
107064134,violent-crime,2022-12,53.678672,-1.494157,On or near Grove Road,Unable to prosecute suspect,west-yorkshire,WDT_CEN
107039021,violent-crime,2022-12,53.695672,-1.510052,On or near Limestone Road,Unable to prosecute suspect,west-yorkshire,WDT_CEN
107040191,violent-crime,2022-12,53.695672,-1.510052,On or near Limestone Road,Unable to prosecute suspect,west-yorkshire,WDT_CEN
107069555,violent-crime,2022-12,53.680293,-1.492865,On or near Avison Yard,Unable to prosecute suspect,west-yorkshire,WDT_CEN
107064808,violent-crime,2022-12,53.672685,-1.498179,On or near Seymour Street,Unable to prosecute suspect,west-yorkshire,WDT_CEN
107040609,violent-crime,2022-12,53.673132,-1.497644,On or near Foljambe Street,Unable to prosecute suspect,west-yorkshire,WDT_CEN
107040611,violent-crime,2022-12,53.685610,-1.497739,On or near ,Investigation complete; no suspect identified,west-yorkshire,WDT_CEN
107038496,violent-crime,2022-12,53.684718,-1.510830,On or near Mulberry Close,Unable to prosecute suspect,west-yorkshire,WDT_CEN
107052953,violent-crime,2022-12,53.684149,-1.497119,On or near Smallpage Yard,Unable to prosecute suspect,west-yorkshire,WDT_CEN
107041624,violent-crime,2022-12,53.679798,-1.516549,On or near The Rowick,Investigation complete; no suspect identified,west-yorkshire,WDT_CEN
107038328,violent-crime,2022-12,53.691282,-1.489811,On or near Tuke Grove,Unable to prosecute suspect,west-yorkshire,WDT_CEN
107043408,violent-crime,2022-12,53.683602,-1.526120,On or near Flanshaw Road,Unable to prosecute suspect,west-yorkshire,WDT_CEN
107038160,violent-crime,2022-12,53.682067,-1.478976,On or near Parkhill Crescent,Action to be taken by another organisation,west-yorkshire,WDT_CEN
107041916,violent-crime,2022-12,53.682711,-1.499317,On or near Marygate,Investigation complete; no suspect identified,west-yorkshire,WDT_CEN
107042238,violent-crime,2022-12,53.681295,-1.500136,On or near Market Street,Investigation complete; no suspect identified,west-yorkshire,WDT_CEN
107043427,violent-crime,2022-12,53.683602,-1.526120,On or near Flanshaw Road,Unable to prosecute suspect,west-yorkshire,WDT_CEN
107042430,violent-crime,2022-12,53.669236,-1.507483,On or near Thornes Park Court,Unable to prosecute suspect,west-yorkshire,WDT_CEN
107042439,violent-crime,2022-12,53.678445,-1.513174,On or near Grange Street,Investigation complete; no suspect identified,west-yorkshire,WDT_CEN
107035498,violent-crime,2022-12,53.681472,-1.501648,On or near Bank Street,Status update unavailable,west-yorkshire,WDT_CEN
107045548,violent-crime,2022-12,53.681981,-1.490287,On or near Peterson Road,Unable to prosecute suspect,west-yorkshire,WDT_CEN
107045633,violent-crime,2022-12,53.681981,-1.490287,On or near Peterson Road,Unable to prosecute suspect,west-yorkshire,WDT_CEN
107043410,violent-crime,2022-12,53.683602,-1.526120,On or near Flanshaw Road,Unable to prosecute suspect,west-yorkshire,WDT_CEN
107034732,violent-crime,2022-12,53.678285,-1.494161,On or near Wonder Street,Investigation complete; no suspect identified,west-yorkshire,WDT_CEN
107046759,violent-crime,2022-12,53.682506,-1.501847,On or near Carter Street,Investigation complete; no suspect identified,west-yorkshire,WDT_CEN
107055553,violent-crime,2022-12,53.683004,-1.498450,On or near Cross Square,Unable to prosecute suspect,west-yorkshire,WDT_CEN
107047255,violent-crime,2022-12,53.682897,-1.483720,On or near Park Lodge Crescent,Unable to prosecute suspect,west-yorkshire,WDT_CEN
107032633,violent-crime,2022-12,53.682067,-1.478976,On or near Parkhill Crescent,Unable to prosecute suspect,west-yorkshire,WDT_CEN
107048277,violent-crime,2022-12,53.688247,-1.523191,On or near Meadow Lane,Unable to prosecute suspect,west-yorkshire,WDT_CEN
107050904,violent-crime,2022-12,53.685610,-1.497739,On or near ,Local resolution,west-yorkshire,WDT_CEN
107048712,violent-crime,2022-12,53.685610,-1.497739,On or near ,Investigation complete; no suspect identified,west-yorkshire,WDT_CEN
107051530,violent-crime,2022-12,53.685226,-1.490338,On or near Earl Street,Unable to prosecute suspect,west-yorkshire,WDT_CEN
107052037,violent-crime,2022-12,53.683679,-1.498851,On or near ,Unable to prosecute suspect,west-yorkshire,WDT_CEN
107051841,violent-crime,2022-12,53.687687,-1.518125,On or near Walnut Avenue,Unable to prosecute suspect,west-yorkshire,WDT_CEN
107051926,violent-crime,2022-12,53.683228,-1.493845,On or near Lower Warrengate,Investigation complete; no suspect identified,west-yorkshire,WDT_CEN
107049722,violent-crime,2022-12,53.681694,-1.500979,On or near Albion Court,Investigation complete; no suspect identified,west-yorkshire,WDT_CEN
107034030,violent-crime,2022-12,53.685008,-1.522592,On or near Windermere Road,Unable to prosecute suspect,west-yorkshire,WDT_CEN
107053825,violent-crime,2022-12,53.681423,-1.503011,On or near ,Investigation complete; no suspect identified,west-yorkshire,WDT_CEN
107050189,violent-crime,2022-12,53.688246,-1.496586,On or near Clarendon Street,Unable to prosecute suspect,west-yorkshire,WDT_CEN
107035531,violent-crime,2022-12,53.681472,-1.501648,On or near Bank Street,Investigation complete; no suspect identified,west-yorkshire,WDT_CEN
107050549,violent-crime,2022-12,53.687079,-1.488499,On or near Stanley Road,Unable to prosecute suspect,west-yorkshire,WDT_CEN
107050578,violent-crime,2022-12,53.673982,-1.520870,On or near Esther Avenue,Investigation complete; no suspect identified,west-yorkshire,WDT_CEN
107050648,violent-crime,2022-12,53.689880,-1.485739,On or near Ivy Grove,Court result unavailable,west-yorkshire,WDT_CEN
107055695,violent-crime,2022-12,53.683679,-1.498851,On or near Further/higher Educational Building,Unable to prosecute suspect,west-yorkshire,WDT_CEN
107050572,violent-crime,2022-12,53.681472,-1.501648,On or near Bank Street,Unable to prosecute suspect,west-yorkshire,WDT_CEN
107056004,violent-crime,2022-12,53.690371,-1.489034,On or near Chaloner Green,Unable to prosecute suspect,west-yorkshire,WDT_CEN
107070181,violent-crime,2022-12,53.690505,-1.493046,On or near Long Causeway,Court result unavailable,west-yorkshire,WDT_CEN
107052654,violent-crime,2022-12,53.684148,-1.495445,On or near ,Investigation complete; no suspect identified,west-yorkshire,WDT_CEN
107051355,violent-crime,2022-12,53.684149,-1.497119,On or near Smallpage Yard,Unable to prosecute suspect,west-yorkshire,WDT_CEN
107053235,violent-crime,2022-12,53.687079,-1.488499,On or near Stanley Road,Unable to prosecute suspect,west-yorkshire,WDT_CEN
107053822,violent-crime,2022-12,53.682897,-1.483720,On or near Park Lodge Crescent,Unable to prosecute suspect,west-yorkshire,WDT_CEN
107053851,violent-crime,2022-12,53.682897,-1.483720,On or near Park Lodge Crescent,Unable to prosecute suspect,west-yorkshire,WDT_CEN
107065608,violent-crime,2022-12,53.677226,-1.511780,On or near Lawefield Grove,Investigation complete; no suspect identified,west-yorkshire,WDT_CEN
107054118,violent-crime,2022-12,53.687302,-1.498717,On or near Saville Street,Unable to prosecute suspect,west-yorkshire,WDT_CEN
107061766,violent-crime,2022-12,53.695575,-1.515097,On or near Whitegates Close,Unable to prosecute suspect,west-yorkshire,WDT_CEN
107060702,violent-crime,2022-12,53.681517,-1.495273,On or near Almshouse Lane,Unable to prosecute suspect,west-yorkshire,WDT_CEN
107055176,violent-crime,2022-12,53.683170,-1.495208,On or near The Springs,Investigation complete; no suspect identified,west-yorkshire,WDT_CEN
107045253,violent-crime,2022-12,53.683004,-1.498450,On or near Cross Square,Investigation complete; no suspect identified,west-yorkshire,WDT_CEN
107044352,violent-crime,2022-12,53.686435,-1.489218,On or near Grantley Way,Unable to prosecute suspect,west-yorkshire,WDT_CEN
107044499,violent-crime,2022-12,53.682897,-1.483720,On or near Park Lodge Crescent,Unable to prosecute suspect,west-yorkshire,WDT_CEN
107032527,violent-crime,2022-12,53.687609,-1.484192,On or near Queen Elizabeth Grove,Unable to prosecute suspect,west-yorkshire,WDT_CEN
107062113,violent-crime,2022-12,53.678759,-1.497774,On or near ,Unable to prosecute suspect,west-yorkshire,WDT_CEN
107042180,violent-crime,2022-12,53.681547,-1.522313,On or near Langdale Drive,Unable to prosecute suspect,west-yorkshire,WDT_CEN
107042136,violent-crime,2022-12,53.680683,-1.493603,On or near Union Square,Unable to prosecute suspect,west-yorkshire,WDT_CEN
107041713,violent-crime,2022-12,53.683420,-1.514267,On or near Victoria Avenue,Unable to prosecute suspect,west-yorkshire,WDT_CEN
107041682,violent-crime,2022-12,53.683420,-1.514267,On or near Victoria Avenue,Unable to prosecute suspect,west-yorkshire,WDT_CEN
107041633,violent-crime,2022-12,53.685485,-1.483643,On or near Brotherton Avenue,Unable to prosecute suspect,west-yorkshire,WDT_CEN
107041086,violent-crime,2022-12,53.681547,-1.522313,On or near Langdale Drive,Investigation complete; no suspect identified,west-yorkshire,WDT_CEN
107040743,violent-crime,2022-12,53.684148,-1.495445,On or near Supermarket,Offender given a caution,west-yorkshire,WDT_CEN
107040206,violent-crime,2022-12,53.684103,-1.492608,On or near Marsh Way,Unable to prosecute suspect,west-yorkshire,WDT_CEN
107040135,violent-crime,2022-12,53.689252,-1.518516,On or near Maple Street,Unable to prosecute suspect,west-yorkshire,WDT_CEN
107040347,violent-crime,2022-12,53.681423,-1.503011,On or near ,Offender given a caution,west-yorkshire,WDT_CEN
107050886,violent-crime,2022-12,53.683085,-1.516012,On or near Moorhouse Crescent,Investigation complete; no suspect identified,west-yorkshire,WDT_CEN
107039964,violent-crime,2022-12,53.684749,-1.492282,On or near Denstone Street,Unable to prosecute suspect,west-yorkshire,WDT_CEN
107050944,violent-crime,2022-12,53.687687,-1.518125,On or near Walnut Avenue,Unable to prosecute suspect,west-yorkshire,WDT_CEN
107039803,violent-crime,2022-12,53.684718,-1.510830,On or near Mulberry Close,Action to be taken by another organisation,west-yorkshire,WDT_CEN
107051199,violent-crime,2022-12,53.691849,-1.496361,On or near Westfield Grove,Unable to prosecute suspect,west-yorkshire,WDT_CEN
107051480,violent-crime,2022-12,53.686996,-1.479687,On or near Irwin Crescent,Unable to prosecute suspect,west-yorkshire,WDT_CEN
107055341,violent-crime,2022-12,53.686908,-1.494845,On or near Tavora Street,Unable to prosecute suspect,west-yorkshire,WDT_CEN
107051494,violent-crime,2022-12,53.690371,-1.489034,On or near Chaloner Green,Unable to prosecute suspect,west-yorkshire,WDT_CEN
107051826,violent-crime,2022-12,53.683228,-1.493845,On or near Lower Warrengate,Investigation complete; no suspect identified,west-yorkshire,WDT_CEN
107051683,violent-crime,2022-12,53.681694,-1.500979,On or near Albion Court,Status update unavailable,west-yorkshire,WDT_CEN
107055674,violent-crime,2022-12,53.697465,-1.500308,On or near Umpire Close,Investigation complete; no suspect identified,west-yorkshire,WDT_CEN
107055588,violent-crime,2022-12,53.686908,-1.494845,On or near Tavora Street,Unable to prosecute suspect,west-yorkshire,WDT_CEN
107056157,violent-crime,2022-12,53.685485,-1.483643,On or near Brotherton Avenue,Status update unavailable,west-yorkshire,WDT_CEN
107055460,violent-crime,2022-12,53.685226,-1.490338,On or near Earl Street,Investigation complete; no suspect identified,west-yorkshire,WDT_CEN
107067458,violent-crime,2022-12,53.687687,-1.518125,On or near Walnut Avenue,Unable to prosecute suspect,west-yorkshire,WDT_CEN
107055115,violent-crime,2022-12,53.684718,-1.510830,On or near Mulberry Close,Action to be taken by another organisation,west-yorkshire,WDT_CEN
107054904,violent-crime,2022-12,53.682982,-1.489003,On or near Warren Court,Unable to prosecute suspect,west-yorkshire,WDT_CEN
107047551,violent-crime,2022-12,53.681548,-1.483539,On or near St James's Park,Unable to prosecute suspect,west-yorkshire,WDT_CEN
107060757,violent-crime,2022-12,53.670079,-1.502736,On or near Clarence Road,Unable to prosecute suspect,west-yorkshire,WDT_CEN
107060884,violent-crime,2022-12,53.673982,-1.520870,On or near Esther Avenue,Unable to prosecute suspect,west-yorkshire,WDT_CEN
107061072,violent-crime,2022-12,53.683420,-1.514267,On or near Victoria Avenue,Court result unavailable,west-yorkshire,WDT_CEN
107046133,violent-crime,2022-12,53.691905,-1.505538,On or near Arlington Street,Unable to prosecute suspect,west-yorkshire,WDT_CEN
107061391,violent-crime,2022-12,53.683420,-1.514267,On or near Victoria Avenue,Court result unavailable,west-yorkshire,WDT_CEN
107061663,violent-crime,2022-12,53.682711,-1.499317,On or near Marygate,Investigation complete; no suspect identified,west-yorkshire,WDT_CEN
107046282,violent-crime,2022-12,53.681574,-1.498104,On or near Rodney Yard,Investigation complete; no suspect identified,west-yorkshire,WDT_CEN
107045771,violent-crime,2022-12,53.682506,-1.501847,On or near Carter Street,Court result unavailable,west-yorkshire,WDT_CEN
107062026,violent-crime,2022-12,53.697094,-1.497631,On or near Wicket Drive,Unable to prosecute suspect,west-yorkshire,WDT_CEN
107044539,violent-crime,2022-12,53.669713,-1.503361,On or near Major Street,Unable to prosecute suspect,west-yorkshire,WDT_CEN
107050298,violent-crime,2022-12,53.683458,-1.497279,On or near Westmorland Street,Unable to prosecute suspect,west-yorkshire,WDT_CEN
107037550,violent-crime,2022-12,53.684408,-1.523038,On or near Derwent Road,Investigation complete; no suspect identified,west-yorkshire,WDT_CEN
107039810,violent-crime,2022-12,53.684060,-1.486688,On or near Stanley Street,Unable to prosecute suspect,west-yorkshire,WDT_CEN
107062072,violent-crime,2022-12,53.683458,-1.497279,On or near Westmorland Street,Court result unavailable,west-yorkshire,WDT_CEN
107055566,violent-crime,2022-12,53.681242,-1.515791,On or near Mill Chase Croft,Unable to prosecute suspect,west-yorkshire,WDT_CEN
107058693,violent-crime,2022-12,53.682383,-1.483484,On or near Green Park,Unable to prosecute suspect,west-yorkshire,WDT_CEN
107058699,violent-crime,2022-12,53.682383,-1.483484,On or near Green Park,Unable to prosecute suspect,west-yorkshire,WDT_CEN
107059574,violent-crime,2022-12,53.679925,-1.510159,On or near Westgate End,Unable to prosecute suspect,west-yorkshire,WDT_CEN
107060154,violent-crime,2022-12,53.678445,-1.513174,On or near Grange Street,Investigation complete; no suspect identified,west-yorkshire,WDT_CEN
107060207,violent-crime,2022-12,53.678285,-1.494161,On or near Wonder Street,Investigation complete; no suspect identified,west-yorkshire,WDT_CEN
107051100,violent-crime,2022-12,53.685610,-1.497739,On or near ,Unable to prosecute suspect,west-yorkshire,WDT_CEN
107060379,violent-crime,2022-12,53.685610,-1.497739,On or near ,Unable to prosecute suspect,west-yorkshire,WDT_CEN
107038791,violent-crime,2022-12,53.680082,-1.498091,On or near South Parade,Unable to prosecute suspect,west-yorkshire,WDT_CEN
107064880,violent-crime,2022-12,53.689551,-1.492754,On or near Eastmoor Road,Unable to prosecute suspect,west-yorkshire,WDT_CEN
107043487,violent-crime,2022-12,53.682365,-1.487632,On or near Marsland Terrace,Unable to prosecute suspect,west-yorkshire,WDT_CEN
107063098,violent-crime,2022-12,53.690581,-1.483565,On or near Ivy Lane,Unable to prosecute suspect,west-yorkshire,WDT_CEN
107068908,violent-crime,2022-12,53.682506,-1.501847,On or near Carter Street,Investigation complete; no suspect identified,west-yorkshire,WDT_CEN
107057529,violent-crime,2022-12,53.683228,-1.493845,On or near Lower Warrengate,Unable to prosecute suspect,west-yorkshire,WDT_CEN
107065524,violent-crime,2022-12,53.672685,-1.498179,On or near Seymour Street,Unable to prosecute suspect,west-yorkshire,WDT_CEN
107066268,violent-crime,2022-12,53.682897,-1.500783,On or near Barstow Square,Investigation complete; no suspect identified,west-yorkshire,WDT_CEN
107066333,violent-crime,2022-12,53.680370,-1.518072,On or near The Point,Unable to prosecute suspect,west-yorkshire,WDT_CEN
107056167,violent-crime,2022-12,53.682506,-1.501847,On or near Carter Street,Unable to prosecute suspect,west-yorkshire,WDT_CEN
107066522,violent-crime,2022-12,53.684149,-1.497119,On or near Smallpage Yard,Unable to prosecute suspect,west-yorkshire,WDT_CEN
107058132,violent-crime,2022-12,53.676710,-1.506397,On or near Lawefield Mews,Unable to prosecute suspect,west-yorkshire,WDT_CEN
107058098,violent-crime,2022-12,53.683679,-1.498851,On or near ,Court result unavailable,west-yorkshire,WDT_CEN
107058168,violent-crime,2022-12,53.681675,-1.496467,On or near ,Status update unavailable,west-yorkshire,WDT_CEN
107050782,violent-crime,2022-12,53.680465,-1.503870,On or near ,Further investigation is not in the public interest,west-yorkshire,WDT_CEN
107058557,violent-crime,2022-12,53.681609,-1.515530,On or near Henry Street,Unable to prosecute suspect,west-yorkshire,WDT_CEN
107058572,violent-crime,2022-12,53.681609,-1.515530,On or near Henry Street,Offender given a caution,west-yorkshire,WDT_CEN
107042573,violent-crime,2022-12,53.687725,-1.520926,On or near Peacock Avenue,Status update unavailable,west-yorkshire,WDT_CEN
107050680,violent-crime,2022-12,53.689479,-1.503643,On or near Andrew Street,Unable to prosecute suspect,west-yorkshire,WDT_CEN
107050477,violent-crime,2022-12,53.683602,-1.526120,On or near Flanshaw Road,Unable to prosecute suspect,west-yorkshire,WDT_CEN
107050407,violent-crime,2022-12,53.686996,-1.479687,On or near Irwin Crescent,Unable to prosecute suspect,west-yorkshire,WDT_CEN
107050080,violent-crime,2022-12,53.681472,-1.501648,On or near Bank Street,Unable to prosecute suspect,west-yorkshire,WDT_CEN
107058653,violent-crime,2022-12,53.684749,-1.492282,On or near Denstone Street,Local resolution,west-yorkshire,WDT_CEN
107049761,violent-crime,2022-12,53.682982,-1.489003,On or near Warren Court,Unable to prosecute suspect,west-yorkshire,WDT_CEN
107049678,violent-crime,2022-12,53.674206,-1.500886,On or near Cotton Street,Unable to prosecute suspect,west-yorkshire,WDT_CEN
107059248,violent-crime,2022-12,53.681547,-1.522313,On or near Langdale Drive,Unable to prosecute suspect,west-yorkshire,WDT_CEN
107059120,violent-crime,2022-12,53.687079,-1.488499,On or near Stanley Road,Unable to prosecute suspect,west-yorkshire,WDT_CEN
107049170,violent-crime,2022-12,53.683602,-1.526120,On or near Flanshaw Road,Unable to prosecute suspect,west-yorkshire,WDT_CEN
107049115,violent-crime,2022-12,53.684149,-1.497119,On or near Smallpage Yard,Unable to prosecute suspect,west-yorkshire,WDT_CEN
107059338,violent-crime,2022-12,53.682506,-1.501847,On or near Carter Street,Local resolution,west-yorkshire,WDT_CEN
107048719,violent-crime,2022-12,53.685610,-1.497739,On or near ,Status update unavailable,west-yorkshire,WDT_CEN
107060431,violent-crime,2022-12,53.685610,-1.497739,On or near ,Court result unavailable,west-yorkshire,WDT_CEN
107048699,violent-crime,2022-12,53.685610,-1.497739,On or near ,Status update unavailable,west-yorkshire,WDT_CEN
107060337,violent-crime,2022-12,53.670079,-1.502736,On or near Clarence Road,Investigation complete; no suspect identified,west-yorkshire,WDT_CEN
107059846,other-crime,2022-12,53.685008,-1.522592,On or near Windermere Road,Further investigation is not in the public interest,west-yorkshire,WDT_CEN
107060122,other-crime,2022-12,53.687079,-1.488499,On or near Stanley Road,Investigation complete; no suspect identified,west-yorkshire,WDT_CEN
107041955,other-crime,2022-12,53.686804,-1.499949,On or near Arundel Close,Status update unavailable,west-yorkshire,WDT_CEN
107042574,other-crime,2022-12,53.690182,-1.482722,On or near Pannal Avenue,Unable to prosecute suspect,west-yorkshire,WDT_CEN
107040199,other-crime,2022-12,53.688923,-1.503967,On or near St John's North,Status update unavailable,west-yorkshire,WDT_CEN
107039347,other-crime,2022-12,53.684718,-1.510830,On or near Mulberry Close,Unable to prosecute suspect,west-yorkshire,WDT_CEN
107056275,other-crime,2022-12,53.684103,-1.492608,On or near Marsh Way,Unable to prosecute suspect,west-yorkshire,WDT_CEN
107039137,other-crime,2022-12,53.691287,-1.482633,On or near Starbeck Road,Unable to prosecute suspect,west-yorkshire,WDT_CEN
107041095,other-crime,2022-12,53.690146,-1.499698,On or near Westfield Terrace,Unable to prosecute suspect,west-yorkshire,WDT_CEN
107051361,other-crime,2022-12,53.684396,-1.491787,On or near Delamere Gardens,Unable to prosecute suspect,west-yorkshire,WDT_CEN
107046087,other-crime,2022-12,53.681981,-1.490287,On or near Peterson Road,Status update unavailable,west-yorkshire,WDT_CEN
107038811,other-theft,2022-12,53.641447,-1.330276,On or near Beverley Garth,Unable to prosecute suspect,west-yorkshire,WDT_EAST
107054635,public-order,2022-12,53.644710,-1.335156,On or near ,Investigation complete; no suspect identified,west-yorkshire,WDT_EAST
107033586,shoplifting,2022-12,53.644710,-1.335156,On or near ,Local resolution,west-yorkshire,WDT_EAST
107055843,violent-crime,2022-12,53.654726,-1.335664,On or near Lamprey Gardens,Status update unavailable,west-yorkshire,WDT_EAST
107066382,violent-crime,2022-12,53.642051,-1.332081,On or near Millstone Close,Unable to prosecute suspect,west-yorkshire,WDT_EAST
107067543,violent-crime,2022-12,53.644710,-1.335156,On or near ,Investigation complete; no suspect identified,west-yorkshire,WDT_EAST
107058505,violent-crime,2022-12,53.654726,-1.335664,On or near Lamprey Gardens,Unable to prosecute suspect,west-yorkshire,WDT_EAST
107056736,violent-crime,2022-12,53.642051,-1.332081,On or near Millstone Close,Unable to prosecute suspect,west-yorkshire,WDT_EAST
107071710,anti-social-behaviour,2022-12,53.667327,-1.477023,On or near Grosvenor Street,,west-yorkshire,WDT_WEST
107071795,anti-social-behaviour,2022-12,53.650000,-1.501721,On or near ,,west-yorkshire,WDT_WEST
107071799,anti-social-behaviour,2022-12,53.662644,-1.495771,On or near Woodville Court,,west-yorkshire,WDT_WEST
107071777,anti-social-behaviour,2022-12,53.650000,-1.501721,On or near ,,west-yorkshire,WDT_WEST
107071750,anti-social-behaviour,2022-12,53.661870,-1.483008,On or near Agbrigg Grove,,west-yorkshire,WDT_WEST
107071746,anti-social-behaviour,2022-12,53.662644,-1.495771,On or near Woodville Court,,west-yorkshire,WDT_WEST
107071731,anti-social-behaviour,2022-12,53.676710,-1.506397,On or near Lawefield Mews,,west-yorkshire,WDT_WEST
107071846,anti-social-behaviour,2022-12,53.669713,-1.503361,On or near Major Street,,west-yorkshire,WDT_WEST
107070378,anti-social-behaviour,2022-12,53.650309,-1.492821,On or near ,,west-yorkshire,WDT_WEST
107071712,anti-social-behaviour,2022-12,53.661075,-1.488208,On or near Manygates Lane,,west-yorkshire,WDT_WEST
107070536,anti-social-behaviour,2022-12,53.663679,-1.481397,On or near Station Street,,west-yorkshire,WDT_WEST
107070779,anti-social-behaviour,2022-12,53.677113,-1.503302,On or near ,,west-yorkshire,WDT_WEST
107072234,anti-social-behaviour,2022-12,53.650000,-1.501721,On or near ,,west-yorkshire,WDT_WEST
107072640,anti-social-behaviour,2022-12,53.658064,-1.484083,On or near Cleevethorpe Grove,,west-yorkshire,WDT_WEST
107068556,bicycle-theft,2022-12,53.666374,-1.487251,On or near Burkill Street,Investigation complete; no suspect identified,west-yorkshire,WDT_WEST
107033737,bicycle-theft,2022-12,53.667852,-1.490366,On or near Emblem Terrace,Investigation complete; no suspect identified,west-yorkshire,WDT_WEST
107033872,burglary,2022-12,53.671849,-1.481448,On or near Clarion Street,Court result unavailable,west-yorkshire,WDT_WEST
107068341,burglary,2022-12,53.662505,-1.488403,On or near Miller Avenue,Investigation complete; no suspect identified,west-yorkshire,WDT_WEST
107050023,burglary,2022-12,53.672730,-1.483435,On or near Fall Ings Road,Investigation complete; no suspect identified,west-yorkshire,WDT_WEST
107055236,burglary,2022-12,53.670273,-1.482799,On or near Harvey Street,Investigation complete; no suspect identified,west-yorkshire,WDT_WEST
107045245,burglary,2022-12,53.674976,-1.502330,On or near St James's Court,Status update unavailable,west-yorkshire,WDT_WEST
107038740,burglary,2022-12,53.662623,-1.480502,On or near Sandal And Agbrigg,Investigation complete; no suspect identified,west-yorkshire,WDT_WEST
107038401,burglary,2022-12,53.675453,-1.502521,On or near Wauchope Street,Investigation complete; no suspect identified,west-yorkshire,WDT_WEST
107050057,burglary,2022-12,53.665275,-1.480351,On or near ,Unable to prosecute suspect,west-yorkshire,WDT_WEST
107065537,burglary,2022-12,53.671876,-1.517972,On or near Gill Sike Bungalows,Investigation complete; no suspect identified,west-yorkshire,WDT_WEST
107037512,criminal-damage-arson,2022-12,53.677113,-1.503302,On or near ,Investigation complete; no suspect identified,west-yorkshire,WDT_WEST
107033059,criminal-damage-arson,2022-12,53.665187,-1.491337,On or near Clifford View,Investigation complete; no suspect identified,west-yorkshire,WDT_WEST
107039371,criminal-damage-arson,2022-12,53.661167,-1.486815,On or near Pinfold Grove,Unable to prosecute suspect,west-yorkshire,WDT_WEST
107069527,criminal-damage-arson,2022-12,53.662520,-1.489810,On or near Rose Mews,Investigation complete; no suspect identified,west-yorkshire,WDT_WEST
107045528,criminal-damage-arson,2022-12,53.671204,-1.500876,On or near Fawcett Street,Investigation complete; no suspect identified,west-yorkshire,WDT_WEST
107046267,criminal-damage-arson,2022-12,53.657495,-1.485664,On or near Sandal Cliff,Investigation complete; no suspect identified,west-yorkshire,WDT_WEST
107067419,criminal-damage-arson,2022-12,53.671626,-1.490504,On or near ,Investigation complete; no suspect identified,west-yorkshire,WDT_WEST
107065039,criminal-damage-arson,2022-12,53.674986,-1.489826,On or near Bridge Street,Investigation complete; no suspect identified,west-yorkshire,WDT_WEST
107066537,criminal-damage-arson,2022-12,53.672128,-1.487741,On or near Belle Isle Avenue,Investigation complete; no suspect identified,west-yorkshire,WDT_WEST
107066978,criminal-damage-arson,2022-12,53.669330,-1.489289,On or near Acme Terrace,Investigation complete; no suspect identified,west-yorkshire,WDT_WEST
107041541,criminal-damage-arson,2022-12,53.675079,-1.488311,On or near Waterside Way,Investigation complete; no suspect identified,west-yorkshire,WDT_WEST
107070014,criminal-damage-arson,2022-12,53.670020,-1.519174,On or near Mount Crescent,Investigation complete; no suspect identified,west-yorkshire,WDT_WEST
107052473,criminal-damage-arson,2022-12,53.675264,-1.500389,On or near Avondale Street,Unable to prosecute suspect,west-yorkshire,WDT_WEST
124976627,drugs,2022-12,53.663077,-1.481450,Sandal And Agbrigg (station),Status update unavailable,west-yorkshire,WDT_WEST
107054022,drugs,2022-12,53.667807,-1.479969,On or near Maybush Road,Court result unavailable,west-yorkshire,WDT_WEST
107045170,drugs,2022-12,53.654600,-1.487621,On or near Barnsley Road,Local resolution,west-yorkshire,WDT_WEST
107053709,other-theft,2022-12,53.673673,-1.485316,On or near ,Court result unavailable,west-yorkshire,WDT_WEST
107049840,other-theft,2022-12,53.663945,-1.495211,On or near Rutland Avenue,Unable to prosecute suspect,west-yorkshire,WDT_WEST
107040811,other-theft,2022-12,53.663797,-1.507289,On or near Calder Island Way,Investigation complete; no suspect identified,west-yorkshire,WDT_WEST
107050673,other-theft,2022-12,53.665275,-1.480351,On or near ,Investigation complete; no suspect identified,west-yorkshire,WDT_WEST
107033164,other-theft,2022-12,53.665830,-1.514197,On or near Spruce Court,Investigation complete; no suspect identified,west-yorkshire,WDT_WEST
107032714,other-theft,2022-12,53.666728,-1.479861,On or near Westerman Street,Investigation complete; no suspect identified,west-yorkshire,WDT_WEST
107064792,other-theft,2022-12,53.666354,-1.480728,On or near Elizabeth Street,Investigation complete; no suspect identified,west-yorkshire,WDT_WEST
107033051,other-theft,2022-12,53.666413,-1.494409,On or near Riverside Villas,Investigation complete; no suspect identified,west-yorkshire,WDT_WEST
107065058,other-theft,2022-12,53.663797,-1.507289,On or near Calder Island Way,Investigation complete; no suspect identified,west-yorkshire,WDT_WEST
107062929,other-theft,2022-12,53.668544,-1.475843,On or near Frederick Avenue,Unable to prosecute suspect,west-yorkshire,WDT_WEST
107034108,other-theft,2022-12,53.663797,-1.507289,On or near Calder Island Way,Investigation complete; no suspect identified,west-yorkshire,WDT_WEST
107065346,other-theft,2022-12,53.667807,-1.479969,On or near Maybush Road,Unable to prosecute suspect,west-yorkshire,WDT_WEST
107032229,other-theft,2022-12,53.670273,-1.482799,On or near Harvey Street,Investigation complete; no suspect identified,west-yorkshire,WDT_WEST
107066569,other-theft,2022-12,53.662505,-1.488403,On or near Miller Avenue,Investigation complete; no suspect identified,west-yorkshire,WDT_WEST
107032256,other-theft,2022-12,53.666565,-1.481694,On or near Hudswell Street,Investigation complete; no suspect identified,west-yorkshire,WDT_WEST
107055440,other-theft,2022-12,53.673132,-1.497644,On or near Foljambe Street,Unable to prosecute suspect,west-yorkshire,WDT_WEST
107033253,other-theft,2022-12,53.663797,-1.507289,On or near Calder Island Way,Investigation complete; no suspect identified,west-yorkshire,WDT_WEST
107042087,other-theft,2022-12,53.663797,-1.507289,On or near Calder Island Way,Investigation complete; no suspect identified,west-yorkshire,WDT_WEST
107032876,possession-of-weapons,2022-12,53.666345,-1.478564,On or near Back Gordon Street,Court result unavailable,west-yorkshire,WDT_WEST
107042340,public-order,2022-12,53.650000,-1.501721,On or near ,Unable to prosecute suspect,west-yorkshire,WDT_WEST
107069259,public-order,2022-12,53.666167,-1.491537,On or near Warren Avenue,Unable to prosecute suspect,west-yorkshire,WDT_WEST
107034659,public-order,2022-12,53.672008,-1.489014,On or near Belle Isle Drive,Investigation complete; no suspect identified,west-yorkshire,WDT_WEST
107050815,public-order,2022-12,53.666345,-1.478564,On or near Back Gordon Street,Investigation complete; no suspect identified,west-yorkshire,WDT_WEST
107032172,public-order,2022-12,53.649750,-1.499102,On or near ,Unable to prosecute suspect,west-yorkshire,WDT_WEST
107066307,public-order,2022-12,53.671323,-1.478200,On or near Neville Street,Unable to prosecute suspect,west-yorkshire,WDT_WEST
107060243,public-order,2022-12,53.668080,-1.478679,On or near St Catherine Street,Unable to prosecute suspect,west-yorkshire,WDT_WEST
107055678,public-order,2022-12,53.668544,-1.475843,On or near Frederick Avenue,Unable to prosecute suspect,west-yorkshire,WDT_WEST
107043284,public-order,2022-12,53.669238,-1.488654,On or near Manygates Park,Investigation complete; no suspect identified,west-yorkshire,WDT_WEST
107047032,public-order,2022-12,53.677643,-1.503949,On or near Charlesworth Way,Court result unavailable,west-yorkshire,WDT_WEST
107042681,public-order,2022-12,53.670529,-1.481570,On or near Regent Street,Investigation complete; no suspect identified,west-yorkshire,WDT_WEST
107033437,public-order,2022-12,53.677643,-1.503949,On or near Charlesworth Way,Investigation complete; no suspect identified,west-yorkshire,WDT_WEST
107042882,public-order,2022-12,53.650000,-1.501721,On or near ,Unable to prosecute suspect,west-yorkshire,WDT_WEST
107054353,public-order,2022-12,53.664329,-1.480012,On or near Newland Street,Unable to prosecute suspect,west-yorkshire,WDT_WEST
107038320,public-order,2022-12,53.667534,-1.485285,On or near Sparable Lane,Investigation complete; no suspect identified,west-yorkshire,WDT_WEST
107039429,public-order,2022-12,53.663797,-1.507289,On or near Calder Island Way,Unable to prosecute suspect,west-yorkshire,WDT_WEST
107037471,public-order,2022-12,53.668223,-1.490907,On or near Portobello Road,Unable to prosecute suspect,west-yorkshire,WDT_WEST
107036963,public-order,2022-12,53.672171,-1.499956,On or near Thornleigh Road,Unable to prosecute suspect,west-yorkshire,WDT_WEST
107042097,public-order,2022-12,53.650000,-1.501721,On or near ,Unable to prosecute suspect,west-yorkshire,WDT_WEST
107055201,robbery,2022-12,53.665275,-1.480351,On or near Sports/recreation Area,Investigation complete; no suspect identified,west-yorkshire,WDT_WEST
107053874,shoplifting,2022-12,53.650000,-1.501721,On or near ,Court result unavailable,west-yorkshire,WDT_WEST
107047805,shoplifting,2022-12,53.667534,-1.485285,On or near Sparable Lane,Unable to prosecute suspect,west-yorkshire,WDT_WEST
107065128,shoplifting,2022-12,53.667534,-1.485285,On or near Sparable Lane,Investigation complete; no suspect identified,west-yorkshire,WDT_WEST
107049130,shoplifting,2022-12,53.650000,-1.501721,On or near ,Local resolution,west-yorkshire,WDT_WEST
107041247,shoplifting,2022-12,53.649750,-1.499102,On or near ,Investigation complete; no suspect identified,west-yorkshire,WDT_WEST
107054770,shoplifting,2022-12,53.650000,-1.501721,On or near ,Unable to prosecute suspect,west-yorkshire,WDT_WEST
107067864,theft-from-the-person,2022-12,53.657359,-1.479190,On or near Walton Lane,Investigation complete; no suspect identified,west-yorkshire,WDT_WEST
107059679,vehicle-crime,2022-12,53.663069,-1.502985,On or near ,Unable to prosecute suspect,west-yorkshire,WDT_WEST
107064955,vehicle-crime,2022-12,53.668383,-1.477949,On or near Oakenshaw Street,Investigation complete; no suspect identified,west-yorkshire,WDT_WEST
107065473,vehicle-crime,2022-12,53.668781,-1.486965,On or near Woodcock Street,Investigation complete; no suspect identified,west-yorkshire,WDT_WEST
107054494,vehicle-crime,2022-12,53.675079,-1.488311,On or near Waterside Way,Investigation complete; no suspect identified,west-yorkshire,WDT_WEST
107051045,vehicle-crime,2022-12,53.667725,-1.483860,On or near Crystal Croft,Investigation complete; no suspect identified,west-yorkshire,WDT_WEST
107065736,vehicle-crime,2022-12,53.667069,-1.492146,On or near Portobello Grove,Unable to prosecute suspect,west-yorkshire,WDT_WEST
107052308,vehicle-crime,2022-12,53.663797,-1.507289,On or near Calder Island Way,Investigation complete; no suspect identified,west-yorkshire,WDT_WEST
107066619,vehicle-crime,2022-12,53.665850,-1.486819,On or near Princess Street,Investigation complete; no suspect identified,west-yorkshire,WDT_WEST
107068281,vehicle-crime,2022-12,53.662505,-1.488403,On or near Miller Avenue,Investigation complete; no suspect identified,west-yorkshire,WDT_WEST
107035721,vehicle-crime,2022-12,53.671048,-1.489404,On or near Belle Isle Crescent,Investigation complete; no suspect identified,west-yorkshire,WDT_WEST
107054634,vehicle-crime,2022-12,53.671550,-1.478651,On or near Elm Tree Street,Court result unavailable,west-yorkshire,WDT_WEST
107032867,vehicle-crime,2022-12,53.671764,-1.480314,On or near Sycamore Street,Unable to prosecute suspect,west-yorkshire,WDT_WEST
107053094,vehicle-crime,2022-12,53.664361,-1.493738,On or near Hastings Grove,Investigation complete; no suspect identified,west-yorkshire,WDT_WEST
107061677,vehicle-crime,2022-12,53.671048,-1.489404,On or near Belle Isle Crescent,Investigation complete; no suspect identified,west-yorkshire,WDT_WEST
107032962,violent-crime,2022-12,53.663945,-1.495211,On or near Rutland Avenue,Investigation complete; no suspect identified,west-yorkshire,WDT_WEST
107057120,violent-crime,2022-12,53.664361,-1.493738,On or near Hastings Grove,Unable to prosecute suspect,west-yorkshire,WDT_WEST
107062972,violent-crime,2022-12,53.668544,-1.475843,On or near Frederick Avenue,Unable to prosecute suspect,west-yorkshire,WDT_WEST
107056950,violent-crime,2022-12,53.657495,-1.485664,On or near Sandal Cliff,Unable to prosecute suspect,west-yorkshire,WDT_WEST
107059244,violent-crime,2022-12,53.662581,-1.491701,On or near Castle Avenue,Unable to prosecute suspect,west-yorkshire,WDT_WEST
107057807,violent-crime,2022-12,53.669159,-1.508392,On or near Thornes View,Unable to prosecute suspect,west-yorkshire,WDT_WEST
107055945,violent-crime,2022-12,53.650000,-1.501721,On or near ,Investigation complete; no suspect identified,west-yorkshire,WDT_WEST
107059240,violent-crime,2022-12,53.662581,-1.491701,On or near Castle Avenue,Unable to prosecute suspect,west-yorkshire,WDT_WEST
107044853,violent-crime,2022-12,53.670273,-1.482799,On or near Harvey Street,Unable to prosecute suspect,west-yorkshire,WDT_WEST
107037898,violent-crime,2022-12,53.663797,-1.507289,On or near Calder Island Way,Unable to prosecute suspect,west-yorkshire,WDT_WEST
107046250,violent-crime,2022-12,53.664165,-1.496449,On or near Pugneys Road,Investigation complete; no suspect identified,west-yorkshire,WDT_WEST
107044746,violent-crime,2022-12,53.666367,-1.483589,On or near Ashdown Road,Unable to prosecute suspect,west-yorkshire,WDT_WEST
107065242,violent-crime,2022-12,53.670020,-1.519174,On or near Mount Crescent,Unable to prosecute suspect,west-yorkshire,WDT_WEST
107064808,violent-crime,2022-12,53.672685,-1.498179,On or near Seymour Street,Unable to prosecute suspect,west-yorkshire,WDT_WEST
107050090,violent-crime,2022-12,53.665850,-1.486819,On or near Princess Street,Unable to prosecute suspect,west-yorkshire,WDT_WEST
107050817,violent-crime,2022-12,53.666345,-1.478564,On or near Back Gordon Street,Investigation complete; no suspect identified,west-yorkshire,WDT_WEST
107050943,violent-crime,2022-12,53.662644,-1.495771,On or near Woodville Court,Unable to prosecute suspect,west-yorkshire,WDT_WEST
107055669,violent-crime,2022-12,53.668544,-1.475843,On or near Frederick Avenue,Unable to prosecute suspect,west-yorkshire,WDT_WEST
107063529,violent-crime,2022-12,53.666360,-1.482060,On or near Belle Vue Road,Status update unavailable,west-yorkshire,WDT_WEST
107066374,violent-crime,2022-12,53.670020,-1.519174,On or near Mount Crescent,Unable to prosecute suspect,west-yorkshire,WDT_WEST
107068159,violent-crime,2022-12,53.670344,-1.482465,On or near Wesley Street,Unable to prosecute suspect,west-yorkshire,WDT_WEST
107056036,violent-crime,2022-12,53.667534,-1.485285,On or near Sparable Lane,Unable to prosecute suspect,west-yorkshire,WDT_WEST
107060757,violent-crime,2022-12,53.670079,-1.502736,On or near Clarence Road,Unable to prosecute suspect,west-yorkshire,WDT_WEST
107060337,violent-crime,2022-12,53.670079,-1.502736,On or near Clarence Road,Investigation complete; no suspect identified,west-yorkshire,WDT_WEST
107059899,violent-crime,2022-12,53.654845,-1.483775,On or near Stopford Garth,Unable to prosecute suspect,west-yorkshire,WDT_WEST
107059315,violent-crime,2022-12,53.662581,-1.491701,On or near Castle Avenue,Unable to prosecute suspect,west-yorkshire,WDT_WEST
107058132,violent-crime,2022-12,53.676710,-1.506397,On or near Lawefield Mews,Unable to prosecute suspect,west-yorkshire,WDT_WEST
107057843,violent-crime,2022-12,53.669159,-1.508392,On or near Thornes View,Unable to prosecute suspect,west-yorkshire,WDT_WEST
107049678,violent-crime,2022-12,53.674206,-1.500886,On or near Cotton Street,Unable to prosecute suspect,west-yorkshire,WDT_WEST
107045557,violent-crime,2022-12,53.667534,-1.485285,On or near Sparable Lane,Investigation complete; no suspect identified,west-yorkshire,WDT_WEST
107044539,violent-crime,2022-12,53.669713,-1.503361,On or near Major Street,Unable to prosecute suspect,west-yorkshire,WDT_WEST
107043111,violent-crime,2022-12,53.666360,-1.482060,On or near Belle Vue Road,Status update unavailable,west-yorkshire,WDT_WEST
107041277,violent-crime,2022-12,53.662581,-1.491701,On or near Castle Avenue,Unable to prosecute suspect,west-yorkshire,WDT_WEST
107055639,violent-crime,2022-12,53.662731,-1.495225,On or near Waterbrooke Close,Investigation complete; no suspect identified,west-yorkshire,WDT_WEST
107055200,violent-crime,2022-12,53.657495,-1.485664,On or near Sandal Cliff,Unable to prosecute suspect,west-yorkshire,WDT_WEST
107055028,violent-crime,2022-12,53.666167,-1.491537,On or near Warren Avenue,Unable to prosecute suspect,west-yorkshire,WDT_WEST
107054450,violent-crime,2022-12,53.669159,-1.508392,On or near Thornes View,Unable to prosecute suspect,west-yorkshire,WDT_WEST
107052613,violent-crime,2022-12,53.671522,-1.482739,On or near Argyle Street,Status update unavailable,west-yorkshire,WDT_WEST
107038248,violent-crime,2022-12,53.663687,-1.493912,On or near Hastings Avenue,Unable to prosecute suspect,west-yorkshire,WDT_WEST
107031998,violent-crime,2022-12,53.670013,-1.480774,On or near Back Anderton Street,Unable to prosecute suspect,west-yorkshire,WDT_WEST
107032515,violent-crime,2022-12,53.663283,-1.483926,On or near ,Unable to prosecute suspect,west-yorkshire,WDT_WEST
107032605,violent-crime,2022-12,53.654845,-1.483775,On or near Stopford Garth,Unable to prosecute suspect,west-yorkshire,WDT_WEST
107032915,violent-crime,2022-12,53.668544,-1.475843,On or near Frederick Avenue,Unable to prosecute suspect,west-yorkshire,WDT_WEST
107064096,violent-crime,2022-12,53.664361,-1.493738,On or near Hastings Grove,Unable to prosecute suspect,west-yorkshire,WDT_WEST
107033316,violent-crime,2022-12,53.664623,-1.491994,On or near Clifford Avenue,Unable to prosecute suspect,west-yorkshire,WDT_WEST
107043119,violent-crime,2022-12,53.668223,-1.490907,On or near Portobello Road,Unable to prosecute suspect,west-yorkshire,WDT_WEST
107044456,violent-crime,2022-12,53.666348,-1.479215,On or near Gordon Street,Investigation complete; no suspect identified,west-yorkshire,WDT_WEST
107045372,violent-crime,2022-12,53.675079,-1.488311,On or near Waterside Way,Unable to prosecute suspect,west-yorkshire,WDT_WEST
107033870,violent-crime,2022-12,53.666167,-1.491537,On or near Warren Avenue,Investigation complete; no suspect identified,west-yorkshire,WDT_WEST
107035586,violent-crime,2022-12,53.670796,-1.502258,On or near Vernon Place,Investigation complete; no suspect identified,west-yorkshire,WDT_WEST
107036945,violent-crime,2022-12,53.672171,-1.499956,On or near Thornleigh Road,Unable to prosecute suspect,west-yorkshire,WDT_WEST
107037563,violent-crime,2022-12,53.662577,-1.492791,On or near Duke Of York Avenue,Unable to prosecute suspect,west-yorkshire,WDT_WEST
107040000,violent-crime,2022-12,53.662731,-1.495225,On or near Waterbrooke Close,Unable to prosecute suspect,west-yorkshire,WDT_WEST
107040609,violent-crime,2022-12,53.673132,-1.497644,On or near Foljambe Street,Unable to prosecute suspect,west-yorkshire,WDT_WEST
107042429,violent-crime,2022-12,53.671175,-1.479277,On or near Yew Tree Street,Unable to prosecute suspect,west-yorkshire,WDT_WEST
107042430,violent-crime,2022-12,53.669236,-1.507483,On or near Thornes Park Court,Unable to prosecute suspect,west-yorkshire,WDT_WEST
107042456,violent-crime,2022-12,53.671175,-1.479277,On or near Yew Tree Street,Unable to prosecute suspect,west-yorkshire,WDT_WEST
107049729,violent-crime,2022-12,53.665275,-1.480351,On or near ,Investigation complete; no suspect identified,west-yorkshire,WDT_WEST
107050230,violent-crime,2022-12,53.668781,-1.486965,On or near Woodcock Street,Unable to prosecute suspect,west-yorkshire,WDT_WEST
107051598,violent-crime,2022-12,53.664329,-1.480012,On or near Newland Street,Unable to prosecute suspect,west-yorkshire,WDT_WEST
107053336,violent-crime,2022-12,53.668544,-1.475843,On or near Frederick Avenue,Unable to prosecute suspect,west-yorkshire,WDT_WEST
107065524,violent-crime,2022-12,53.672685,-1.498179,On or near Seymour Street,Unable to prosecute suspect,west-yorkshire,WDT_WEST
107067722,violent-crime,2022-12,53.669236,-1.507483,On or near Thornes Park Court,Investigation complete; no suspect identified,west-yorkshire,WDT_WEST
107033350,violent-crime,2022-12,53.662577,-1.492791,On or near Duke Of York Avenue,Unable to prosecute suspect,west-yorkshire,WDT_WEST
107040270,violent-crime,2022-12,53.662577,-1.492791,On or near Duke Of York Avenue,Unable to prosecute suspect,west-yorkshire,WDT_WEST
